ISO-10303-21;
HEADER;
FILE_DESCRIPTION (( 'STEP AP214' ),
    '1' );
FILE_NAME ('B7B-PH-K-S.STEP',
    '2023-12-02T09:48:33',
    ( '' ),
    ( '' ),
    'SwSTEP 2.0',
    'SolidWorks 2021',
    '' );
FILE_SCHEMA (( 'AUTOMOTIVE_DESIGN' ));
ENDSEC;

DATA;
#1 = CIRCLE ( 'NONE', #1671, 0.5499999999999999334 ) ;
#3 = CARTESIAN_POINT ( 'NONE',  ( -5.250000000000000000, -2.419911892563235245, 0.8000000000000000444 ) ) ;
#2 = VECTOR ( 'NONE', #2630, 1000.000000000000000 ) ;
#4 = ADVANCED_FACE ( 'NONE', ( #2361 ), #3706, .T. ) ;
#5 = CIRCLE ( 'NONE', #2608, 0.04999999999997876976 ) ;
#6 = ORIENTED_EDGE ( 'NONE', *, *, #1843, .T. ) ;
#7 = LINE ( 'NONE', #2087, #1205 ) ;
#8 = VECTOR ( 'NONE', #3142, 1000.000000000000000 ) ;
#9 = VECTOR ( 'NONE', #2290, 1000.000000000000000 ) ;
#10 = CARTESIAN_POINT ( 'NONE',  ( -7.950000000000001954, 1.389999999999999902, 1.850000000000000089 ) ) ;
#11 = CARTESIAN_POINT ( 'NONE',  ( -4.000000000000000000, -3.399999999999999911, 1.011922027653137932E-15 ) ) ;
#12 = FACE_OUTER_BOUND ( 'NONE', #114, .T. ) ;
#13 = CARTESIAN_POINT ( 'NONE',  ( 5.200000000000001954, 0.2000000000000000111, -2.250000000000000000 ) ) ;
#14 = AXIS2_PLACEMENT_3D ( 'NONE', #1770, #3513, #144 ) ;
#15 = EDGE_LOOP ( 'NONE', ( #722, #1237, #1306, #3484 ) ) ;
#16 = EDGE_CURVE ( 'NONE', #726, #605, #1784, .T. ) ;
#17 = ORIENTED_EDGE ( 'NONE', *, *, #133, .T. ) ;
#18 = LINE ( 'NONE', #3062, #1040 ) ;
#19 = LINE ( 'NONE', #695, #3555 ) ;
#20 = FACE_OUTER_BOUND ( 'NONE', #2935, .T. ) ;
#21 =( LENGTH_UNIT ( ) NAMED_UNIT ( * ) SI_UNIT ( .MILLI., .METRE. ) );
#22 = VERTEX_POINT ( 'NONE', #109 ) ;
#23 = EDGE_CURVE ( 'NONE', #3166, #3437, #3789, .T. ) ;
#24 = ORIENTED_EDGE ( 'NONE', *, *, #1836, .T. ) ;
#25 = EDGE_CURVE ( 'NONE', #4071, #182, #3040, .T. ) ;
#26 = FACE_OUTER_BOUND ( 'NONE', #73, .T. ) ;
#27 = VERTEX_POINT ( 'NONE', #1409 ) ;
#28 = VECTOR ( 'NONE', #3339, 1000.000000000000114 ) ;
#29 = CARTESIAN_POINT ( 'NONE',  ( -5.250000000000000000, -0.6751470842750408874, 0.7419349550499519941 ) ) ;
#30 = VERTEX_POINT ( 'NONE', #350 ) ;
#31 = DIRECTION ( 'NONE',  ( -1.000000000000000000, 0.000000000000000000, 0.000000000000000000 ) ) ;
#32 = ORIENTED_EDGE ( 'NONE', *, *, #3011, .T. ) ;
#33 = CARTESIAN_POINT ( 'NONE',  ( 0.2499999999999976130, -3.399999999999999911, 0.2999999999999999889 ) ) ;
#34 = LINE ( 'NONE', #1362, #3024 ) ;
#35 = LINE ( 'NONE', #3805, #8 ) ;
#36 = DIRECTION ( 'NONE',  ( -1.000000000000000000, 0.000000000000000000, 0.000000000000000000 ) ) ;
#37 = ADVANCED_FACE ( 'NONE', ( #4101 ), #2011, .F. ) ;
#38 = DIRECTION ( 'NONE',  ( 0.000000000000000000, -1.000000000000000000, -3.318687873851555372E-16 ) ) ;
#39 = CARTESIAN_POINT ( 'NONE',  ( 5.225000000000002309, 1.750000000000000000, 2.250000000000000000 ) ) ;
#40 = DIRECTION ( 'NONE',  ( 0.000000000000000000, 0.1321637200910226739, 0.9912279006826340000 ) ) ;
#41 = ORIENTED_EDGE ( 'NONE', *, *, #3646, .T. ) ;
#42 = EDGE_LOOP ( 'NONE', ( #1635, #2866, #2207, #1461 ) ) ;
#43 = DIRECTION ( 'NONE',  ( 0.000000000000000000, 0.000000000000000000, 1.000000000000000000 ) ) ;
#44 = VECTOR ( 'NONE', #281, 1000.000000000000000 ) ;
#45 = EDGE_CURVE ( 'NONE', #523, #3216, #3768, .T. ) ;
#46 = AXIS2_PLACEMENT_3D ( 'NONE', #3129, #3451, #673 ) ;
#47 = FACE_OUTER_BOUND ( 'NONE', #2914, .T. ) ;
#48 = VECTOR ( 'NONE', #389, 1000.000000000000000 ) ;
#49 = LINE ( 'NONE', #3027, #1680 ) ;
#50 = VERTEX_POINT ( 'NONE', #86 ) ;
#51 = EDGE_CURVE ( 'NONE', #3755, #1352, #1935, .T. ) ;
#52 = ADVANCED_FACE ( 'NONE', ( #59 ), #369, .T. ) ;
#53 = EDGE_LOOP ( 'NONE', ( #1718, #837, #4294, #4081 ) ) ;
#54 = CARTESIAN_POINT ( 'NONE',  ( 2.799999999999997158, 0.2000000000000000111, -2.250000000000000000 ) ) ;
#55 = CARTESIAN_POINT ( 'NONE',  ( -5.000000000000000000, -0.9517188593945330455, 0.6595507669277020923 ) ) ;
#56 = CARTESIAN_POINT ( 'NONE',  ( -2.050000000000002487, 1.389999999999999902, 1.850000000000000089 ) ) ;
#57 = ORIENTED_EDGE ( 'NONE', *, *, #1043, .T. ) ;
#58 = EDGE_LOOP ( 'NONE', ( #3048, #224, #4215, #603 ) ) ;
#59 = FACE_OUTER_BOUND ( 'NONE', #2525, .T. ) ;
#60 = ORIENTED_EDGE ( 'NONE', *, *, #1624, .T. ) ;
#61 = DIRECTION ( 'NONE',  ( -1.000000000000000000, 0.000000000000000000, 0.000000000000000000 ) ) ;
#62 = DIRECTION ( 'NONE',  ( -3.504579431022969726E-32, -1.000000000000000000, 0.000000000000000000 ) ) ;
#63 = EDGE_CURVE ( 'NONE', #2083, #1423, #18, .T. ) ;
#64 = EDGE_CURVE ( 'NONE', #1515, #3349, #3373, .T. ) ;
#65 = ORIENTED_EDGE ( 'NONE', *, *, #2823, .T. ) ;
#66 = ORIENTED_EDGE ( 'NONE', *, *, #2007, .T. ) ;
#67 = ORIENTED_EDGE ( 'NONE', *, *, #3939, .F. ) ;
#68 = DIRECTION ( 'NONE',  ( 3.504579431022969726E-32, 1.000000000000000000, 2.478176394252580155E-16 ) ) ;
#69 = CARTESIAN_POINT ( 'NONE',  ( -0.04999999999999731048, -4.336808689942014778E-16, 2.250000000000000000 ) ) ;
#70 = PLANE ( 'NONE',  #160 ) ;
#71 = PLANE ( 'NONE',  #1261 ) ;
#72 = EDGE_CURVE ( 'NONE', #2110, #2549, #4060, .T. ) ;
#73 = EDGE_LOOP ( 'NONE', ( #1120, #4090, #3767, #413 ) ) ;
#74 = CARTESIAN_POINT ( 'NONE',  ( 7.300000000000002487, 5.750000000000000000, -1.850000000000000089 ) ) ;
#75 = AXIS2_PLACEMENT_3D ( 'NONE', #29, #2059, #4051 ) ;
#76 = ORIENTED_EDGE ( 'NONE', *, *, #947, .F. ) ;
#77 = VECTOR ( 'NONE', #587, 1000.000000000000000 ) ;
#78 = AXIS2_PLACEMENT_3D ( 'NONE', #1249, #3960, #3624 ) ;
#79 = DIRECTION ( 'NONE',  ( 0.000000000000000000, 1.000000000000000000, 0.000000000000000000 ) ) ;
#80 = CARTESIAN_POINT ( 'NONE',  ( -7.300000000000002487, 5.750000000000000000, -0.1200000000000000094 ) ) ;
#81 = EDGE_CURVE ( 'NONE', #3795, #1802, #1708, .T. ) ;
#82 =( NAMED_UNIT ( * ) PLANE_ANGLE_UNIT ( ) SI_UNIT ( $, .RADIAN. ) );
#83 = CARTESIAN_POINT ( 'NONE',  ( -4.802363520876769876, -3.243867591212055146, 0.3523635208767664784 ) ) ;
#84 = ORIENTED_EDGE ( 'NONE', *, *, #3562, .F. ) ;
#85 = VECTOR ( 'NONE', #4095, 1000.000000000000000 ) ;
#86 = CARTESIAN_POINT ( 'NONE',  ( 2.249999999999997780, 0.2000000000000000111, 0.2999999999999999889 ) ) ;
#87 = VECTOR ( 'NONE', #3297, 1000.000000000000000 ) ;
#88 = ORIENTED_EDGE ( 'NONE', *, *, #686, .T. ) ;
#89 = DIRECTION ( 'NONE',  ( -1.000000000000000000, 0.000000000000000000, 2.168404344971010101E-16 ) ) ;
#90 = AXIS2_PLACEMENT_3D ( 'NONE', #2204, #3567, #3000 ) ;
#91 = DIRECTION ( 'NONE',  ( -1.000000000000000000, -4.476652557876059775E-32, 1.414176746720221921E-16 ) ) ;
#92 = DIRECTION ( 'NONE',  ( -1.000000000000000000, 0.000000000000000000, 6.982962677686266711E-15 ) ) ;
#93 = ORIENTED_EDGE ( 'NONE', *, *, #3847, .F. ) ;
#94 = AXIS2_PLACEMENT_3D ( 'NONE', #4297, #4322, #1601 ) ;
#95 = ORIENTED_EDGE ( 'NONE', *, *, #1791, .T. ) ;
#96 = DIRECTION ( 'NONE',  ( 0.000000000000000000, -1.000000000000000000, 0.000000000000000000 ) ) ;
#97 = DIRECTION ( 'NONE',  ( -1.000000000000000000, 0.000000000000000000, 0.000000000000000000 ) ) ;
#98 = ORIENTED_EDGE ( 'NONE', *, *, #3304, .T. ) ;
#99 = ADVANCED_FACE ( 'NONE', ( #429 ), #1053, .F. ) ;
#100 = LINE ( 'NONE', #4133, #702 ) ;
#101 = VERTEX_POINT ( 'NONE', #4119 ) ;
#102 = LINE ( 'NONE', #3406, #466 ) ;
#103 = CARTESIAN_POINT ( 'NONE',  ( -0.2500000000000019429, -3.399999999999999911, 0.2999999999999999889 ) ) ;
#104 = DIRECTION ( 'NONE',  ( 3.504579431022969726E-32, 1.000000000000000000, 2.478176394252580155E-16 ) ) ;
#105 = ORIENTED_EDGE ( 'NONE', *, *, #2395, .F. ) ;
#106 = ADVANCED_FACE ( 'NONE', ( #3409, #1074 ), #1755, .F. ) ;
#107 = EDGE_CURVE ( 'NONE', #1775, #1881, #3100, .T. ) ;
#108 = ORIENTED_EDGE ( 'NONE', *, *, #3474, .T. ) ;
#109 = CARTESIAN_POINT ( 'NONE',  ( -6.250000000000002665, 0.2000000000000000111, 0.8000000000000000444 ) ) ;
#110 = DIRECTION ( 'NONE',  ( 0.000000000000000000, -2.478176394252580155E-16, 1.000000000000000000 ) ) ;
#111 = DIRECTION ( 'NONE',  ( 0.000000000000000000, 1.000000000000000000, 0.000000000000000000 ) ) ;
#112 = PRESENTATION_STYLE_ASSIGNMENT (( #2052 ) ) ;
#113 = ORIENTED_EDGE ( 'NONE', *, *, #1624, .F. ) ;
#114 = EDGE_LOOP ( 'NONE', ( #2137, #3433, #1994, #3951 ) ) ;
#115 = EDGE_LOOP ( 'NONE', ( #3576, #599, #974, #4085 ) ) ;
#116 = CARTESIAN_POINT ( 'NONE',  ( -5.000000000000000000, -0.4291796067500634471, 0.2500000000000000000 ) ) ;
#117 = DIRECTION ( 'NONE',  ( 1.414176746720221921E-16, -2.036060417813154872E-16, 1.000000000000000000 ) ) ;
#118 = VERTEX_POINT ( 'NONE', #2791 ) ;
#119 = AXIS2_PLACEMENT_3D ( 'NONE', #1376, #3719, #3057 ) ;
#120 = LINE ( 'NONE', #1165, #2964 ) ;
#121 = ORIENTED_EDGE ( 'NONE', *, *, #1045, .T. ) ;
#122 = EDGE_CURVE ( 'NONE', #244, #1437, #1238, .T. ) ;
#123 = AXIS2_PLACEMENT_3D ( 'NONE', #1430, #2769, #3726 ) ;
#124 = VECTOR ( 'NONE', #4077, 1000.000000000000000 ) ;
#125 = DIRECTION ( 'NONE',  ( -0.7071067811865489050, 0.7071067811865460184, 0.000000000000000000 ) ) ;
#126 = DIRECTION ( 'NONE',  ( -1.000000000000000000, 0.000000000000000000, 0.000000000000000000 ) ) ;
#127 = CARTESIAN_POINT ( 'NONE',  ( -3.750000000000002665, 0.2000000000000000111, 0.8000000000000000444 ) ) ;
#128 = EDGE_CURVE ( 'NONE', #1521, #2978, #474, .T. ) ;
#129 = DIRECTION ( 'NONE',  ( 0.000000000000000000, -1.000000000000000000, 0.000000000000000000 ) ) ;
#130 = ORIENTED_EDGE ( 'NONE', *, *, #1399, .F. ) ;
#131 = CARTESIAN_POINT ( 'NONE',  ( -7.950000000000001954, 4.500000000000000000, 0.8800000000000000044 ) ) ;
#132 = CARTESIAN_POINT ( 'NONE',  ( -3.750000000000002665, -3.399999999999999911, 0.2999999999999999889 ) ) ;
#133 = EDGE_CURVE ( 'NONE', #1428, #2253, #1863, .T. ) ;
#134 = ORIENTED_EDGE ( 'NONE', *, *, #1645, .T. ) ;
#135 = EDGE_LOOP ( 'NONE', ( #458, #1296, #3867, #3640 ) ) ;
#136 = ORIENTED_EDGE ( 'NONE', *, *, #3966, .T. ) ;
#137 = DIRECTION ( 'NONE',  ( 1.000000000000000000, 0.000000000000000000, 0.000000000000000000 ) ) ;
#138 = EDGE_CURVE ( 'NONE', #3980, #514, #2139, .T. ) ;
#139 = FACE_OUTER_BOUND ( 'NONE', #3669, .T. ) ;
#140 = FACE_OUTER_BOUND ( 'NONE', #1375, .T. ) ;
#141 = CARTESIAN_POINT ( 'NONE',  ( -0.8000000000000020428, -4.336808689942014778E-16, 2.250000000000000000 ) ) ;
#142 = PRODUCT_RELATED_PRODUCT_CATEGORY ( 'part', '', ( #2650 ) ) ;
#143 = DIRECTION ( 'NONE',  ( -0.3236155771181828955, 0.8891264907159897035, 0.3236155771181828955 ) ) ;
#144 = DIRECTION ( 'NONE',  ( 1.000000000000000000, 0.000000000000000000, 0.000000000000000000 ) ) ;
#145 = ORIENTED_EDGE ( 'NONE', *, *, #3438, .T. ) ;
#146 = AXIS2_PLACEMENT_3D ( 'NONE', #594, #549, #1233 ) ;
#147 = PLANE ( 'NONE',  #1155 ) ;
#148 = CARTESIAN_POINT ( 'NONE',  ( -4.750000000000000000, -2.347221846513170451, 0.7951753453754479839 ) ) ;
#149 = CARTESIAN_POINT ( 'NONE',  ( -3.200000000000002842, 0.2000000000000000111, 2.250000000000000000 ) ) ;
#150 = AXIS2_PLACEMENT_3D ( 'NONE', #668, #986, #3993 ) ;
#151 = ITEM_DEFINED_TRANSFORMATION ( 'NONE', 'NONE', #990,  #1615 ) ;
#152 = VERTEX_POINT ( 'NONE', #3236 ) ;
#153 = VERTEX_POINT ( 'NONE', #2513 ) ;
#154 = AXIS2_PLACEMENT_3D ( 'NONE', #4365, #1318, #1980 ) ;
#155 = ORIENTED_EDGE ( 'NONE', *, *, #313, .F. ) ;
#156 = DIRECTION ( 'NONE',  ( 1.000000000000000000, 1.084202172485503818E-16, 0.000000000000000000 ) ) ;
#157 = CARTESIAN_POINT ( 'NONE',  ( -7.950000000000001954, 6.000000000000000000, 2.250000000000000000 ) ) ;
#158 = AXIS2_PLACEMENT_3D ( 'NONE', #3007, #4340, #3050 ) ;
#159 = EDGE_CURVE ( 'NONE', #3166, #4107, #535, .T. ) ;
#160 = AXIS2_PLACEMENT_3D ( 'NONE', #3316, #1620, #2987 ) ;
#161 = EDGE_LOOP ( 'NONE', ( #1265, #1745, #2870, #840 ) ) ;
#162 = FACE_OUTER_BOUND ( 'NONE', #2797, .T. ) ;
#163 = DIRECTION ( 'NONE',  ( -1.355252715606880049E-16, -1.000000000000000000, 0.000000000000000000 ) ) ;
#164 = ORIENTED_EDGE ( 'NONE', *, *, #1399, .T. ) ;
#165 = CARTESIAN_POINT ( 'NONE',  ( -5.250000000000000000, -2.419911892563235245, 0.2500000000000000000 ) ) ;
#166 = LINE ( 'NONE', #3213, #1741 ) ;
#167 = LINE ( 'NONE', #3164, #1398 ) ;
#168 = ORIENTED_EDGE ( 'NONE', *, *, #476, .F. ) ;
#169 = DIRECTION ( 'NONE',  ( -1.000000000000000000, 0.000000000000000000, 0.000000000000000000 ) ) ;
#170 = ORIENTED_EDGE ( 'NONE', *, *, #2911, .F. ) ;
#171 = FACE_OUTER_BOUND ( 'NONE', #1652, .T. ) ;
#172 = LINE ( 'NONE', #1891, #704 ) ;
#173 = ORIENTED_EDGE ( 'NONE', *, *, #889, .T. ) ;
#174 = EDGE_CURVE ( 'NONE', #907, #284, #3563, .T. ) ;
#175 = EDGE_LOOP ( 'NONE', ( #2105, #590, #1441, #495 ) ) ;
#176 = DIRECTION ( 'NONE',  ( 0.000000000000000000, 4.404641985405130026E-16, -1.000000000000000000 ) ) ;
#177 = CARTESIAN_POINT ( 'NONE',  ( 1.199999999999997957, 0.2000000000000000111, -2.250000000000000000 ) ) ;
#178 = ORIENTED_EDGE ( 'NONE', *, *, #4177, .F. ) ;
#179 = ORIENTED_EDGE ( 'NONE', *, *, #4179, .T. ) ;
#180 = LINE ( 'NONE', #872, #2754 ) ;
#181 = CARTESIAN_POINT ( 'NONE',  ( -1.200000000000002620, 0.2000000000000000111, -2.250000000000000000 ) ) ;
#182 = VERTEX_POINT ( 'NONE', #1134 ) ;
#183 = EDGE_CURVE ( 'NONE', #1183, #2549, #4142, .T. ) ;
#184 = EDGE_CURVE ( 'NONE', #1428, #190, #451, .T. ) ;
#185 = CARTESIAN_POINT ( 'NONE',  ( 0.7999999999999973799, -4.336808689942014778E-16, -2.250000000000000000 ) ) ;
#186 = DIRECTION ( 'NONE',  ( -1.239088197126289831E-16, 2.036060417813154872E-16, -1.000000000000000000 ) ) ;
#187 = PLANE ( 'NONE',  #14 ) ;
#188 = EDGE_CURVE ( 'NONE', #1552, #1775, #3516, .T. ) ;
#189 = VECTOR ( 'NONE', #2311, 999.9999999999998863 ) ;
#190 = VERTEX_POINT ( 'NONE', #2832 ) ;
#191 = DIRECTION ( 'NONE',  ( -1.000000000000000000, 0.000000000000000000, 2.168404344971010101E-16 ) ) ;
#192 = ORIENTED_EDGE ( 'NONE', *, *, #273, .T. ) ;
#193 = CARTESIAN_POINT ( 'NONE',  ( 3.199999999999997957, 0.2000000000000000111, -2.250000000000000000 ) ) ;
#194 = DIRECTION ( 'NONE',  ( -1.000000000000000000, 0.000000000000000000, 0.000000000000000000 ) ) ;
#195 = ITEM_DEFINED_TRANSFORMATION ( 'NONE', 'NONE', #2814,  #1615 ) ;
#196 = VERTEX_POINT ( 'NONE', #4228 ) ;
#197 = ORIENTED_EDGE ( 'NONE', *, *, #3645, .F. ) ;
#198 = DIRECTION ( 'NONE',  ( -0.3236155771181828955, 0.8891264907159897035, -0.3236155771181828955 ) ) ;
#199 = EDGE_CURVE ( 'NONE', #2145, #3133, #2810, .T. ) ;
#200 = PLANE ( 'NONE',  #2457 ) ;
#201 = ORIENTED_EDGE ( 'NONE', *, *, #1836, .F. ) ;
#202 = ORIENTED_EDGE ( 'NONE', *, *, #2256, .T. ) ;
#203 = DIRECTION ( 'NONE',  ( 0.000000000000000000, 0.000000000000000000, 1.000000000000000000 ) ) ;
#204 = DIRECTION ( 'NONE',  ( 1.239088197126289831E-16, -2.478176394252580155E-16, 1.000000000000000000 ) ) ;
#205 = APPLICATION_CONTEXT ( 'automotive_design' ) ;
#206 = DIRECTION ( 'NONE',  ( -2.710505431213760099E-16, 1.000000000000000000, 0.000000000000000000 ) ) ;
#207 = CYLINDRICAL_SURFACE ( 'NONE', #3109, 0.5500000000000000444 ) ;
#208 = CARTESIAN_POINT ( 'NONE',  ( -2.050000000000002487, 0.8299999999999999600, 2.250000000000000000 ) ) ;
#209 = ADVANCED_FACE ( 'NONE', ( #1198 ), #147, .F. ) ;
#210 = CARTESIAN_POINT ( 'NONE',  ( -5.250000000000000000, -3.100000000000000089, 0.8000000000000000444 ) ) ;
#211 = EDGE_CURVE ( 'NONE', #3046, #4015, #1471, .T. ) ;
#212 = CARTESIAN_POINT ( 'NONE',  ( -6.800000000000002487, -4.336808689942014778E-16, 2.250000000000000000 ) ) ;
#213 = DIRECTION ( 'NONE',  ( 2.168404344971010101E-16, 0.000000000000000000, -1.000000000000000000 ) ) ;
#214 = CARTESIAN_POINT ( 'NONE',  ( -4.000000000000000000, 5.000000000000000000, 0.6908089297201369661 ) ) ;
#215 = VECTOR ( 'NONE', #3874, 1000.000000000000000 ) ;
#216 = ORIENTED_EDGE ( 'NONE', *, *, #866, .F. ) ;
#217 = ORIENTED_EDGE ( 'NONE', *, *, #3086, .T. ) ;
#218 = VECTOR ( 'NONE', #3878, 1000.000000000000000 ) ;
#219 = PLANE ( 'NONE',  #3480 ) ;
#220 = VECTOR ( 'NONE', #2466, 1000.000000000000000 ) ;
#221 = PRESENTATION_LAYER_ASSIGNMENT (  '', '', ( #2107 ) ) ;
#222 = AXIS2_PLACEMENT_3D ( 'NONE', #1776, #855, #3565 ) ;
#223 = CARTESIAN_POINT ( 'NONE',  ( 6.250000000000002665, 4.250000000000000000, 2.149999999999999911 ) ) ;
#224 = ORIENTED_EDGE ( 'NONE', *, *, #2512, .F. ) ;
#225 = EDGE_LOOP ( 'NONE', ( #2294, #2385, #3308, #833 ) ) ;
#226 = VECTOR ( 'NONE', #319, 1000.000000000000000 ) ;
#227 = LINE ( 'NONE', #3184, #3752 ) ;
#228 = CIRCLE ( 'NONE', #297, 0.5000000000000000000 ) ;
#229 = DIRECTION ( 'NONE',  ( -1.000000000000000000, -4.336808689942015271E-16, 0.000000000000000000 ) ) ;
#230 = VECTOR ( 'NONE', #2624, 1000.000000000000000 ) ;
#231 = VECTOR ( 'NONE', #96, 1000.000000000000000 ) ;
#232 = EDGE_CURVE ( 'NONE', #4140, #1422, #2159, .T. ) ;
#233 = VECTOR ( 'NONE', #1785, 1000.000000000000227 ) ;
#234 = CARTESIAN_POINT ( 'NONE',  ( -5.225000000000002309, 5.750000000000000000, 1.649999999999999911 ) ) ;
#235 = LINE ( 'NONE', #300, #4243 ) ;
#236 = DIRECTION ( 'NONE',  ( 3.504579431022969726E-32, 1.000000000000000000, 2.478176394252580155E-16 ) ) ;
#237 = ORIENTED_EDGE ( 'NONE', *, *, #527, .F. ) ;
#238 = CARTESIAN_POINT ( 'NONE',  ( 1.199999999999997957, 0.2000000000000000111, 0.8000000000000000444 ) ) ;
#239 = ORIENTED_EDGE ( 'NONE', *, *, #1681, .F. ) ;
#240 = CARTESIAN_POINT ( 'NONE',  ( 6.725000000000002309, 4.250000000000000000, 2.250000000000000000 ) ) ;
#241 = CARTESIAN_POINT ( 'NONE',  ( -7.200000000000002842, 4.250000000000000000, 2.250000000000000000 ) ) ;
#242 = DIRECTION ( 'NONE',  ( -1.000000000000000000, 0.000000000000000000, 0.000000000000000000 ) ) ;
#243 = EDGE_CURVE ( 'NONE', #1174, #4140, #1152, .T. ) ;
#244 = VERTEX_POINT ( 'NONE', #4206 ) ;
#245 = CARTESIAN_POINT ( 'NONE',  ( -5.250000000000000000, -3.100000000000000089, 0.2999999999999999889 ) ) ;
#246 = DIRECTION ( 'NONE',  ( 1.000000000000000000, 0.000000000000000000, 0.000000000000000000 ) ) ;
#247 = ORIENTED_EDGE ( 'NONE', *, *, #3818, .T. ) ;
#248 = EDGE_LOOP ( 'NONE', ( #864, #2365, #908, #3090, #552, #1234, #3281, #374 ) ) ;
#249 = DIRECTION ( 'NONE',  ( 1.000000000000000000, 0.000000000000000000, -2.168404344971010101E-16 ) ) ;
#250 = FACE_OUTER_BOUND ( 'NONE', #3160, .T. ) ;
#251 = VECTOR ( 'NONE', #2118, 1000.000000000000000 ) ;
#252 = CARTESIAN_POINT ( 'NONE',  ( -4.750000000000000000, 4.700000000000000178, 0.2999999999999999889 ) ) ;
#253 = EDGE_CURVE ( 'NONE', #1943, #2589, #3478, .T. ) ;
#254 = CARTESIAN_POINT ( 'NONE',  ( 6.250000000000002665, 6.000000000000000000, 0.2999999999999999889 ) ) ;
#255 = LINE ( 'NONE', #3902, #1196 ) ;
#256 = ORIENTED_EDGE ( 'NONE', *, *, #3912, .F. ) ;
#257 = CARTESIAN_POINT ( 'NONE',  ( -5.250000000000000000, -0.9583270453990839766, 0.6099893718935700537 ) ) ;
#258 = ORIENTED_EDGE ( 'NONE', *, *, #2627, .F. ) ;
#259 = PLANE ( 'NONE',  #3827 ) ;
#260 = AXIS2_PLACEMENT_3D ( 'NONE', #11, #3704, #2720 ) ;
#261 = DIRECTION ( 'NONE',  ( 1.000000000000000000, 0.000000000000000000, 0.000000000000000000 ) ) ;
#262 = CARTESIAN_POINT ( 'NONE',  ( -4.250000000000001776, 0.2000000000000000111, 0.8000000000000000444 ) ) ;
#263 = EDGE_CURVE ( 'NONE', #2360, #2110, #1820, .T. ) ;
#264 = ORIENTED_EDGE ( 'NONE', *, *, #2868, .F. ) ;
#265 = DIRECTION ( 'NONE',  ( 0.000000000000000000, 0.000000000000000000, -1.000000000000000000 ) ) ;
#266 = CARTESIAN_POINT ( 'NONE',  ( -4.250000000000001776, -3.399999999999999911, 0.2999999999999999889 ) ) ;
#267 = EDGE_LOOP ( 'NONE', ( #2817, #3458, #2828, #887 ) ) ;
#268 = VERTEX_POINT ( 'NONE', #3880 ) ;
#269 = ORIENTED_EDGE ( 'NONE', *, *, #920, .F. ) ;
#270 = LINE ( 'NONE', #3648, #3825 ) ;
#271 = EDGE_CURVE ( 'NONE', #3133, #836, #2182, .T. ) ;
#272 = DIRECTION ( 'NONE',  ( 0.000000000000000000, -0.8944271909999158554, -0.4472135954999579277 ) ) ;
#273 = EDGE_CURVE ( 'NONE', #2616, #588, #517, .T. ) ;
#274 = PLANE ( 'NONE',  #1331 ) ;
#275 = ADVANCED_FACE ( 'NONE', ( #2200 ), #2881, .F. ) ;
#276 = DIRECTION ( 'NONE',  ( 1.000000000000000000, 0.000000000000000000, 0.000000000000000000 ) ) ;
#277 = EDGE_LOOP ( 'NONE', ( #3933, #972, #4338, #4222 ) ) ;
#278 = DIRECTION ( 'NONE',  ( -1.000000000000000000, 0.000000000000000000, 0.000000000000000000 ) ) ;
#279 = DIRECTION ( 'NONE',  ( -1.000000000000000000, 0.000000000000000000, 0.000000000000000000 ) ) ;
#280 = DIRECTION ( 'NONE',  ( 0.000000000000000000, 2.478176394252580155E-16, -1.000000000000000000 ) ) ;
#281 = DIRECTION ( 'NONE',  ( -2.168404344971010101E-16, 0.000000000000000000, 1.000000000000000000 ) ) ;
#282 =( LENGTH_UNIT ( ) NAMED_UNIT ( * ) SI_UNIT ( .MILLI., .METRE. ) );
#283 = PLANE ( 'NONE',  #4247 ) ;
#284 = VERTEX_POINT ( 'NONE', #1283 ) ;
#285 = EDGE_CURVE ( 'NONE', #2594, #1407, #2309, .T. ) ;
#286 = ORIENTED_EDGE ( 'NONE', *, *, #3152, .F. ) ;
#287 = CARTESIAN_POINT ( 'NONE',  ( -7.950000000000001954, 0.8299999999999999600, 2.250000000000000000 ) ) ;
#288 = VECTOR ( 'NONE', #1373, 1000.000000000000000 ) ;
#289 = EDGE_LOOP ( 'NONE', ( #743, #461, #2339, #4082 ) ) ;
#290 = VERTEX_POINT ( 'NONE', #3350 ) ;
#291 = DIRECTION ( 'NONE',  ( 2.168404344971010101E-16, -1.198194479848324020E-16, 1.000000000000000000 ) ) ;
#292 = LINE ( 'NONE', #980, #3688 ) ;
#293 =( GEOMETRIC_REPRESENTATION_CONTEXT ( 3 ) GLOBAL_UNCERTAINTY_ASSIGNED_CONTEXT ( ( #2454 ) ) GLOBAL_UNIT_ASSIGNED_CONTEXT ( ( #1095, #1730, #1672 ) ) REPRESENTATION_CONTEXT ( 'NONE', 'WORKASPACE' ) );
#294 = VECTOR ( 'NONE', #734, 1000.000000000000000 ) ;
#295 = EDGE_CURVE ( 'NONE', #2789, #3399, #1936, .T. ) ;
#296 = VECTOR ( 'NONE', #3498, 1000.000000000000000 ) ;
#297 = AXIS2_PLACEMENT_3D ( 'NONE', #2215, #4292, #203 ) ;
#298 = VECTOR ( 'NONE', #4096, 1000.000000000000000 ) ;
#299 = DIRECTION ( 'NONE',  ( 0.000000000000000000, 0.7071067811865460184, -0.7071067811865489050 ) ) ;
#300 = CARTESIAN_POINT ( 'NONE',  ( -5.250000000000000000, 4.700000000000000178, 0.8000000000000000444 ) ) ;
#301 = CARTESIAN_POINT ( 'NONE',  ( 6.250000000000002665, 1.750000000000000000, 0.8000000000000000444 ) ) ;
#302 = ORIENTED_EDGE ( 'NONE', *, *, #3438, .F. ) ;
#303 = VECTOR ( 'NONE', #1287, 1000.000000000000000 ) ;
#304 = CARTESIAN_POINT ( 'NONE',  ( -2.250000000000001776, 1.750000000000000000, 0.2999999999999999889 ) ) ;
#305 = DIRECTION ( 'NONE',  ( 1.000000000000000000, 0.000000000000000000, 2.168404344971010101E-16 ) ) ;
#306 = CARTESIAN_POINT ( 'NONE',  ( 7.950000000000001954, 1.389999999999999902, 2.250000000000000000 ) ) ;
#307 = CARTESIAN_POINT ( 'NONE',  ( -5.225000000000002309, 1.750000000000000000, 2.250000000000000000 ) ) ;
#308 = VERTEX_POINT ( 'NONE', #2289 ) ;
#309 = ORIENTED_EDGE ( 'NONE', *, *, #3112, .F. ) ;
#310 = ORIENTED_EDGE ( 'NONE', *, *, #3520, .T. ) ;
#311 = ORIENTED_EDGE ( 'NONE', *, *, #2656, .T. ) ;
#312 = DIRECTION ( 'NONE',  ( 0.000000000000000000, 2.478176394252580155E-16, -1.000000000000000000 ) ) ;
#313 = EDGE_CURVE ( 'NONE', #1849, #1206, #2971, .T. ) ;
#314 = VERTEX_POINT ( 'NONE', #1887 ) ;
#315 = CARTESIAN_POINT ( 'NONE',  ( -7.200000000000002842, 4.250000000000000000, 2.250000000000000000 ) ) ;
#316 = CARTESIAN_POINT ( 'NONE',  ( -5.250000000000000000, 5.000000000000000000, 0.2999999999999999889 ) ) ;
#317 = CYLINDRICAL_SURFACE ( 'NONE', #2234, 0.5000000000000000000 ) ;
#318 = ORIENTED_EDGE ( 'NONE', *, *, #4032, .F. ) ;
#319 = DIRECTION ( 'NONE',  ( 0.000000000000000000, 1.000000000000000000, 2.036060417813154872E-16 ) ) ;
#320 = DIRECTION ( 'NONE',  ( 0.000000000000000000, 1.927470528863119788E-16, -1.000000000000000000 ) ) ;
#321 = SHAPE_REPRESENTATION ( 'body_7', ( #1615 ), #421 ) ;
#322 = ORIENTED_EDGE ( 'NONE', *, *, #2079, .T. ) ;
#323 = CARTESIAN_POINT ( 'NONE',  ( 1.199999999999997957, 0.2000000000000000111, 2.250000000000000000 ) ) ;
#324 = EDGE_CURVE ( 'NONE', #1902, #884, #2905, .T. ) ;
#325 = DIRECTION ( 'NONE',  ( 0.000000000000000000, -2.036060417813154872E-16, 1.000000000000000000 ) ) ;
#326 = SURFACE_STYLE_FILL_AREA ( #3352 ) ;
#327 = LINE ( 'NONE', #3015, #787 ) ;
#328 = ORIENTED_EDGE ( 'NONE', *, *, #1715, .F. ) ;
#329 = LINE ( 'NONE', #1266, #4058 ) ;
#330 = EDGE_CURVE ( 'NONE', #1407, #1902, #1563, .T. ) ;
#331 = VECTOR ( 'NONE', #1400, 1000.000000000000114 ) ;
#332 = ORIENTED_EDGE ( 'NONE', *, *, #2540, .T. ) ;
#333 = ORIENTED_EDGE ( 'NONE', *, *, #4108, .F. ) ;
#334 = EDGE_CURVE ( 'NONE', #2925, #244, #923, .T. ) ;
#335 = CARTESIAN_POINT ( 'NONE',  ( -5.250000000000000000, -2.347221846513170451, 0.7951753453754479839 ) ) ;
#336 = CARTESIAN_POINT ( 'NONE',  ( -4.750000000000000000, 5.000000000000000000, 0.8000000000000000444 ) ) ;
#337 = LINE ( 'NONE', #3051, #3957 ) ;
#338 = DIRECTION ( 'NONE',  ( 1.000000000000000000, 0.000000000000000000, -1.414176746720221921E-16 ) ) ;
#339 = DIRECTION ( 'NONE',  ( 0.000000000000000000, 1.000000000000000000, 1.927470528863119788E-16 ) ) ;
#340 = EDGE_CURVE ( 'NONE', #3018, #1881, #615, .T. ) ;
#341 = CARTESIAN_POINT ( 'NONE',  ( 2.799999999999997158, 0.2000000000000000111, -2.250000000000000000 ) ) ;
#342 = CYLINDRICAL_SURFACE ( 'NONE', #2496, 0.05000000000000121708 ) ;
#343 = CARTESIAN_POINT ( 'NONE',  ( -4.250000000000001776, 0.2000000000000000111, 0.2999999999999999889 ) ) ;
#344 = CARTESIAN_POINT ( 'NONE',  ( -7.550000000000002487, 6.000000000000000000, -2.250000000000000000 ) ) ;
#345 = EDGE_CURVE ( 'NONE', #4111, #1305, #2241, .T. ) ;
#346 =( REPRESENTATION_RELATIONSHIP ('NONE','NONE', #2132, #1964 ) REPRESENTATION_RELATIONSHIP_WITH_TRANSFORMATION ( #1452 )SHAPE_REPRESENTATION_RELATIONSHIP( ) );
#347 = ORIENTED_EDGE ( 'NONE', *, *, #445, .T. ) ;
#348 = EDGE_CURVE ( 'NONE', #3569, #2839, #2632, .T. ) ;
#349 = ORIENTED_EDGE ( 'NONE', *, *, #846, .F. ) ;
#350 = CARTESIAN_POINT ( 'NONE',  ( -0.2500000000000019429, 0.2000000000000000111, 0.8000000000000000444 ) ) ;
#351 = PLANE ( 'NONE',  #580 ) ;
#352 = DIRECTION ( 'NONE',  ( -1.000000000000000000, 0.000000000000000000, 1.414176746720221921E-16 ) ) ;
#353 = VERTEX_POINT ( 'NONE', #577 ) ;
#354 = DIRECTION ( 'NONE',  ( -1.000000000000000000, 0.000000000000000000, 2.168404344971010101E-16 ) ) ;
#355 = VECTOR ( 'NONE', #2827, 1000.000000000000000 ) ;
#357 = DIRECTION ( 'NONE',  ( 0.000000000000000000, 4.336808689942020201E-16, -1.000000000000000000 ) ) ;
#356 = VECTOR ( 'NONE', #4253, 1000.000000000000000 ) ;
#358 = AXIS2_PLACEMENT_3D ( 'NONE', #3864, #556, #1566 ) ;
#359 = DIRECTION ( 'NONE',  ( 1.000000000000000000, 9.697399036122229025E-17, -1.939479807224429781E-16 ) ) ;
#360 = VECTOR ( 'NONE', #2907, 1000.000000000000000 ) ;
#361 = ORIENTED_EDGE ( 'NONE', *, *, #3696, .F. ) ;
#362 = EDGE_CURVE ( 'NONE', #4308, #3098, #1913, .T. ) ;
#363 = VECTOR ( 'NONE', #916, 1000.000000000000000 ) ;
#364 = FACE_OUTER_BOUND ( 'NONE', #1801, .T. ) ;
#365 = CARTESIAN_POINT ( 'NONE',  ( -1.200000000000002620, -4.336808689942014778E-16, 2.250000000000000000 ) ) ;
#366 = VECTOR ( 'NONE', #1484, 1000.000000000000000 ) ;
#367 = FACE_OUTER_BOUND ( 'NONE', #949, .T. ) ;
#368 = VECTOR ( 'NONE', #3143, 1000.000000000000000 ) ;
#369 = PLANE ( 'NONE',  #2576 ) ;
#370 = DIRECTION ( 'NONE',  ( 1.000000000000000000, 0.000000000000000000, 0.000000000000000000 ) ) ;
#371 = EDGE_CURVE ( 'NONE', #3038, #4168, #965, .T. ) ;
#372 = LINE ( 'NONE', #2381, #3037 ) ;
#373 = CARTESIAN_POINT ( 'NONE',  ( 0.000000000000000000, 0.000000000000000000, 0.000000000000000000 ) ) ;
#374 = ORIENTED_EDGE ( 'NONE', *, *, #3141, .T. ) ;
#375 = ORIENTED_EDGE ( 'NONE', *, *, #2933, .F. ) ;
#376 = ORIENTED_EDGE ( 'NONE', *, *, #3599, .F. ) ;
#377 = CARTESIAN_POINT ( 'NONE',  ( -7.950000000000001954, 4.336808689942014778E-16, -2.250000000000000000 ) ) ;
#378 = AXIS2_PLACEMENT_3D ( 'NONE', #718, #1054, #454 ) ;
#379 = VECTOR ( 'NONE', #1653, 1000.000000000000000 ) ;
#380 = CARTESIAN_POINT ( 'NONE',  ( -2.050000000000002487, -4.336808689942014778E-16, 2.250000000000000000 ) ) ;
#381 = LINE ( 'NONE', #751, #432 ) ;
#382 = ORIENTED_EDGE ( 'NONE', *, *, #4126, .T. ) ;
#383 = EDGE_CURVE ( 'NONE', #514, #574, #1958, .T. ) ;
#384 = EDGE_CURVE ( 'NONE', #2158, #2388, #3328, .T. ) ;
#385 = CARTESIAN_POINT ( 'NONE',  ( -7.550000000000002487, 6.000000000000000000, -2.100000000000000089 ) ) ;
#386 = LINE ( 'NONE', #1402, #921 ) ;
#387 = DIRECTION ( 'NONE',  ( 0.000000000000000000, 0.000000000000000000, 1.000000000000000000 ) ) ;
#388 = CARTESIAN_POINT ( 'NONE',  ( -7.950000000000001954, 4.500000000000000000, -0.1200000000000000094 ) ) ;
#389 = DIRECTION ( 'NONE',  ( -1.000000000000000000, 0.000000000000000000, 0.000000000000000000 ) ) ;
#390 = CARTESIAN_POINT ( 'NONE',  ( 3.199999999999997957, 0.2000000000000000111, -2.250000000000000000 ) ) ;
#391 = PLANE ( 'NONE',  #3598 ) ;
#392 = DIRECTION ( 'NONE',  ( -1.000000000000000000, 0.000000000000000000, 6.982962677686266711E-15 ) ) ;
#393 = AXIS2_PLACEMENT_3D ( 'NONE', #3903, #280, #598 ) ;
#394 = EDGE_CURVE ( 'NONE', #1987, #1849, #4254, .T. ) ;
#395 = ORIENTED_EDGE ( 'NONE', *, *, #4044, .T. ) ;
#396 = FACE_OUTER_BOUND ( 'NONE', #3809, .T. ) ;
#397 = VECTOR ( 'NONE', #3783, 1000.000000000000000 ) ;
#398 = VECTOR ( 'NONE', #4094, 1000.000000000000000 ) ;
#399 = LINE ( 'NONE', #4112, #288 ) ;
#400 = CARTESIAN_POINT ( 'NONE',  ( 2.249999999999997780, -3.399999999999999911, 0.2999999999999999889 ) ) ;
#401 = ORIENTED_EDGE ( 'NONE', *, *, #3599, .T. ) ;
#402 = CARTESIAN_POINT ( 'NONE',  ( 7.950000000000001954, 4.336808689942014778E-16, -2.250000000000000000 ) ) ;
#403 = LINE ( 'NONE', #3076, #398 ) ;
#404 = SURFACE_SIDE_STYLE ('',( #2066 ) ) ;
#405 = DIRECTION ( 'NONE',  ( 0.000000000000000000, 0.000000000000000000, 1.000000000000000000 ) ) ;
#406 = CARTESIAN_POINT ( 'NONE',  ( -5.250000000000000000, -2.419911892563235245, 0.8000000000000000444 ) ) ;
#407 = ORIENTED_EDGE ( 'NONE', *, *, #3343, .F. ) ;
#408 = CARTESIAN_POINT ( 'NONE',  ( 7.950000000000001954, 4.336808689942014778E-16, -2.250000000000000000 ) ) ;
#409 = PLANE ( 'NONE',  #4166 ) ;
#410 = CARTESIAN_POINT ( 'NONE',  ( -6.999999999999988454, -2.168404344970985449E-16, 1.100000000000004752 ) ) ;
#411 = EDGE_LOOP ( 'NONE', ( #2681, #1613, #2412, #1039 ) ) ;
#412 = ADVANCED_FACE ( 'NONE', ( #4346 ), #1301, .F. ) ;
#413 = ORIENTED_EDGE ( 'NONE', *, *, #969, .F. ) ;
#414 = LINE ( 'NONE', #2148, #3188 ) ;
#415 = CARTESIAN_POINT ( 'NONE',  ( -4.750000000000000000, -0.4515402865250509601, 0.2947213595499769689 ) ) ;
#416 = ORIENTED_EDGE ( 'NONE', *, *, #700, .F. ) ;
#417 = CARTESIAN_POINT ( 'NONE',  ( -2.250000000000001776, -3.399999999999999911, 0.2999999999999999889 ) ) ;
#418 = EDGE_CURVE ( 'NONE', #3593, #3126, #4298, .T. ) ;
#419 = VECTOR ( 'NONE', #2782, 1000.000000000000000 ) ;
#420 = ORIENTED_EDGE ( 'NONE', *, *, #3577, .T. ) ;
#421 =( GEOMETRIC_REPRESENTATION_CONTEXT ( 3 ) GLOBAL_UNCERTAINTY_ASSIGNED_CONTEXT ( ( #1439 ) ) GLOBAL_UNIT_ASSIGNED_CONTEXT ( ( #1592, #2686, #3005 ) ) REPRESENTATION_CONTEXT ( 'NONE', 'WORKASPACE' ) );
#422 = VECTOR ( 'NONE', #3148, 1000.000000000000000 ) ;
#423 = CARTESIAN_POINT ( 'NONE',  ( -5.000000000000000000, -2.419911892563235245, 0.2500000000000000000 ) ) ;
#424 = PLANE ( 'NONE',  #2755 ) ;
#425 = ORIENTED_EDGE ( 'NONE', *, *, #4149, .F. ) ;
#426 = VERTEX_POINT ( 'NONE', #1983 ) ;
#427 = VECTOR ( 'NONE', #4343, 1000.000000000000000 ) ;
#428 = VECTOR ( 'NONE', #1450, 1000.000000000000000 ) ;
#429 = FACE_OUTER_BOUND ( 'NONE', #789, .T. ) ;
#430 = ORIENTED_EDGE ( 'NONE', *, *, #548, .T. ) ;
#431 = CARTESIAN_POINT ( 'NONE',  ( -0.2500000000000019429, 1.750000000000000000, 0.2999999999999999889 ) ) ;
#432 = VECTOR ( 'NONE', #3073, 1000.000000000000000 ) ;
#433 = CARTESIAN_POINT ( 'NONE',  ( -5.140808929720139808, 5.000000000000000000, 0.4091910702798600141 ) ) ;
#434 = DIRECTION ( 'NONE',  ( 1.000000000000000000, 0.000000000000000000, 0.000000000000000000 ) ) ;
#435 = ORIENTED_EDGE ( 'NONE', *, *, #3227, .F. ) ;
#436 = VECTOR ( 'NONE', #4131, 1000.000000000000000 ) ;
#437 = EDGE_LOOP ( 'NONE', ( #2831, #108, #1864, #3274 ) ) ;
#438 = CARTESIAN_POINT ( 'NONE',  ( 6.250000000000002665, 4.250000000000000000, -2.623757129271619970 ) ) ;
#439 = EDGE_CURVE ( 'NONE', #554, #2871, #3632, .T. ) ;
#440 = CARTESIAN_POINT ( 'NONE',  ( -3.750000000000002665, 0.2000000000000000111, -2.250000000000000000 ) ) ;
#441 = ORIENTED_EDGE ( 'NONE', *, *, #3818, .F. ) ;
#442 = PLANE ( 'NONE',  #488 ) ;
#443 = ADVANCED_FACE ( 'NONE', ( #1218 ), #2561, .F. ) ;
#444 = VECTOR ( 'NONE', #198, 999.9999999999998863 ) ;
#445 = EDGE_CURVE ( 'NONE', #2589, #1552, #2400, .T. ) ;
#446 = DIRECTION ( 'NONE',  ( 0.000000000000000000, -1.000000000000000000, 0.000000000000000000 ) ) ;
#447 = SURFACE_STYLE_USAGE ( .BOTH. , #404 ) ;
#448 = LINE ( 'NONE', #1491, #863 ) ;
#449 = ORIENTED_EDGE ( 'NONE', *, *, #2517, .T. ) ;
#450 = EDGE_CURVE ( 'NONE', #3668, #3755, #4072, .T. ) ;
#451 = LINE ( 'NONE', #1111, #455 ) ;
#452 = EDGE_CURVE ( 'NONE', #3271, #909, #2335, .T. ) ;
#453 = ORIENTED_EDGE ( 'NONE', *, *, #581, .F. ) ;
#454 = DIRECTION ( 'NONE',  ( 0.000000000000000000, 1.927470528863119788E-16, -1.000000000000000000 ) ) ;
#455 = VECTOR ( 'NONE', #808, 1000.000000000000000 ) ;
#456 = DIRECTION ( 'NONE',  ( 1.000000000000000000, 0.000000000000000000, 0.000000000000000000 ) ) ;
#457 = ORIENTED_EDGE ( 'NONE', *, *, #2563, .F. ) ;
#458 = ORIENTED_EDGE ( 'NONE', *, *, #3147, .F. ) ;
#459 = ORIENTED_EDGE ( 'NONE', *, *, #3592, .F. ) ;
#460 = EDGE_LOOP ( 'NONE', ( #3718, #1883, #3793, #17 ) ) ;
#461 = ORIENTED_EDGE ( 'NONE', *, *, #3832, .F. ) ;
#462 = LINE ( 'NONE', #2413, #4248 ) ;
#463 = LINE ( 'NONE', #3179, #792 ) ;
#464 = AXIS2_PLACEMENT_3D ( 'NONE', #644, #3971, #2652 ) ;
#465 = PRODUCT_DEFINITION ( 'UNKNOWN', '', #1121, #3225 ) ;
#466 = VECTOR ( 'NONE', #3093, 1000.000000000000000 ) ;
#467 = LINE ( 'NONE', #1420, #2308 ) ;
#468 = VERTEX_POINT ( 'NONE', #2734 ) ;
#469 = AXIS2_PLACEMENT_3D ( 'NONE', #2742, #2379, #2048 ) ;
#470 = FACE_OUTER_BOUND ( 'NONE', #1282, .T. ) ;
#471 = LINE ( 'NONE', #2156, #2245 ) ;
#472 = CARTESIAN_POINT ( 'NONE',  ( -2.800000000000002043, 0.2000000000000000111, 0.2999999999999999889 ) ) ;
#473 = ORIENTED_EDGE ( 'NONE', *, *, #1796, .T. ) ;
#474 = LINE ( 'NONE', #3215, #2946 ) ;
#475 = LINE ( 'NONE', #881, #4244 ) ;
#476 = EDGE_CURVE ( 'NONE', #3199, #4107, #3738, .T. ) ;
#477 = LINE ( 'NONE', #831, #2745 ) ;
#478 = SHAPE_DEFINITION_REPRESENTATION ( #2155, #1964 ) ;
#479 = EDGE_CURVE ( 'NONE', #884, #1756, #1343, .T. ) ;
#480 = ORIENTED_EDGE ( 'NONE', *, *, #3556, .T. ) ;
#481 = EDGE_LOOP ( 'NONE', ( #2816, #3766, #2070, #988 ) ) ;
#482 = ORIENTED_EDGE ( 'NONE', *, *, #138, .T. ) ;
#483 = DIRECTION ( 'NONE',  ( 0.000000000000000000, 1.000000000000000000, 0.000000000000000000 ) ) ;
#484 = LINE ( 'NONE', #3913, #2695 ) ;
#485 = CARTESIAN_POINT ( 'NONE',  ( 4.249999999999997335, 0.2000000000000000111, 0.8000000000000000444 ) ) ;
#486 = CARTESIAN_POINT ( 'NONE',  ( -5.200000000000001954, 0.2000000000000000111, 0.2999999999999999889 ) ) ;
#487 = FACE_BOUND ( 'NONE', #2169, .T. ) ;
#488 = AXIS2_PLACEMENT_3D ( 'NONE', #2108, #3470, #3185 ) ;
#489 = CARTESIAN_POINT ( 'NONE',  ( -5.250000000000000000, -0.9583270453990848647, 0.6099893718935700537 ) ) ;
#490 = LINE ( 'NONE', #3125, #2239 ) ;
#491 = ADVANCED_FACE ( 'NONE', ( #1720 ), #732, .F. ) ;
#492 = VERTEX_POINT ( 'NONE', #10 ) ;
#493 = VECTOR ( 'NONE', #1907, 1000.000000000000000 ) ;
#494 = CARTESIAN_POINT ( 'NONE',  ( -2.050000000000002487, -4.336808689942014778E-16, 2.250000000000000000 ) ) ;
#495 = ORIENTED_EDGE ( 'NONE', *, *, #384, .F. ) ;
#496 = CARTESIAN_POINT ( 'NONE',  ( -7.950000000000001954, 1.389999999999999902, 1.850000000000000089 ) ) ;
#497 = DIRECTION ( 'NONE',  ( 1.000000000000000000, 0.000000000000000000, -2.168404344971010101E-16 ) ) ;
#498 = VECTOR ( 'NONE', #1985, 1000.000000000000000 ) ;
#499 = ORIENTED_EDGE ( 'NONE', *, *, #804, .T. ) ;
#500 = VERTEX_POINT ( 'NONE', #753 ) ;
#501 = VECTOR ( 'NONE', #359, 1000.000000000000000 ) ;
#502 = ORIENTED_EDGE ( 'NONE', *, *, #1998, .F. ) ;
#503 = ADVANCED_FACE ( 'NONE', ( #708 ), #2090, .F. ) ;
#504 = DIRECTION ( 'NONE',  ( -4.336808689942020201E-16, -1.000000000000000000, 0.000000000000000000 ) ) ;
#505 = CARTESIAN_POINT ( 'NONE',  ( -5.250000000000000000, -0.6751470842750408874, 0.7419349550499519941 ) ) ;
#506 = VECTOR ( 'NONE', #1323, 1000.000000000000000 ) ;
#507 = VERTEX_POINT ( 'NONE', #385 ) ;
#508 = ORIENTED_EDGE ( 'NONE', *, *, #1502, .T. ) ;
#509 = ORIENTED_EDGE ( 'NONE', *, *, #1270, .T. ) ;
#510 = EDGE_CURVE ( 'NONE', #1139, #893, #1647, .T. ) ;
#511 = LINE ( 'NONE', #1903, #1337 ) ;
#512 = DIRECTION ( 'NONE',  ( 0.000000000000000000, 0.000000000000000000, -1.000000000000000000 ) ) ;
#513 = DIRECTION ( 'NONE',  ( -1.000000000000000000, -2.522858432348305322E-32, 1.239088197126289831E-16 ) ) ;
#514 = VERTEX_POINT ( 'NONE', #3012 ) ;
#515 = LINE ( 'NONE', #1445, #2175 ) ;
#516 = CARTESIAN_POINT ( 'NONE',  ( -7.550000000000002487, 6.000000000000000000, 0.8800000000000000044 ) ) ;
#517 = LINE ( 'NONE', #1844, #891 ) ;
#518 = ORIENTED_EDGE ( 'NONE', *, *, #3530, .F. ) ;
#519 = CYLINDRICAL_SURFACE ( 'NONE', #1204, 0.5000000000000000000 ) ;
#520 = CARTESIAN_POINT ( 'NONE',  ( 7.950000000000001954, 0.8299999999999999600, 1.850000000000000089 ) ) ;
#521 = CONTEXT_DEPENDENT_SHAPE_REPRESENTATION ( #346, #2740 ) ;
#522 = ORIENTED_EDGE ( 'NONE', *, *, #1459, .T. ) ;
#523 = VERTEX_POINT ( 'NONE', #2373 ) ;
#524 = DIRECTION ( 'NONE',  ( 0.7071067811865455743, -0.7071067811865495711, -3.114552216578954790E-16 ) ) ;
#525 = DIRECTION ( 'NONE',  ( -1.000000000000000000, 0.000000000000000000, 0.000000000000000000 ) ) ;
#526 = ORIENTED_EDGE ( 'NONE', *, *, #476, .T. ) ;
#527 = EDGE_CURVE ( 'NONE', #542, #4148, #687, .T. ) ;
#528 = PLANE ( 'NONE',  #862 ) ;
#529 = PLANE ( 'NONE',  #558 ) ;
#530 = EDGE_CURVE ( 'NONE', #4275, #2388, #2019, .T. ) ;
#531 = VECTOR ( 'NONE', #1425, 1000.000000000000000 ) ;
#532 = LINE ( 'NONE', #1510, #3319 ) ;
#533 = DIRECTION ( 'NONE',  ( -1.519869053105245017E-47, 0.000000000000000000, -1.000000000000000000 ) ) ;
#534 = DIRECTION ( 'NONE',  ( 0.000000000000000000, -1.000000000000000000, 0.000000000000000000 ) ) ;
#535 = LINE ( 'NONE', #1797, #1424 ) ;
#536 = ORIENTED_EDGE ( 'NONE', *, *, #775, .T. ) ;
#537 = CARTESIAN_POINT ( 'NONE',  ( -0.8000000000000020428, 0.2000000000000000111, -2.250000000000000000 ) ) ;
#538 = DIRECTION ( 'NONE',  ( 0.000000000000000000, 0.000000000000000000, 1.000000000000000000 ) ) ;
#539 = DIRECTION ( 'NONE',  ( -1.239088197126289831E-16, 3.165553788278845372E-16, -1.000000000000000000 ) ) ;
#540 = APPLICATION_PROTOCOL_DEFINITION ( 'draft international standard', 'automotive_design', 1998, #205 ) ;
#541 = ORIENTED_EDGE ( 'NONE', *, *, #1998, .T. ) ;
#542 = VERTEX_POINT ( 'NONE', #402 ) ;
#543 = CARTESIAN_POINT ( 'NONE',  ( 3.199999999999997957, -4.336808689942014778E-16, 2.250000000000000000 ) ) ;
#544 = LINE ( 'NONE', #1550, #561 ) ;
#545 = EDGE_CURVE ( 'NONE', #2249, #1515, #4368, .T. ) ;
#546 = CARTESIAN_POINT ( 'NONE',  ( -4.800000000000002487, 0.2000000000000000111, 2.250000000000000000 ) ) ;
#547 = DIRECTION ( 'NONE',  ( -0.000000000000000000, 1.000000000000000000, 0.000000000000000000 ) ) ;
#548 = EDGE_CURVE ( 'NONE', #1756, #554, #3762, .T. ) ;
#549 = DIRECTION ( 'NONE',  ( 0.000000000000000000, 3.872150616019655382E-16, -1.000000000000000000 ) ) ;
#550 = LINE ( 'NONE', #1149, #1133 ) ;
#551 = DIRECTION ( 'NONE',  ( 0.000000000000000000, 4.336808689942020201E-16, -1.000000000000000000 ) ) ;
#552 = ORIENTED_EDGE ( 'NONE', *, *, #2378, .T. ) ;
#553 = CARTESIAN_POINT ( 'NONE',  ( 6.800000000000002487, 0.2000000000000000111, -2.250000000000000000 ) ) ;
#554 = VERTEX_POINT ( 'NONE', #2763 ) ;
#555 = CARTESIAN_POINT ( 'NONE',  ( 5.225000000000002309, 1.750000000000000000, 1.649999999999999911 ) ) ;
#556 = DIRECTION ( 'NONE',  ( 1.000000000000000000, 0.000000000000000000, 0.000000000000000000 ) ) ;
#557 = LINE ( 'NONE', #1607, #2325 ) ;
#558 = AXIS2_PLACEMENT_3D ( 'NONE', #1507, #1123, #3850 ) ;
#559 = VERTEX_POINT ( 'NONE', #3384 ) ;
#560 = VERTEX_POINT ( 'NONE', #1068 ) ;
#561 = VECTOR ( 'NONE', #1523, 1000.000000000000000 ) ;
#562 = FACE_OUTER_BOUND ( 'NONE', #2446, .T. ) ;
#563 = AXIS2_PLACEMENT_3D ( 'NONE', #1076, #456, #40 ) ;
#564 = UNCERTAINTY_MEASURE_WITH_UNIT (LENGTH_MEASURE( 1.000000000000000082E-05 ), #282, 'distance_accuracy_value', 'NONE');
#565 =( LENGTH_UNIT ( ) NAMED_UNIT ( * ) SI_UNIT ( .MILLI., .METRE. ) );
#566 = VERTEX_POINT ( 'NONE', #2675 ) ;
#567 = ORIENTED_EDGE ( 'NONE', *, *, #23, .F. ) ;
#568 = VECTOR ( 'NONE', #2579, 1000.000000000000000 ) ;
#569 = CARTESIAN_POINT ( 'NONE',  ( -5.000000000000000000, -0.4291796067500634471, 0.2500000000000000000 ) ) ;
#570 = FACE_OUTER_BOUND ( 'NONE', #2306, .T. ) ;
#571 = VECTOR ( 'NONE', #3711, 1000.000000000000000 ) ;
#572 = PLANE ( 'NONE',  #1603 ) ;
#573 = ADVANCED_FACE ( 'NONE', ( #364 ), #665, .F. ) ;
#574 = VERTEX_POINT ( 'NONE', #2719 ) ;
#575 = PLANE ( 'NONE',  #154 ) ;
#576 = CARTESIAN_POINT ( 'NONE',  ( -5.200000000000001954, 0.2000000000000000111, -2.250000000000000000 ) ) ;
#577 = CARTESIAN_POINT ( 'NONE',  ( -4.800000000000002487, -4.336808689942014778E-16, 2.250000000000000000 ) ) ;
#578 = DIRECTION ( 'NONE',  ( -1.000000000000000000, 1.355252715606880049E-16, 0.000000000000000000 ) ) ;
#579 = LINE ( 'NONE', #602, #1136 ) ;
#580 = AXIS2_PLACEMENT_3D ( 'NONE', #3978, #955, #1944 ) ;
#581 = EDGE_CURVE ( 'NONE', #1898, #3826, #2044, .T. ) ;
#582 = EDGE_CURVE ( 'NONE', #1313, #622, #1086, .T. ) ;
#583 = ORIENTED_EDGE ( 'NONE', *, *, #2868, .T. ) ;
#584 = ORIENTED_EDGE ( 'NONE', *, *, #1573, .T. ) ;
#585 = EDGE_LOOP ( 'NONE', ( #2122, #989, #3522, #3775 ) ) ;
#586 = FACE_OUTER_BOUND ( 'NONE', #1065, .T. ) ;
#587 = DIRECTION ( 'NONE',  ( 0.000000000000000000, -1.000000000000000000, 0.000000000000000000 ) ) ;
#588 = VERTEX_POINT ( 'NONE', #546 ) ;
#589 = ORIENTED_EDGE ( 'NONE', *, *, #1277, .F. ) ;
#590 = ORIENTED_EDGE ( 'NONE', *, *, #2127, .F. ) ;
#591 = DIRECTION ( 'NONE',  ( 4.336808689942015271E-16, -1.000000000000000000, 0.000000000000000000 ) ) ;
#592 = CARTESIAN_POINT ( 'NONE',  ( 6.250000000000002665, 6.000000000000000000, 2.149999999999999911 ) ) ;
#593 = CARTESIAN_POINT ( 'NONE',  ( -5.250000000000000000, 5.000000000000000000, 0.6908089297201369661 ) ) ;
#594 = CARTESIAN_POINT ( 'NONE',  ( -2.050000000000002487, 1.389999999999999902, 1.850000000000000089 ) ) ;
#595 = DIRECTION ( 'NONE',  ( 3.504579431022969726E-32, 1.000000000000000000, 2.478176394252580155E-16 ) ) ;
#596 = FACE_OUTER_BOUND ( 'NONE', #1468, .T. ) ;
#597 = ORIENTED_EDGE ( 'NONE', *, *, #736, .T. ) ;
#598 = DIRECTION ( 'NONE',  ( -1.000000000000000000, 0.000000000000000000, 0.000000000000000000 ) ) ;
#599 = ORIENTED_EDGE ( 'NONE', *, *, #3915, .T. ) ;
#600 = CARTESIAN_POINT ( 'NONE',  ( -7.300000000000002487, 5.750000000000000000, -1.850000000000000089 ) ) ;
#601 = DIRECTION ( 'NONE',  ( 1.000000000000000000, -3.504579431022969726E-32, -1.519869053105245017E-47 ) ) ;
#602 = CARTESIAN_POINT ( 'NONE',  ( -4.750000000000000000, -0.6751470842750408874, 0.7419349550499519941 ) ) ;
#603 = ORIENTED_EDGE ( 'NONE', *, *, #2944, .F. ) ;
#604 = ORIENTED_EDGE ( 'NONE', *, *, #3653, .F. ) ;
#605 = VERTEX_POINT ( 'NONE', #4245 ) ;
#606 = LINE ( 'NONE', #1244, #379 ) ;
#607 = ADVANCED_FACE ( 'NONE', ( #162 ), #939, .F. ) ;
#608 = VERTEX_POINT ( 'NONE', #485 ) ;
#609 = CARTESIAN_POINT ( 'NONE',  ( 1.749999999999998002, -3.399999999999999911, 0.8000000000000000444 ) ) ;
#610 = LINE ( 'NONE', #3712, #2183 ) ;
#611 = CARTESIAN_POINT ( 'NONE',  ( -5.250000000000000000, -0.4291796067500625034, 0.2999999999999999889 ) ) ;
#612 = LINE ( 'NONE', #4270, #2526 ) ;
#613 = CARTESIAN_POINT ( 'NONE',  ( -4.750000000000000000, -0.9517188593945330455, 0.6595507669277020923 ) ) ;
#614 = CARTESIAN_POINT ( 'NONE',  ( 6.725000000000002309, 4.250000000000000000, 2.250000000000000000 ) ) ;
#615 = LINE ( 'NONE', #1239, #1999 ) ;
#616 = EDGE_CURVE ( 'NONE', #1940, #2711, #2171, .T. ) ;
#617 = DIRECTION ( 'NONE',  ( 9.999739674022022826E-17, -0.7071067811865464625, 0.7071067811865485719 ) ) ;
#618 = CARTESIAN_POINT ( 'NONE',  ( 6.250000000000002665, 4.250000000000000000, 1.649999999999999911 ) ) ;
#619 = CARTESIAN_POINT ( 'NONE',  ( -5.250000000000000000, 5.000000000000000000, 0.8000000000000000444 ) ) ;
#620 = ORIENTED_EDGE ( 'NONE', *, *, #3515, .T. ) ;
#621 = EDGE_LOOP ( 'NONE', ( #2213, #3094, #1041, #2168 ) ) ;
#622 = VERTEX_POINT ( 'NONE', #1164 ) ;
#623 = ORIENTED_EDGE ( 'NONE', *, *, #3770, .T. ) ;
#624 = FACE_OUTER_BOUND ( 'NONE', #3414, .T. ) ;
#625 = VECTOR ( 'NONE', #728, 1000.000000000000000 ) ;
#626 = ORIENTED_EDGE ( 'NONE', *, *, #133, .F. ) ;
#627 = EDGE_CURVE ( 'NONE', #1538, #2775, #228, .T. ) ;
#628 = AXIS2_PLACEMENT_3D ( 'NONE', #266, #3953, #1016 ) ;
#629 = AXIS2_PLACEMENT_3D ( 'NONE', #960, #547, #1876 ) ;
#630 = EDGE_CURVE ( 'NONE', #2475, #1553, #180, .T. ) ;
#631 = FACE_OUTER_BOUND ( 'NONE', #1695, .T. ) ;
#632 = AXIS2_PLACEMENT_3D ( 'NONE', #193, #830, #1175 ) ;
#633 = LINE ( 'NONE', #1976, #2904 ) ;
#634 = EDGE_LOOP ( 'NONE', ( #4040, #1199, #3195, #4240 ) ) ;
#635 = EDGE_CURVE ( 'NONE', #1494, #3729, #227, .T. ) ;
#636 = AXIS2_PLACEMENT_3D ( 'NONE', #3975, #1892, #4282 ) ;
#637 = DIRECTION ( 'NONE',  ( -1.000000000000000000, 3.504579431022969726E-32, 1.519869053105245017E-47 ) ) ;
#638 = ORIENTED_EDGE ( 'NONE', *, *, #2395, .T. ) ;
#639 = LINE ( 'NONE', #1582, #568 ) ;
#640 = FACE_OUTER_BOUND ( 'NONE', #2131, .T. ) ;
#641 = VECTOR ( 'NONE', #1783, 1000.000000000000000 ) ;
#642 = AXIS2_PLACEMENT_3D ( 'NONE', #2580, #3943, #917 ) ;
#643 = ADVANCED_FACE ( 'NONE', ( #1212 ), #528, .F. ) ;
#644 = CARTESIAN_POINT ( 'NONE',  ( 7.300000000000002487, 5.750000000000000000, -1.850000000000000089 ) ) ;
#645 = LINE ( 'NONE', #3351, #1580 ) ;
#646 = DIRECTION ( 'NONE',  ( -0.3236155771181828955, -0.8891264907159897035, 0.3236155771181828955 ) ) ;
#647 = ORIENTED_EDGE ( 'NONE', *, *, #616, .T. ) ;
#648 = ORIENTED_EDGE ( 'NONE', *, *, #2553, .F. ) ;
#649 = VERTEX_POINT ( 'NONE', #3557 ) ;
#650 = ORIENTED_EDGE ( 'NONE', *, *, #2138, .F. ) ;
#651 = FACE_OUTER_BOUND ( 'NONE', #758, .T. ) ;
#652 = LINE ( 'NONE', #4337, #2529 ) ;
#653 = ORIENTED_EDGE ( 'NONE', *, *, #4084, .T. ) ;
#654 = ORIENTED_EDGE ( 'NONE', *, *, #81, .T. ) ;
#655 = CARTESIAN_POINT ( 'NONE',  ( 2.249999999999997780, 0.2000000000000000111, 0.8000000000000000444 ) ) ;
#656 = PLANE ( 'NONE',  #1397 ) ;
#657 = ADVANCED_FACE ( 'NONE', ( #2258 ), #4267, .F. ) ;
#658 = EDGE_CURVE ( 'NONE', #118, #2475, #1506, .T. ) ;
#659 = VECTOR ( 'NONE', #3838, 1000.000000000000000 ) ;
#660 = CARTESIAN_POINT ( 'NONE',  ( 6.250000000000002665, 0.2000000000000000111, -2.250000000000000000 ) ) ;
#661 = DIRECTION ( 'NONE',  ( 1.000000000000000000, 0.000000000000000000, 0.000000000000000000 ) ) ;
#662 = DIRECTION ( 'NONE',  ( 0.000000000000000000, 1.000000000000000000, 0.000000000000000000 ) ) ;
#663 = ORIENTED_EDGE ( 'NONE', *, *, #1593, .T. ) ;
#664 = ADVANCED_FACE ( 'NONE', ( #2556 ), #1229, .F. ) ;
#665 = PLANE ( 'NONE',  #4066 ) ;
#666 = CARTESIAN_POINT ( 'NONE',  ( 6.800000000000002487, -4.336808689942014778E-16, -2.250000000000000000 ) ) ;
#667 = VECTOR ( 'NONE', #3659, 1000.000000000000000 ) ;
#668 = CARTESIAN_POINT ( 'NONE',  ( -5.250000000000000000, -3.100000000000000089, 0.2999999999999999889 ) ) ;
#669 = DIRECTION ( 'NONE',  ( 0.000000000000000000, 1.000000000000000000, 0.000000000000000000 ) ) ;
#670 = EDGE_LOOP ( 'NONE', ( #3223, #453, #4306, #318 ) ) ;
#671 = VECTOR ( 'NONE', #3703, 1000.000000000000000 ) ;
#672 = ORIENTED_EDGE ( 'NONE', *, *, #2265, .T. ) ;
#673 = DIRECTION ( 'NONE',  ( 0.000000000000000000, 0.4472135954999612029, -0.8944271909999143011 ) ) ;
#674 = CARTESIAN_POINT ( 'NONE',  ( 1.749999999999998002, -3.399999999999999911, 0.2999999999999999889 ) ) ;
#675 = VECTOR ( 'NONE', #3032, 1000.000000000000000 ) ;
#676 = ORIENTED_EDGE ( 'NONE', *, *, #527, .T. ) ;
#677 = AXIS2_PLACEMENT_3D ( 'NONE', #2405, #2069, #1726 ) ;
#678 = DIRECTION ( 'NONE',  ( 0.000000000000000000, -0.8944271909999158554, -0.4472135954999579277 ) ) ;
#679 = DIRECTION ( 'NONE',  ( -2.168404344971010101E-16, 0.000000000000000000, -1.000000000000000000 ) ) ;
#680 = ADVANCED_FACE ( 'NONE', ( #2845 ), #4198, .F. ) ;
#681 = EDGE_CURVE ( 'NONE', #3602, #3668, #3538, .T. ) ;
#682 = ORIENTED_EDGE ( 'NONE', *, *, #2050, .T. ) ;
#683 = DIRECTION ( 'NONE',  ( 0.000000000000000000, 1.000000000000000000, 1.927470528863119788E-16 ) ) ;
#684 = CARTESIAN_POINT ( 'NONE',  ( -4.750000000000000000, -2.419911892563235245, 0.8000000000000000444 ) ) ;
#685 = ORIENTED_EDGE ( 'NONE', *, *, #1772, .F. ) ;
#686 = EDGE_CURVE ( 'NONE', #3977, #1428, #511, .T. ) ;
#687 = LINE ( 'NONE', #3422, #2214 ) ;
#688 = LINE ( 'NONE', #1377, #2570 ) ;
#689 = CARTESIAN_POINT ( 'NONE',  ( 2.249999999999997780, -3.399999999999999911, 0.2999999999999999889 ) ) ;
#690 = CARTESIAN_POINT ( 'NONE',  ( 7.950000000000001954, -4.336808689942014778E-16, 2.250000000000000000 ) ) ;
#691 = VECTOR ( 'NONE', #2851, 1000.000000000000000 ) ;
#692 = EDGE_LOOP ( 'NONE', ( #3662, #1781, #170, #3620 ) ) ;
#693 = DIRECTION ( 'NONE',  ( -1.000000000000000000, 0.000000000000000000, 0.000000000000000000 ) ) ;
#694 = ADVANCED_FACE ( 'NONE', ( #2873 ), #4220, .T. ) ;
#695 = CARTESIAN_POINT ( 'NONE',  ( 6.250000000000002665, 1.750000000000000000, 8.900492683583219526E-16 ) ) ;
#696 = DIRECTION ( 'NONE',  ( 1.000000000000000000, -3.504579431022969726E-32, 0.000000000000000000 ) ) ;
#697 = ORIENTED_EDGE ( 'NONE', *, *, #1673, .F. ) ;
#698 = ORIENTED_EDGE ( 'NONE', *, *, #174, .F. ) ;
#699 = CARTESIAN_POINT ( 'NONE',  ( -2.800000000000002043, 0.2000000000000000111, 0.8000000000000000444 ) ) ;
#700 = EDGE_CURVE ( 'NONE', #2711, #2578, #910, .T. ) ;
#701 = ADVANCED_FACE ( 'NONE', ( #1526 ), #1578, .F. ) ;
#702 = VECTOR ( 'NONE', #2437, 1000.000000000000000 ) ;
#703 = LINE ( 'NONE', #1698, #1191 ) ;
#704 = VECTOR ( 'NONE', #1496, 1000.000000000000000 ) ;
#705 = DIRECTION ( 'NONE',  ( 0.000000000000000000, 0.000000000000000000, 1.000000000000000000 ) ) ;
#706 = EDGE_LOOP ( 'NONE', ( #4184, #1678, #2636, #2555 ) ) ;
#707 = VECTOR ( 'NONE', #2629, 1000.000000000000000 ) ;
#708 = FACE_OUTER_BOUND ( 'NONE', #115, .T. ) ;
#709 = CIRCLE ( 'NONE', #2691, 0.5000000000000000000 ) ;
#710 = LINE ( 'NONE', #2420, #2307 ) ;
#711 = ADVANCED_FACE ( 'NONE', ( #26 ), #1042, .F. ) ;
#712 = AXIS2_PLACEMENT_3D ( 'NONE', #2962, #2666, #3023 ) ;
#713 = DIRECTION ( 'NONE',  ( 3.504579431022969726E-32, 1.000000000000000000, 2.478176394252580155E-16 ) ) ;
#714 = CARTESIAN_POINT ( 'NONE',  ( -4.750000000000000000, 4.700000000000000178, 0.2999999999999999889 ) ) ;
#715 = AXIS2_PLACEMENT_3D ( 'NONE', #214, #2910, #3267 ) ;
#716 = EDGE_CURVE ( 'NONE', #2978, #3729, #2617, .T. ) ;
#717 = CARTESIAN_POINT ( 'NONE',  ( 1.949999999999997735, -4.336808689942014778E-16, 2.250000000000000000 ) ) ;
#718 = CARTESIAN_POINT ( 'NONE',  ( 1.949999999999997735, -4.336808689942014778E-16, 2.250000000000000000 ) ) ;
#719 = CARTESIAN_POINT ( 'NONE',  ( -2.250000000000001776, -3.399999999999999911, 0.2999999999999999889 ) ) ;
#720 = CARTESIAN_POINT ( 'NONE',  ( 0.000000000000000000, 0.000000000000000000, 0.000000000000000000 ) ) ;
#721 = EDGE_CURVE ( 'NONE', #1012, #2430, #1355, .T. ) ;
#722 = ORIENTED_EDGE ( 'NONE', *, *, #3268, .F. ) ;
#723 = ORIENTED_EDGE ( 'NONE', *, *, #1947, .F. ) ;
#724 = ORIENTED_EDGE ( 'NONE', *, *, #1706, .F. ) ;
#725 = DIRECTION ( 'NONE',  ( -1.000000000000000000, 0.000000000000000000, 0.000000000000000000 ) ) ;
#726 = VERTEX_POINT ( 'NONE', #2327 ) ;
#727 = VECTOR ( 'NONE', #89, 1000.000000000000000 ) ;
#728 = DIRECTION ( 'NONE',  ( 0.000000000000000000, -1.000000000000000000, 9.407394121349279778E-17 ) ) ;
#729 = CARTESIAN_POINT ( 'NONE',  ( -5.750000000000002665, 0.2000000000000000111, 0.8000000000000000444 ) ) ;
#730 = ORIENTED_EDGE ( 'NONE', *, *, #3165, .T. ) ;
#731 = PRODUCT_RELATED_PRODUCT_CATEGORY ( 'part', '', ( #1077 ) ) ;
#732 = PLANE ( 'NONE',  #119 ) ;
#733 = FACE_OUTER_BOUND ( 'NONE', #481, .T. ) ;
#734 = DIRECTION ( 'NONE',  ( -1.000000000000000000, -1.869109029878920052E-32, 2.168404344971010101E-16 ) ) ;
#735 = LINE ( 'NONE', #83, #3398 ) ;
#736 = EDGE_CURVE ( 'NONE', #3729, #3851, #3695, .T. ) ;
#737 = DIRECTION ( 'NONE',  ( 1.000000000000000000, 0.000000000000000000, 0.000000000000000000 ) ) ;
#738 = CARTESIAN_POINT ( 'NONE',  ( 6.800000000000002487, 0.2000000000000000111, -2.250000000000000000 ) ) ;
#739 = LINE ( 'NONE', #1711, #1611 ) ;
#740 = VECTOR ( 'NONE', #4186, 1000.000000000000000 ) ;
#741 = ORIENTED_EDGE ( 'NONE', *, *, #760, .F. ) ;
#742 = EDGE_LOOP ( 'NONE', ( #3358, #4118, #1952, #1955 ) ) ;
#743 = ORIENTED_EDGE ( 'NONE', *, *, #1562, .T. ) ;
#744 = EDGE_CURVE ( 'NONE', #507, #1790, #4313, .T. ) ;
#745 = PLANE ( 'NONE',  #2181 ) ;
#746 = VECTOR ( 'NONE', #898, 1000.000000000000000 ) ;
#747 = CARTESIAN_POINT ( 'NONE',  ( 2.799999999999997158, 0.2000000000000000111, -2.250000000000000000 ) ) ;
#748 = ORIENTED_EDGE ( 'NONE', *, *, #1748, .T. ) ;
#749 = CARTESIAN_POINT ( 'NONE',  ( 7.200000000000002842, 2.250000000000000000, -2.623757129271619970 ) ) ;
#750 = ORIENTED_EDGE ( 'NONE', *, *, #2189, .F. ) ;
#751 = CARTESIAN_POINT ( 'NONE',  ( -0.04999999999999731048, 4.336808689942014778E-16, -2.250000000000000000 ) ) ;
#752 = ORIENTED_EDGE ( 'NONE', *, *, #819, .F. ) ;
#753 = CARTESIAN_POINT ( 'NONE',  ( 0.7999999999999973799, 0.2000000000000000111, 2.250000000000000000 ) ) ;
#754 = ADVANCED_FACE ( 'NONE', ( #1997 ), #656, .F. ) ;
#755 = FACE_OUTER_BOUND ( 'NONE', #4159, .T. ) ;
#756 = LINE ( 'NONE', #1722, #2825 ) ;
#757 = LINE ( 'NONE', #1089, #368 ) ;
#758 = EDGE_LOOP ( 'NONE', ( #1731, #2523, #1465, #4271, #899, #2683, #3928, #309 ) ) ;
#759 = EDGE_CURVE ( 'NONE', #3730, #1194, #3623, .T. ) ;
#760 = EDGE_CURVE ( 'NONE', #2631, #1380, #1295, .T. ) ;
#761 = CARTESIAN_POINT ( 'NONE',  ( 3.749999999999998224, 0.2000000000000000111, -2.250000000000000000 ) ) ;
#762 = CARTESIAN_POINT ( 'NONE',  ( 6.800000000000002487, 4.336808689942014778E-16, -2.250000000000000000 ) ) ;
#763 = CARTESIAN_POINT ( 'NONE',  ( -4.800000000000002487, -4.336808689942014778E-16, -2.250000000000000000 ) ) ;
#764 = SURFACE_SIDE_STYLE ('',( #2029 ) ) ;
#765 = VERTEX_POINT ( 'NONE', #2988 ) ;
#766 = ORIENTED_EDGE ( 'NONE', *, *, #961, .T. ) ;
#767 = CARTESIAN_POINT ( 'NONE',  ( 0.7999999999999973799, 0.2000000000000000111, -2.250000000000000000 ) ) ;
#768 = EDGE_CURVE ( 'NONE', #3633, #3199, #4003, .T. ) ;
#769 = LINE ( 'NONE', #4344, #2821 ) ;
#770 = ORIENTED_EDGE ( 'NONE', *, *, #3549, .F. ) ;
#771 = EDGE_CURVE ( 'NONE', #880, #196, #2712, .T. ) ;
#772 = FACE_OUTER_BOUND ( 'NONE', #437, .T. ) ;
#773 = ORIENTED_EDGE ( 'NONE', *, *, #2329, .T. ) ;
#774 = VECTOR ( 'NONE', #2303, 1000.000000000000000 ) ;
#775 = EDGE_CURVE ( 'NONE', #3995, #726, #610, .T. ) ;
#776 = AXIS2_PLACEMENT_3D ( 'NONE', #208, #3968, #534 ) ;
#777 = VECTOR ( 'NONE', #2312, 1000.000000000000000 ) ;
#778 = DIRECTION ( 'NONE',  ( 1.000000000000000000, 2.710505431213760099E-16, 0.000000000000000000 ) ) ;
#779 = LINE ( 'NONE', #1426, #2613 ) ;
#780 = DIRECTION ( 'NONE',  ( -1.000000000000000000, 0.000000000000000000, 0.000000000000000000 ) ) ;
#781 = ORIENTED_EDGE ( 'NONE', *, *, #2848, .T. ) ;
#782 = STYLED_ITEM ( 'NONE', ( #2700 ), #2850 ) ;
#783 = ORIENTED_EDGE ( 'NONE', *, *, #285, .F. ) ;
#784 = CARTESIAN_POINT ( 'NONE',  ( -6.250000000000002665, 1.750000000000000000, 8.900492683583219526E-16 ) ) ;
#785 = ORIENTED_EDGE ( 'NONE', *, *, #1308, .T. ) ;
#786 = LINE ( 'NONE', #408, #2772 ) ;
#787 = VECTOR ( 'NONE', #669, 1000.000000000000000 ) ;
#788 = CARTESIAN_POINT ( 'NONE',  ( -4.750000000000000000, 4.700000000000000178, 0.8000000000000000444 ) ) ;
#789 = EDGE_LOOP ( 'NONE', ( #1513, #2366, #3459, #2747, #1365 ) ) ;
#790 = ORIENTED_EDGE ( 'NONE', *, *, #2329, .F. ) ;
#791 = ORIENTED_EDGE ( 'NONE', *, *, #3206, .T. ) ;
#792 = VECTOR ( 'NONE', #2889, 1000.000000000000000 ) ;
#793 = ORIENTED_EDGE ( 'NONE', *, *, #3800, .T. ) ;
#794 = CARTESIAN_POINT ( 'NONE',  ( 7.950000000000001954, 4.500000000000000000, 0.3800000000000000044 ) ) ;
#795 = DIRECTION ( 'NONE',  ( -1.000000000000000000, 2.710505431213760099E-16, 0.000000000000000000 ) ) ;
#796 = ORIENTED_EDGE ( 'NONE', *, *, #2944, .T. ) ;
#797 = EDGE_CURVE ( 'NONE', #284, #2548, #1595, .T. ) ;
#798 = ORIENTED_EDGE ( 'NONE', *, *, #3055, .F. ) ;
#799 = LINE ( 'NONE', #486, #3674 ) ;
#800 = ORIENTED_EDGE ( 'NONE', *, *, #4213, .T. ) ;
#801 = AXIS2_PLACEMENT_3D ( 'NONE', #1549, #156, #4237 ) ;
#802 = ADVANCED_FACE ( 'NONE', ( #2280 ), #2644, .F. ) ;
#803 = PLANE ( 'NONE',  #3737 ) ;
#804 = EDGE_CURVE ( 'NONE', #608, #915, #292, .T. ) ;
#805 = DIRECTION ( 'NONE',  ( -2.168404344971009608E-16, -0.4472135954999579277, 0.8944271909999158554 ) ) ;
#806 = DIRECTION ( 'NONE',  ( 0.000000000000000000, 0.000000000000000000, 1.000000000000000000 ) ) ;
#807 = EDGE_LOOP ( 'NONE', ( #1454, #3241, #1022, #2371 ) ) ;
#808 = DIRECTION ( 'NONE',  ( -2.168404344971010101E-16, 2.478176394252580155E-16, -1.000000000000000000 ) ) ;
#809 = VERTEX_POINT ( 'NONE', #2302 ) ;
#810 = DIRECTION ( 'NONE',  ( -1.000000000000000000, 0.000000000000000000, 0.000000000000000000 ) ) ;
#811 = PLANE ( 'NONE',  #1392 ) ;
#812 = ORIENTED_EDGE ( 'NONE', *, *, #2682, .F. ) ;
#813 = ORIENTED_EDGE ( 'NONE', *, *, #211, .T. ) ;
#814 = DIRECTION ( 'NONE',  ( 0.000000000000000000, 0.000000000000000000, 1.000000000000000000 ) ) ;
#815 = AXIS2_PLACEMENT_3D ( 'NONE', #1464, #2508, #1839 ) ;
#816 = LINE ( 'NONE', #2521, #3104 ) ;
#817 = EDGE_LOOP ( 'NONE', ( #2242, #4114, #3910, #1754 ) ) ;
#818 = VECTOR ( 'NONE', #3916, 1000.000000000000000 ) ;
#819 = EDGE_CURVE ( 'NONE', #2450, #268, #633, .T. ) ;
#820 = DIRECTION ( 'NONE',  ( -1.000000000000000000, 3.504579431022969726E-32, 1.519869053105245017E-47 ) ) ;
#821 = ORIENTED_EDGE ( 'NONE', *, *, #2079, .F. ) ;
#822 = VECTOR ( 'NONE', #3427, 1000.000000000000000 ) ;
#823 = DIRECTION ( 'NONE',  ( 0.000000000000000000, 0.1321637200910226739, 0.9912279006826340000 ) ) ;
#824 = CARTESIAN_POINT ( 'NONE',  ( -4.750000000000000000, -0.9583270453990848647, 0.6099893718935700537 ) ) ;
#825 = DIRECTION ( 'NONE',  ( 0.000000000000000000, -1.000000000000000000, 0.000000000000000000 ) ) ;
#826 = ORIENTED_EDGE ( 'NONE', *, *, #1203, .T. ) ;
#827 = EDGE_CURVE ( 'NONE', #2836, #2475, #3342, .T. ) ;
#828 = DIRECTION ( 'NONE',  ( 0.000000000000000000, 1.000000000000000000, 0.000000000000000000 ) ) ;
#829 = ORIENTED_EDGE ( 'NONE', *, *, #371, .T. ) ;
#830 = DIRECTION ( 'NONE',  ( -1.000000000000000000, 0.000000000000000000, 0.000000000000000000 ) ) ;
#831 = CARTESIAN_POINT ( 'NONE',  ( -7.300000000000002487, 5.750000000000000000, -1.850000000000000089 ) ) ;
#832 = SHAPE_DEFINITION_REPRESENTATION ( #3788, #2132 ) ;
#833 = ORIENTED_EDGE ( 'NONE', *, *, #3122, .T. ) ;
#834 = PRODUCT ( 'body_7', 'body_7', '', ( #2493 ) ) ;
#835 = ADVANCED_FACE ( 'NONE', ( #4361 ), #1315, .F. ) ;
#836 = VERTEX_POINT ( 'NONE', #1679 ) ;
#837 = ORIENTED_EDGE ( 'NONE', *, *, #2757, .T. ) ;
#838 = FACE_OUTER_BOUND ( 'NONE', #935, .T. ) ;
#839 = DIRECTION ( 'NONE',  ( 0.000000000000000000, 0.000000000000000000, 1.000000000000000000 ) ) ;
#840 = ORIENTED_EDGE ( 'NONE', *, *, #866, .T. ) ;
#841 = DIRECTION ( 'NONE',  ( -1.000000000000000000, -1.414176746720219702E-16, 0.000000000000000000 ) ) ;
#842 = DIRECTION ( 'NONE',  ( 0.000000000000000000, -1.000000000000000000, 0.000000000000000000 ) ) ;
#843 = ORIENTED_EDGE ( 'NONE', *, *, #3386, .T. ) ;
#844 = EDGE_CURVE ( 'NONE', #1968, #2158, #1763, .T. ) ;
#845 = ADVANCED_FACE ( 'NONE', ( #396 ), #745, .F. ) ;
#846 = EDGE_CURVE ( 'NONE', #1654, #3461, #2984, .T. ) ;
#847 = FACE_OUTER_BOUND ( 'NONE', #3151, .T. ) ;
#848 = AXIS2_PLACEMENT_3D ( 'NONE', #3627, #1657, #2715 ) ;
#849 = DIRECTION ( 'NONE',  ( -1.000000000000000000, 0.000000000000000000, 0.000000000000000000 ) ) ;
#850 = FACE_OUTER_BOUND ( 'NONE', #807, .T. ) ;
#851 = ORIENTED_EDGE ( 'NONE', *, *, #2063, .F. ) ;
#852 = ORIENTED_EDGE ( 'NONE', *, *, #3608, .F. ) ;
#853 = CIRCLE ( 'NONE', #563, 0.5499999999999999334 ) ;
#854 = CARTESIAN_POINT ( 'NONE',  ( 6.725000000000002309, 6.000000000000000000, 2.149999999999999911 ) ) ;
#855 = DIRECTION ( 'NONE',  ( 1.000000000000000000, 0.000000000000000000, 0.000000000000000000 ) ) ;
#856 = LINE ( 'NONE', #3519, #2531 ) ;
#857 = MECHANICAL_DESIGN_GEOMETRIC_PRESENTATION_REPRESENTATION (  '', ( #2607 ), #3326 ) ;
#858 = VECTOR ( 'NONE', #186, 1000.000000000000000 ) ;
#859 = ADVANCED_FACE ( 'NONE', ( #2367 ), #2752, .F. ) ;
#860 = VECTOR ( 'NONE', #2472, 1000.000000000000000 ) ;
#861 = ORIENTED_EDGE ( 'NONE', *, *, #4084, .F. ) ;
#862 = AXIS2_PLACEMENT_3D ( 'NONE', #1875, #3209, #1248 ) ;
#863 = VECTOR ( 'NONE', #4158, 1000.000000000000000 ) ;
#864 = ORIENTED_EDGE ( 'NONE', *, *, #418, .T. ) ;
#865 = CARTESIAN_POINT ( 'NONE',  ( 5.200000000000001954, -4.336808689942014778E-16, 2.250000000000000000 ) ) ;
#866 = EDGE_CURVE ( 'NONE', #4275, #2785, #1099, .T. ) ;
#867 = CARTESIAN_POINT ( 'NONE',  ( -5.250000000000000000, -1.024408905444593954, 0.1143754215522521933 ) ) ;
#868 = AXIS2_PLACEMENT_3D ( 'NONE', #1254, #1533, #1281 ) ;
#869 = ORIENTED_EDGE ( 'NONE', *, *, #1293, .T. ) ;
#870 = ORIENTED_EDGE ( 'NONE', *, *, #1597, .T. ) ;
#871 = ORIENTED_EDGE ( 'NONE', *, *, #3016, .T. ) ;
#872 = CARTESIAN_POINT ( 'NONE',  ( -5.250000000000000000, -0.4291796067500625034, 0.2999999999999999889 ) ) ;
#873 = FACE_OUTER_BOUND ( 'NONE', #2100, .T. ) ;
#874 = LINE ( 'NONE', #2486, #3808 ) ;
#875 = LINE ( 'NONE', #2135, #858 ) ;
#876 = FACE_OUTER_BOUND ( 'NONE', #1576, .T. ) ;
#877 = ORIENTED_EDGE ( 'NONE', *, *, #759, .F. ) ;
#878 = AXIS2_PLACEMENT_3D ( 'NONE', #2380, #3102, #2447 ) ;
#879 = CARTESIAN_POINT ( 'NONE',  ( -0.8000000000000020428, 0.2000000000000000111, -2.250000000000000000 ) ) ;
#880 = VERTEX_POINT ( 'NONE', #2034 ) ;
#881 = CARTESIAN_POINT ( 'NONE',  ( -4.800000000000002487, 0.2000000000000000111, 2.250000000000000000 ) ) ;
#882 = EDGE_CURVE ( 'NONE', #2145, #3929, #3111, .T. ) ;
#883 = CARTESIAN_POINT ( 'NONE',  ( -5.250000000000000000, -3.100000000000000089, 0.8000000000000000444 ) ) ;
#884 = VERTEX_POINT ( 'NONE', #1117 ) ;
#885 = CARTESIAN_POINT ( 'NONE',  ( -5.250000000000000000, -0.9517188593945330455, 0.6595507669277020923 ) ) ;
#886 = DIRECTION ( 'NONE',  ( 1.519869053105245017E-47, 0.000000000000000000, 1.000000000000000000 ) ) ;
#887 = ORIENTED_EDGE ( 'NONE', *, *, #1435, .T. ) ;
#888 = VERTEX_POINT ( 'NONE', #2081 ) ;
#889 = EDGE_CURVE ( 'NONE', #2548, #3641, #2729, .T. ) ;
#890 = CARTESIAN_POINT ( 'NONE',  ( -2.050000000000002487, 0.8299999999999999600, 1.850000000000000089 ) ) ;
#891 = VECTOR ( 'NONE', #1514, 1000.000000000000000 ) ;
#892 = CARTESIAN_POINT ( 'NONE',  ( -7.200000000000002842, 2.250000000000000000, 2.250000000000000000 ) ) ;
#893 = VERTEX_POINT ( 'NONE', #1418 ) ;
#894 = VECTOR ( 'NONE', #1344, 1000.000000000000000 ) ;
#895 = PLANE ( 'NONE',  #1462 ) ;
#896 = CARTESIAN_POINT ( 'NONE',  ( -7.300000000000002487, 5.750000000000000000, 1.649999999999999911 ) ) ;
#897 = DIRECTION ( 'NONE',  ( 0.000000000000000000, 0.000000000000000000, 1.000000000000000000 ) ) ;
#898 = DIRECTION ( 'NONE',  ( 0.000000000000000000, -4.336808689942020201E-16, 1.000000000000000000 ) ) ;
#899 = ORIENTED_EDGE ( 'NONE', *, *, #450, .F. ) ;
#900 = DIRECTION ( 'NONE',  ( 0.000000000000000000, 0.000000000000000000, 1.000000000000000000 ) ) ;
#901 = DIRECTION ( 'NONE',  ( 0.000000000000000000, 0.3420201433256665480, -0.9396926207859092051 ) ) ;
#902 = DIRECTION ( 'NONE',  ( -1.000000000000000000, -2.710505431213760099E-16, 0.000000000000000000 ) ) ;
#903 = ADVANCED_FACE ( 'NONE', ( #1457, #2102, #4172, #2777, #3435, #3400, #4130, #1438 ), #3417, .T. ) ;
#904 = ORIENTED_EDGE ( 'NONE', *, *, #2530, .T. ) ;
#905 = CARTESIAN_POINT ( 'NONE',  ( 7.950000000000001954, 4.500000000000000000, -0.1200000000000000094 ) ) ;
#906 = CARTESIAN_POINT ( 'NONE',  ( 7.950000000000001954, 6.000000000000000000, 1.899999999999999911 ) ) ;
#907 = VERTEX_POINT ( 'NONE', #377 ) ;
#908 = ORIENTED_EDGE ( 'NONE', *, *, #3097, .T. ) ;
#909 = VERTEX_POINT ( 'NONE', #2434 ) ;
#910 = LINE ( 'NONE', #890, #2464 ) ;
#911 = CARTESIAN_POINT ( 'NONE',  ( -5.250000000000000000, -0.4291796067500625034, 0.8000000000000000444 ) ) ;
#912 = CIRCLE ( 'NONE', #1608, 0.04999999999997888078 ) ;
#913 = ADVANCED_FACE ( 'NONE', ( #3731 ), #1696, .T. ) ;
#914 = FACE_OUTER_BOUND ( 'NONE', #1498, .T. ) ;
#915 = VERTEX_POINT ( 'NONE', #2798 ) ;
#916 = DIRECTION ( 'NONE',  ( 1.000000000000000000, 0.000000000000000000, -2.168404344971010101E-16 ) ) ;
#917 = DIRECTION ( 'NONE',  ( 0.000000000000000000, 0.000000000000000000, -1.000000000000000000 ) ) ;
#918 = ADVANCED_FACE ( 'NONE', ( #3463 ), #4083, .F. ) ;
#919 = ORIENTED_EDGE ( 'NONE', *, *, #2194, .F. ) ;
#920 = EDGE_CURVE ( 'NONE', #4005, #3893, #1714, .T. ) ;
#921 = VECTOR ( 'NONE', #1702, 1000.000000000000000 ) ;
#922 = AXIS2_PLACEMENT_3D ( 'NONE', #410, #1759, #92 ) ;
#923 = LINE ( 'NONE', #3683, #3710 ) ;
#924 = ORIENTED_EDGE ( 'NONE', *, *, #45, .F. ) ;
#925 = DIRECTION ( 'NONE',  ( -1.000000000000000000, 0.000000000000000000, 0.000000000000000000 ) ) ;
#926 = DIRECTION ( 'NONE',  ( 1.519869053105245017E-47, 0.000000000000000000, 1.000000000000000000 ) ) ;
#927 = CARTESIAN_POINT ( 'NONE',  ( -5.200000000000001954, 0.2000000000000000111, 2.250000000000000000 ) ) ;
#928 = VECTOR ( 'NONE', #2668, 1000.000000000000000 ) ;
#929 = ORIENTED_EDGE ( 'NONE', *, *, #1629, .F. ) ;
#930 = ORIENTED_EDGE ( 'NONE', *, *, #1250, .F. ) ;
#931 = VECTOR ( 'NONE', #4007, 1000.000000000000114 ) ;
#932 = CARTESIAN_POINT ( 'NONE',  ( 1.199999999999997957, -4.336808689942014778E-16, -2.250000000000000000 ) ) ;
#933 = AXIS2_PLACEMENT_3D ( 'NONE', #4348, #601, #2654 ) ;
#934 = LINE ( 'NONE', #3619, #1737 ) ;
#935 = EDGE_LOOP ( 'NONE', ( #3069, #164, #2495, #2767 ) ) ;
#936 = ORIENTED_EDGE ( 'NONE', *, *, #1502, .F. ) ;
#937 = VECTOR ( 'NONE', #3723, 1000.000000000000000 ) ;
#938 = DIRECTION ( 'NONE',  ( 0.000000000000000000, 0.000000000000000000, 1.000000000000000000 ) ) ;
#939 = PLANE ( 'NONE',  #2864 ) ;
#940 = LINE ( 'NONE', #1213, #3030 ) ;
#941 = VECTOR ( 'NONE', #2955, 1000.000000000000000 ) ;
#942 = ORIENTED_EDGE ( 'NONE', *, *, #970, .T. ) ;
#943 = DIRECTION ( 'NONE',  ( 0.000000000000000000, 0.000000000000000000, 1.000000000000000000 ) ) ;
#944 = CARTESIAN_POINT ( 'NONE',  ( 5.750000000000002665, 0.2000000000000000111, 0.2999999999999999889 ) ) ;
#945 = CARTESIAN_POINT ( 'NONE',  ( 4.249999999999997335, -3.399999999999999911, 0.8000000000000000444 ) ) ;
#946 = EDGE_LOOP ( 'NONE', ( #4255, #2985, #4320, #2940 ) ) ;
#947 = EDGE_CURVE ( 'NONE', #1685, #566, #709, .T. ) ;
#948 = CARTESIAN_POINT ( 'NONE',  ( 3.199999999999997957, 0.2000000000000000111, -2.250000000000000000 ) ) ;
#949 = EDGE_LOOP ( 'NONE', ( #3366, #1290, #1455, #2276 ) ) ;
#950 = CARTESIAN_POINT ( 'NONE',  ( -2.250000000000001776, 1.750000000000000000, 0.8000000000000000444 ) ) ;
#951 = PLANE ( 'NONE',  #3961 ) ;
#952 = DIRECTION ( 'NONE',  ( 3.504579431022969726E-32, 1.000000000000000000, 2.478176394252580155E-16 ) ) ;
#953 = ORIENTED_EDGE ( 'NONE', *, *, #340, .F. ) ;
#954 = ORIENTED_EDGE ( 'NONE', *, *, #3983, .T. ) ;
#955 = DIRECTION ( 'NONE',  ( 0.000000000000000000, 0.000000000000000000, 1.000000000000000000 ) ) ;
#956 = DIRECTION ( 'NONE',  ( 1.000000000000000000, 0.000000000000000000, 0.000000000000000000 ) ) ;
#957 = ORIENTED_EDGE ( 'NONE', *, *, #3939, .T. ) ;
#958 = DIRECTION ( 'NONE',  ( 1.000000000000000000, 0.000000000000000000, -1.414176746720221921E-16 ) ) ;
#959 = CARTESIAN_POINT ( 'NONE',  ( -7.950000000000001954, 6.000000000000000000, -2.250000000000000000 ) ) ;
#960 = CARTESIAN_POINT ( 'NONE',  ( -4.800000000000002487, 0.2000000000000000111, -2.250000000000000000 ) ) ;
#961 = EDGE_CURVE ( 'NONE', #3349, #1521, #3487, .T. ) ;
#962 = DIRECTION ( 'NONE',  ( 0.000000000000000000, 0.000000000000000000, 1.000000000000000000 ) ) ;
#963 = LINE ( 'NONE', #3734, #3253 ) ;
#964 = DIRECTION ( 'NONE',  ( 0.000000000000000000, 0.000000000000000000, -1.000000000000000000 ) ) ;
#965 = LINE ( 'NONE', #257, #4274 ) ;
#966 = DIRECTION ( 'NONE',  ( 0.000000000000000000, 1.927470528863119788E-16, -1.000000000000000000 ) ) ;
#967 = LINE ( 'NONE', #618, #3252 ) ;
#968 = PLANE ( 'NONE',  #636 ) ;
#969 = EDGE_CURVE ( 'NONE', #3826, #3950, #462, .T. ) ;
#970 = EDGE_CURVE ( 'NONE', #1554, #3039, #414, .T. ) ;
#971 = APPLICATION_CONTEXT ( 'automotive_design' ) ;
#972 = ORIENTED_EDGE ( 'NONE', *, *, #4108, .T. ) ;
#973 = ORIENTED_EDGE ( 'NONE', *, *, #4290, .T. ) ;
#974 = ORIENTED_EDGE ( 'NONE', *, *, #4227, .F. ) ;
#975 = FACE_OUTER_BOUND ( 'NONE', #42, .T. ) ;
#976 = LINE ( 'NONE', #3999, #3675 ) ;
#977 = EDGE_CURVE ( 'NONE', #1898, #2410, #1832, .T. ) ;
#978 = EDGE_LOOP ( 'NONE', ( #3415, #3180, #4205, #4054 ) ) ;
#979 = CARTESIAN_POINT ( 'NONE',  ( 6.250000000000002665, 4.250000000000000000, 2.149999999999999911 ) ) ;
#980 = CARTESIAN_POINT ( 'NONE',  ( 4.249999999999997335, 0.2000000000000000111, -2.250000000000000000 ) ) ;
#981 = LINE ( 'NONE', #3300, #2103 ) ;
#982 = LINE ( 'NONE', #4272, #2109 ) ;
#983 = LINE ( 'NONE', #440, #436 ) ;
#984 = CARTESIAN_POINT ( 'NONE',  ( -4.775000000000003020, 1.750000000000000000, 2.250000000000000000 ) ) ;
#985 = CARTESIAN_POINT ( 'NONE',  ( -7.300000000000002487, 5.750000000000000000, 1.649999999999999911 ) ) ;
#986 = DIRECTION ( 'NONE',  ( 2.037633561849359791E-16, 0.3420201433256665480, 0.9396926207859092051 ) ) ;
#987 = LINE ( 'NONE', #2009, #4327 ) ;
#988 = ORIENTED_EDGE ( 'NONE', *, *, #1435, .F. ) ;
#989 = ORIENTED_EDGE ( 'NONE', *, *, #2050, .F. ) ;
#990 = AXIS2_PLACEMENT_3D ( 'NONE', #2727, #4080, #3106 ) ;
#991 = ADVANCED_FACE ( 'NONE', ( #3573 ), #3175, .F. ) ;
#992 = EDGE_LOOP ( 'NONE', ( #3922, #3065, #3443, #826 ) ) ;
#993 = PLANE ( 'NONE',  #1912 ) ;
#994 = AXIS2_PLACEMENT_3D ( 'NONE', #1143, #820, #2151 ) ;
#995 = ORIENTED_EDGE ( 'NONE', *, *, #760, .T. ) ;
#996 = VECTOR ( 'NONE', #4175, 1000.000000000000000 ) ;
#997 = VECTOR ( 'NONE', #1113, 1000.000000000000000 ) ;
#998 = CARTESIAN_POINT ( 'NONE',  ( 3.749999999999998224, 0.2000000000000000111, 0.8000000000000000444 ) ) ;
#999 = DIRECTION ( 'NONE',  ( 1.000000000000000000, 2.879349297788825203E-32, -1.414176746720221921E-16 ) ) ;
#1000 = EDGE_CURVE ( 'NONE', #514, #3310, #2936, .T. ) ;
#1001 =( GEOMETRIC_REPRESENTATION_CONTEXT ( 3 ) GLOBAL_UNCERTAINTY_ASSIGNED_CONTEXT ( ( #3178 ) ) GLOBAL_UNIT_ASSIGNED_CONTEXT ( ( #2765, #82, #3077 ) ) REPRESENTATION_CONTEXT ( 'NONE', 'WORKASPACE' ) );
#1002 = VECTOR ( 'NONE', #938, 1000.000000000000000 ) ;
#1003 = CARTESIAN_POINT ( 'NONE',  ( -7.950000000000001954, 6.000000000000000000, 2.250000000000000000 ) ) ;
#1004 = LINE ( 'NONE', #2236, #2899 ) ;
#1005 = CARTESIAN_POINT ( 'NONE',  ( -2.800000000000002043, 0.2000000000000000111, -2.250000000000000000 ) ) ;
#1006 = VECTOR ( 'NONE', #3889, 1000.000000000000000 ) ;
#1007 = CARTESIAN_POINT ( 'NONE',  ( 3.749999999999998224, 1.750000000000000000, 0.2999999999999999889 ) ) ;
#1008 = CARTESIAN_POINT ( 'NONE',  ( -4.750000000000000000, -0.4291796067500625034, 0.8000000000000000444 ) ) ;
#1009 = LINE ( 'NONE', #4012, #2032 ) ;
#1010 = CARTESIAN_POINT ( 'NONE',  ( -5.000000000000000000, -2.419911892563235245, 0.2500000000000000000 ) ) ;
#1011 = ORIENTED_EDGE ( 'NONE', *, *, #2663, .F. ) ;
#1012 = VERTEX_POINT ( 'NONE', #543 ) ;
#1013 = ADVANCED_FACE ( 'NONE', ( #838 ), #2916, .F. ) ;
#1014 = DIRECTION ( 'NONE',  ( 0.000000000000000000, -1.000000000000000000, 0.000000000000000000 ) ) ;
#1015 = CARTESIAN_POINT ( 'NONE',  ( 6.250000000000002665, 6.000000000000000000, 2.250000000000000000 ) ) ;
#1016 = DIRECTION ( 'NONE',  ( -1.000000000000000000, 0.000000000000000000, 0.000000000000000000 ) ) ;
#1017 = AXIS2_PLACEMENT_3D ( 'NONE', #2498, #3869, #1207 ) ;
#1018 = LINE ( 'NONE', #315, #3047 ) ;
#1019 = DIRECTION ( 'NONE',  ( 0.000000000000000000, -2.036060417813154872E-16, 1.000000000000000000 ) ) ;
#1020 = ADVANCED_FACE ( 'NONE', ( #2552 ), #3887, .F. ) ;
#1021 = CARTESIAN_POINT ( 'NONE',  ( -5.750000000000002665, 1.750000000000000000, 0.8000000000000000444 ) ) ;
#1022 = ORIENTED_EDGE ( 'NONE', *, *, #3583, .F. ) ;
#1023 = DIRECTION ( 'NONE',  ( 0.000000000000000000, 1.000000000000000000, 1.927470528863119788E-16 ) ) ;
#1024 = ADVANCED_FACE ( 'NONE', ( #2888 ), #1160, .F. ) ;
#1025 = CARTESIAN_POINT ( 'NONE',  ( -3.750000000000002665, -3.399999999999999911, 0.2999999999999999889 ) ) ;
#1026 = LINE ( 'NONE', #1721, #675 ) ;
#1027 = VECTOR ( 'NONE', #828, 1000.000000000000000 ) ;
#1028 = CARTESIAN_POINT ( 'NONE',  ( 0.7999999999999973799, 0.2000000000000000111, 2.250000000000000000 ) ) ;
#1029 = ORIENTED_EDGE ( 'NONE', *, *, #3334, .T. ) ;
#1030 = ORIENTED_EDGE ( 'NONE', *, *, #2856, .F. ) ;
#1031 = VECTOR ( 'NONE', #3303, 1000.000000000000000 ) ;
#1032 = DIRECTION ( 'NONE',  ( 2.168404344971010101E-16, 2.478176394252580155E-16, -1.000000000000000000 ) ) ;
#1033 = VECTOR ( 'NONE', #3992, 1000.000000000000000 ) ;
#1034 = DIRECTION ( 'NONE',  ( -1.000000000000000000, 0.000000000000000000, 0.000000000000000000 ) ) ;
#1035 = CARTESIAN_POINT ( 'NONE',  ( -5.250000000000000000, -0.4515402865250630060, 0.2947213595499945105 ) ) ;
#1036 = ADVANCED_FACE ( 'NONE', ( #2479 ), #1480, .F. ) ;
#1037 = ADVANCED_FACE ( 'NONE', ( #2841 ), #4193, .F. ) ;
#1038 = FILL_AREA_STYLE ('',( #2773 ) ) ;
#1039 = ORIENTED_EDGE ( 'NONE', *, *, #4219, .F. ) ;
#1040 = VECTOR ( 'NONE', #1032, 1000.000000000000000 ) ;
#1041 = ORIENTED_EDGE ( 'NONE', *, *, #2023, .F. ) ;
#1042 = PLANE ( 'NONE',  #158 ) ;
#1043 = EDGE_CURVE ( 'NONE', #2031, #4168, #3625, .T. ) ;
#1044 = PLANE ( 'NONE',  #75 ) ;
#1045 = EDGE_CURVE ( 'NONE', #2571, #893, #3527, .T. ) ;
#1046 = DIRECTION ( 'NONE',  ( 0.000000000000000000, 0.000000000000000000, -1.000000000000000000 ) ) ;
#1047 = CARTESIAN_POINT ( 'NONE',  ( 7.300000000000002487, 4.500000000000000000, -0.1200000000000000094 ) ) ;
#1048 = ADVANCED_FACE ( 'NONE', ( #3272 ), #4262, .F. ) ;
#1049 = PLANE ( 'NONE',  #2283 ) ;
#1050 = ADVANCED_FACE ( 'NONE', ( #4212 ), #219, .F. ) ;
#1051 = LINE ( 'NONE', #516, #3607 ) ;
#1052 = VERTEX_POINT ( 'NONE', #865 ) ;
#1053 = PLANE ( 'NONE',  #469 ) ;
#1054 = DIRECTION ( 'NONE',  ( 0.000000000000000000, 1.000000000000000000, 1.927470528863119788E-16 ) ) ;
#1055 = CARTESIAN_POINT ( 'NONE',  ( -7.950000000000001954, 6.000000000000000000, -0.1200000000000000094 ) ) ;
#1056 = DIRECTION ( 'NONE',  ( -6.982962677686266711E-15, 0.000000000000000000, -1.000000000000000000 ) ) ;
#1057 = ORIENTED_EDGE ( 'NONE', *, *, #1739, .F. ) ;
#1058 = ORIENTED_EDGE ( 'NONE', *, *, #2255, .F. ) ;
#1059 = DIRECTION ( 'NONE',  ( -1.000000000000000000, 1.084202172485503818E-16, 0.000000000000000000 ) ) ;
#1060 = AXIS2_PLACEMENT_3D ( 'NONE', #4087, #683, #1358 ) ;
#1061 = AXIS2_PLACEMENT_3D ( 'NONE', #3430, #4145, #1137 ) ;
#1063 = FACE_OUTER_BOUND ( 'NONE', #4345, .T. ) ;
#1062 = AXIS2_PLACEMENT_3D ( 'NONE', #373, #3431, #1385 ) ;
#1064 = VECTOR ( 'NONE', #1303, 1000.000000000000000 ) ;
#1065 = EDGE_LOOP ( 'NONE', ( #2618, #2621, #113, #1589, #653 ) ) ;
#1066 = PLANE ( 'NONE',  #3897 ) ;
#1067 = AXIS2_PLACEMENT_3D ( 'NONE', #2060, #3364, #1046 ) ;
#1068 = CARTESIAN_POINT ( 'NONE',  ( -6.250000000000002665, 4.250000000000000000, 2.250000000000000000 ) ) ;
#1069 = FACE_BOUND ( 'NONE', #161, .T. ) ;
#1070 = CARTESIAN_POINT ( 'NONE',  ( 2.799999999999997158, -4.336808689942014778E-16, -2.250000000000000000 ) ) ;
#1071 = FACE_OUTER_BOUND ( 'NONE', #3074, .T. ) ;
#1072 = VECTOR ( 'NONE', #958, 1000.000000000000000 ) ;
#1073 = ORIENTED_EDGE ( 'NONE', *, *, #479, .F. ) ;
#1074 = FACE_OUTER_BOUND ( 'NONE', #4052, .T. ) ;
#1075 = FACE_OUTER_BOUND ( 'NONE', #3586, .T. ) ;
#1076 = CARTESIAN_POINT ( 'NONE',  ( -4.750000000000000000, -2.419911892563235245, 0.2500000000000000000 ) ) ;
#1077 = PRODUCT ( 'pin', 'pin', '', ( #3219 ) ) ;
#1078 = EDGE_CURVE ( 'NONE', #1494, #3310, #3552, .T. ) ;
#1079 = ORIENTED_EDGE ( 'NONE', *, *, #510, .T. ) ;
#1080 = DIRECTION ( 'NONE',  ( 0.000000000000000000, -0.1321637200910183718, -0.9912279006826346661 ) ) ;
#1081 = PLANE ( 'NONE',  #1127 ) ;
#1082 = ORIENTED_EDGE ( 'NONE', *, *, #418, .F. ) ;
#1083 = CARTESIAN_POINT ( 'NONE',  ( 6.725000000000002309, 4.250000000000000000, 2.149999999999999911 ) ) ;
#1084 = CARTESIAN_POINT ( 'NONE',  ( -7.550000000000002487, 6.000000000000000000, 0.8800000000000000044 ) ) ;
#1085 = EDGE_CURVE ( 'NONE', #649, #1685, #3930, .T. ) ;
#1086 = LINE ( 'NONE', #4033, #818 ) ;
#1087 = DIRECTION ( 'NONE',  ( 0.000000000000000000, 1.927470528863119788E-16, -1.000000000000000000 ) ) ;
#1088 = LINE ( 'NONE', #2021, #1617 ) ;
#1089 = CARTESIAN_POINT ( 'NONE',  ( 6.250000000000002665, 2.250000000000000000, -2.623757129271619970 ) ) ;
#1090 = ORIENTED_EDGE ( 'NONE', *, *, #3722, .F. ) ;
#1091 = EDGE_LOOP ( 'NONE', ( #1658, #247, #3482, #724, #3258, #2235, #1564, #4351 ) ) ;
#1092 = CARTESIAN_POINT ( 'NONE',  ( -0.8000000000000020428, 0.2000000000000000111, 2.250000000000000000 ) ) ;
#1093 = CARTESIAN_POINT ( 'NONE',  ( -2.050000000000002487, 6.000000000000000000, 2.250000000000000000 ) ) ;
#1094 = DIRECTION ( 'NONE',  ( -1.000000000000000000, 3.504579431022969726E-32, 1.519869053105245017E-47 ) ) ;
#1095 =( LENGTH_UNIT ( ) NAMED_UNIT ( * ) SI_UNIT ( .MILLI., .METRE. ) );
#1096 = VERTEX_POINT ( 'NONE', #3591 ) ;
#1097 = VECTOR ( 'NONE', #3262, 1000.000000000000000 ) ;
#1098 = ORIENTED_EDGE ( 'NONE', *, *, #1882, .T. ) ;
#1099 = LINE ( 'NONE', #699, #2539 ) ;
#1100 = VECTOR ( 'NONE', #4010, 1000.000000000000000 ) ;
#1101 = ADVANCED_FACE ( 'NONE', ( #562 ), #1669, .F. ) ;
#1102 = DIRECTION ( 'NONE',  ( 0.000000000000000000, 0.000000000000000000, 1.000000000000000000 ) ) ;
#1103 = ORIENTED_EDGE ( 'NONE', *, *, #2855, .F. ) ;
#1104 = APPLICATION_CONTEXT ( 'automotive_design' ) ;
#1105 = DIRECTION ( 'NONE',  ( 0.000000000000000000, 0.000000000000000000, -1.000000000000000000 ) ) ;
#1106 = FACE_OUTER_BOUND ( 'NONE', #1410, .T. ) ;
#1107 = DIRECTION ( 'NONE',  ( 0.000000000000000000, -1.734723475977543575E-14, 1.000000000000000000 ) ) ;
#1108 = DIRECTION ( 'NONE',  ( 3.504579431022969726E-32, 1.000000000000000000, 2.478176394252580155E-16 ) ) ;
#1109 = ORIENTED_EDGE ( 'NONE', *, *, #1729, .T. ) ;
#1110 = ORIENTED_EDGE ( 'NONE', *, *, #64, .T. ) ;
#1111 = CARTESIAN_POINT ( 'NONE',  ( 5.750000000000002665, 1.750000000000000000, 7.274189424854959917E-16 ) ) ;
#1112 = CARTESIAN_POINT ( 'NONE',  ( 7.550000000000002487, 6.000000000000000000, 0.8800000000000000044 ) ) ;
#1113 = DIRECTION ( 'NONE',  ( 0.000000000000000000, -1.000000000000000000, 0.000000000000000000 ) ) ;
#1114 = VERTEX_POINT ( 'NONE', #3952 ) ;
#1115 = ADVANCED_FACE ( 'NONE', ( #651 ), #3693, .F. ) ;
#1116 = ORIENTED_EDGE ( 'NONE', *, *, #2288, .T. ) ;
#1117 = CARTESIAN_POINT ( 'NONE',  ( 2.799999999999997158, -4.336808689942014778E-16, -2.250000000000000000 ) ) ;
#1118 = LINE ( 'NONE', #906, #996 ) ;
#1119 = ADVANCED_FACE ( 'NONE', ( #624 ), #993, .F. ) ;
#1120 = ORIENTED_EDGE ( 'NONE', *, *, #3396, .T. ) ;
#1121 = PRODUCT_DEFINITION_FORMATION_WITH_SPECIFIED_SOURCE ( 'ANY', '', #2650, .NOT_KNOWN. ) ;
#1122 = EDGE_CURVE ( 'NONE', #1159, #559, #3357, .T. ) ;
#1123 = DIRECTION ( 'NONE',  ( 1.000000000000000000, 0.000000000000000000, 0.000000000000000000 ) ) ;
#1124 = EDGE_LOOP ( 'NONE', ( #2211, #638, #1184, #904 ) ) ;
#1125 = VECTOR ( 'NONE', #512, 1000.000000000000000 ) ;
#1126 = AXIS2_PLACEMENT_3D ( 'NONE', #1190, #4202, #2900 ) ;
#1127 = AXIS2_PLACEMENT_3D ( 'NONE', #3798, #1981, #320 ) ;
#1128 = VECTOR ( 'NONE', #213, 1000.000000000000000 ) ;
#1129 = FACE_OUTER_BOUND ( 'NONE', #4141, .T. ) ;
#1130 = DIRECTION ( 'NONE',  ( 0.000000000000000000, 0.000000000000000000, 1.000000000000000000 ) ) ;
#1131 = LINE ( 'NONE', #4138, #2106 ) ;
#1132 = ORIENTED_EDGE ( 'NONE', *, *, #2717, .F. ) ;
#1133 = VECTOR ( 'NONE', #3901, 1000.000000000000114 ) ;
#1134 = CARTESIAN_POINT ( 'NONE',  ( -2.800000000000002043, -4.336808689942014778E-16, -2.250000000000000000 ) ) ;
#1135 = CARTESIAN_POINT ( 'NONE',  ( -4.000000000000000000, -3.399999999999999911, 0.6908089297201379653 ) ) ;
#1136 = VECTOR ( 'NONE', #2224, 1000.000000000000000 ) ;
#1137 = DIRECTION ( 'NONE',  ( -1.000000000000000000, 0.000000000000000000, 0.000000000000000000 ) ) ;
#1138 = ORIENTED_EDGE ( 'NONE', *, *, #2255, .T. ) ;
#1139 = VERTEX_POINT ( 'NONE', #4354 ) ;
#1140 = EDGE_LOOP ( 'NONE', ( #2225, #2892, #2514, #1972 ) ) ;
#1141 = CARTESIAN_POINT ( 'NONE',  ( 7.300000000000002487, 5.750000000000000000, -1.850000000000000089 ) ) ;
#1142 = CARTESIAN_POINT ( 'NONE',  ( 7.950000000000001954, 6.000000000000000000, -2.250000000000000000 ) ) ;
#1143 = CARTESIAN_POINT ( 'NONE',  ( 1.749999999999998002, -3.399999999999999911, 0.2999999999999999889 ) ) ;
#1144 = EDGE_CURVE ( 'NONE', #2551, #2836, #2639, .T. ) ;
#1145 = EDGE_CURVE ( 'NONE', #1911, #2551, #2983, .T. ) ;
#1146 = VECTOR ( 'NONE', #1329, 999.9999999999998863 ) ;
#1147 = LINE ( 'NONE', #2805, #355 ) ;
#1148 = ORIENTED_EDGE ( 'NONE', *, *, #977, .F. ) ;
#1149 = CARTESIAN_POINT ( 'NONE',  ( -5.250000000000000000, -1.024408905444593954, 0.1143754215522525958 ) ) ;
#1150 = CARTESIAN_POINT ( 'NONE',  ( -4.750000000000000000, -2.419911892563235245, 0.2999999999999999889 ) ) ;
#1151 = ORIENTED_EDGE ( 'NONE', *, *, #2423, .T. ) ;
#1152 = LINE ( 'NONE', #2489, #3418 ) ;
#1153 = ORIENTED_EDGE ( 'NONE', *, *, #4177, .T. ) ;
#1154 = CARTESIAN_POINT ( 'NONE',  ( 2.249999999999997780, 1.750000000000000000, 0.2999999999999999889 ) ) ;
#1155 = AXIS2_PLACEMENT_3D ( 'NONE', #3810, #2859, #1774 ) ;
#1156 = CARTESIAN_POINT ( 'NONE',  ( 1.199999999999997957, 0.2000000000000000111, -2.250000000000000000 ) ) ;
#1157 = ORIENTED_EDGE ( 'NONE', *, *, #2877, .T. ) ;
#1158 = ORIENTED_EDGE ( 'NONE', *, *, #253, .T. ) ;
#1159 = VERTEX_POINT ( 'NONE', #1637 ) ;
#1160 = PLANE ( 'NONE',  #3841 ) ;
#1161 = EDGE_CURVE ( 'NONE', #1181, #3972, #606, .T. ) ;
#1162 = CARTESIAN_POINT ( 'NONE',  ( 1.199999999999997957, 0.2000000000000000111, -2.250000000000000000 ) ) ;
#1163 = ORIENTED_EDGE ( 'NONE', *, *, #1408, .F. ) ;
#1164 = CARTESIAN_POINT ( 'NONE',  ( 0.2499999999999976130, 0.2000000000000000111, 0.2999999999999999889 ) ) ;
#1165 = CARTESIAN_POINT ( 'NONE',  ( 1.199999999999997957, 0.2000000000000000111, 2.250000000000000000 ) ) ;
#1166 = ORIENTED_EDGE ( 'NONE', *, *, #4227, .T. ) ;
#1167 = EDGE_CURVE ( 'NONE', #3571, #3757, #2590, .T. ) ;
#1168 = PLANE ( 'NONE',  #1811 ) ;
#1169 = FACE_OUTER_BOUND ( 'NONE', #585, .T. ) ;
#1170 = DIRECTION ( 'NONE',  ( -1.000000000000000000, 0.000000000000000000, 0.000000000000000000 ) ) ;
#1171 = ORIENTED_EDGE ( 'NONE', *, *, #2007, .F. ) ;
#1172 = DIRECTION ( 'NONE',  ( -1.000000000000000000, 0.000000000000000000, 0.000000000000000000 ) ) ;
#1173 = EDGE_CURVE ( 'NONE', #2785, #3796, #4335, .T. ) ;
#1174 = VERTEX_POINT ( 'NONE', #1969 ) ;
#1175 = DIRECTION ( 'NONE',  ( 0.000000000000000000, 0.000000000000000000, 1.000000000000000000 ) ) ;
#1176 = CARTESIAN_POINT ( 'NONE',  ( -3.200000000000002842, -4.336808689942014778E-16, -2.250000000000000000 ) ) ;
#1177 = VERTEX_POINT ( 'NONE', #932 ) ;
#1178 = EDGE_LOOP ( 'NONE', ( #2638, #3485, #1153, #3654 ) ) ;
#1179 = CARTESIAN_POINT ( 'NONE',  ( 7.950000000000001954, 0.000000000000000000, 0.000000000000000000 ) ) ;
#1180 = CARTESIAN_POINT ( 'NONE',  ( -2.800000000000002043, -4.336808689942014778E-16, 2.250000000000000000 ) ) ;
#1181 = VERTEX_POINT ( 'NONE', #4043 ) ;
#1182 = EDGE_LOOP ( 'NONE', ( #1854, #3173, #800, #1850 ) ) ;
#1183 = VERTEX_POINT ( 'NONE', #2250 ) ;
#1184 = ORIENTED_EDGE ( 'NONE', *, *, #3056, .T. ) ;
#1185 = PRODUCT_RELATED_PRODUCT_CATEGORY ( 'part', '', ( #834 ) ) ;
#1186 = CARTESIAN_POINT ( 'NONE',  ( -4.750000000000000000, -0.4291796067500640022, 0.7999999999999789502 ) ) ;
#1187 = CARTESIAN_POINT ( 'NONE',  ( -6.800000000000002487, 0.2000000000000000111, 2.250000000000000000 ) ) ;
#1188 = VECTOR ( 'NONE', #1087, 1000.000000000000000 ) ;
#1189 = EDGE_CURVE ( 'NONE', #559, #1257, #329, .T. ) ;
#1190 = CARTESIAN_POINT ( 'NONE',  ( 6.250000000000002665, 6.000000000000000000, 0.8000000000000000444 ) ) ;
#1191 = VECTOR ( 'NONE', #163, 1000.000000000000000 ) ;
#1192 = DIRECTION ( 'NONE',  ( 0.000000000000000000, 0.000000000000000000, 1.000000000000000000 ) ) ;
#1193 = DIRECTION ( 'NONE',  ( 0.000000000000000000, -1.000000000000000000, 0.000000000000000000 ) ) ;
#1194 = VERTEX_POINT ( 'NONE', #1015 ) ;
#1195 = ORIENTED_EDGE ( 'NONE', *, *, #1408, .T. ) ;
#1196 = VECTOR ( 'NONE', #551, 1000.000000000000000 ) ;
#1197 = VECTOR ( 'NONE', #3882, 1000.000000000000000 ) ;
#1198 = FACE_OUTER_BOUND ( 'NONE', #2906, .T. ) ;
#1199 = ORIENTED_EDGE ( 'NONE', *, *, #1597, .F. ) ;
#1200 = DIRECTION ( 'NONE',  ( 0.000000000000000000, -4.336808689942020201E-16, 1.000000000000000000 ) ) ;
#1201 = CARTESIAN_POINT ( 'NONE',  ( 7.200000000000002842, 2.250000000000000000, 2.250000000000000000 ) ) ;
#1202 = ITEM_DEFINED_TRANSFORMATION ( 'NONE', 'NONE', #2737,  #1615 ) ;
#1203 = EDGE_CURVE ( 'NONE', #4168, #605, #2622, .T. ) ;
#1204 = AXIS2_PLACEMENT_3D ( 'NONE', #2142, #2543, #1474 ) ;
#1205 = VECTOR ( 'NONE', #3442, 1000.000000000000000 ) ;
#1206 = VERTEX_POINT ( 'NONE', #2341 ) ;
#1207 = DIRECTION ( 'NONE',  ( 0.000000000000000000, 1.927470528863119788E-16, -1.000000000000000000 ) ) ;
#1208 = LINE ( 'NONE', #2149, #1884 ) ;
#1209 = VECTOR ( 'NONE', #795, 1000.000000000000000 ) ;
#1210 = EDGE_LOOP ( 'NONE', ( #3872, #2417, #1989, #567 ) ) ;
#1211 = ORIENTED_EDGE ( 'NONE', *, *, #2924, .T. ) ;
#1212 = FACE_OUTER_BOUND ( 'NONE', #2206, .T. ) ;
#1213 = CARTESIAN_POINT ( 'NONE',  ( -7.300000000000002487, 1.750000000000000000, -1.850000000000000089 ) ) ;
#1214 = LINE ( 'NONE', #1581, #2453 ) ;
#1215 = ADVANCED_FACE ( 'NONE', ( #975 ), #3004, .F. ) ;
#1216 = DIRECTION ( 'NONE',  ( 0.000000000000000000, -0.1321637200910179555, -0.9912279006826346661 ) ) ;
#1217 = FACE_OUTER_BOUND ( 'NONE', #3524, .T. ) ;
#1218 = FACE_OUTER_BOUND ( 'NONE', #1504, .T. ) ;
#1219 = LINE ( 'NONE', #1798, #3682 ) ;
#1220 = CARTESIAN_POINT ( 'NONE',  ( -2.050000000000002487, 0.8299999999999999600, 2.250000000000000000 ) ) ;
#1221 = CARTESIAN_POINT ( 'NONE',  ( 3.199999999999997957, 0.2000000000000000111, -2.250000000000000000 ) ) ;
#1222 = VERTEX_POINT ( 'NONE', #287 ) ;
#1223 = ORIENTED_EDGE ( 'NONE', *, *, #4023, .T. ) ;
#1224 = ORIENTED_EDGE ( 'NONE', *, *, #1707, .T. ) ;
#1225 = DIRECTION ( 'NONE',  ( -1.000000000000000000, 0.000000000000000000, 0.000000000000000000 ) ) ;
#1226 = CARTESIAN_POINT ( 'NONE',  ( -1.200000000000002620, 0.2000000000000000111, 2.250000000000000000 ) ) ;
#1227 = ORIENTED_EDGE ( 'NONE', *, *, #2669, .T. ) ;
#1228 = ADVANCED_FACE ( 'NONE', ( #586 ), #351, .F. ) ;
#1229 = PLANE ( 'NONE',  #1821 ) ;
#1230 = EDGE_CURVE ( 'NONE', #290, #1012, #2277, .T. ) ;
#1231 = FACE_OUTER_BOUND ( 'NONE', #1995, .T. ) ;
#1232 = VECTOR ( 'NONE', #4093, 1000.000000000000000 ) ;
#1233 = DIRECTION ( 'NONE',  ( -1.000000000000000000, 0.000000000000000000, 0.000000000000000000 ) ) ;
#1234 = ORIENTED_EDGE ( 'NONE', *, *, #2374, .T. ) ;
#1235 = FACE_OUTER_BOUND ( 'NONE', #1140, .T. ) ;
#1236 = CARTESIAN_POINT ( 'NONE',  ( -7.300000000000002487, 6.000000000000000000, 0.8800000000000000044 ) ) ;
#1237 = ORIENTED_EDGE ( 'NONE', *, *, #263, .T. ) ;
#1238 = CIRCLE ( 'NONE', #3716, 0.5499999999999789502 ) ;
#1239 = CARTESIAN_POINT ( 'NONE',  ( -0.8000000000000020428, -4.336808689942014778E-16, -2.250000000000000000 ) ) ;
#1240 = CARTESIAN_POINT ( 'NONE',  ( -2.050000000000002487, -4.336808689942014778E-16, 2.250000000000000000 ) ) ;
#1241 = DIRECTION ( 'NONE',  ( -1.000000000000000000, 0.000000000000000000, 0.000000000000000000 ) ) ;
#1242 = DIRECTION ( 'NONE',  ( 0.000000000000000000, 0.000000000000000000, 1.000000000000000000 ) ) ;
#1243 = ORIENTED_EDGE ( 'NONE', *, *, #2911, .T. ) ;
#1244 = CARTESIAN_POINT ( 'NONE',  ( 7.950000000000001954, 6.000000000000000000, 0.8800000000000000044 ) ) ;
#1245 = DIRECTION ( 'NONE',  ( 3.504579431022969726E-32, 1.000000000000000000, 2.478176394252580155E-16 ) ) ;
#1246 = EDGE_LOOP ( 'NONE', ( #3356, #237, #3839, #1443, #3584, #3228, #1029, #66, #1436, #3117, #4000, #4192, #2620, #4076, #2212, #1158, #347, #3452, #32, #3211, #1223, #2088, #3664, #1810, #1803, #2929, #4218, #2080, #954, #3564, #793, #1942 ) ) ;
#1247 = PLANE ( 'NONE',  #2538 ) ;
#1248 = DIRECTION ( 'NONE',  ( 0.000000000000000000, 1.000000000000000000, 0.000000000000000000 ) ) ;
#1249 = CARTESIAN_POINT ( 'NONE',  ( -2.050000000000002487, 1.389999999999999902, 2.250000000000000000 ) ) ;
#1250 = EDGE_CURVE ( 'NONE', #2978, #1515, #3642, .T. ) ;
#1251 = ADVANCED_FACE ( 'NONE', ( #3063 ), #3791, .F. ) ;
#1252 = DIRECTION ( 'NONE',  ( 0.000000000000000000, 0.000000000000000000, 1.000000000000000000 ) ) ;
#1253 = DIRECTION ( 'NONE',  ( -2.168404344971010101E-16, -5.877471754111439729E-32, -1.000000000000000000 ) ) ;
#1254 = CARTESIAN_POINT ( 'NONE',  ( -5.250000000000000000, -2.419911892563235245, 0.8000000000000000444 ) ) ;
#1255 = ORIENTED_EDGE ( 'NONE', *, *, #1000, .T. ) ;
#1256 = DIRECTION ( 'NONE',  ( 1.000000000000000000, 0.000000000000000000, 0.000000000000000000 ) ) ;
#1257 = VERTEX_POINT ( 'NONE', #4078 ) ;
#1258 = CARTESIAN_POINT ( 'NONE',  ( -2.050000000000002487, 1.389999999999999902, 2.250000000000000000 ) ) ;
#1259 = PLANE ( 'NONE',  #150 ) ;
#1260 = DIRECTION ( 'NONE',  ( 0.000000000000000000, 0.000000000000000000, -1.000000000000000000 ) ) ;
#1261 = AXIS2_PLACEMENT_3D ( 'NONE', #417, #2731, #3089 ) ;
#1262 = ORIENTED_EDGE ( 'NONE', *, *, #1167, .T. ) ;
#1263 = ORIENTED_EDGE ( 'NONE', *, *, #1401, .F. ) ;
#1264 = ORIENTED_EDGE ( 'NONE', *, *, #3097, .F. ) ;
#1265 = ORIENTED_EDGE ( 'NONE', *, *, #2705, .T. ) ;
#1266 = CARTESIAN_POINT ( 'NONE',  ( 2.700000000000002842, 5.750000000000000000, 1.649999999999999911 ) ) ;
#1267 = AXIS2_PLACEMENT_3D ( 'NONE', #2931, #2203, #2862 ) ;
#1268 = CARTESIAN_POINT ( 'NONE',  ( -0.2500000000000019429, 0.2000000000000000111, 0.2999999999999999889 ) ) ;
#1269 = EDGE_CURVE ( 'NONE', #2703, #1524, #1411, .T. ) ;
#1270 = EDGE_CURVE ( 'NONE', #3617, #2836, #3131, .T. ) ;
#1271 = ORIENTED_EDGE ( 'NONE', *, *, #2084, .T. ) ;
#1272 = AXIS2_PLACEMENT_3D ( 'NONE', #254, #1600, #2993 ) ;
#1273 = LINE ( 'NONE', #3006, #571 ) ;
#1274 = CARTESIAN_POINT ( 'NONE',  ( 7.200000000000002842, 4.250000000000000000, 2.250000000000000000 ) ) ;
#1275 = CARTESIAN_POINT ( 'NONE',  ( -5.750000000000002665, 0.2000000000000000111, 0.2999999999999999889 ) ) ;
#1276 = VECTOR ( 'NONE', #952, 1000.000000000000000 ) ;
#1277 = EDGE_CURVE ( 'NONE', #118, #3054, #2053, .T. ) ;
#1278 = CARTESIAN_POINT ( 'NONE',  ( 3.749999999999998224, -3.399999999999999911, 0.2999999999999999889 ) ) ;
#1279 = ORIENTED_EDGE ( 'NONE', *, *, #1586, .F. ) ;
#1280 = CARTESIAN_POINT ( 'NONE',  ( -4.750000000000000000, -0.9583270453990839766, 0.6099893718935700537 ) ) ;
#1281 = DIRECTION ( 'NONE',  ( -1.000000000000000000, 0.000000000000000000, 0.000000000000000000 ) ) ;
#1282 = EDGE_LOOP ( 'NONE', ( #2490, #2099, #258, #2229, #3824, #870, #1279, #3904 ) ) ;
#1283 = CARTESIAN_POINT ( 'NONE',  ( -7.950000000000001954, 6.000000000000000000, -2.250000000000000000 ) ) ;
#1284 = ADVANCED_FACE ( 'NONE', ( #2707 ), #2427, .F. ) ;
#1285 = CARTESIAN_POINT ( 'NONE',  ( 7.950000000000001954, 4.500000000000000000, -0.1200000000000000094 ) ) ;
#1286 = FILL_AREA_STYLE_COLOUR ( '', #3744 ) ;
#1287 = DIRECTION ( 'NONE',  ( -1.000000000000000000, 2.710505431213760099E-16, 0.000000000000000000 ) ) ;
#1288 = EDGE_LOOP ( 'NONE', ( #60, #1327, #2193, #4200, #770, #877, #3154, #2641, #3085, #3434 ) ) ;
#1289 = ORIENTED_EDGE ( 'NONE', *, *, #3672, .F. ) ;
#1290 = ORIENTED_EDGE ( 'NONE', *, *, #188, .F. ) ;
#1291 = CARTESIAN_POINT ( 'NONE',  ( -4.750000000000000000, -2.347221846513170451, 0.7951753453754479839 ) ) ;
#1292 = VERTEX_POINT ( 'NONE', #762 ) ;
#1293 = EDGE_CURVE ( 'NONE', #3126, #152, #1367, .T. ) ;
#1294 = DIRECTION ( 'NONE',  ( 1.000000000000000000, 0.000000000000000000, 0.000000000000000000 ) ) ;
#1295 = LINE ( 'NONE', #1274, #1973 ) ;
#1296 = ORIENTED_EDGE ( 'NONE', *, *, #1750, .F. ) ;
#1297 = DIRECTION ( 'NONE',  ( -1.000000000000000000, 0.000000000000000000, 1.414176746720221921E-16 ) ) ;
#1298 = DIRECTION ( 'NONE',  ( 0.000000000000000000, 1.000000000000000000, 0.000000000000000000 ) ) ;
#1299 = CARTESIAN_POINT ( 'NONE',  ( -5.200000000000001954, -4.336808689942014778E-16, -2.250000000000000000 ) ) ;
#1300 = EDGE_CURVE ( 'NONE', #3098, #308, #1710, .T. ) ;
#1301 = PLANE ( 'NONE',  #464 ) ;
#1302 = DIRECTION ( 'NONE',  ( 0.000000000000000000, -1.000000000000000000, -2.036060417813154872E-16 ) ) ;
#1303 = DIRECTION ( 'NONE',  ( -1.000000000000000000, 0.000000000000000000, 0.000000000000000000 ) ) ;
#1304 = FACE_OUTER_BOUND ( 'NONE', #4063, .T. ) ;
#1305 = VERTEX_POINT ( 'NONE', #1112 ) ;
#1306 = ORIENTED_EDGE ( 'NONE', *, *, #72, .T. ) ;
#1307 = VERTEX_POINT ( 'NONE', #2362 ) ;
#1308 = EDGE_CURVE ( 'NONE', #1114, #3977, #19, .T. ) ;
#1309 = ORIENTED_EDGE ( 'NONE', *, *, #439, .T. ) ;
#1310 = ORIENTED_EDGE ( 'NONE', *, *, #2924, .F. ) ;
#1311 = CARTESIAN_POINT ( 'NONE',  ( 5.225000000000002309, 5.750000000000000000, 1.649999999999999911 ) ) ;
#1312 = ORIENTED_EDGE ( 'NONE', *, *, #3875, .T. ) ;
#1313 = VERTEX_POINT ( 'NONE', #1690 ) ;
#1314 = CARTESIAN_POINT ( 'NONE',  ( -5.250000000000000000, -0.9293581796195340416, 0.6148294073777059721 ) ) ;
#1315 = PLANE ( 'NONE',  #2246 ) ;
#1316 = DIRECTION ( 'NONE',  ( 0.000000000000000000, -1.000000000000000000, 0.000000000000000000 ) ) ;
#1317 =( REPRESENTATION_RELATIONSHIP ('NONE','NONE', #2132, #321 ) REPRESENTATION_RELATIONSHIP_WITH_TRANSFORMATION ( #3521 )SHAPE_REPRESENTATION_RELATIONSHIP( ) );
#1318 = DIRECTION ( 'NONE',  ( 2.710505431213760099E-16, 1.000000000000000000, 0.000000000000000000 ) ) ;
#1319 = DIRECTION ( 'NONE',  ( 1.000000000000000000, 0.000000000000000000, 0.000000000000000000 ) ) ;
#1320 = CARTESIAN_POINT ( 'NONE',  ( -4.750000000000000000, -0.9583270453990848647, 0.6099893718935700537 ) ) ;
#1321 = CARTESIAN_POINT ( 'NONE',  ( 7.950000000000001954, 4.500000000000000000, -0.1200000000000000094 ) ) ;
#1322 = DIRECTION ( 'NONE',  ( -1.000000000000000000, 0.000000000000000000, 0.000000000000000000 ) ) ;
#1323 = DIRECTION ( 'NONE',  ( 1.000000000000000000, 9.697399036122158767E-17, -1.939479807224434958E-16 ) ) ;
#1324 = ORIENTED_EDGE ( 'NONE', *, *, #3043, .F. ) ;
#1325 = ORIENTED_EDGE ( 'NONE', *, *, #2646, .F. ) ;
#1326 = AXIS2_PLACEMENT_3D ( 'NONE', #1477, #2205, #1778 ) ;
#1327 = ORIENTED_EDGE ( 'NONE', *, *, #3912, .T. ) ;
#1328 = ORIENTED_EDGE ( 'NONE', *, *, #16, .T. ) ;
#1329 = DIRECTION ( 'NONE',  ( -0.3236155771181828955, -0.8891264907159897035, -0.3236155771181828955 ) ) ;
#1330 = ADVANCED_FACE ( 'NONE', ( #3812 ), #2119, .F. ) ;
#1331 = AXIS2_PLACEMENT_3D ( 'NONE', #1579, #229, #1950 ) ;
#1332 = VECTOR ( 'NONE', #2435, 1000.000000000000000 ) ;
#1333 = AXIS2_PLACEMENT_3D ( 'NONE', #3370, #2999, #2611 ) ;
#1334 = DIRECTION ( 'NONE',  ( 0.000000000000000000, 0.000000000000000000, 1.000000000000000000 ) ) ;
#1335 = CARTESIAN_POINT ( 'NONE',  ( -4.750000000000000000, -2.419911892563235245, 0.2999999999999999889 ) ) ;
#1336 = AXIS2_PLACEMENT_3D ( 'NONE', #3782, #1023, #3759 ) ;
#1337 = VECTOR ( 'NONE', #3595, 1000.000000000000000 ) ;
#1338 = VECTOR ( 'NONE', #1664, 1000.000000000000000 ) ;
#1339 = LINE ( 'NONE', #380, #3884 ) ;
#1340 = ORIENTED_EDGE ( 'NONE', *, *, #3268, .T. ) ;
#1341 = DIRECTION ( 'NONE',  ( -0.7071067811865480168, -0.7071067811865470176, -1.362216883226519737E-16 ) ) ;
#1342 = VECTOR ( 'NONE', #246, 1000.000000000000000 ) ;
#1343 = LINE ( 'NONE', #54, #397 ) ;
#1344 = DIRECTION ( 'NONE',  ( 0.000000000000000000, 0.000000000000000000, 1.000000000000000000 ) ) ;
#1345 = DIRECTION ( 'NONE',  ( 1.000000000000000000, 0.000000000000000000, 0.000000000000000000 ) ) ;
#1346 = LINE ( 'NONE', #344, #1338 ) ;
#1347 = ORIENTED_EDGE ( 'NONE', *, *, #4100, .F. ) ;
#1348 = DIRECTION ( 'NONE',  ( 0.000000000000000000, -1.000000000000000000, -3.318687873851555372E-16 ) ) ;
#1349 = CARTESIAN_POINT ( 'NONE',  ( 2.249999999999997780, 1.750000000000000000, 0.2999999999999999889 ) ) ;
#1350 = FACE_OUTER_BOUND ( 'NONE', #2844, .T. ) ;
#1351 =( NAMED_UNIT ( * ) PLANE_ANGLE_UNIT ( ) SI_UNIT ( $, .RADIAN. ) );
#1352 = VERTEX_POINT ( 'NONE', #2097 ) ;
#1353 = AXIS2_PLACEMENT_3D ( 'NONE', #3242, #1571, #2867 ) ;
#1354 = ORIENTED_EDGE ( 'NONE', *, *, #2783, .T. ) ;
#1355 = LINE ( 'NONE', #4370, #3189 ) ;
#1356 = EDGE_CURVE ( 'NONE', #542, #1292, #786, .T. ) ;
#1357 = EDGE_CURVE ( 'NONE', #3517, #560, #2724, .T. ) ;
#1358 = DIRECTION ( 'NONE',  ( 0.000000000000000000, 1.927470528863119788E-16, -1.000000000000000000 ) ) ;
#1359 = EDGE_LOOP ( 'NONE', ( #2461, #1771, #1453, #4042 ) ) ;
#1360 = LINE ( 'NONE', #2370, #501 ) ;
#1361 = DIRECTION ( 'NONE',  ( 0.000000000000000000, 0.000000000000000000, 1.000000000000000000 ) ) ;
#1362 = CARTESIAN_POINT ( 'NONE',  ( -4.800000000000002487, 0.2000000000000000111, -2.250000000000000000 ) ) ;
#1363 = CARTESIAN_POINT ( 'NONE',  ( -4.750000000000000000, 4.700000000000000178, 0.8000000000000000444 ) ) ;
#1364 = DIRECTION ( 'NONE',  ( 1.000000000000000000, 0.000000000000000000, 0.000000000000000000 ) ) ;
#1365 = ORIENTED_EDGE ( 'NONE', *, *, #1085, .F. ) ;
#1366 = CARTESIAN_POINT ( 'NONE',  ( -2.800000000000002043, 0.2000000000000000111, -2.250000000000000000 ) ) ;
#1367 = LINE ( 'NONE', #39, #4341 ) ;
#1368 = CARTESIAN_POINT ( 'NONE',  ( -5.000000000000002665, 1.750000000000000000, 0.8000000000000000444 ) ) ;
#1369 = ORIENTED_EDGE ( 'NONE', *, *, #271, .F. ) ;
#1370 = VERTEX_POINT ( 'NONE', #3747 ) ;
#1371 = DIRECTION ( 'NONE',  ( -1.000000000000000000, 0.000000000000000000, 0.000000000000000000 ) ) ;
#1372 = ORIENTED_EDGE ( 'NONE', *, *, #2667, .F. ) ;
#1373 = DIRECTION ( 'NONE',  ( 0.000000000000000000, -1.000000000000000000, 0.000000000000000000 ) ) ;
#1374 = PLANE ( 'NONE',  #3819 ) ;
#1375 = EDGE_LOOP ( 'NONE', ( #1309, #4129, #1372, #430 ) ) ;
#1376 = CARTESIAN_POINT ( 'NONE',  ( -5.250000000000000000, -1.024408905444593954, 0.1143754215522525958 ) ) ;
#1377 = CARTESIAN_POINT ( 'NONE',  ( -5.200000000000001954, 0.2000000000000000111, 0.8000000000000000444 ) ) ;
#1378 = CARTESIAN_POINT ( 'NONE',  ( 7.300000000000002487, 1.750000000000000000, 1.649999999999999911 ) ) ;
#1379 = CYLINDRICAL_SURFACE ( 'NONE', #3260, 0.5500000000000000444 ) ;
#1380 = VERTEX_POINT ( 'NONE', #2049 ) ;
#1381 = CARTESIAN_POINT ( 'NONE',  ( -5.250000000000000000, -2.419911892563235245, 0.2999999999999999889 ) ) ;
#1382 = ORIENTED_EDGE ( 'NONE', *, *, #3439, .F. ) ;
#1383 = DIRECTION ( 'NONE',  ( 0.000000000000000000, -1.577021341797157760E-15, 1.000000000000000000 ) ) ;
#1384 = CARTESIAN_POINT ( 'NONE',  ( -5.250000000000000000, -3.100000000000000089, 0.8000000000000000444 ) ) ;
#1385 = DIRECTION ( 'NONE',  ( 1.000000000000000000, 0.000000000000000000, 0.000000000000000000 ) ) ;
#1386 = ORIENTED_EDGE ( 'NONE', *, *, #3206, .F. ) ;
#1387 = PRODUCT_DEFINITION_SHAPE ( 'NONE', 'NONE',  #4373 ) ;
#1388 = ORIENTED_EDGE ( 'NONE', *, *, #2191, .T. ) ;
#1389 = DIRECTION ( 'NONE',  ( 0.000000000000000000, 0.000000000000000000, -1.000000000000000000 ) ) ;
#1390 = VECTOR ( 'NONE', #2039, 1000.000000000000000 ) ;
#1391 = DIRECTION ( 'NONE',  ( 0.000000000000000000, 0.000000000000000000, 1.000000000000000000 ) ) ;
#1392 = AXIS2_PLACEMENT_3D ( 'NONE', #883, #901, #2564 ) ;
#1393 = LINE ( 'NONE', #4068, #2741 ) ;
#1394 = VECTOR ( 'NONE', #3475, 1000.000000000000000 ) ;
#1395 = DIRECTION ( 'NONE',  ( -1.239088197126289831E-16, 3.165553788278845372E-16, -1.000000000000000000 ) ) ;
#1396 = EDGE_LOOP ( 'NONE', ( #2938, #2950, #2350, #3817 ) ) ;
#1397 = AXIS2_PLACEMENT_3D ( 'NONE', #336, #1926, #4065 ) ;
#1398 = VECTOR ( 'NONE', #4182, 1000.000000000000000 ) ;
#1399 = EDGE_CURVE ( 'NONE', #3026, #314, #3453, .T. ) ;
#1400 = DIRECTION ( 'NONE',  ( 0.000000000000000000, -0.9912279006826346661, 0.1321637200910179555 ) ) ;
#1401 = EDGE_CURVE ( 'NONE', #1292, #4005, #1431, .T. ) ;
#1402 = CARTESIAN_POINT ( 'NONE',  ( 4.799999999999997158, -4.336808689942014778E-16, -2.250000000000000000 ) ) ;
#1403 = LINE ( 'NONE', #2114, #1813 ) ;
#1404 = CARTESIAN_POINT ( 'NONE',  ( -1.750000000000002442, 0.2000000000000000111, 0.2999999999999999889 ) ) ;
#1405 = VECTOR ( 'NONE', #4264, 1000.000000000000000 ) ;
#1406 = ORIENTED_EDGE ( 'NONE', *, *, #4316, .T. ) ;
#1407 = VERTEX_POINT ( 'NONE', #390 ) ;
#1408 = EDGE_CURVE ( 'NONE', #3159, #1988, #3081, .T. ) ;
#1409 = CARTESIAN_POINT ( 'NONE',  ( -1.200000000000002620, 0.2000000000000000111, -2.250000000000000000 ) ) ;
#1410 = EDGE_LOOP ( 'NONE', ( #2730, #3294, #3914, #3354 ) ) ;
#1411 = LINE ( 'NONE', #1349, #2779 ) ;
#1412 = FACE_OUTER_BOUND ( 'NONE', #742, .T. ) ;
#1413 = DIRECTION ( 'NONE',  ( 0.000000000000000000, 0.000000000000000000, 1.000000000000000000 ) ) ;
#1414 = ORIENTED_EDGE ( 'NONE', *, *, #4263, .T. ) ;
#1415 = ADVANCED_BREP_SHAPE_REPRESENTATION ( '', ( #2780, #1615 ), #293 ) ;
#1416 = ORIENTED_EDGE ( 'NONE', *, *, #3577, .F. ) ;
#1417 = ORIENTED_EDGE ( 'NONE', *, *, #2599, .T. ) ;
#1418 = CARTESIAN_POINT ( 'NONE',  ( -3.750000000000002665, 1.750000000000000000, 0.2999999999999999889 ) ) ;
#1419 = FACE_OUTER_BOUND ( 'NONE', #3440, .T. ) ;
#1420 = CARTESIAN_POINT ( 'NONE',  ( 7.200000000000002842, 4.250000000000000000, 2.250000000000000000 ) ) ;
#1421 = ORIENTED_EDGE ( 'NONE', *, *, #1562, .F. ) ;
#1422 = VERTEX_POINT ( 'NONE', #2743 ) ;
#1423 = VERTEX_POINT ( 'NONE', #1757 ) ;
#1424 = VECTOR ( 'NONE', #4162, 1000.000000000000000 ) ;
#1425 = DIRECTION ( 'NONE',  ( 1.000000000000000000, 0.000000000000000000, 0.000000000000000000 ) ) ;
#1426 = CARTESIAN_POINT ( 'NONE',  ( -7.300000000000002487, 5.750000000000000000, -1.850000000000000089 ) ) ;
#1427 = FACE_OUTER_BOUND ( 'NONE', #1246, .T. ) ;
#1428 = VERTEX_POINT ( 'NONE', #4102 ) ;
#1429 = VECTOR ( 'NONE', #2268, 1000.000000000000000 ) ;
#1430 = CARTESIAN_POINT ( 'NONE',  ( -5.140808929720139808, 5.000000000000000000, 6.866613759074859115E-16 ) ) ;
#1431 = LINE ( 'NONE', #738, #3894 ) ;
#1432 = ADVANCED_FACE ( 'NONE', ( #1075, #2770 ), #4121, .F. ) ;
#1433 = LINE ( 'NONE', #3749, #997 ) ;
#1434 = ORIENTED_EDGE ( 'NONE', *, *, #2687, .F. ) ;
#1435 = EDGE_CURVE ( 'NONE', #574, #3699, #2833, .T. ) ;
#1436 = ORIENTED_EDGE ( 'NONE', *, *, #285, .T. ) ;
#1437 = VERTEX_POINT ( 'NONE', #3146 ) ;
#1438 = FACE_BOUND ( 'NONE', #1733, .T. ) ;
#1439 = UNCERTAINTY_MEASURE_WITH_UNIT (LENGTH_MEASURE( 1.000000000000000082E-05 ), #1592, 'distance_accuracy_value', 'NONE');
#1440 = CARTESIAN_POINT ( 'NONE',  ( 3.749999999999998224, 1.750000000000000000, 0.2999999999999999889 ) ) ;
#1441 = ORIENTED_EDGE ( 'NONE', *, *, #1645, .F. ) ;
#1442 = CARTESIAN_POINT ( 'NONE',  ( 5.225000000000002309, 1.750000000000000000, 1.649999999999999911 ) ) ;
#1443 = ORIENTED_EDGE ( 'NONE', *, *, #1401, .T. ) ;
#1444 = DIRECTION ( 'NONE',  ( 1.000000000000000000, 0.000000000000000000, 0.000000000000000000 ) ) ;
#1445 = CARTESIAN_POINT ( 'NONE',  ( -0.05000000000000229955, 4.336808689942014778E-16, -2.250000000000000000 ) ) ;
#1446 = CARTESIAN_POINT ( 'NONE',  ( -2.050000000000002487, 6.000000000000000000, 0.8800000000000000044 ) ) ;
#1447 = EDGE_CURVE ( 'NONE', #1407, #290, #3840, .T. ) ;
#1448 = ORIENTED_EDGE ( 'NONE', *, *, #2856, .T. ) ;
#1449 = DIRECTION ( 'NONE',  ( 0.000000000000000000, 0.000000000000000000, 1.000000000000000000 ) ) ;
#1450 = DIRECTION ( 'NONE',  ( -1.000000000000000000, 0.000000000000000000, 0.000000000000000000 ) ) ;
#1451 = LINE ( 'NONE', #2793, #2897 ) ;
#1452 = ITEM_DEFINED_TRANSFORMATION ( 'NONE', 'NONE', #1667,  #1615 ) ;
#1453 = ORIENTED_EDGE ( 'NONE', *, *, #25, .F. ) ;
#1454 = ORIENTED_EDGE ( 'NONE', *, *, #3868, .T. ) ;
#1455 = ORIENTED_EDGE ( 'NONE', *, *, #445, .F. ) ;
#1456 = EDGE_CURVE ( 'NONE', #4107, #3658, #1516, .T. ) ;
#1457 = FACE_OUTER_BOUND ( 'NONE', #248, .T. ) ;
#1458 = CARTESIAN_POINT ( 'NONE',  ( -0.05000000000000229955, -4.336808689942014778E-16, 2.250000000000000000 ) ) ;
#1459 = EDGE_CURVE ( 'NONE', #3046, #4288, #2515, .T. ) ;
#1460 = PLANE ( 'NONE',  #2893 ) ;
#1461 = ORIENTED_EDGE ( 'NONE', *, *, #4067, .T. ) ;
#1462 = AXIS2_PLACEMENT_3D ( 'NONE', #3940, #276, #1928 ) ;
#1463 = AXIS2_PLACEMENT_3D ( 'NONE', #2408, #3457, #434 ) ;
#1464 = CARTESIAN_POINT ( 'NONE',  ( -6.800000000000002487, 0.2000000000000000111, -2.250000000000000000 ) ) ;
#1465 = ORIENTED_EDGE ( 'NONE', *, *, #4367, .F. ) ;
#1466 = LINE ( 'NONE', #4157, #1469 ) ;
#1467 = LINE ( 'NONE', #3214, #3333 ) ;
#1468 = EDGE_LOOP ( 'NONE', ( #4242, #3138, #2392, #2323, #3811 ) ) ;
#1469 = VECTOR ( 'NONE', #533, 1000.000000000000000 ) ;
#1470 = ADVANCED_FACE ( 'NONE', ( #4207 ), #519, .F. ) ;
#1471 = LINE ( 'NONE', #784, #251 ) ;
#1472 = AXIS2_PLACEMENT_3D ( 'NONE', #3936, #2195, #3895 ) ;
#1473 = ORIENTED_EDGE ( 'NONE', *, *, #1189, .T. ) ;
#1474 = DIRECTION ( 'NONE',  ( 0.000000000000000000, 0.000000000000000000, 1.000000000000000000 ) ) ;
#1475 = AXIS2_PLACEMENT_3D ( 'NONE', #3060, #2067, #1364 ) ;
#1476 = CARTESIAN_POINT ( 'NONE',  ( -7.300000000000002487, 1.750000000000000000, 1.649999999999999911 ) ) ;
#1477 = CARTESIAN_POINT ( 'NONE',  ( 0.000000000000000000, 0.000000000000000000, 0.000000000000000000 ) ) ;
#1478 = ORIENTED_EDGE ( 'NONE', *, *, #2540, .F. ) ;
#1479 = ORIENTED_EDGE ( 'NONE', *, *, #1487, .F. ) ;
#1480 = PLANE ( 'NONE',  #2702 ) ;
#1481 = EDGE_CURVE ( 'NONE', #182, #765, #1219, .T. ) ;
#1482 = PLANE ( 'NONE',  #3035 ) ;
#1483 = EDGE_LOOP ( 'NONE', ( #2986, #480, #3631, #2581 ) ) ;
#1484 = DIRECTION ( 'NONE',  ( 0.000000000000000000, -1.000000000000000000, -3.872150616019655382E-16 ) ) ;
#1485 = LINE ( 'NONE', #3801, #1125 ) ;
#1486 = ORIENTED_EDGE ( 'NONE', *, *, #1144, .F. ) ;
#1487 = EDGE_CURVE ( 'NONE', #588, #353, #475, .T. ) ;
#1488 = EDGE_CURVE ( 'NONE', #3133, #3730, #3168, .T. ) ;
#1489 = CARTESIAN_POINT ( 'NONE',  ( 5.200000000000001954, 0.2000000000000000111, -2.250000000000000000 ) ) ;
#1490 = DIRECTION ( 'NONE',  ( -1.000000000000000000, -2.865843848928959741E-17, -2.149382886696720053E-16 ) ) ;
#1491 = CARTESIAN_POINT ( 'NONE',  ( -2.050000000000002487, 4.336808689942014778E-16, -2.250000000000000000 ) ) ;
#1492 = ORIENTED_EDGE ( 'NONE', *, *, #2614, .T. ) ;
#1493 = CARTESIAN_POINT ( 'NONE',  ( -5.250000000000000000, -2.419911892563235245, 0.8000000000000160316 ) ) ;
#1494 = VERTEX_POINT ( 'NONE', #3217 ) ;
#1495 = CARTESIAN_POINT ( 'NONE',  ( -4.750000000000000000, -0.4291796067500625034, 0.2999999999999999889 ) ) ;
#1496 = DIRECTION ( 'NONE',  ( -1.000000000000000000, 0.000000000000000000, 0.000000000000000000 ) ) ;
#1497 =( LENGTH_UNIT ( ) NAMED_UNIT ( * ) SI_UNIT ( .MILLI., .METRE. ) );
#1498 = EDGE_LOOP ( 'NONE', ( #663, #4353, #861, #76 ) ) ;
#1499 = ORIENTED_EDGE ( 'NONE', *, *, #2348, .F. ) ;
#1500 = DIRECTION ( 'NONE',  ( 0.000000000000000000, 4.336808689942020201E-16, -1.000000000000000000 ) ) ;
#1501 = DIRECTION ( 'NONE',  ( 0.000000000000000000, 0.000000000000000000, 1.000000000000000000 ) ) ;
#1502 = EDGE_CURVE ( 'NONE', #2578, #1222, #4187, .T. ) ;
#1503 = ORIENTED_EDGE ( 'NONE', *, *, #846, .T. ) ;
#1504 = EDGE_LOOP ( 'NONE', ( #4259, #269, #1263, #748 ) ) ;
#1505 = VECTOR ( 'NONE', #4136, 1000.000000000000000 ) ;
#1506 = LINE ( 'NONE', #1555, #3259 ) ;
#1507 = CARTESIAN_POINT ( 'NONE',  ( 4.799999999999997158, 0.2000000000000000111, -2.250000000000000000 ) ) ;
#1508 = ORIENTED_EDGE ( 'NONE', *, *, #4067, .F. ) ;
#1509 = EDGE_CURVE ( 'NONE', #268, #4235, #3237, .T. ) ;
#1510 = CARTESIAN_POINT ( 'NONE',  ( -4.800000000000002487, 0.2000000000000000111, -2.250000000000000000 ) ) ;
#1511 = PLANE ( 'NONE',  #4103 ) ;
#1512 = LINE ( 'NONE', #472, #4176 ) ;
#1513 = ORIENTED_EDGE ( 'NONE', *, *, #1824, .T. ) ;
#1514 = DIRECTION ( 'NONE',  ( -1.000000000000000000, 0.000000000000000000, 0.000000000000000000 ) ) ;
#1515 = VERTEX_POINT ( 'NONE', #148 ) ;
#1516 = LINE ( 'NONE', #2222, #2751 ) ;
#1517 = PLANE ( 'NONE',  #1333 ) ;
#1518 = APPLICATION_PROTOCOL_DEFINITION ( 'draft international standard', 'automotive_design', 1998, #2532 ) ;
#1519 = ORIENTED_EDGE ( 'NONE', *, *, #3474, .F. ) ;
#1520 = ORIENTED_EDGE ( 'NONE', *, *, #273, .F. ) ;
#1521 = VERTEX_POINT ( 'NONE', #2861 ) ;
#1522 = CARTESIAN_POINT ( 'NONE',  ( -7.200000000000002842, 2.250000000000000000, -2.623757129271619970 ) ) ;
#1523 = DIRECTION ( 'NONE',  ( -1.000000000000000000, 0.000000000000000000, 0.000000000000000000 ) ) ;
#1524 = VERTEX_POINT ( 'NONE', #1154 ) ;
#1525 = ADVANCED_FACE ( 'NONE', ( #2491 ), #3587, .F. ) ;
#1526 = FACE_OUTER_BOUND ( 'NONE', #4265, .T. ) ;
#1527 = FACE_OUTER_BOUND ( 'NONE', #3381, .T. ) ;
#1528 = ORIENTED_EDGE ( 'NONE', *, *, #63, .T. ) ;
#1529 = CARTESIAN_POINT ( 'NONE',  ( -4.859191070279860192, 5.000000000000000000, 0.8000000000000000444 ) ) ;
#1530 = DIRECTION ( 'NONE',  ( 1.000000000000000000, 0.000000000000000000, 0.000000000000000000 ) ) ;
#1531 = VECTOR ( 'NONE', #352, 1000.000000000000000 ) ;
#1532 = DIRECTION ( 'NONE',  ( 1.000000000000000000, 0.000000000000000000, 0.000000000000000000 ) ) ;
#1533 = DIRECTION ( 'NONE',  ( 0.000000000000000000, 3.318687873851555372E-16, -1.000000000000000000 ) ) ;
#1534 = AXIS2_PLACEMENT_3D ( 'NONE', #3324, #1193, #964 ) ;
#1535 = VECTOR ( 'NONE', #3201, 999.9999999999998863 ) ;
#1536 = EDGE_CURVE ( 'NONE', #492, #2578, #3863, .T. ) ;
#1537 = CARTESIAN_POINT ( 'NONE',  ( 5.750000000000002665, 6.000000000000000000, 0.8000000000000000444 ) ) ;
#1538 = VERTEX_POINT ( 'NONE', #3200 ) ;
#1539 = LINE ( 'NONE', #2184, #360 ) ;
#1540 = LINE ( 'NONE', #1220, #2174 ) ;
#1541 = FACE_BOUND ( 'NONE', #1693, .T. ) ;
#1542 = PRESENTATION_LAYER_ASSIGNMENT (  '', '', ( #782 ) ) ;
#1543 =( NAMED_UNIT ( * ) SI_UNIT ( $, .STERADIAN. ) SOLID_ANGLE_UNIT ( ) );
#1544 = VECTOR ( 'NONE', #810, 1000.000000000000000 ) ;
#1545 = ADVANCED_FACE ( 'NONE', ( #171 ), #2202, .F. ) ;
#1546 = VECTOR ( 'NONE', #3332, 1000.000000000000000 ) ;
#1547 = EDGE_LOOP ( 'NONE', ( #2477, #3392, #597, #3134 ) ) ;
#1548 = EDGE_LOOP ( 'NONE', ( #620, #2865, #407, #1924 ) ) ;
#1549 = CARTESIAN_POINT ( 'NONE',  ( -6.250000000000002665, 4.250000000000000000, -2.623757129271619970 ) ) ;
#1550 = CARTESIAN_POINT ( 'NONE',  ( -2.050000000000002487, -4.336808689942014778E-16, 2.250000000000000000 ) ) ;
#1551 = AXIS2_PLACEMENT_3D ( 'NONE', #1807, #2480, #3849 ) ;
#1552 = VERTEX_POINT ( 'NONE', #537 ) ;
#1553 = VERTEX_POINT ( 'NONE', #1495 ) ;
#1554 = VERTEX_POINT ( 'NONE', #131 ) ;
#1555 = CARTESIAN_POINT ( 'NONE',  ( -5.250000000000000000, -0.4291796067500625034, 0.8000000000000000444 ) ) ;
#1556 = CARTESIAN_POINT ( 'NONE',  ( 0.7999999999999973799, 0.2000000000000000111, -2.250000000000000000 ) ) ;
#1557 = CARTESIAN_POINT ( 'NONE',  ( -4.250000000000001776, 0.2000000000000000111, -2.250000000000000000 ) ) ;
#1558 = VERTEX_POINT ( 'NONE', #212 ) ;
#1559 = CARTESIAN_POINT ( 'NONE',  ( 0.2499999999999976130, 1.750000000000000000, 0.2999999999999999889 ) ) ;
#1560 = LINE ( 'NONE', #2604, #2758 ) ;
#1561 = VECTOR ( 'NONE', #2568, 1000.000000000000000 ) ;
#1562 = EDGE_CURVE ( 'NONE', #3110, #468, #1539, .T. ) ;
#1563 = LINE ( 'NONE', #3609, #1429 ) ;
#1564 = ORIENTED_EDGE ( 'NONE', *, *, #2393, .F. ) ;
#1565 = DIRECTION ( 'NONE',  ( 0.000000000000000000, 1.000000000000000000, 1.927470528863119788E-16 ) ) ;
#1566 = DIRECTION ( 'NONE',  ( 0.000000000000000000, 1.000000000000000000, 0.000000000000000000 ) ) ;
#1567 = LINE ( 'NONE', #2932, #2185 ) ;
#1568 = ORIENTED_EDGE ( 'NONE', *, *, #2550, .T. ) ;
#1569 = EDGE_CURVE ( 'NONE', #2296, #3126, #4256, .T. ) ;
#1570 = ORIENTED_EDGE ( 'NONE', *, *, #2288, .F. ) ;
#1571 = DIRECTION ( 'NONE',  ( 0.000000000000000000, 0.000000000000000000, -1.000000000000000000 ) ) ;
#1572 = ADVANCED_FACE ( 'NONE', ( #1846 ), #3634, .F. ) ;
#1573 = EDGE_CURVE ( 'NONE', #559, #2296, #3660, .T. ) ;
#1574 = FILL_AREA_STYLE_COLOUR ( '', #3181 ) ;
#1575 = ORIENTED_EDGE ( 'NONE', *, *, #2717, .T. ) ;
#1576 = EDGE_LOOP ( 'NONE', ( #2776, #1479, #1520, #2117, #3336, #4171, #197, #4001, #3886, #4047, #1347, #2957, #924, #2882, #1666, #1901, #2761, #4027, #4039, #1779, #2238, #1058, #2054, #518, #1845, #4125, #2075, #1157, #3934, #648, #84, #3935 ) ) ;
#1577 = DIRECTION ( 'NONE',  ( -1.000000000000000000, 0.000000000000000000, 0.000000000000000000 ) ) ;
#1578 = PLANE ( 'NONE',  #3115 ) ;
#1579 = CARTESIAN_POINT ( 'NONE',  ( -7.200000000000002842, 4.250000000000000000, -2.623757129271619970 ) ) ;
#1580 = VECTOR ( 'NONE', #325, 1000.000000000000000 ) ;
#1581 = CARTESIAN_POINT ( 'NONE',  ( -5.200000000000001954, 0.2000000000000000111, -2.250000000000000000 ) ) ;
#1582 = CARTESIAN_POINT ( 'NONE',  ( 7.300000000000002487, 1.750000000000000000, -1.850000000000000089 ) ) ;
#1583 = LINE ( 'NONE', #2287, #1977 ) ;
#1584 = DIRECTION ( 'NONE',  ( 0.000000000000000000, -0.1321637200910230070, -0.9912279006826340000 ) ) ;
#1585 = CARTESIAN_POINT ( 'NONE',  ( -3.200000000000002842, 0.2000000000000000111, 2.250000000000000000 ) ) ;
#1586 = EDGE_CURVE ( 'NONE', #2775, #1830, #1984, .T. ) ;
#1587 = PLANE ( 'NONE',  #933 ) ;
#1588 = CARTESIAN_POINT ( 'NONE',  ( -5.250000000000000000, -0.6751470842750398882, 0.7419349550499519941 ) ) ;
#1589 = ORIENTED_EDGE ( 'NONE', *, *, #2517, .F. ) ;
#1590 = ORIENTED_EDGE ( 'NONE', *, *, #3875, .F. ) ;
#1591 = DIRECTION ( 'NONE',  ( -1.239088197126289831E-16, 0.000000000000000000, -1.000000000000000000 ) ) ;
#1592 =( LENGTH_UNIT ( ) NAMED_UNIT ( * ) SI_UNIT ( .MILLI., .METRE. ) );
#1593 = EDGE_CURVE ( 'NONE', #1685, #3755, #2953, .T. ) ;
#1594 = CARTESIAN_POINT ( 'NONE',  ( -4.859191070279860192, 5.000000000000000000, 0.6908089297201369661 ) ) ;
#1595 = LINE ( 'NONE', #959, #3049 ) ;
#1596 = LINE ( 'NONE', #911, #1878 ) ;
#1597 = EDGE_CURVE ( 'NONE', #3229, #1830, #3973, .T. ) ;
#1598 = PRODUCT_DEFINITION_SHAPE ( 'NONE', 'NONE',  #4375 ) ;
#1599 = DIRECTION ( 'NONE',  ( 1.519869053105245017E-47, 0.000000000000000000, 1.000000000000000000 ) ) ;
#1600 = DIRECTION ( 'NONE',  ( -2.168404344971010101E-16, 0.000000000000000000, 1.000000000000000000 ) ) ;
#1601 = DIRECTION ( 'NONE',  ( -3.504579431022969726E-32, -1.000000000000000000, 0.000000000000000000 ) ) ;
#1602 = EDGE_LOOP ( 'NONE', ( #3144, #2748, #3621, #730 ) ) ;
#1603 = AXIS2_PLACEMENT_3D ( 'NONE', #1278, #637, #2218 ) ;
#1604 = DIRECTION ( 'NONE',  ( -1.000000000000000000, 0.000000000000000000, 0.000000000000000000 ) ) ;
#1605 = LINE ( 'NONE', #4011, #3857 ) ;
#1606 = LINE ( 'NONE', #3286, #498 ) ;
#1607 = CARTESIAN_POINT ( 'NONE',  ( 6.800000000000002487, 0.2000000000000000111, 2.250000000000000000 ) ) ;
#1608 = AXIS2_PLACEMENT_3D ( 'NONE', #3191, #4180, #3493 ) ;
#1609 = ADVANCED_FACE ( 'NONE', ( #4279 ), #2243, .F. ) ;
#1610 = ADVANCED_FACE ( 'NONE', ( #2584 ), #259, .F. ) ;
#1611 = VECTOR ( 'NONE', #1758, 1000.000000000000000 ) ;
#1612 = VERTEX_POINT ( 'NONE', #1631 ) ;
#1613 = ORIENTED_EDGE ( 'NONE', *, *, #384, .T. ) ;
#1614 = ORIENTED_EDGE ( 'NONE', *, *, #334, .F. ) ;
#1615 = AXIS2_PLACEMENT_3D ( 'NONE', #4311, #4356, #956 ) ;
#1616 = DIRECTION ( 'NONE',  ( 0.000000000000000000, -1.000000000000000000, 0.000000000000000000 ) ) ;
#1617 = VECTOR ( 'NONE', #3387, 1000.000000000000000 ) ;
#1618 = AXIS2_PLACEMENT_3D ( 'NONE', #1093, #2883, #2811 ) ;
#1619 =( NAMED_UNIT ( * ) SI_UNIT ( $, .STERADIAN. ) SOLID_ANGLE_UNIT ( ) );
#1620 = DIRECTION ( 'NONE',  ( 0.9396926207859092051, 0.3420201433256665480, 2.037633561849359791E-16 ) ) ;
#1621 = CARTESIAN_POINT ( 'NONE',  ( -2.050000000000002487, 6.000000000000000000, -2.100000000000000089 ) ) ;
#1622 = EDGE_CURVE ( 'NONE', #1422, #2616, #1959, .T. ) ;
#1623 = VECTOR ( 'NONE', #405, 1000.000000000000000 ) ;
#1624 = EDGE_CURVE ( 'NONE', #1181, #1305, #3611, .T. ) ;
#1625 = CARTESIAN_POINT ( 'NONE',  ( -5.250000000000000000, -0.7057513818695559937, 0.1676158118777479888 ) ) ;
#1626 = ORIENTED_EDGE ( 'NONE', *, *, #771, .F. ) ;
#1627 = CARTESIAN_POINT ( 'NONE',  ( -5.250000000000000000, -0.9583270453990848647, 0.6099893718935700537 ) ) ;
#1628 = CARTESIAN_POINT ( 'NONE',  ( -5.250000000000000000, -0.9293581796195340416, 0.6148294073777059721 ) ) ;
#1629 = EDGE_CURVE ( 'NONE', #809, #2300, #4300, .T. ) ;
#1630 = CARTESIAN_POINT ( 'NONE',  ( -7.300000000000002487, 1.750000000000000000, 1.649999999999999911 ) ) ;
#1631 = CARTESIAN_POINT ( 'NONE',  ( 7.200000000000002842, 4.250000000000000000, 1.649999999999999911 ) ) ;
#1632 = CARTESIAN_POINT ( 'NONE',  ( -4.250000000000001776, -3.399999999999999911, 0.2999999999999999889 ) ) ;
#1633 = LINE ( 'NONE', #2404, #4037 ) ;
#1634 = AXIS2_PLACEMENT_3D ( 'NONE', #2792, #1034, #4061 ) ;
#1635 = ORIENTED_EDGE ( 'NONE', *, *, #452, .T. ) ;
#1636 = ORIENTED_EDGE ( 'NONE', *, *, #630, .F. ) ;
#1637 = CARTESIAN_POINT ( 'NONE',  ( 5.225000000000002309, 6.000000000000000000, 1.899999999999999911 ) ) ;
#1638 = SURFACE_STYLE_USAGE ( .BOTH. , #4019 ) ;
#1639 = ORIENTED_EDGE ( 'NONE', *, *, #72, .F. ) ;
#1640 = CARTESIAN_POINT ( 'NONE',  ( -7.200000000000002842, 4.250000000000000000, 1.649999999999999911 ) ) ;
#1641 = DIRECTION ( 'NONE',  ( 0.000000000000000000, -1.000000000000000000, -1.198194479848324020E-16 ) ) ;
#1642 = CARTESIAN_POINT ( 'NONE',  ( -5.250000000000000000, -2.419911892563235245, 0.2500000000000000000 ) ) ;
#1643 = LINE ( 'NONE', #2263, #2685 ) ;
#1644 = LINE ( 'NONE', #3680, #4249 ) ;
#1645 = EDGE_CURVE ( 'NONE', #2388, #3796, #2610, .T. ) ;
#1646 = VECTOR ( 'NONE', #2355, 1000.000000000000000 ) ;
#1647 = LINE ( 'NONE', #1025, #4134 ) ;
#1648 = CARTESIAN_POINT ( 'NONE',  ( 5.200000000000001954, 0.2000000000000000111, -2.250000000000000000 ) ) ;
#1649 = CARTESIAN_POINT ( 'NONE',  ( -4.250000000000001776, 1.750000000000000000, 0.2999999999999999889 ) ) ;
#1650 = DIRECTION ( 'NONE',  ( 0.000000000000000000, 1.927470528863119788E-16, -1.000000000000000000 ) ) ;
#1651 = EDGE_LOOP ( 'NONE', ( #4357, #2657, #1151, #2444 ) ) ;
#1652 = EDGE_LOOP ( 'NONE', ( #57, #3638, #1786, #2847 ) ) ;
#1653 = DIRECTION ( 'NONE',  ( 0.000000000000000000, -3.165553788278845372E-16, 1.000000000000000000 ) ) ;
#1654 = VERTEX_POINT ( 'NONE', #2269 ) ;
#1655 = CARTESIAN_POINT ( 'NONE',  ( 1.949999999999997735, 4.336808689942014778E-16, -2.250000000000000000 ) ) ;
#1656 = DIRECTION ( 'NONE',  ( 0.000000000000000000, 1.000000000000000000, 0.000000000000000000 ) ) ;
#1657 = DIRECTION ( 'NONE',  ( 0.000000000000000000, -1.000000000000000000, -3.165553788278845372E-16 ) ) ;
#1658 = ORIENTED_EDGE ( 'NONE', *, *, #744, .T. ) ;
#1659 = LINE ( 'NONE', #74, #2975 ) ;
#1660 = CARTESIAN_POINT ( 'NONE',  ( -6.800000000000002487, -4.336808689942014778E-16, -2.250000000000000000 ) ) ;
#1661 = DIRECTION ( 'NONE',  ( -1.355252715606880049E-16, 1.000000000000000000, 0.000000000000000000 ) ) ;
#1662 = DIRECTION ( 'NONE',  ( 0.000000000000000000, 0.000000000000000000, 1.000000000000000000 ) ) ;
#1663 =( NAMED_UNIT ( * ) PLANE_ANGLE_UNIT ( ) SI_UNIT ( $, .RADIAN. ) );
#1664 = DIRECTION ( 'NONE',  ( -1.239088197126289831E-16, 2.036060417813154872E-16, -1.000000000000000000 ) ) ;
#1665 = EDGE_CURVE ( 'NONE', #1183, #3699, #1937, .T. ) ;
#1666 = ORIENTED_EDGE ( 'NONE', *, *, #439, .F. ) ;
#1667 = AXIS2_PLACEMENT_3D ( 'NONE', #3773, #1056, #2383 ) ;
#1668 = DIRECTION ( 'NONE',  ( -1.000000000000000000, -2.522858432348305322E-32, 0.000000000000000000 ) ) ;
#1669 = PLANE ( 'NONE',  #2129 ) ;
#1670 = DIRECTION ( 'NONE',  ( -1.000000000000000000, 0.000000000000000000, 0.000000000000000000 ) ) ;
#1671 = AXIS2_PLACEMENT_3D ( 'NONE', #165, #1530, #823 ) ;
#1672 =( NAMED_UNIT ( * ) SI_UNIT ( $, .STERADIAN. ) SOLID_ANGLE_UNIT ( ) );
#1673 = EDGE_CURVE ( 'NONE', #3569, #2789, #1605, .T. ) ;
#1674 = EDGE_CURVE ( 'NONE', #3729, #2360, #3305, .T. ) ;
#1675 = ORIENTED_EDGE ( 'NONE', *, *, #334, .T. ) ;
#1676 = VECTOR ( 'NONE', #886, 1000.000000000000000 ) ;
#1677 = AXIS2_PLACEMENT_3D ( 'NONE', #719, #1094, #3132 ) ;
#1678 = ORIENTED_EDGE ( 'NONE', *, *, #2550, .F. ) ;
#1679 = CARTESIAN_POINT ( 'NONE',  ( 6.725000000000002309, 6.000000000000000000, 2.250000000000000000 ) ) ;
#1680 = VECTOR ( 'NONE', #31, 1000.000000000000000 ) ;
#1681 = EDGE_CURVE ( 'NONE', #1553, #244, #3264, .T. ) ;
#1682 = VECTOR ( 'NONE', #3408, 1000.000000000000000 ) ;
#1683 = PLANE ( 'NONE',  #3383 ) ;
#1684 = PLANE ( 'NONE',  #3540 ) ;
#1685 = VERTEX_POINT ( 'NONE', #1285 ) ;
#1686 = DIRECTION ( 'NONE',  ( -1.000000000000000000, 0.000000000000000000, 0.000000000000000000 ) ) ;
#1687 = CARTESIAN_POINT ( 'NONE',  ( -2.800000000000002043, 0.2000000000000000111, -2.250000000000000000 ) ) ;
#1688 = CARTESIAN_POINT ( 'NONE',  ( 3.949999999999997957, -4.336808689942014778E-16, 2.250000000000000000 ) ) ;
#1689 = DIRECTION ( 'NONE',  ( -0.000000000000000000, 1.000000000000000000, 0.000000000000000000 ) ) ;
#1690 = CARTESIAN_POINT ( 'NONE',  ( 0.2499999999999976130, 0.2000000000000000111, 0.8000000000000000444 ) ) ;
#1691 = CARTESIAN_POINT ( 'NONE',  ( -3.750000000000002665, 1.750000000000000000, 0.8000000000000000444 ) ) ;
#1692 = ORIENTED_EDGE ( 'NONE', *, *, #23, .T. ) ;
#1693 = EDGE_LOOP ( 'NONE', ( #499, #791, #1692, #973 ) ) ;
#1694 = ADVANCED_FACE ( 'NONE', ( #2633 ), #3684, .F. ) ;
#1695 = EDGE_LOOP ( 'NONE', ( #1434, #3309, #3891, #1503 ) ) ;
#1696 = CYLINDRICAL_SURFACE ( 'NONE', #3969, 0.5499999999999789502 ) ;
#1697 = PRODUCT_DEFINITION_SHAPE ( 'NONE', 'NONE',  #4378 ) ;
#1698 = CARTESIAN_POINT ( 'NONE',  ( 5.200000000000001954, 0.2000000000000000111, 2.250000000000000000 ) ) ;
#1699 = DIRECTION ( 'NONE',  ( 1.000000000000000000, -3.504579431022969726E-32, -1.519869053105245017E-47 ) ) ;
#1700 = ORIENTED_EDGE ( 'NONE', *, *, #2997, .T. ) ;
#1701 = CARTESIAN_POINT ( 'NONE',  ( -7.200000000000002842, 4.250000000000000000, 1.649999999999999911 ) ) ;
#1702 = DIRECTION ( 'NONE',  ( 0.000000000000000000, 0.000000000000000000, 1.000000000000000000 ) ) ;
#1703 = DIRECTION ( 'NONE',  ( 0.000000000000000000, 0.000000000000000000, 1.000000000000000000 ) ) ;
#1704 = DIRECTION ( 'NONE',  ( 1.519869053105245017E-47, 0.000000000000000000, 1.000000000000000000 ) ) ;
#1705 = ORIENTED_EDGE ( 'NONE', *, *, #4049, .T. ) ;
#1706 = EDGE_CURVE ( 'NONE', #4148, #649, #645, .T. ) ;
#1707 = EDGE_CURVE ( 'NONE', #3929, #836, #3013, .T. ) ;
#1708 = LINE ( 'NONE', #3080, #124 ) ;
#1709 = AXIS2_PLACEMENT_3D ( 'NONE', #985, #617, #2998 ) ;
#1710 = LINE ( 'NONE', #2026, #2411 ) ;
#1711 = CARTESIAN_POINT ( 'NONE',  ( -0.8000000000000020428, 0.2000000000000000111, -2.250000000000000000 ) ) ;
#1712 = ORIENTED_EDGE ( 'NONE', *, *, #348, .F. ) ;
#1713 = EDGE_LOOP ( 'NONE', ( #1675, #239, #685, #1934 ) ) ;
#1714 = LINE ( 'NONE', #2452, #2615 ) ;
#1715 = EDGE_CURVE ( 'NONE', #196, #2571, #403, .T. ) ;
#1716 = DIRECTION ( 'NONE',  ( 2.168404344971010101E-16, -5.877471754111439729E-32, -1.000000000000000000 ) ) ;
#1717 = LINE ( 'NONE', #684, #1893 ) ;
#1718 = ORIENTED_EDGE ( 'NONE', *, *, #3836, .T. ) ;
#1719 = ADVANCED_FACE ( 'NONE', ( #733 ), #1749, .F. ) ;
#1720 = FACE_OUTER_BOUND ( 'NONE', #992, .T. ) ;
#1721 = CARTESIAN_POINT ( 'NONE',  ( 5.200000000000001954, 0.2000000000000000111, -2.250000000000000000 ) ) ;
#1722 = CARTESIAN_POINT ( 'NONE',  ( -7.300000000000002487, 5.750000000000000000, -0.1200000000000000094 ) ) ;
#1723 = DIRECTION ( 'NONE',  ( 0.000000000000000000, 0.000000000000000000, -1.000000000000000000 ) ) ;
#1724 = EDGE_LOOP ( 'NONE', ( #1079, #1575, #1325, #93 ) ) ;
#1725 = ORIENTED_EDGE ( 'NONE', *, *, #700, .T. ) ;
#1726 = DIRECTION ( 'NONE',  ( 0.000000000000000000, -1.000000000000000000, -2.036060417813154872E-16 ) ) ;
#1727 = DIRECTION ( 'NONE',  ( 0.000000000000000000, 0.000000000000000000, 1.000000000000000000 ) ) ;
#1728 = LINE ( 'NONE', #3103, #3456 ) ;
#1729 = EDGE_CURVE ( 'NONE', #2410, #314, #2356, .T. ) ;
#1730 =( NAMED_UNIT ( * ) PLANE_ANGLE_UNIT ( ) SI_UNIT ( $, .RADIAN. ) );
#1731 = ORIENTED_EDGE ( 'NONE', *, *, #2898, .T. ) ;
#1732 = ORIENTED_EDGE ( 'NONE', *, *, #2042, .T. ) ;
#1733 = EDGE_LOOP ( 'NONE', ( #88, #2364, #3295, #785 ) ) ;
#1734 = DIRECTION ( 'NONE',  ( 0.000000000000000000, 1.000000000000000000, 0.000000000000000000 ) ) ;
#1735 = VECTOR ( 'NONE', #3491, 1000.000000000000000 ) ;
#1736 = DIRECTION ( 'NONE',  ( 0.000000000000000000, 1.198194479848324020E-16, -1.000000000000000000 ) ) ;
#1737 = VECTOR ( 'NONE', #3667, 1000.000000000000000 ) ;
#1738 = VECTOR ( 'NONE', #4231, 1000.000000000000000 ) ;
#1739 = EDGE_CURVE ( 'NONE', #22, #3263, #688, .T. ) ;
#1740 = LINE ( 'NONE', #4363, #4233 ) ;
#1741 = VECTOR ( 'NONE', #2853, 1000.000000000000000 ) ;
#1742 = VECTOR ( 'NONE', #3548, 1000.000000000000000 ) ;
#1743 = ORIENTED_EDGE ( 'NONE', *, *, #3066, .T. ) ;
#1744 = VERTEX_POINT ( 'NONE', #3763 ) ;
#1745 = ORIENTED_EDGE ( 'NONE', *, *, #3760, .T. ) ;
#1746 = VECTOR ( 'NONE', #1577, 1000.000000000000000 ) ;
#1747 = VECTOR ( 'NONE', #1080, 1000.000000000000114 ) ;
#1748 = EDGE_CURVE ( 'NONE', #1292, #3052, #2736, .T. ) ;
#1749 = PLANE ( 'NONE',  #260 ) ;
#1750 = EDGE_CURVE ( 'NONE', #1612, #3526, #2045, .T. ) ;
#1751 = DIRECTION ( 'NONE',  ( -0.7071067811865489050, 0.7071067811865460184, 0.000000000000000000 ) ) ;
#1752 = CARTESIAN_POINT ( 'NONE',  ( -1.750000000000002442, 1.750000000000000000, 0.8000000000000000444 ) ) ;
#1753 = VECTOR ( 'NONE', #236, 1000.000000000000000 ) ;
#1754 = ORIENTED_EDGE ( 'NONE', *, *, #1447, .T. ) ;
#1755 = PLANE ( 'NONE',  #677 ) ;
#1756 = VERTEX_POINT ( 'NONE', #2020 ) ;
#1757 = CARTESIAN_POINT ( 'NONE',  ( -5.750000000000002665, 1.750000000000000000, 0.2999999999999999889 ) ) ;
#1758 = DIRECTION ( 'NONE',  ( 0.000000000000000000, -1.000000000000000000, 0.000000000000000000 ) ) ;
#1759 = DIRECTION ( 'NONE',  ( -6.982962677686266711E-15, 0.000000000000000000, -1.000000000000000000 ) ) ;
#1760 = EDGE_LOOP ( 'NONE', ( #1166, #1195, #2317, #821 ) ) ;
#1761 = ORIENTED_EDGE ( 'NONE', *, *, #775, .F. ) ;
#1762 = AXIS2_PLACEMENT_3D ( 'NONE', #1804, #1899, #504 ) ;
#1763 = LINE ( 'NONE', #2126, #3045 ) ;
#1764 = LINE ( 'NONE', #3823, #3597 ) ;
#1765 = ADVANCED_FACE ( 'NONE', ( #1106 ), #342, .F. ) ;
#1766 = CARTESIAN_POINT ( 'NONE',  ( -7.950000000000001954, 1.389999999999999902, 2.250000000000000000 ) ) ;
#1767 = ORIENTED_EDGE ( 'NONE', *, *, #686, .F. ) ;
#1768 = PLANE ( 'NONE',  #3251 ) ;
#1769 = CARTESIAN_POINT ( 'NONE',  ( -4.750000000000000000, -0.4291796067500634471, 0.2500000000000000000 ) ) ;
#1770 = CARTESIAN_POINT ( 'NONE',  ( -2.050000000000002487, 4.336808689942014778E-16, -2.250000000000000000 ) ) ;
#1771 = ORIENTED_EDGE ( 'NONE', *, *, #3556, .F. ) ;
#1772 = EDGE_CURVE ( 'NONE', #3617, #1553, #102, .T. ) ;
#1773 = VECTOR ( 'NONE', #3585, 1000.000000000000000 ) ;
#1774 = DIRECTION ( 'NONE',  ( 0.000000000000000000, 1.000000000000000000, 0.000000000000000000 ) ) ;
#1775 = VERTEX_POINT ( 'NONE', #3721 ) ;
#1776 = CARTESIAN_POINT ( 'NONE',  ( -5.250000000000000000, -0.9293581796195340416, 0.6148294073777050839 ) ) ;
#1777 = CARTESIAN_POINT ( 'NONE',  ( 4.799999999999997158, 0.2000000000000000111, -2.250000000000000000 ) ) ;
#1778 = DIRECTION ( 'NONE',  ( 1.000000000000000000, 0.000000000000000000, 0.000000000000000000 ) ) ;
#1779 = ORIENTED_EDGE ( 'NONE', *, *, #3708, .F. ) ;
#1780 = VECTOR ( 'NONE', #1256, 1000.000000000000000 ) ;
#1781 = ORIENTED_EDGE ( 'NONE', *, *, #1715, .T. ) ;
#1782 = ORIENTED_EDGE ( 'NONE', *, *, #2310, .F. ) ;
#1783 = DIRECTION ( 'NONE',  ( 0.000000000000000000, 0.000000000000000000, 1.000000000000000000 ) ) ;
#1784 = CIRCLE ( 'NONE', #46, 0.5499999999999998224 ) ;
#1785 = DIRECTION ( 'NONE',  ( 0.5773502691896277295, 0.5773502691896237327, 0.5773502691896256200 ) ) ;
#1786 = ORIENTED_EDGE ( 'NONE', *, *, #1941, .F. ) ;
#1787 = AXIS2_PLACEMENT_3D ( 'NONE', #2723, #1668, #2025 ) ;
#1788 = PRODUCT_DEFINITION_SHAPE ( 'NONE', 'NONE',  #4336 ) ;
#1789 = LINE ( 'NONE', #4221, #419 ) ;
#1790 = VERTEX_POINT ( 'NONE', #2786 ) ;
#1791 = EDGE_CURVE ( 'NONE', #2711, #2672, #4056, .T. ) ;
#1792 = DIRECTION ( 'NONE',  ( -2.522858432348305322E-32, 1.000000000000000000, 0.000000000000000000 ) ) ;
#1793 = LINE ( 'NONE', #2467, #2749 ) ;
#1794 = PLANE ( 'NONE',  #2328 ) ;
#1795 = ORIENTED_EDGE ( 'NONE', *, *, #2005, .T. ) ;
#1796 = EDGE_CURVE ( 'NONE', #3657, #3501, #1026, .T. ) ;
#1797 = CARTESIAN_POINT ( 'NONE',  ( 3.749999999999998224, -3.399999999999999911, 0.2999999999999999889 ) ) ;
#1798 = CARTESIAN_POINT ( 'NONE',  ( -2.050000000000002487, 4.336808689942014778E-16, -2.250000000000000000 ) ) ;
#1799 = FACE_OUTER_BOUND ( 'NONE', #3445, .T. ) ;
#1800 = SHAPE_DEFINITION_REPRESENTATION ( #1788, #321 ) ;
#1801 = EDGE_LOOP ( 'NONE', ( #813, #145, #2146, #2123 ) ) ;
#1802 = VERTEX_POINT ( 'NONE', #365 ) ;
#1803 = ORIENTED_EDGE ( 'NONE', *, *, #1806, .T. ) ;
#1804 = CARTESIAN_POINT ( 'NONE',  ( 7.200000000000002842, 4.250000000000000000, -2.623757129271619970 ) ) ;
#1805 = ADVANCED_FACE ( 'NONE', ( #1069, #755 ), #1049, .F. ) ;
#1806 = EDGE_CURVE ( 'NONE', #1096, #3449, #34, .T. ) ;
#1807 = CARTESIAN_POINT ( 'NONE',  ( 7.950000000000001954, 6.000000000000000000, 0.8800000000000000044 ) ) ;
#1808 = DIRECTION ( 'NONE',  ( -1.000000000000000000, 0.000000000000000000, 0.000000000000000000 ) ) ;
#1809 = DIRECTION ( 'NONE',  ( 0.000000000000000000, 1.000000000000000000, 0.000000000000000000 ) ) ;
#1810 = ORIENTED_EDGE ( 'NONE', *, *, #3232, .T. ) ;
#1811 = AXIS2_PLACEMENT_3D ( 'NONE', #1489, #206, #778 ) ;
#1812 = PRESENTATION_LAYER_ASSIGNMENT (  '', '', ( #2607 ) ) ;
#1813 = VECTOR ( 'NONE', #387, 1000.000000000000000 ) ;
#1814 = CARTESIAN_POINT ( 'NONE',  ( -5.225000000000002309, 1.750000000000000000, 2.250000000000000000 ) ) ;
#1815 = DIRECTION ( 'NONE',  ( 0.000000000000000000, -0.9912279006826346661, 0.1321637200910179555 ) ) ;
#1816 = PLANE ( 'NONE',  #3118 ) ;
#1817 = VERTEX_POINT ( 'NONE', #3739 ) ;
#1818 = VECTOR ( 'NONE', #1253, 1000.000000000000000 ) ;
#1819 = VECTOR ( 'NONE', #814, 1000.000000000000000 ) ;
#1820 = LINE ( 'NONE', #1493, #3639 ) ;
#1821 = AXIS2_PLACEMENT_3D ( 'NONE', #1186, #1855, #3230 ) ;
#1822 = ORIENTED_EDGE ( 'NONE', *, *, #1536, .T. ) ;
#1823 = DIRECTION ( 'NONE',  ( 0.000000000000000000, -1.000000000000000000, -3.872150616019655382E-16 ) ) ;
#1824 = EDGE_CURVE ( 'NONE', #649, #3602, #710, .T. ) ;
#1825 = AXIS2_PLACEMENT_3D ( 'NONE', #1688, #3425, #1650 ) ;
#1826 = VECTOR ( 'NONE', #3946, 1000.000000000000000 ) ;
#1827 = DIRECTION ( 'NONE',  ( -1.000000000000000000, 0.000000000000000000, 0.000000000000000000 ) ) ;
#1828 = ITEM_DEFINED_TRANSFORMATION ( 'NONE', 'NONE', #922,  #1615 ) ;
#1829 = EDGE_LOOP ( 'NONE', ( #4352, #2384, #3673, #4210 ) ) ;
#1830 = VERTEX_POINT ( 'NONE', #80 ) ;
#1831 = ORIENTED_EDGE ( 'NONE', *, *, #3646, .F. ) ;
#1832 = LINE ( 'NONE', #1522, #1819 ) ;
#1833 = CARTESIAN_POINT ( 'NONE',  ( -6.250000000000002665, 0.2000000000000000111, 0.2999999999999999889 ) ) ;
#1834 = EDGE_LOOP ( 'NONE', ( #2890, #3941, #2101, #173, #178 ) ) ;
#1835 = EDGE_LOOP ( 'NONE', ( #1873, #502, #723, #2863 ) ) ;
#1836 = EDGE_CURVE ( 'NONE', #2588, #2254, #386, .T. ) ;
#1837 = DIRECTION ( 'NONE',  ( 0.000000000000000000, -2.478176394252580155E-16, 1.000000000000000000 ) ) ;
#1838 = DIRECTION ( 'NONE',  ( 1.000000000000000000, 0.000000000000000000, 0.000000000000000000 ) ) ;
#1839 = DIRECTION ( 'NONE',  ( 0.000000000000000000, 0.000000000000000000, 1.000000000000000000 ) ) ;
#1840 = CARTESIAN_POINT ( 'NONE',  ( -4.750000000000000000, -2.413303706558679984, 0.2995613950341305398 ) ) ;
#1841 = CARTESIAN_POINT ( 'NONE',  ( 7.300000000000002487, 4.500000000000000000, -0.1200000000000000094 ) ) ;
#1842 = APPLICATION_CONTEXT ( 'automotive_design' ) ;
#1843 = EDGE_CURVE ( 'NONE', #3990, #542, #2764, .T. ) ;
#1844 = CARTESIAN_POINT ( 'NONE',  ( -4.800000000000002487, 0.2000000000000000111, 2.250000000000000000 ) ) ;
#1845 = ORIENTED_EDGE ( 'NONE', *, *, #3652, .F. ) ;
#1846 = FACE_OUTER_BOUND ( 'NONE', #2273, .T. ) ;
#1847 = LINE ( 'NONE', #241, #4238 ) ;
#1848 = ITEM_DEFINED_TRANSFORMATION ( 'NONE', 'NONE', #4310,  #1615 ) ;
#1849 = VERTEX_POINT ( 'NONE', #3784 ) ;
#1850 = ORIENTED_EDGE ( 'NONE', *, *, #4280, .T. ) ;
#1851 = DIRECTION ( 'NONE',  ( 0.000000000000000000, 0.4472135954999612029, -0.8944271909999143011 ) ) ;
#1852 = DIRECTION ( 'NONE',  ( -1.000000000000000000, 0.000000000000000000, 0.000000000000000000 ) ) ;
#1853 = ORIENTED_EDGE ( 'NONE', *, *, #2553, .T. ) ;
#1854 = ORIENTED_EDGE ( 'NONE', *, *, #3374, .F. ) ;
#1855 = DIRECTION ( 'NONE',  ( -1.000000000000000000, 0.000000000000000000, 0.000000000000000000 ) ) ;
#1856 = DIRECTION ( 'NONE',  ( -1.000000000000000000, -4.848699518061080246E-16, 0.000000000000000000 ) ) ;
#1857 = ADVANCED_FACE ( 'NONE', ( #2091 ), #3446, .F. ) ;
#1858 = FACE_OUTER_BOUND ( 'NONE', #1548, .T. ) ;
#1859 = PRODUCT_DEFINITION_SHAPE ( 'NONE', 'NONE',  #4371 ) ;
#1860 = LINE ( 'NONE', #3855, #3186 ) ;
#1861 = CARTESIAN_POINT ( 'NONE',  ( -4.859191070279860192, -3.399999999999999911, 0.4091910702798604582 ) ) ;
#1862 = ADVANCED_FACE ( 'NONE', ( #847 ), #3900, .T. ) ;
#1863 = LINE ( 'NONE', #1537, #3500 ) ;
#1864 = ORIENTED_EDGE ( 'NONE', *, *, #199, .T. ) ;
#1865 = CARTESIAN_POINT ( 'NONE',  ( 6.250000000000002665, 6.000000000000000000, 2.149999999999999911 ) ) ;
#1866 = LINE ( 'NONE', #3169, #4092 ) ;
#1867 = PLANE ( 'NONE',  #715 ) ;
#1868 = APPLICATION_PROTOCOL_DEFINITION ( 'draft international standard', 'automotive_design', 1998, #1104 ) ;
#1869 = ORIENTED_EDGE ( 'NONE', *, *, #2942, .T. ) ;
#1870 = ORIENTED_EDGE ( 'NONE', *, *, #1161, .T. ) ;
#1871 = DIRECTION ( 'NONE',  ( -1.000000000000000000, 0.000000000000000000, 0.000000000000000000 ) ) ;
#1872 = CARTESIAN_POINT ( 'NONE',  ( 6.133333333333332860, 4.583333333333339255, 0.4833333333333349469 ) ) ;
#1873 = ORIENTED_EDGE ( 'NONE', *, *, #1487, .T. ) ;
#1874 = ORIENTED_EDGE ( 'NONE', *, *, #2512, .T. ) ;
#1875 = CARTESIAN_POINT ( 'NONE',  ( -5.250000000000000000, -0.6751470842750408874, 0.7419349550499519941 ) ) ;
#1876 = DIRECTION ( 'NONE',  ( 1.000000000000000000, 0.000000000000000000, 0.000000000000000000 ) ) ;
#1877 = CARTESIAN_POINT ( 'NONE',  ( 6.250000000000002665, 6.000000000000000000, 0.8000000000000000444 ) ) ;
#1878 = VECTOR ( 'NONE', #2963, 1000.000000000000000 ) ;
#1879 = CARTESIAN_POINT ( 'NONE',  ( 7.300000000000002487, 1.750000000000000000, -1.850000000000000089 ) ) ;
#1880 = LINE ( 'NONE', #2199, #1753 ) ;
#1881 = VERTEX_POINT ( 'NONE', #141 ) ;
#1882 = EDGE_CURVE ( 'NONE', #2475, #153, #912, .T. ) ;
#1883 = ORIENTED_EDGE ( 'NONE', *, *, #4305, .F. ) ;
#1884 = VECTOR ( 'NONE', #3226, 1000.000000000000000 ) ;
#1885 = VECTOR ( 'NONE', #2787, 1000.000000000000000 ) ;
#1886 = EDGE_CURVE ( 'NONE', #1096, #2616, #3233, .T. ) ;
#1887 = CARTESIAN_POINT ( 'NONE',  ( -6.250000000000002665, 2.250000000000000000, 2.250000000000000000 ) ) ;
#1888 = ADVANCED_FACE ( 'NONE', ( #3876 ), #1768, .F. ) ;
#1889 = ORIENTED_EDGE ( 'NONE', *, *, #2838, .T. ) ;
#1890 = CARTESIAN_POINT ( 'NONE',  ( -4.750000000000000000, -3.100000000000000089, 0.8000000000000000444 ) ) ;
#1891 = CARTESIAN_POINT ( 'NONE',  ( 1.749999999999998002, 1.750000000000000000, 0.2999999999999999889 ) ) ;
#1892 = DIRECTION ( 'NONE',  ( 0.000000000000000000, -2.478176394252580155E-16, 1.000000000000000000 ) ) ;
#1893 = VECTOR ( 'NONE', #2351, 1000.000000000000000 ) ;
#1894 = EDGE_LOOP ( 'NONE', ( #1700, #2471, #4127, #829 ) ) ;
#1895 = EDGE_LOOP ( 'NONE', ( #3288, #3002, #1109, #130 ) ) ;
#1896 = VECTOR ( 'NONE', #2358, 1000.000000000000000 ) ;
#1897 = EDGE_LOOP ( 'NONE', ( #2124, #1636, #3187, #2635 ) ) ;
#1898 = VERTEX_POINT ( 'NONE', #4155 ) ;
#1899 = DIRECTION ( 'NONE',  ( 1.000000000000000000, -4.336808689942020201E-16, 0.000000000000000000 ) ) ;
#1900 = CARTESIAN_POINT ( 'NONE',  ( 7.950000000000001954, 0.8299999999999999600, 2.250000000000000000 ) ) ;
#1901 = ORIENTED_EDGE ( 'NONE', *, *, #4323, .F. ) ;
#1902 = VERTEX_POINT ( 'NONE', #3473 ) ;
#1903 = CARTESIAN_POINT ( 'NONE',  ( 5.000000000000002665, 1.750000000000000000, 0.8000000000000000444 ) ) ;
#1904 = PLANE ( 'NONE',  #3536 ) ;
#1905 = ADVANCED_FACE ( 'NONE', ( #3212 ), #2878, .F. ) ;
#1906 = EDGE_CURVE ( 'NONE', #268, #3593, #3542, .T. ) ;
#1907 = DIRECTION ( 'NONE',  ( 0.000000000000000000, -1.000000000000000000, 0.000000000000000000 ) ) ;
#1908 = FACE_OUTER_BOUND ( 'NONE', #289, .T. ) ;
#1909 = CARTESIAN_POINT ( 'NONE',  ( -7.200000000000002842, 4.250000000000000000, 2.250000000000000000 ) ) ;
#1910 = VERTEX_POINT ( 'NONE', #3559 ) ;
#1911 = VERTEX_POINT ( 'NONE', #2534 ) ;
#1912 = AXIS2_PLACEMENT_3D ( 'NONE', #674, #312, #4309 ) ;
#1913 = LINE ( 'NONE', #3284, #1773 ) ;
#1914 = CARTESIAN_POINT ( 'NONE',  ( -7.300000000000002487, 4.500000000000000000, -0.1200000000000000094 ) ) ;
#1915 = PRESENTATION_STYLE_ASSIGNMENT (( #1938 ) ) ;
#1916 = CARTESIAN_POINT ( 'NONE',  ( 7.950000000000001954, 6.000000000000000000, 2.250000000000000000 ) ) ;
#1917 = ADVANCED_FACE ( 'NONE', ( #1129 ), #3803, .F. ) ;
#1918 = EDGE_CURVE ( 'NONE', #3349, #2110, #1, .T. ) ;
#1919 = ORIENTED_EDGE ( 'NONE', *, *, #253, .F. ) ;
#1920 = ORIENTED_EDGE ( 'NONE', *, *, #4174, .T. ) ;
#1921 = CARTESIAN_POINT ( 'NONE',  ( -5.200000000000001954, 0.2000000000000000111, -2.250000000000000000 ) ) ;
#1922 = CARTESIAN_POINT ( 'NONE',  ( -7.300000000000002487, 5.750000000000000000, 0.8800000000000000044 ) ) ;
#1923 = ADVANCED_FACE ( 'NONE', ( #470 ), #803, .F. ) ;
#1924 = ORIENTED_EDGE ( 'NONE', *, *, #920, .T. ) ;
#1925 = DIRECTION ( 'NONE',  ( 1.000000000000000000, -8.878267891924859778E-32, 2.168404344971010101E-16 ) ) ;
#1926 = DIRECTION ( 'NONE',  ( -1.000000000000000000, 2.598170116223389715E-32, -2.168404344971010101E-16 ) ) ;
#1927 = CARTESIAN_POINT ( 'NONE',  ( 7.300000000000002487, 1.750000000000000000, -1.850000000000000089 ) ) ;
#1928 = DIRECTION ( 'NONE',  ( 0.000000000000000000, 1.000000000000000000, 0.000000000000000000 ) ) ;
#1929 = EDGE_CURVE ( 'NONE', #1423, #2409, #1147, .T. ) ;
#1930 = EDGE_CURVE ( 'NONE', #2249, #3038, #874, .T. ) ;
#1931 =( REPRESENTATION_RELATIONSHIP ('NONE','NONE', #2132, #1964 ) REPRESENTATION_RELATIONSHIP_WITH_TRANSFORMATION ( #1828 )SHAPE_REPRESENTATION_RELATIONSHIP( ) );
#1932 = CARTESIAN_POINT ( 'NONE',  ( -5.250000000000000000, -3.100000000000000089, 0.8000000000000000444 ) ) ;
#1933 = PLANE ( 'NONE',  #2544 ) ;
#1934 = ORIENTED_EDGE ( 'NONE', *, *, #1992, .F. ) ;
#1935 = CIRCLE ( 'NONE', #1787, 0.5000000000000000000 ) ;
#1936 = LINE ( 'NONE', #238, #667 ) ;
#1937 = LINE ( 'NONE', #1890, #189 ) ;
#1938 = SURFACE_STYLE_USAGE ( .BOTH. , #2291 ) ;
#1939 = LINE ( 'NONE', #1588, #941 ) ;
#1940 = VERTEX_POINT ( 'NONE', #2197 ) ;
#1941 = EDGE_CURVE ( 'NONE', #4099, #3038, #2819, .T. ) ;
#1942 = ORIENTED_EDGE ( 'NONE', *, *, #174, .T. ) ;
#1943 = VERTEX_POINT ( 'NONE', #185 ) ;
#1944 = DIRECTION ( 'NONE',  ( 1.000000000000000000, 0.000000000000000000, 0.000000000000000000 ) ) ;
#1945 = CARTESIAN_POINT ( 'NONE',  ( 2.799999999999997158, 0.2000000000000000111, 2.250000000000000000 ) ) ;
#1946 = LINE ( 'NONE', #1996, #1002 ) ;
#1947 = EDGE_CURVE ( 'NONE', #3449, #2519, #532, .T. ) ;
#1948 = CARTESIAN_POINT ( 'NONE',  ( -7.300000000000002487, 1.750000000000000000, -1.850000000000000089 ) ) ;
#1949 = ADVANCED_FACE ( 'NONE', ( #487, #1858 ), #1168, .F. ) ;
#1950 = DIRECTION ( 'NONE',  ( -4.336808689942015271E-16, 1.000000000000000000, 0.000000000000000000 ) ) ;
#1951 = LINE ( 'NONE', #1557, #4161 ) ;
#1952 = ORIENTED_EDGE ( 'NONE', *, *, #3868, .F. ) ;
#1953 = LINE ( 'NONE', #1932, #2321 ) ;
#1954 = PLANE ( 'NONE',  #776 ) ;
#1955 = ORIENTED_EDGE ( 'NONE', *, *, #4290, .F. ) ;
#1956 = AXIS2_PLACEMENT_3D ( 'NONE', #3601, #3008, #299 ) ;
#1957 = PRODUCT_DEFINITION ( 'UNKNOWN', '', #4156, #2917 ) ;
#1958 = LINE ( 'NONE', #2951, #2347 ) ;
#1959 = LINE ( 'NONE', #1585, #1826 ) ;
#1960 = DIRECTION ( 'NONE',  ( 1.084202172485503818E-16, 1.000000000000000000, 2.036060417813154872E-16 ) ) ;
#1961 = CARTESIAN_POINT ( 'NONE',  ( 3.749999999999998224, 1.750000000000000000, 0.8000000000000000444 ) ) ;
#1962 = VECTOR ( 'NONE', #839, 1000.000000000000000 ) ;
#1963 = AXIS2_PLACEMENT_3D ( 'NONE', #3596, #3650, #4062 ) ;
#1964 = SHAPE_REPRESENTATION ( 'pin', ( #1615 ), #293 ) ;
#1965 = VERTEX_POINT ( 'NONE', #2113 ) ;
#1966 = EDGE_LOOP ( 'NONE', ( #1163, #3735, #2956, #3908 ) ) ;
#1967 = ADVANCED_FACE ( 'NONE', ( #2628 ), #895, .F. ) ;
#1968 = VERTEX_POINT ( 'NONE', #2647 ) ;
#1969 = CARTESIAN_POINT ( 'NONE',  ( -2.800000000000002043, 0.2000000000000000111, 2.250000000000000000 ) ) ;
#1970 = VECTOR ( 'NONE', #713, 1000.000000000000000 ) ;
#1971 = LINE ( 'NONE', #1945, #3455 ) ;
#1972 = ORIENTED_EDGE ( 'NONE', *, *, #2662, .T. ) ;
#1973 = VECTOR ( 'NONE', #3377, 1000.000000000000000 ) ;
#1974 = VECTOR ( 'NONE', #1334, 1000.000000000000000 ) ;
#1975 = CARTESIAN_POINT ( 'NONE',  ( 1.199999999999997957, 0.2000000000000000111, -2.250000000000000000 ) ) ;
#1976 = CARTESIAN_POINT ( 'NONE',  ( -5.225000000000002309, 6.000000000000000000, -2.623757129271619970 ) ) ;
#1977 = VECTOR ( 'NONE', #3235, 1000.000000000000000 ) ;
#1978 = ADVANCED_FACE ( 'NONE', ( #2965 ), #3278, .F. ) ;
#1979 = CARTESIAN_POINT ( 'NONE',  ( -5.200000000000001954, 4.336808689942014778E-16, -2.250000000000000000 ) ) ;
#1980 = DIRECTION ( 'NONE',  ( 1.000000000000000000, -2.710505431213760099E-16, 0.000000000000000000 ) ) ;
#1981 = DIRECTION ( 'NONE',  ( 0.000000000000000000, 1.000000000000000000, 1.927470528863119788E-16 ) ) ;
#1982 = ORIENTED_EDGE ( 'NONE', *, *, #768, .F. ) ;
#1983 = CARTESIAN_POINT ( 'NONE',  ( -1.750000000000002442, 1.750000000000000000, 0.2999999999999999889 ) ) ;
#1984 = LINE ( 'NONE', #1914, #9 ) ;
#1985 = DIRECTION ( 'NONE',  ( 0.000000000000000000, 1.000000000000000000, 0.000000000000000000 ) ) ;
#1986 = DIRECTION ( 'NONE',  ( -1.000000000000000000, 0.000000000000000000, 0.000000000000000000 ) ) ;
#1987 = VERTEX_POINT ( 'NONE', #2558 ) ;
#1988 = VERTEX_POINT ( 'NONE', #4004 ) ;
#1989 = ORIENTED_EDGE ( 'NONE', *, *, #4304, .F. ) ;
#1990 = EDGE_LOOP ( 'NONE', ( #957, #3862, #1030, #798 ) ) ;
#1991 = CARTESIAN_POINT ( 'NONE',  ( 7.300000000000002487, 1.750000000000000000, -1.850000000000000089 ) ) ;
#1992 = EDGE_CURVE ( 'NONE', #2925, #3617, #3918, .T. ) ;
#1993 = ADVANCED_FACE ( 'NONE', ( #2233 ), #572, .F. ) ;
#1994 = ORIENTED_EDGE ( 'NONE', *, *, #3770, .F. ) ;
#1995 = EDGE_LOOP ( 'NONE', ( #1874, #583, #1057, #302 ) ) ;
#1996 = CARTESIAN_POINT ( 'NONE',  ( 1.199999999999997957, -4.336808689942014778E-16, -2.250000000000000000 ) ) ;
#1997 = FACE_OUTER_BOUND ( 'NONE', #1713, .T. ) ;
#1998 = EDGE_CURVE ( 'NONE', #2519, #353, #2923, .T. ) ;
#1999 = VECTOR ( 'NONE', #2221, 1000.000000000000000 ) ;
#2000 = CARTESIAN_POINT ( 'NONE',  ( -0.8000000000000020428, 0.2000000000000000111, 0.2999999999999999889 ) ) ;
#2001 = PLANE ( 'NONE',  #1336 ) ;
#2002 = FACE_OUTER_BOUND ( 'NONE', #3802, .T. ) ;
#2003 = VERTEX_POINT ( 'NONE', #3254 ) ;
#2004 = CARTESIAN_POINT ( 'NONE',  ( -0.8000000000000020428, 0.2000000000000000111, -2.250000000000000000 ) ) ;
#2005 = EDGE_CURVE ( 'NONE', #2774, #3571, #1951, .T. ) ;
#2006 = DIRECTION ( 'NONE',  ( 1.000000000000000000, 0.000000000000000000, 0.000000000000000000 ) ) ;
#2007 = EDGE_CURVE ( 'NONE', #2588, #2594, #981, .T. ) ;
#2008 = CARTESIAN_POINT ( 'NONE',  ( -4.750000000000000000, -3.100000000000000089, 0.8000000000000000444 ) ) ;
#2009 = CARTESIAN_POINT ( 'NONE',  ( -2.800000000000002043, 0.2000000000000000111, 2.250000000000000000 ) ) ;
#2010 = ORIENTED_EDGE ( 'NONE', *, *, #3232, .F. ) ;
#2011 = PLANE ( 'NONE',  #2150 ) ;
#2012 = DIRECTION ( 'NONE',  ( -1.355252715606880049E-16, 1.000000000000000000, 0.000000000000000000 ) ) ;
#2013 = DIRECTION ( 'NONE',  ( -1.000000000000000000, 0.000000000000000000, 6.982962677686266711E-15 ) ) ;
#2014 = LINE ( 'NONE', #2301, #230 ) ;
#2015 = DIRECTION ( 'NONE',  ( -1.414176746720221921E-16, 2.036060417813154872E-16, -1.000000000000000000 ) ) ;
#2016 = LINE ( 'NONE', #2416, #3523 ) ;
#2017 = LINE ( 'NONE', #3380, #4318 ) ;
#2018 = ORIENTED_EDGE ( 'NONE', *, *, #658, .T. ) ;
#2019 = LINE ( 'NONE', #3405, #671 ) ;
#2020 = CARTESIAN_POINT ( 'NONE',  ( 2.799999999999997158, 0.2000000000000000111, -2.250000000000000000 ) ) ;
#2021 = CARTESIAN_POINT ( 'NONE',  ( -5.750000000000002665, 6.000000000000000000, 0.8000000000000000444 ) ) ;
#2022 = CARTESIAN_POINT ( 'NONE',  ( -0.2500000000000019429, 0.2000000000000000111, -2.250000000000000000 ) ) ;
#2023 = EDGE_CURVE ( 'NONE', #1206, #2450, #3345, .T. ) ;
#2024 = DIRECTION ( 'NONE',  ( -0.9396926207859092051, 0.3420201433256665480, -2.037633561849361271E-16 ) ) ;
#2025 = DIRECTION ( 'NONE',  ( 0.000000000000000000, 0.000000000000000000, -1.000000000000000000 ) ) ;
#2026 = CARTESIAN_POINT ( 'NONE',  ( -7.300000000000002487, 5.750000000000000000, 1.649999999999999911 ) ) ;
#2027 = DIRECTION ( 'NONE',  ( 0.000000000000000000, 0.000000000000000000, 1.000000000000000000 ) ) ;
#2028 = CIRCLE ( 'NONE', #3176, 0.05000000000000000278 ) ;
#2029 = SURFACE_STYLE_FILL_AREA ( #1038 ) ;
#2030 = VERTEX_POINT ( 'NONE', #1979 ) ;
#2031 = VERTEX_POINT ( 'NONE', #1625 ) ;
#2032 = VECTOR ( 'NONE', #2954, 1000.000000000000000 ) ;
#2033 = EDGE_LOOP ( 'NONE', ( #3492, #1271, #672, #871 ) ) ;
#2034 = CARTESIAN_POINT ( 'NONE',  ( -4.250000000000001776, 1.750000000000000000, 0.2999999999999999889 ) ) ;
#2035 = CIRCLE ( 'NONE', #4031, 0.05000000000000123096 ) ;
#2036 = AXIS2_PLACEMENT_3D ( 'NONE', #438, #1059, #4150 ) ;
#2037 = AXIS2_PLACEMENT_3D ( 'NONE', #569, #1808, #3248 ) ;
#2038 = AXIS2_PLACEMENT_3D ( 'NONE', #1221, #4302, #2565 ) ;
#2039 = DIRECTION ( 'NONE',  ( 0.000000000000000000, -1.000000000000000000, 0.000000000000000000 ) ) ;
#2040 = CARTESIAN_POINT ( 'NONE',  ( -5.200000000000001954, -4.336808689942014778E-16, 2.250000000000000000 ) ) ;
#2041 = ORIENTED_EDGE ( 'NONE', *, *, #2194, .T. ) ;
#2042 = EDGE_CURVE ( 'NONE', #1521, #1494, #2028, .T. ) ;
#2043 = ADVANCED_FACE ( 'NONE', ( #3651 ), #2577, .F. ) ;
#2044 = LINE ( 'NONE', #1701, #4276 ) ;
#2045 = LINE ( 'NONE', #4073, #1505 ) ;
#2046 = CARTESIAN_POINT ( 'NONE',  ( -5.250000000000000000, 4.700000000000000178, 0.2999999999999999889 ) ) ;
#2047 = LINE ( 'NONE', #13, #1682 ) ;
#2048 = DIRECTION ( 'NONE',  ( 0.000000000000000000, -1.000000000000000000, 0.000000000000000000 ) ) ;
#2049 = CARTESIAN_POINT ( 'NONE',  ( 7.200000000000002842, 4.250000000000000000, 2.250000000000000000 ) ) ;
#2050 = EDGE_CURVE ( 'NONE', #3977, #1817, #2991, .T. ) ;
#2051 = CARTESIAN_POINT ( 'NONE',  ( 4.799999999999997158, -4.336808689942014778E-16, -2.250000000000000000 ) ) ;
#2052 = SURFACE_STYLE_USAGE ( .BOTH. , #764 ) ;
#2053 = CIRCLE ( 'NONE', #3698, 0.5499999999999789502 ) ;
#2054 = ORIENTED_EDGE ( 'NONE', *, *, #3515, .F. ) ;
#2055 = CARTESIAN_POINT ( 'NONE',  ( -7.950000000000001954, 4.500000000000000000, -0.1200000000000000094 ) ) ;
#2056 = EDGE_CURVE ( 'NONE', #3026, #1898, #612, .T. ) ;
#2057 = EDGE_CURVE ( 'NONE', #2030, #2089, #1214, .T. ) ;
#2058 = ORIENTED_EDGE ( 'NONE', *, *, #362, .F. ) ;
#2059 = DIRECTION ( 'NONE',  ( 0.000000000000000000, 0.4472135954999579832, -0.8944271909999159664 ) ) ;
#2060 = CARTESIAN_POINT ( 'NONE',  ( -7.950000000000001954, 4.500000000000000000, 0.3800000000000000044 ) ) ;
#2061 = ORIENTED_EDGE ( 'NONE', *, *, #324, .F. ) ;
#2062 = ADVANCED_FACE ( 'NONE', ( #914 ), #317, .F. ) ;
#2063 = EDGE_CURVE ( 'NONE', #1943, #3216, #2600, .T. ) ;
#2064 = DIRECTION ( 'NONE',  ( 1.000000000000000000, -3.504579431022969726E-32, -1.519869053105245017E-47 ) ) ;
#2065 = DIRECTION ( 'NONE',  ( 0.000000000000000000, 0.000000000000000000, 1.000000000000000000 ) ) ;
#2066 = SURFACE_STYLE_FILL_AREA ( #2421 ) ;
#2067 = DIRECTION ( 'NONE',  ( -0.000000000000000000, 1.000000000000000000, 0.000000000000000000 ) ) ;
#2068 = ORIENTED_EDGE ( 'NONE', *, *, #3653, .T. ) ;
#2069 = DIRECTION ( 'NONE',  ( 1.414176746720221921E-16, -2.036060417813154872E-16, 1.000000000000000000 ) ) ;
#2070 = ORIENTED_EDGE ( 'NONE', *, *, #2643, .F. ) ;
#2071 = DIRECTION ( 'NONE',  ( 0.000000000000000000, 0.000000000000000000, 1.000000000000000000 ) ) ;
#2072 = FACE_OUTER_BOUND ( 'NONE', #3171, .T. ) ;
#2073 = DIRECTION ( 'NONE',  ( -6.982962677686266711E-15, 0.000000000000000000, -1.000000000000000000 ) ) ;
#2074 =( REPRESENTATION_RELATIONSHIP ('NONE','NONE', #2132, #1964 ) REPRESENTATION_RELATIONSHIP_WITH_TRANSFORMATION ( #1848 )SHAPE_REPRESENTATION_RELATIONSHIP( ) );
#2075 = ORIENTED_EDGE ( 'NONE', *, *, #2682, .T. ) ;
#2076 = ADVANCED_FACE ( 'NONE', ( #2261 ), #4319, .F. ) ;
#2077 = VERTEX_POINT ( 'NONE', #3379 ) ;
#2078 = ORIENTED_EDGE ( 'NONE', *, *, #1173, .F. ) ;
#2079 = EDGE_CURVE ( 'NONE', #622, #4307, #3401, .T. ) ;
#2080 = ORIENTED_EDGE ( 'NONE', *, *, #2057, .T. ) ;
#2081 = CARTESIAN_POINT ( 'NONE',  ( 5.200000000000001954, -4.336808689942014778E-16, -2.250000000000000000 ) ) ;
#2082 = FACE_OUTER_BOUND ( 'NONE', #4251, .T. ) ;
#2083 = VERTEX_POINT ( 'NONE', #1021 ) ;
#2084 = EDGE_CURVE ( 'NONE', #3263, #2409, #2016, .T. ) ;
#2085 = LINE ( 'NONE', #3781, #1390 ) ;
#2086 = ORIENTED_EDGE ( 'NONE', *, *, #3304, .F. ) ;
#2087 = CARTESIAN_POINT ( 'NONE',  ( 5.200000000000001954, 0.2000000000000000111, -2.250000000000000000 ) ) ;
#2088 = ORIENTED_EDGE ( 'NONE', *, *, #25, .T. ) ;
#2089 = VERTEX_POINT ( 'NONE', #3072 ) ;
#2090 = PLANE ( 'NONE',  #3361 ) ;
#2091 = FACE_OUTER_BOUND ( 'NONE', #978, .T. ) ;
#2092 = CARTESIAN_POINT ( 'NONE',  ( -7.950000000000001954, 0.8299999999999999600, 2.250000000000000000 ) ) ;
#2093 = DIRECTION ( 'NONE',  ( -1.000000000000000000, 0.000000000000000000, 0.000000000000000000 ) ) ;
#2094 = ORIENTED_EDGE ( 'NONE', *, *, #736, .F. ) ;
#2095 = ORIENTED_EDGE ( 'NONE', *, *, #582, .T. ) ;
#2096 = CARTESIAN_POINT ( 'NONE',  ( -4.000000000000000000, 5.000000000000000000, 6.866613759074859115E-16 ) ) ;
#2097 = CARTESIAN_POINT ( 'NONE',  ( 7.300000000000002487, 4.500000000000000000, 0.8800000000000000044 ) ) ;
#2098 = CARTESIAN_POINT ( 'NONE',  ( 5.225000000000002309, 6.000000000000000000, -2.623757129271619970 ) ) ;
#2099 = ORIENTED_EDGE ( 'NONE', *, *, #362, .T. ) ;
#2100 = EDGE_LOOP ( 'NONE', ( #3203, #1211, #2165, #697 ) ) ;
#2101 = ORIENTED_EDGE ( 'NONE', *, *, #2393, .T. ) ;
#2102 = FACE_BOUND ( 'NONE', #58, .T. ) ;
#2103 = VECTOR ( 'NONE', #3580, 1000.000000000000000 ) ;
#2104 = DIRECTION ( 'NONE',  ( 0.000000000000000000, 1.927470528863119788E-16, -1.000000000000000000 ) ) ;
#2105 = ORIENTED_EDGE ( 'NONE', *, *, #3416, .F. ) ;
#2106 = VECTOR ( 'NONE', #1108, 1000.000000000000000 ) ;
#2107 = STYLED_ITEM ( 'NONE', ( #1915 ), #2780 ) ;
#2108 = CARTESIAN_POINT ( 'NONE',  ( 5.000000000000002665, 3.000000000000000000, 2.149999999999999911 ) ) ;
#2109 = VECTOR ( 'NONE', #595, 1000.000000000000000 ) ;
#2110 = VERTEX_POINT ( 'NONE', #3 ) ;
#2111 = EDGE_CURVE ( 'NONE', #2672, #3990, #399, .T. ) ;
#2112 = VECTOR ( 'NONE', #1986, 1000.000000000000000 ) ;
#2113 = CARTESIAN_POINT ( 'NONE',  ( -4.750000000000000000, -0.9293581796195340416, 0.6148294073777059721 ) ) ;
#2114 = CARTESIAN_POINT ( 'NONE',  ( 6.250000000000002665, 4.250000000000000000, -2.623757129271619970 ) ) ;
#2115 = CARTESIAN_POINT ( 'NONE',  ( -2.800000000000002043, 0.2000000000000000111, -2.250000000000000000 ) ) ;
#2116 = AXIS2_PLACEMENT_3D ( 'NONE', #747, #1319, #662 ) ;
#2117 = ORIENTED_EDGE ( 'NONE', *, *, #1622, .F. ) ;
#2118 = DIRECTION ( 'NONE',  ( 0.000000000000000000, -2.478176394252580155E-16, 1.000000000000000000 ) ) ;
#2119 = PLANE ( 'NONE',  #1634 ) ;
#2120 = PLANE ( 'NONE',  #1677 ) ;
#2121 = CONTEXT_DEPENDENT_SHAPE_REPRESENTATION ( #4269, #4303 ) ;
#2122 = ORIENTED_EDGE ( 'NONE', *, *, #2232, .T. ) ;
#2123 = ORIENTED_EDGE ( 'NONE', *, *, #1459, .F. ) ;
#2124 = ORIENTED_EDGE ( 'NONE', *, *, #1772, .T. ) ;
#2125 = ORIENTED_EDGE ( 'NONE', *, *, #3637, .F. ) ;
#2126 = CARTESIAN_POINT ( 'NONE',  ( -2.250000000000001776, -3.399999999999999911, 0.2999999999999999889 ) ) ;
#2127 = EDGE_CURVE ( 'NONE', #3796, #426, #1393, .T. ) ;
#2128 = LINE ( 'NONE', #4152, #931 ) ;
#2129 = AXIS2_PLACEMENT_3D ( 'NONE', #2320, #2024, #3375 ) ;
#2130 = FACE_OUTER_BOUND ( 'NONE', #2606, .T. ) ;
#2131 = EDGE_LOOP ( 'NONE', ( #1705, #3325, #1614, #2919 ) ) ;
#2132 = SHAPE_REPRESENTATION ( 'B7B-PH-K-S', ( #1326, #3389, #1463, #990, #1667, #4310, #2737, #922, #2814 ), #3514 ) ;
#2133 = ADVANCED_FACE ( 'NONE', ( #1063 ), #71, .F. ) ;
#2134 = CARTESIAN_POINT ( 'NONE',  ( -7.300000000000002487, 5.750000000000000000, -1.850000000000000089 ) ) ;
#2135 = CARTESIAN_POINT ( 'NONE',  ( 7.300000000000002487, 5.750000000000000000, -1.850000000000000089 ) ) ;
#2136 = DIRECTION ( 'NONE',  ( 1.000000000000000000, 0.000000000000000000, 0.000000000000000000 ) ) ;
#2137 = ORIENTED_EDGE ( 'NONE', *, *, #1173, .T. ) ;
#2138 = EDGE_CURVE ( 'NONE', #3730, #4266, #2085, .T. ) ;
#2139 = LINE ( 'NONE', #2445, #2484 ) ;
#2140 = ADVANCED_FACE ( 'NONE', ( #2760 ), #3419, .F. ) ;
#2141 = ORIENTED_EDGE ( 'NONE', *, *, #3397, .F. ) ;
#2142 = CARTESIAN_POINT ( 'NONE',  ( -2.050000000000002487, 4.500000000000000000, 0.3800000000000000044 ) ) ;
#2143 = LINE ( 'NONE', #3238, #3105 ) ;
#2144 = ORIENTED_EDGE ( 'NONE', *, *, #3128, .T. ) ;
#2145 = VERTEX_POINT ( 'NONE', #1083 ) ;
#2146 = ORIENTED_EDGE ( 'NONE', *, *, #3016, .F. ) ;
#2147 = ADVANCED_FACE ( 'NONE', ( #47 ), #1683, .F. ) ;
#2148 = CARTESIAN_POINT ( 'NONE',  ( -7.950000000000001954, 6.000000000000000000, 0.8800000000000000044 ) ) ;
#2149 = CARTESIAN_POINT ( 'NONE',  ( 5.200000000000001954, 0.2000000000000000111, 0.8000000000000000444 ) ) ;
#2150 = AXIS2_PLACEMENT_3D ( 'NONE', #1381, #3393, #1348 ) ;
#2151 = DIRECTION ( 'NONE',  ( 1.519869053105245017E-47, 0.000000000000000000, 1.000000000000000000 ) ) ;
#2152 = ORIENTED_EDGE ( 'NONE', *, *, #3772, .T. ) ;
#2153 = ORIENTED_EDGE ( 'NONE', *, *, #759, .T. ) ;
#2154 = DIRECTION ( 'NONE',  ( -0.7071067811865461294, -0.7071067811865490160, -5.635444616649879636E-17 ) ) ;
#2155 = PRODUCT_DEFINITION_SHAPE ( 'NONE', 'NONE',  #1957 ) ;
#2156 = CARTESIAN_POINT ( 'NONE',  ( -4.750000000000000000, -0.9293581796195340416, 0.6148294073777059721 ) ) ;
#2157 = CARTESIAN_POINT ( 'NONE',  ( 6.250000000000002665, 6.000000000000000000, 2.149999999999999911 ) ) ;
#2158 = VERTEX_POINT ( 'NONE', #2397 ) ;
#2159 = LINE ( 'NONE', #494, #740 ) ;
#2160 = CARTESIAN_POINT ( 'NONE',  ( 3.199999999999997957, 0.2000000000000000111, -2.250000000000000000 ) ) ;
#2161 = AXIS2_PLACEMENT_3D ( 'NONE', #423, #3123, #2439 ) ;
#2162 = LINE ( 'NONE', #2516, #1128 ) ;
#2163 = CONTEXT_DEPENDENT_SHAPE_REPRESENTATION ( #2074, #1598 ) ;
#2164 = ORIENTED_EDGE ( 'NONE', *, *, #1045, .F. ) ;
#2165 = ORIENTED_EDGE ( 'NONE', *, *, #3467, .F. ) ;
#2166 = DIRECTION ( 'NONE',  ( -1.000000000000000000, 0.000000000000000000, 0.000000000000000000 ) ) ;
#2167 = LINE ( 'NONE', #505, #1405 ) ;
#2168 = ORIENTED_EDGE ( 'NONE', *, *, #2656, .F. ) ;
#2169 = EDGE_LOOP ( 'NONE', ( #286, #4070, #3269, #1421 ) ) ;
#2170 = AXIS2_PLACEMENT_3D ( 'NONE', #3854, #3511, #4250 ) ;
#2171 = LINE ( 'NONE', #2920, #366 ) ;
#2172 = CARTESIAN_POINT ( 'NONE',  ( 7.200000000000002842, 2.250000000000000000, 2.250000000000000000 ) ) ;
#2173 = ORIENTED_EDGE ( 'NONE', *, *, #1674, .T. ) ;
#2174 = VECTOR ( 'NONE', #1827, 1000.000000000000000 ) ;
#2175 = VECTOR ( 'NONE', #849, 1000.000000000000000 ) ;
#2176 = CARTESIAN_POINT ( 'NONE',  ( -7.300000000000002487, 1.750000000000000000, -1.850000000000000089 ) ) ;
#2177 = DIRECTION ( 'NONE',  ( 0.000000000000000000, 0.000000000000000000, 1.000000000000000000 ) ) ;
#2178 = PLANE ( 'NONE',  #94 ) ;
#2179 = ORIENTED_EDGE ( 'NONE', *, *, #3847, .T. ) ;
#2180 = VECTOR ( 'NONE', #2093, 1000.000000000000000 ) ;
#2181 = AXIS2_PLACEMENT_3D ( 'NONE', #767, #3756, #1734 ) ;
#2182 = LINE ( 'NONE', #854, #3852 ) ;
#2183 = VECTOR ( 'NONE', #272, 1000.000000000000000 ) ;
#2184 = CARTESIAN_POINT ( 'NONE',  ( 5.200000000000001954, 0.2000000000000000111, 0.2999999999999999889 ) ) ;
#2185 = VECTOR ( 'NONE', #1242, 1000.000000000000000 ) ;
#2186 = VECTOR ( 'NONE', #925, 1000.000000000000000 ) ;
#2187 = DIRECTION ( 'NONE',  ( 1.000000000000000000, 4.476652557876059775E-32, -1.414176746720221921E-16 ) ) ;
#2188 = ORIENTED_EDGE ( 'NONE', *, *, #2977, .T. ) ;
#2189 = EDGE_CURVE ( 'NONE', #3449, #588, #337, .T. ) ;
#2190 = DIRECTION ( 'NONE',  ( 1.000000000000000000, 0.000000000000000000, 0.000000000000000000 ) ) ;
#2191 = EDGE_CURVE ( 'NONE', #353, #3271, #1339, .T. ) ;
#2192 = LINE ( 'NONE', #3157, #1962 ) ;
#2193 = ORIENTED_EDGE ( 'NONE', *, *, #4139, .T. ) ;
#2194 = EDGE_CURVE ( 'NONE', #4235, #2300, #2349, .T. ) ;
#2195 = DIRECTION ( 'NONE',  ( -2.037633561849361271E-16, 0.3420201433256665480, -0.9396926207859092051 ) ) ;
#2196 = LINE ( 'NONE', #3210, #2382 ) ;
#2197 = CARTESIAN_POINT ( 'NONE',  ( 7.950000000000001954, 1.389999999999999902, 1.850000000000000089 ) ) ;
#2198 = LINE ( 'NONE', #4203, #3327 ) ;
#2199 = CARTESIAN_POINT ( 'NONE',  ( -4.250000000000001776, -3.399999999999999911, 0.8000000000000000444 ) ) ;
#2200 = FACE_OUTER_BOUND ( 'NONE', #2982, .T. ) ;
#2201 = EDGE_LOOP ( 'NONE', ( #3981, #202, #1831, #3087 ) ) ;
#2202 = PLANE ( 'NONE',  #222 ) ;
#2203 = DIRECTION ( 'NONE',  ( 0.000000000000000000, -2.478176394252580155E-16, 1.000000000000000000 ) ) ;
#2204 = CARTESIAN_POINT ( 'NONE',  ( -4.750000000000000000, -2.419911892563235245, 0.8000000000000000444 ) ) ;
#2205 = DIRECTION ( 'NONE',  ( 0.000000000000000000, 0.000000000000000000, 1.000000000000000000 ) ) ;
#2206 = EDGE_LOOP ( 'NONE', ( #3554, #3753, #2795, #420 ) ) ;
#2207 = ORIENTED_EDGE ( 'NONE', *, *, #2057, .F. ) ;
#2208 = VERTEX_POINT ( 'NONE', #2696 ) ;
#2209 = CARTESIAN_POINT ( 'NONE',  ( -3.750000000000002665, 1.750000000000000000, 0.2999999999999999889 ) ) ;
#2210 = DIRECTION ( 'NONE',  ( 0.000000000000000000, 1.000000000000000000, 0.000000000000000000 ) ) ;
#2211 = ORIENTED_EDGE ( 'NONE', *, *, #2687, .T. ) ;
#2212 = ORIENTED_EDGE ( 'NONE', *, *, #3397, .T. ) ;
#2213 = ORIENTED_EDGE ( 'NONE', *, *, #1300, .T. ) ;
#2214 = VECTOR ( 'NONE', #79, 1000.000000000000000 ) ;
#2215 = CARTESIAN_POINT ( 'NONE',  ( -7.300000000000002487, 4.500000000000000000, 0.3800000000000000044 ) ) ;
#2216 = CARTESIAN_POINT ( 'NONE',  ( 7.550000000000002487, 6.000000000000000000, 1.899999999999999911 ) ) ;
#2217 = ADVANCED_FACE ( 'NONE', ( #3441 ), #1044, .F. ) ;
#2218 = DIRECTION ( 'NONE',  ( 1.519869053105245017E-47, 0.000000000000000000, 1.000000000000000000 ) ) ;
#2219 = DIRECTION ( 'NONE',  ( 0.000000000000000000, 0.000000000000000000, 1.000000000000000000 ) ) ;
#2220 = DIRECTION ( 'NONE',  ( 0.000000000000000000, 1.927470528863119788E-16, -1.000000000000000000 ) ) ;
#2221 = DIRECTION ( 'NONE',  ( 0.000000000000000000, 0.000000000000000000, 1.000000000000000000 ) ) ;
#2222 = CARTESIAN_POINT ( 'NONE',  ( 3.749999999999998224, 1.750000000000000000, 0.2999999999999999889 ) ) ;
#2223 = CARTESIAN_POINT ( 'NONE',  ( -7.300000000000002487, 5.750000000000000000, 1.649999999999999911 ) ) ;
#2224 = DIRECTION ( 'NONE',  ( 0.000000000000000000, -0.8944271909999158554, -0.4472135954999579277 ) ) ;
#2225 = ORIENTED_EDGE ( 'NONE', *, *, #3562, .T. ) ;
#2226 = DIRECTION ( 'NONE',  ( 0.000000000000000000, -1.000000000000000000, 0.000000000000000000 ) ) ;
#2227 = FACE_OUTER_BOUND ( 'NONE', #1288, .T. ) ;
#2228 = EDGE_CURVE ( 'NONE', #2809, #1307, #1740, .T. ) ;
#2229 = ORIENTED_EDGE ( 'NONE', *, *, #2374, .F. ) ;
#2230 = CARTESIAN_POINT ( 'NONE',  ( 1.749999999999998002, -3.399999999999999911, 0.8000000000000000444 ) ) ;
#2231 = CARTESIAN_POINT ( 'NONE',  ( 2.799999999999997158, -4.336808689942014778E-16, 2.250000000000000000 ) ) ;
#2232 = EDGE_CURVE ( 'NONE', #468, #1817, #4025, .T. ) ;
#2233 = FACE_OUTER_BOUND ( 'NONE', #1210, .T. ) ;
#2234 = AXIS2_PLACEMENT_3D ( 'NONE', #2947, #4295, #1252 ) ;
#2235 = ORIENTED_EDGE ( 'NONE', *, *, #797, .T. ) ;
#2236 = CARTESIAN_POINT ( 'NONE',  ( -5.250000000000000000, -0.9583270453990848647, 0.6099893718935700537 ) ) ;
#2237 = CARTESIAN_POINT ( 'NONE',  ( -0.04999999999999731048, -4.336808689942014778E-16, 2.250000000000000000 ) ) ;
#2238 = ORIENTED_EDGE ( 'NONE', *, *, #3966, .F. ) ;
#2239 = VECTOR ( 'NONE', #825, 1000.000000000000000 ) ;
#2240 = VECTOR ( 'NONE', #2187, 1000.000000000000000 ) ;
#2241 = LINE ( 'NONE', #3923, #2934 ) ;
#2242 = ORIENTED_EDGE ( 'NONE', *, *, #1230, .T. ) ;
#2243 = PLANE ( 'NONE',  #2981 ) ;
#2244 = CARTESIAN_POINT ( 'NONE',  ( 1.749999999999998002, 0.2000000000000000111, 0.2999999999999999889 ) ) ;
#2245 = VECTOR ( 'NONE', #805, 1000.000000000000000 ) ;
#2246 = AXIS2_PLACEMENT_3D ( 'NONE', #3360, #679, #354 ) ;
#2247 = ORIENTED_EDGE ( 'NONE', *, *, #1043, .F. ) ;
#2248 = AXIS2_PLACEMENT_3D ( 'NONE', #2115, #2807, #4117 ) ;
#2249 = VERTEX_POINT ( 'NONE', #3732 ) ;
#2250 = CARTESIAN_POINT ( 'NONE',  ( -4.750000000000000000, -3.100000000000000089, 0.8000000000000000444 ) ) ;
#2251 = CARTESIAN_POINT ( 'NONE',  ( 3.749999999999998224, -3.399999999999999911, 0.8000000000000000444 ) ) ;
#2252 = ORIENTED_EDGE ( 'NONE', *, *, #2524, .F. ) ;
#2253 = VERTEX_POINT ( 'NONE', #3715 ) ;
#2254 = VERTEX_POINT ( 'NONE', #2369 ) ;
#2255 = EDGE_CURVE ( 'NONE', #3501, #1052, #703, .T. ) ;
#2256 = EDGE_CURVE ( 'NONE', #2300, #492, #1485, .T. ) ;
#2257 = CARTESIAN_POINT ( 'NONE',  ( -2.250000000000001776, 1.750000000000000000, 0.2999999999999999889 ) ) ;
#2258 = FACE_OUTER_BOUND ( 'NONE', #3003, .T. ) ;
#2259 = FACE_BOUND ( 'NONE', #2442, .T. ) ;
#2260 = VECTOR ( 'NONE', #2297, 1000.000000000000114 ) ;
#2261 = FACE_OUTER_BOUND ( 'NONE', #3890, .T. ) ;
#2262 = ORIENTED_EDGE ( 'NONE', *, *, #2643, .T. ) ;
#2263 = CARTESIAN_POINT ( 'NONE',  ( 3.199999999999997957, 0.2000000000000000111, 0.2999999999999999889 ) ) ;
#2264 = DIRECTION ( 'NONE',  ( 2.522858432348305322E-32, -1.000000000000000000, 0.000000000000000000 ) ) ;
#2265 = EDGE_CURVE ( 'NONE', #2409, #4288, #799, .T. ) ;
#2266 = VECTOR ( 'NONE', #265, 1000.000000000000000 ) ;
#2267 = EDGE_CURVE ( 'NONE', #2871, #523, #120, .T. ) ;
#2268 = DIRECTION ( 'NONE',  ( 0.000000000000000000, -1.000000000000000000, 0.000000000000000000 ) ) ;
#2269 = CARTESIAN_POINT ( 'NONE',  ( -4.859191070279860192, 5.000000000000000000, 0.4091910702798595145 ) ) ;
#2270 = FACE_OUTER_BOUND ( 'NONE', #3428, .T. ) ;
#2271 = CARTESIAN_POINT ( 'NONE',  ( -6.250000000000002665, 4.250000000000000000, 1.649999999999999911 ) ) ;
#2272 = ADVANCED_FACE ( 'NONE', ( #2846 ), #4199, .F. ) ;
#2273 = EDGE_LOOP ( 'NONE', ( #1138, #3663, #2125, #473 ) ) ;
#2274 = EDGE_CURVE ( 'NONE', #3972, #836, #100, .T. ) ;
#2275 = ORIENTED_EDGE ( 'NONE', *, *, #2348, .T. ) ;
#2276 = ORIENTED_EDGE ( 'NONE', *, *, #2462, .T. ) ;
#2277 = LINE ( 'NONE', #3312, #4185 ) ;
#2278 = SURFACE_STYLE_FILL_AREA ( #2322 ) ;
#2279 = LINE ( 'NONE', #2257, #1746 ) ;
#2280 = FACE_OUTER_BOUND ( 'NONE', #4324, .T. ) ;
#2281 = CARTESIAN_POINT ( 'NONE',  ( -5.225000000000002309, 6.000000000000000000, 1.899999999999999911 ) ) ;
#2282 = VECTOR ( 'NONE', #4369, 1000.000000000000000 ) ;
#2283 = AXIS2_PLACEMENT_3D ( 'NONE', #1687, #2401, #3058 ) ;
#2284 = DIRECTION ( 'NONE',  ( 1.000000000000000000, 0.000000000000000000, 0.000000000000000000 ) ) ;
#2285 = ORIENTED_EDGE ( 'NONE', *, *, #2898, .F. ) ;
#2286 = DIRECTION ( 'NONE',  ( 0.000000000000000000, 0.000000000000000000, 1.000000000000000000 ) ) ;
#2287 = CARTESIAN_POINT ( 'NONE',  ( 2.249999999999997780, -3.399999999999999911, 0.8000000000000000444 ) ) ;
#2288 = EDGE_CURVE ( 'NONE', #2110, #1494, #2196, .T. ) ;
#2289 = CARTESIAN_POINT ( 'NONE',  ( -7.550000000000002487, 6.000000000000000000, 1.899999999999999911 ) ) ;
#2290 = DIRECTION ( 'NONE',  ( -2.522858432348305322E-32, 1.000000000000000000, 0.000000000000000000 ) ) ;
#2291 = SURFACE_SIDE_STYLE ('',( #326 ) ) ;
#2292 = FACE_OUTER_BOUND ( 'NONE', #1396, .T. ) ;
#2293 = EDGE_LOOP ( 'NONE', ( #1486, #2673, #1324, #509 ) ) ;
#2294 = ORIENTED_EDGE ( 'NONE', *, *, #3056, .F. ) ;
#2295 = EDGE_LOOP ( 'NONE', ( #2094, #2173, #1340, #2424 ) ) ;
#2296 = VERTEX_POINT ( 'NONE', #1442 ) ;
#2297 = DIRECTION ( 'NONE',  ( -2.168404344971009361E-16, 0.1321637200910183718, 0.9912279006826346661 ) ) ;
#2298 = ADVANCED_FACE ( 'NONE', ( #772 ), #442, .F. ) ;
#2299 = CARTESIAN_POINT ( 'NONE',  ( 5.750000000000002665, 6.000000000000000000, 0.2999999999999999889 ) ) ;
#2300 = VERTEX_POINT ( 'NONE', #1766 ) ;
#2301 = CARTESIAN_POINT ( 'NONE',  ( -1.200000000000002620, 0.2000000000000000111, 2.250000000000000000 ) ) ;
#2302 = CARTESIAN_POINT ( 'NONE',  ( 7.950000000000001954, 1.389999999999999902, 2.250000000000000000 ) ) ;
#2303 = DIRECTION ( 'NONE',  ( 2.168404344971010101E-16, 0.000000000000000000, -1.000000000000000000 ) ) ;
#2304 = FACE_BOUND ( 'NONE', #2033, .T. ) ;
#2305 = PLANE ( 'NONE',  #3468 ) ;
#2306 = EDGE_LOOP ( 'NONE', ( #1869, #1406, #4350, #4289 ) ) ;
#2307 = VECTOR ( 'NONE', #3423, 1000.000000000000000 ) ;
#2308 = VECTOR ( 'NONE', #3558, 1000.000000000000000 ) ;
#2309 = LINE ( 'NONE', #948, #3780 ) ;
#2310 = EDGE_CURVE ( 'NONE', #314, #560, #3139, .T. ) ;
#2311 = DIRECTION ( 'NONE',  ( -0.3236155771181825069, -0.8891264907159899256, -0.3236155771181830065 ) ) ;
#2312 = DIRECTION ( 'NONE',  ( -2.168404344971010101E-16, 0.000000000000000000, 1.000000000000000000 ) ) ;
#2313 = DIRECTION ( 'NONE',  ( 1.000000000000000000, 0.000000000000000000, 0.000000000000000000 ) ) ;
#2314 = VECTOR ( 'NONE', #3813, 1000.000000000000000 ) ;
#2315 = ORIENTED_EDGE ( 'NONE', *, *, #3760, .F. ) ;
#2316 = ORIENTED_EDGE ( 'NONE', *, *, #1536, .F. ) ;
#2317 = ORIENTED_EDGE ( 'NONE', *, *, #2942, .F. ) ;
#2318 = ORIENTED_EDGE ( 'NONE', *, *, #295, .T. ) ;
#2319 = ORIENTED_EDGE ( 'NONE', *, *, #2587, .F. ) ;
#2320 = CARTESIAN_POINT ( 'NONE',  ( -4.750000000000000000, -3.100000000000000089, 0.8000000000000000444 ) ) ;
#2321 = VECTOR ( 'NONE', #3256, 999.9999999999998863 ) ;
#2322 = FILL_AREA_STYLE ('',( #1574 ) ) ;
#2323 = ORIENTED_EDGE ( 'NONE', *, *, #1906, .T. ) ;
#2324 = EDGE_LOOP ( 'NONE', ( #2095, #322, #2476, #2891 ) ) ;
#2325 = VECTOR ( 'NONE', #2586, 1000.000000000000000 ) ;
#2326 = DIRECTION ( 'NONE',  ( 0.000000000000000000, 0.000000000000000000, -1.000000000000000000 ) ) ;
#2327 = CARTESIAN_POINT ( 'NONE',  ( -4.750000000000000000, -0.7057513818695559937, 0.1676158118777479888 ) ) ;
#2328 = AXIS2_PLACEMENT_3D ( 'NONE', #4204, #1170, #2510 ) ;
#2329 = EDGE_CURVE ( 'NONE', #2003, #2631, #2802, .T. ) ;
#2330 = DIRECTION ( 'NONE',  ( 0.000000000000000000, 0.000000000000000000, 1.000000000000000000 ) ) ;
#2331 = FACE_OUTER_BOUND ( 'NONE', #1894, .T. ) ;
#2332 = DIRECTION ( 'NONE',  ( 1.084202172485503818E-16, -1.000000000000000000, -2.036060417813154872E-16 ) ) ;
#2333 = VERTEX_POINT ( 'NONE', #3539 ) ;
#2334 = ADVANCED_FACE ( 'NONE', ( #4154 ), #529, .F. ) ;
#2335 = LINE ( 'NONE', #3031, #3643 ) ;
#2336 = DIRECTION ( 'NONE',  ( -2.168404344971010101E-16, 0.000000000000000000, 1.000000000000000000 ) ) ;
#2337 = LINE ( 'NONE', #3635, #2822 ) ;
#2338 = FACE_BOUND ( 'NONE', #2324, .T. ) ;
#2339 = ORIENTED_EDGE ( 'NONE', *, *, #3444, .F. ) ;
#2340 = DIRECTION ( 'NONE',  ( 1.000000000000000000, 0.000000000000000000, 0.000000000000000000 ) ) ;
#2341 = CARTESIAN_POINT ( 'NONE',  ( -5.225000000000002309, 5.750000000000000000, 1.649999999999999911 ) ) ;
#2342 = VECTOR ( 'NONE', #2684, 1000.000000000000000 ) ;
#2343 = VECTOR ( 'NONE', #169, 1000.000000000000000 ) ;
#2344 = CARTESIAN_POINT ( 'NONE',  ( -5.250000000000000000, -3.100000000000000089, 0.8000000000000000444 ) ) ;
#2345 = DIRECTION ( 'NONE',  ( 0.000000000000000000, 0.000000000000000000, 1.000000000000000000 ) ) ;
#2346 = ADVANCED_FACE ( 'NONE', ( #2130 ), #3119, .F. ) ;
#2347 = VECTOR ( 'NONE', #2996, 1000.000000000000000 ) ;
#2348 = EDGE_CURVE ( 'NONE', #1380, #3929, #467, .T. ) ;
#2349 = LINE ( 'NONE', #1003, #625 ) ;
#2350 = ORIENTED_EDGE ( 'NONE', *, *, #4049, .F. ) ;
#2351 = DIRECTION ( 'NONE',  ( 0.000000000000000000, -1.000000000000000000, -3.318687873851555372E-16 ) ) ;
#2352 = EDGE_CURVE ( 'NONE', #4099, #2031, #1789, .T. ) ;
#2353 = VERTEX_POINT ( 'NONE', #1187 ) ;
#2354 = ADVANCED_FACE ( 'NONE', ( #3158, #140 ), #1460, .F. ) ;
#2355 = DIRECTION ( 'NONE',  ( 2.522858432348305322E-32, -1.000000000000000000, 0.000000000000000000 ) ) ;
#2356 = LINE ( 'NONE', #3385, #531 ) ;
#2357 = CARTESIAN_POINT ( 'NONE',  ( 1.749999999999998002, 1.750000000000000000, 0.2999999999999999889 ) ) ;
#2358 = DIRECTION ( 'NONE',  ( 0.000000000000000000, 1.000000000000000000, 0.000000000000000000 ) ) ;
#2359 = ORIENTED_EDGE ( 'NONE', *, *, #3549, .T. ) ;
#2360 = VERTEX_POINT ( 'NONE', #2824 ) ;
#2361 = FACE_OUTER_BOUND ( 'NONE', #225, .T. ) ;
#2362 = CARTESIAN_POINT ( 'NONE',  ( -6.800000000000002487, -4.336808689942014778E-16, -2.250000000000000000 ) ) ;
#2363 = DIRECTION ( 'NONE',  ( 2.168404344971009115E-16, -0.4472135954999579832, 0.8944271909999159664 ) ) ;
#2364 = ORIENTED_EDGE ( 'NONE', *, *, #184, .T. ) ;
#2365 = ORIENTED_EDGE ( 'NONE', *, *, #1569, .F. ) ;
#2366 = ORIENTED_EDGE ( 'NONE', *, *, #681, .T. ) ;
#2367 = FACE_OUTER_BOUND ( 'NONE', #3290, .T. ) ;
#2368 = ADVANCED_FACE ( 'NONE', ( #873 ), #4178, .F. ) ;
#2369 = CARTESIAN_POINT ( 'NONE',  ( 4.799999999999997158, -4.336808689942014778E-16, 2.250000000000000000 ) ) ;
#2370 = CARTESIAN_POINT ( 'NONE',  ( -5.250000000000000000, -0.4515402865250599529, 0.2947213595499954542 ) ) ;
#2371 = ORIENTED_EDGE ( 'NONE', *, *, #804, .F. ) ;
#2372 = ADVANCED_FACE ( 'NONE', ( #250 ), #2575, .F. ) ;
#2373 = CARTESIAN_POINT ( 'NONE',  ( 1.199999999999997957, -4.336808689942014778E-16, 2.250000000000000000 ) ) ;
#2374 = EDGE_CURVE ( 'NONE', #1910, #1987, #940, .T. ) ;
#2375 = DIRECTION ( 'NONE',  ( -1.000000000000000000, 0.000000000000000000, 0.000000000000000000 ) ) ;
#2376 = PLANE ( 'NONE',  #1825 ) ;
#2377 = EDGE_LOOP ( 'NONE', ( #65, #3135, #647, #95, #2394, #6, #676, #2781, #2651, #3678, #449, #1870 ) ) ;
#2378 = EDGE_CURVE ( 'NONE', #2502, #1910, #3298, .T. ) ;
#2379 = DIRECTION ( 'NONE',  ( 0.000000000000000000, 0.000000000000000000, -1.000000000000000000 ) ) ;
#2380 = CARTESIAN_POINT ( 'NONE',  ( -4.250000000000001776, -3.399999999999999911, 0.8000000000000000444 ) ) ;
#2381 = CARTESIAN_POINT ( 'NONE',  ( -4.750000000000000000, -0.6751470842750398882, 0.7419349550499519941 ) ) ;
#2382 = VECTOR ( 'NONE', #1105, 1000.000000000000000 ) ;
#2383 = DIRECTION ( 'NONE',  ( -1.000000000000000000, 0.000000000000000000, 6.982962677686266711E-15 ) ) ;
#2384 = ORIENTED_EDGE ( 'NONE', *, *, #1748, .F. ) ;
#2385 = ORIENTED_EDGE ( 'NONE', *, *, #1145, .T. ) ;
#2386 = STYLED_ITEM ( 'NONE', ( #3644 ), #3340 ) ;
#2387 = VECTOR ( 'NONE', #111, 1000.000000000000000 ) ;
#2388 = VERTEX_POINT ( 'NONE', #2557 ) ;
#2389 = DIRECTION ( 'NONE',  ( 0.000000000000000000, 0.000000000000000000, -1.000000000000000000 ) ) ;
#2390 = VECTOR ( 'NONE', #4046, 1000.000000000000000 ) ;
#2391 = VECTOR ( 'NONE', #2733, 1000.000000000000114 ) ;
#2392 = ORIENTED_EDGE ( 'NONE', *, *, #819, .T. ) ;
#2393 = EDGE_CURVE ( 'NONE', #2208, #2548, #2626, .T. ) ;
#2394 = ORIENTED_EDGE ( 'NONE', *, *, #2111, .T. ) ;
#2395 = EDGE_CURVE ( 'NONE', #3461, #1911, #2921, .T. ) ;
#2396 = VECTOR ( 'NONE', #3022, 1000.000000000000000 ) ;
#2397 = CARTESIAN_POINT ( 'NONE',  ( -2.250000000000001776, 1.750000000000000000, 0.2999999999999999889 ) ) ;
#2398 = ORIENTED_EDGE ( 'NONE', *, *, #1674, .F. ) ;
#2399 = FACE_OUTER_BOUND ( 'NONE', #1483, .T. ) ;
#2400 = LINE ( 'NONE', #2004, #4355 ) ;
#2401 = DIRECTION ( 'NONE',  ( -0.000000000000000000, 1.000000000000000000, 0.000000000000000000 ) ) ;
#2402 = ADVANCED_FACE ( 'NONE', ( #1350 ), #274, .F. ) ;
#2403 = LINE ( 'NONE', #3764, #294 ) ;
#2404 = CARTESIAN_POINT ( 'NONE',  ( 1.749999999999998002, 1.750000000000000000, 0.8000000000000000444 ) ) ;
#2405 = CARTESIAN_POINT ( 'NONE',  ( 2.700000000000002842, 1.750000000000000000, 1.649999999999999911 ) ) ;
#2406 = DIRECTION ( 'NONE',  ( 0.000000000000000000, 4.336808689942020201E-16, -1.000000000000000000 ) ) ;
#2407 = CARTESIAN_POINT ( 'NONE',  ( 5.200000000000001954, -4.336808689942014778E-16, -2.250000000000000000 ) ) ;
#2408 = CARTESIAN_POINT ( 'NONE',  ( 11.00000000000000355, 0.000000000000000000, 0.000000000000000000 ) ) ;
#2409 = VERTEX_POINT ( 'NONE', #1275 ) ;
#2410 = VERTEX_POINT ( 'NONE', #892 ) ;
#2411 = VECTOR ( 'NONE', #3394, 1000.000000000000114 ) ;
#2412 = ORIENTED_EDGE ( 'NONE', *, *, #530, .F. ) ;
#2413 = CARTESIAN_POINT ( 'NONE',  ( -7.200000000000002842, 4.250000000000000000, -2.623757129271619970 ) ) ;
#2414 = FACE_OUTER_BOUND ( 'NONE', #2728, .T. ) ;
#2415 = ORIENTED_EDGE ( 'NONE', *, *, #1673, .T. ) ;
#2416 = CARTESIAN_POINT ( 'NONE',  ( -5.750000000000002665, 0.2000000000000000111, -2.250000000000000000 ) ) ;
#2417 = ORIENTED_EDGE ( 'NONE', *, *, #1456, .T. ) ;
#2418 = DIRECTION ( 'NONE',  ( -0.7071067811865470176, 0.7071067811865480168, 0.000000000000000000 ) ) ;
#2419 = DIRECTION ( 'NONE',  ( 1.000000000000000000, 0.000000000000000000, 0.000000000000000000 ) ) ;
#2420 = CARTESIAN_POINT ( 'NONE',  ( 7.950000000000001954, 6.000000000000000000, -0.1200000000000000094 ) ) ;
#2421 = FILL_AREA_STYLE ('',( #3095 ) ) ;
#2422 = FACE_OUTER_BOUND ( 'NONE', #1359, .T. ) ;
#2423 = EDGE_CURVE ( 'NONE', #244, #118, #1596, .T. ) ;
#2424 = ORIENTED_EDGE ( 'NONE', *, *, #2804, .F. ) ;
#2425 = CARTESIAN_POINT ( 'NONE',  ( -4.750000000000000000, -0.4291796067500634471, 0.2500000000000000000 ) ) ;
#2426 = VERTEX_POINT ( 'NONE', #2216 ) ;
#2427 = PLANE ( 'NONE',  #878 ) ;
#2428 = DIRECTION ( 'NONE',  ( 0.000000000000000000, -1.000000000000000000, -2.478176394252580155E-16 ) ) ;
#2429 = DIRECTION ( 'NONE',  ( -6.982962677686266711E-15, 0.000000000000000000, -1.000000000000000000 ) ) ;
#2430 = VERTEX_POINT ( 'NONE', #2231 ) ;
#2431 = VERTEX_POINT ( 'NONE', #3231 ) ;
#2432 = ORIENTED_EDGE ( 'NONE', *, *, #1145, .F. ) ;
#2433 = ADVANCED_FACE ( 'NONE', ( #1527 ), #3986, .F. ) ;
#2434 = CARTESIAN_POINT ( 'NONE',  ( -5.200000000000001954, 0.2000000000000000111, 2.250000000000000000 ) ) ;
#2435 = DIRECTION ( 'NONE',  ( -1.000000000000000000, 0.000000000000000000, 0.000000000000000000 ) ) ;
#2436 = ORIENTED_EDGE ( 'NONE', *, *, #16, .F. ) ;
#2437 = DIRECTION ( 'NONE',  ( -1.000000000000000000, 0.000000000000000000, 0.000000000000000000 ) ) ;
#2438 = ORIENTED_EDGE ( 'NONE', *, *, #81, .F. ) ;
#2439 = DIRECTION ( 'NONE',  ( 0.000000000000000000, 0.000000000000000000, -1.000000000000000000 ) ) ;
#2440 = LINE ( 'NONE', #1378, #4170 ) ;
#2441 = LINE ( 'NONE', #3476, #218 ) ;
#2442 = EDGE_LOOP ( 'NONE', ( #395, #2179, #1795, #1262 ) ) ;
#2443 = ADVANCED_FACE ( 'NONE', ( #2259, #3044 ), #3579, .F. ) ;
#2444 = ORIENTED_EDGE ( 'NONE', *, *, #1277, .T. ) ;
#2445 = CARTESIAN_POINT ( 'NONE',  ( -4.000000000000000000, -3.399999999999999911, 0.4091910702798600141 ) ) ;
#2446 = EDGE_LOOP ( 'NONE', ( #852, #4334, #3503, #2262 ) ) ;
#2447 = DIRECTION ( 'NONE',  ( 0.000000000000000000, -1.000000000000000000, -2.478176394252580155E-16 ) ) ;
#2448 = CARTESIAN_POINT ( 'NONE',  ( -2.250000000000001776, -3.399999999999999911, 0.8000000000000000444 ) ) ;
#2449 = APPLICATION_PROTOCOL_DEFINITION ( 'draft international standard', 'automotive_design', 1998, #4124 ) ;
#2450 = VERTEX_POINT ( 'NONE', #2281 ) ;
#2451 = EDGE_LOOP ( 'NONE', ( #843, #2319, #3807, #654 ) ) ;
#2452 = CARTESIAN_POINT ( 'NONE',  ( 6.800000000000002487, 0.2000000000000000111, -2.250000000000000000 ) ) ;
#2453 = VECTOR ( 'NONE', #3676, 1000.000000000000000 ) ;
#2454 = UNCERTAINTY_MEASURE_WITH_UNIT (LENGTH_MEASURE( 1.000000000000000082E-05 ), #1095, 'distance_accuracy_value', 'NONE');
#2455 = DIRECTION ( 'NONE',  ( 0.000000000000000000, -1.000000000000000000, -2.036060417813154872E-16 ) ) ;
#2456 = EDGE_LOOP ( 'NONE', ( #1732, #1570, #4132, #766 ) ) ;
#2457 = AXIS2_PLACEMENT_3D ( 'NONE', #3505, #3243, #2569 ) ;
#2458 = AXIS2_PLACEMENT_3D ( 'NONE', #2895, #2598, #4246 ) ;
#2459 = DIRECTION ( 'NONE',  ( 0.000000000000000000, -1.000000000000000000, 0.000000000000000000 ) ) ;
#2460 = AXIS2_PLACEMENT_3D ( 'NONE', #1627, #661, #1298 ) ;
#2461 = ORIENTED_EDGE ( 'NONE', *, *, #243, .T. ) ;
#2462 = EDGE_CURVE ( 'NONE', #2589, #500, #3249, .T. ) ;
#2463 = ADVANCED_FACE ( 'NONE', ( #1231 ), #3937, .F. ) ;
#2464 = VECTOR ( 'NONE', #3578, 1000.000000000000000 ) ;
#2465 = VECTOR ( 'NONE', #3958, 1000.000000000000000 ) ;
#2466 = DIRECTION ( 'NONE',  ( 0.000000000000000000, 0.000000000000000000, 1.000000000000000000 ) ) ;
#2467 = CARTESIAN_POINT ( 'NONE',  ( -6.250000000000002665, 0.2000000000000000111, -2.250000000000000000 ) ) ;
#2468 = DIRECTION ( 'NONE',  ( 1.000000000000000000, 0.000000000000000000, -2.168404344971010101E-16 ) ) ;
#2469 = ORIENTED_EDGE ( 'NONE', *, *, #1791, .F. ) ;
#2470 = CARTESIAN_POINT ( 'NONE',  ( 6.725000000000002309, 4.250000000000000000, 2.149999999999999911 ) ) ;
#2471 = ORIENTED_EDGE ( 'NONE', *, *, #961, .F. ) ;
#2472 = DIRECTION ( 'NONE',  ( 0.000000000000000000, -1.000000000000000000, 0.000000000000000000 ) ) ;
#2473 = LINE ( 'NONE', #1368, #3528 ) ;
#2474 = EDGE_LOOP ( 'NONE', ( #3605, #1478, #1110, #3404 ) ) ;
#2475 = VERTEX_POINT ( 'NONE', #611 ) ;
#2476 = ORIENTED_EDGE ( 'NONE', *, *, #3606, .T. ) ;
#2477 = ORIENTED_EDGE ( 'NONE', *, *, #1078, .F. ) ;
#2478 = VECTOR ( 'NONE', #4017, 1000.000000000000000 ) ;
#2479 = FACE_OUTER_BOUND ( 'NONE', #4229, .T. ) ;
#2480 = DIRECTION ( 'NONE',  ( 0.000000000000000000, -1.000000000000000000, -3.165553788278845372E-16 ) ) ;
#2481 = DIRECTION ( 'NONE',  ( -0.000000000000000000, 1.000000000000000000, 0.000000000000000000 ) ) ;
#2482 = ORIENTED_EDGE ( 'NONE', *, *, #3778, .T. ) ;
#2483 = ADVANCED_FACE ( 'NONE', ( #570 ), #1904, .F. ) ;
#2484 = VECTOR ( 'NONE', #191, 1000.000000000000000 ) ;
#2485 = ADVANCED_FACE ( 'NONE', ( #3276 ), #4293, .F. ) ;
#2486 = CARTESIAN_POINT ( 'NONE',  ( -5.250000000000000000, -0.9583270453990839766, 0.6099893718935700537 ) ) ;
#2487 = DIRECTION ( 'NONE',  ( -0.3236155771181828955, -0.8891264907159897035, 0.3236155771181828955 ) ) ;
#2488 = DIRECTION ( 'NONE',  ( -2.168404344971010101E-16, 0.000000000000000000, -1.000000000000000000 ) ) ;
#2489 = CARTESIAN_POINT ( 'NONE',  ( -2.800000000000002043, 0.2000000000000000111, 2.250000000000000000 ) ) ;
#2490 = ORIENTED_EDGE ( 'NONE', *, *, #3861, .F. ) ;
#2491 = FACE_OUTER_BOUND ( 'NONE', #817, .T. ) ;
#2492 = CARTESIAN_POINT ( 'NONE',  ( -4.931537445906370110, 5.198770033413239844, 0.6184625540936220522 ) ) ;
#2493 = PRODUCT_CONTEXT ( 'NONE', #1842, 'mechanical' ) ;
#2494 = ORIENTED_EDGE ( 'NONE', *, *, #1509, .F. ) ;
#2495 = ORIENTED_EDGE ( 'NONE', *, *, #2310, .T. ) ;
#2496 = AXIS2_PLACEMENT_3D ( 'NONE', #55, #2006, #2065 ) ;
#2497 = ORIENTED_EDGE ( 'NONE', *, *, #3255, .T. ) ;
#2498 = CARTESIAN_POINT ( 'NONE',  ( -2.050000000000002487, -4.336808689942014778E-16, 2.250000000000000000 ) ) ;
#2499 = UNCERTAINTY_MEASURE_WITH_UNIT (LENGTH_MEASURE( 1.000000000000000082E-05 ), #1497, 'distance_accuracy_value', 'NONE');
#2500 = LINE ( 'NONE', #3574, #3337 ) ;
#2501 = EDGE_LOOP ( 'NONE', ( #2658, #2958, #376, #1310 ) ) ;
#2502 = VERTEX_POINT ( 'NONE', #1927 ) ;
#2503 = ADVANCED_FACE ( 'NONE', ( #20 ), #391, .F. ) ;
#2504 = ADVANCED_FACE ( 'NONE', ( #4122 ), #4165, .F. ) ;
#2505 = CARTESIAN_POINT ( 'NONE',  ( 2.700000000000002842, 5.750000000000000000, 1.649999999999999911 ) ) ;
#2506 = CARTESIAN_POINT ( 'NONE',  ( -6.250000000000002665, 4.250000000000000000, 2.250000000000000000 ) ) ;
#2507 = VERTEX_POINT ( 'NONE', #3792 ) ;
#2508 = DIRECTION ( 'NONE',  ( -1.000000000000000000, 0.000000000000000000, 0.000000000000000000 ) ) ;
#2509 = CARTESIAN_POINT ( 'NONE',  ( 6.250000000000002665, 6.000000000000000000, 0.8000000000000000444 ) ) ;
#2510 = DIRECTION ( 'NONE',  ( 0.000000000000000000, 0.000000000000000000, 1.000000000000000000 ) ) ;
#2511 = EDGE_LOOP ( 'NONE', ( #3525, #2497, #2415, #2318 ) ) ;
#2512 = EDGE_CURVE ( 'NONE', #4015, #2083, #2473, .T. ) ;
#2513 = CARTESIAN_POINT ( 'NONE',  ( -5.250000000000000000, -0.4515402865250509601, 0.2947213595499774685 ) ) ;
#2514 = ORIENTED_EDGE ( 'NONE', *, *, #3983, .F. ) ;
#2515 = LINE ( 'NONE', #3924, #860 ) ;
#2516 = CARTESIAN_POINT ( 'NONE',  ( -4.859191070279860192, -3.399999999999999911, 8.256146626576230546E-16 ) ) ;
#2517 = EDGE_CURVE ( 'NONE', #566, #1181, #4104, .T. ) ;
#2518 = ORIENTED_EDGE ( 'NONE', *, *, #1906, .F. ) ;
#2519 = VERTEX_POINT ( 'NONE', #763 ) ;
#2520 = DIRECTION ( 'NONE',  ( 0.000000000000000000, 0.000000000000000000, 1.000000000000000000 ) ) ;
#2521 = CARTESIAN_POINT ( 'NONE',  ( -2.050000000000002487, 4.500000000000000000, -0.1200000000000000094 ) ) ;
#2522 = ORIENTED_EDGE ( 'NONE', *, *, #3490, .F. ) ;
#2523 = ORIENTED_EDGE ( 'NONE', *, *, #3306, .T. ) ;
#2524 = EDGE_CURVE ( 'NONE', #1159, #152, #3395, .T. ) ;
#2525 = EDGE_LOOP ( 'NONE', ( #2432, #105, #349, #3534 ) ) ;
#2526 = VECTOR ( 'NONE', #1297, 1000.000000000000000 ) ;
#2527 = CARTESIAN_POINT ( 'NONE',  ( 7.300000000000002487, 5.750000000000000000, -0.1200000000000000094 ) ) ;
#2528 = CARTESIAN_POINT ( 'NONE',  ( 1.199999999999997957, 0.2000000000000000111, -2.250000000000000000 ) ) ;
#2529 = VECTOR ( 'NONE', #2937, 1000.000000000000000 ) ;
#2530 = EDGE_CURVE ( 'NONE', #3879, #2925, #3454, .T. ) ;
#2531 = VECTOR ( 'NONE', #2545, 1000.000000000000000 ) ;
#2532 = APPLICATION_CONTEXT ( 'automotive_design' ) ;
#2533 = VECTOR ( 'NONE', #2487, 999.9999999999998863 ) ;
#2534 = CARTESIAN_POINT ( 'NONE',  ( -5.140808929720139808, 5.000000000000000000, 0.6908089297201369661 ) ) ;
#2535 = VECTOR ( 'NONE', #1727, 1000.000000000000000 ) ;
#2536 = CARTESIAN_POINT ( 'NONE',  ( -6.250000000000002665, 1.750000000000000000, 0.2999999999999999889 ) ) ;
#2537 = CARTESIAN_POINT ( 'NONE',  ( 6.800000000000002487, 0.2000000000000000111, 2.250000000000000000 ) ) ;
#2538 = AXIS2_PLACEMENT_3D ( 'NONE', #3984, #291, #3376 ) ;
#2539 = VECTOR ( 'NONE', #137, 1000.000000000000000 ) ;
#2540 = EDGE_CURVE ( 'NONE', #1515, #2360, #853, .T. ) ;
#2541 = DIRECTION ( 'NONE',  ( 1.000000000000000000, -2.865843848928964672E-17, -2.149382886696720053E-16 ) ) ;
#2542 = EDGE_LOOP ( 'NONE', ( #796, #522, #2840, #3338 ) ) ;
#2543 = DIRECTION ( 'NONE',  ( -1.000000000000000000, 0.000000000000000000, 0.000000000000000000 ) ) ;
#2544 = AXIS2_PLACEMENT_3D ( 'NONE', #3302, #279, #897 ) ;
#2545 = DIRECTION ( 'NONE',  ( 0.000000000000000000, 0.000000000000000000, 1.000000000000000000 ) ) ;
#2546 = EDGE_CURVE ( 'NONE', #888, #1052, #4079, .T. ) ;
#2547 = CONTEXT_DEPENDENT_SHAPE_REPRESENTATION ( #4360, #1697 ) ;
#2548 = VERTEX_POINT ( 'NONE', #1055 ) ;
#2549 = VERTEX_POINT ( 'NONE', #1384 ) ;
#2550 = EDGE_CURVE ( 'NONE', #3995, #1437, #372, .T. ) ;
#2551 = VERTEX_POINT ( 'NONE', #433 ) ;
#2552 = FACE_OUTER_BOUND ( 'NONE', #1835, .T. ) ;
#2553 = EDGE_CURVE ( 'NONE', #2353, #1558, #1433, .T. ) ;
#2554 = FACE_OUTER_BOUND ( 'NONE', #1091, .T. ) ;
#2555 = ORIENTED_EDGE ( 'NONE', *, *, #1681, .T. ) ;
#2556 = FACE_OUTER_BOUND ( 'NONE', #706, .T. ) ;
#2557 = CARTESIAN_POINT ( 'NONE',  ( -2.250000000000001776, 1.750000000000000000, 0.8000000000000000444 ) ) ;
#2558 = CARTESIAN_POINT ( 'NONE',  ( -7.300000000000002487, 1.750000000000000000, 1.649999999999999911 ) ) ;
#2559 = LINE ( 'NONE', #1879, #3681 ) ;
#2560 = PLANE ( 'NONE',  #642 ) ;
#2561 = PLANE ( 'NONE',  #3220 ) ;
#2562 = CARTESIAN_POINT ( 'NONE',  ( 5.225000000000002309, 1.750000000000000000, -2.623757129271619970 ) ) ;
#2563 = EDGE_CURVE ( 'NONE', #1552, #3018, #739, .T. ) ;
#2564 = DIRECTION ( 'NONE',  ( -1.000000000000000000, 0.000000000000000000, 0.000000000000000000 ) ) ;
#2565 = DIRECTION ( 'NONE',  ( 1.000000000000000000, 0.000000000000000000, 0.000000000000000000 ) ) ;
#2566 = ORIENTED_EDGE ( 'NONE', *, *, #2063, .T. ) ;
#2567 = ORIENTED_EDGE ( 'NONE', *, *, #2992, .F. ) ;
#2568 = DIRECTION ( 'NONE',  ( 0.000000000000000000, -1.000000000000000000, -3.318687873851555372E-16 ) ) ;
#2569 = DIRECTION ( 'NONE',  ( 0.000000000000000000, 2.036060417813154872E-16, -1.000000000000000000 ) ) ;
#2570 = VECTOR ( 'NONE', #2699, 1000.000000000000000 ) ;
#2571 = VERTEX_POINT ( 'NONE', #1691 ) ;
#2572 = ORIENTED_EDGE ( 'NONE', *, *, #1447, .F. ) ;
#2573 = ADVANCED_FACE ( 'NONE', ( #2744 ), #2120, .F. ) ;
#2574 = DIRECTION ( 'NONE',  ( 9.999739674021995709E-17, -0.7071067811865485719, 0.7071067811865464625 ) ) ;
#2575 = PLANE ( 'NONE',  #3450 ) ;
#2576 = AXIS2_PLACEMENT_3D ( 'NONE', #2096, #1689, #737 ) ;
#2577 = PLANE ( 'NONE',  #146 ) ;
#2578 = VERTEX_POINT ( 'NONE', #3064 ) ;
#2579 = DIRECTION ( 'NONE',  ( -1.239088197126289831E-16, 2.478176394252580155E-16, -1.000000000000000000 ) ) ;
#2580 = CARTESIAN_POINT ( 'NONE',  ( -5.250000000000000000, -3.100000000000000089, 0.8000000000000000444 ) ) ;
#2581 = ORIENTED_EDGE ( 'NONE', *, *, #2704, .F. ) ;
#2582 = DIRECTION ( 'NONE',  ( 3.504579431022969726E-32, 1.000000000000000000, 2.478176394252580155E-16 ) ) ;
#2583 = ORIENTED_EDGE ( 'NONE', *, *, #383, .T. ) ;
#2584 = FACE_OUTER_BOUND ( 'NONE', #3413, .T. ) ;
#2585 = CARTESIAN_POINT ( 'NONE',  ( -7.300000000000002487, 4.500000000000000000, -0.1200000000000000094 ) ) ;
#2586 = DIRECTION ( 'NONE',  ( 0.000000000000000000, 1.000000000000000000, 0.000000000000000000 ) ) ;
#2587 = EDGE_CURVE ( 'NONE', #27, #4197, #1451, .T. ) ;
#2588 = VERTEX_POINT ( 'NONE', #2051 ) ;
#2589 = VERTEX_POINT ( 'NONE', #3411 ) ;
#2590 = LINE ( 'NONE', #4285, #2478 ) ;
#2591 = PRODUCT_DEFINITION_CONTEXT ( 'detailed design', #971, 'design' ) ;
#2592 = LINE ( 'NONE', #2299, #77 ) ;
#2593 = ORIENTED_EDGE ( 'NONE', *, *, #1886, .F. ) ;
#2594 = VERTEX_POINT ( 'NONE', #1777 ) ;
#2595 = LINE ( 'NONE', #1640, #1072 ) ;
#2596 = DIRECTION ( 'NONE',  ( 0.000000000000000000, 0.000000000000000000, -1.000000000000000000 ) ) ;
#2597 = ADVANCED_FACE ( 'NONE', ( #2072 ), #409, .F. ) ;
#2598 = DIRECTION ( 'NONE',  ( -1.000000000000000000, 9.697399036122158767E-17, -1.939479807224434958E-16 ) ) ;
#2599 = EDGE_CURVE ( 'NONE', #2450, #308, #1728, .T. ) ;
#2600 = LINE ( 'NONE', #3965, #4089 ) ;
#2601 = AXIS2_PLACEMENT_3D ( 'NONE', #181, #1838, #1809 ) ;
#2602 = ORIENTED_EDGE ( 'NONE', *, *, #3197, .F. ) ;
#2603 = DIRECTION ( 'NONE',  ( 0.000000000000000000, 0.4472135954999735263, -0.8944271909999079728 ) ) ;
#2604 = CARTESIAN_POINT ( 'NONE',  ( 6.250000000000002665, 4.250000000000000000, 2.250000000000000000 ) ) ;
#2605 = ADVANCED_FACE ( 'NONE', ( #1412 ), #2771, .F. ) ;
#2606 = EDGE_LOOP ( 'NONE', ( #812, #2469, #1725, #508 ) ) ;
#2607 = STYLED_ITEM ( 'NONE', ( #112 ), #1415 ) ;
#2608 = AXIS2_PLACEMENT_3D ( 'NONE', #1769, #1345, #1107 ) ;
#2609 = DIRECTION ( 'NONE',  ( 0.000000000000000000, 1.000000000000000000, 2.036060417813154872E-16 ) ) ;
#2610 = LINE ( 'NONE', #950, #3469 ) ;
#2611 = DIRECTION ( 'NONE',  ( 0.000000000000000000, 1.000000000000000000, 0.000000000000000000 ) ) ;
#2612 = CARTESIAN_POINT ( 'NONE',  ( 4.249999999999997335, -3.399999999999999911, 0.2999999999999999889 ) ) ;
#2613 = VECTOR ( 'NONE', #2829, 1000.000000000000000 ) ;
#2614 = EDGE_CURVE ( 'NONE', #507, #3229, #477, .T. ) ;
#2615 = VECTOR ( 'NONE', #3822, 1000.000000000000000 ) ;
#2616 = VERTEX_POINT ( 'NONE', #149 ) ;
#2617 = CIRCLE ( 'NONE', #712, 0.04999999999999941297 ) ;
#2618 = ORIENTED_EDGE ( 'NONE', *, *, #4367, .T. ) ;
#2619 = VECTOR ( 'NONE', #1294, 1000.000000000000000 ) ;
#2620 = ORIENTED_EDGE ( 'NONE', *, *, #2667, .T. ) ;
#2621 = ORIENTED_EDGE ( 'NONE', *, *, #345, .T. ) ;
#2622 = LINE ( 'NONE', #3020, #2709 ) ;
#2623 = DIRECTION ( 'NONE',  ( -1.000000000000000000, 0.000000000000000000, 0.000000000000000000 ) ) ;
#2624 = DIRECTION ( 'NONE',  ( 0.000000000000000000, 1.000000000000000000, 0.000000000000000000 ) ) ;
#2625 = CARTESIAN_POINT ( 'NONE',  ( 4.249999999999997335, 1.750000000000000000, 0.2999999999999999889 ) ) ;
#2626 = LINE ( 'NONE', #4314, #3247 ) ;
#2627 = EDGE_CURVE ( 'NONE', #1987, #3098, #3842, .T. ) ;
#2628 = FACE_OUTER_BOUND ( 'NONE', #4020, .T. ) ;
#2629 = DIRECTION ( 'NONE',  ( -2.168404344971010101E-16, 0.1321637200910230070, 0.9912279006826340000 ) ) ;
#2630 = DIRECTION ( 'NONE',  ( 3.504579431022969726E-32, 1.000000000000000000, 2.478176394252580155E-16 ) ) ;
#2631 = VERTEX_POINT ( 'NONE', #1201 ) ;
#2632 = LINE ( 'NONE', #3991, #3921 ) ;
#2633 = FACE_OUTER_BOUND ( 'NONE', #621, .T. ) ;
#2634 = PLANE ( 'NONE',  #2038 ) ;
#2635 = ORIENTED_EDGE ( 'NONE', *, *, #1270, .F. ) ;
#2636 = ORIENTED_EDGE ( 'NONE', *, *, #2838, .F. ) ;
#2637 = ORIENTED_EDGE ( 'NONE', *, *, #581, .T. ) ;
#2638 = ORIENTED_EDGE ( 'NONE', *, *, #4362, .F. ) ;
#2639 = LINE ( 'NONE', #2660, #1146 ) ;
#2640 = LINE ( 'NONE', #2251, #3829 ) ;
#2641 = ORIENTED_EDGE ( 'NONE', *, *, #271, .T. ) ;
#2642 = CARTESIAN_POINT ( 'NONE',  ( 7.300000000000002487, 1.750000000000000000, 1.649999999999999911 ) ) ;
#2643 = EDGE_CURVE ( 'NONE', #3699, #3980, #2162, .T. ) ;
#2644 = PLANE ( 'NONE',  #3466 ) ;
#2645 = ADVANCED_FACE ( 'NONE', ( #3566 ), #811, .F. ) ;
#2646 = EDGE_CURVE ( 'NONE', #2774, #880, #1866, .T. ) ;
#2647 = CARTESIAN_POINT ( 'NONE',  ( -2.250000000000001776, 0.2000000000000000111, 0.2999999999999999889 ) ) ;
#2648 = CARTESIAN_POINT ( 'NONE',  ( -5.225000000000002309, 1.750000000000000000, -2.623757129271619970 ) ) ;
#2649 = CARTESIAN_POINT ( 'NONE',  ( -5.250000000000000000, 5.000000000000000000, 0.8000000000000000444 ) ) ;
#2650 = PRODUCT ( 'B7B-PH-K-S', 'B7B-PH-K-S', '', ( #3568 ) ) ;
#2651 = ORIENTED_EDGE ( 'NONE', *, *, #1085, .T. ) ;
#2652 = DIRECTION ( 'NONE',  ( 0.000000000000000000, 3.275148614939440266E-16, -1.000000000000000000 ) ) ;
#2653 = DIRECTION ( 'NONE',  ( 1.239088197126289831E-16, -2.036060417813154872E-16, 1.000000000000000000 ) ) ;
#2654 = DIRECTION ( 'NONE',  ( -3.504579431022969726E-32, -1.000000000000000000, 0.000000000000000000 ) ) ;
#2655 = FACE_OUTER_BOUND ( 'NONE', #2295, .T. ) ;
#2656 = EDGE_CURVE ( 'NONE', #3098, #1206, #2834, .T. ) ;
#2657 = ORIENTED_EDGE ( 'NONE', *, *, #122, .F. ) ;
#2658 = ORIENTED_EDGE ( 'NONE', *, *, #2694, .F. ) ;
#2659 = ORIENTED_EDGE ( 'NONE', *, *, #3289, .T. ) ;
#2660 = CARTESIAN_POINT ( 'NONE',  ( -5.183662300022509939, 4.882261332746709925, 0.3663376999774875520 ) ) ;
#2661 =( NAMED_UNIT ( * ) PLANE_ANGLE_UNIT ( ) SI_UNIT ( $, .RADIAN. ) );
#2662 = EDGE_CURVE ( 'NONE', #2089, #909, #856, .T. ) ;
#2663 = EDGE_CURVE ( 'NONE', #1612, #1380, #4257, .T. ) ;
#2664 = ORIENTED_EDGE ( 'NONE', *, *, #2267, .T. ) ;
#2665 = LINE ( 'NONE', #3670, #4106 ) ;
#2666 = DIRECTION ( 'NONE',  ( 1.000000000000000000, 0.000000000000000000, 0.000000000000000000 ) ) ;
#2667 = EDGE_CURVE ( 'NONE', #1756, #4261, #4189, .T. ) ;
#2668 = DIRECTION ( 'NONE',  ( -1.000000000000000000, 0.000000000000000000, 0.000000000000000000 ) ) ;
#2669 = EDGE_CURVE ( 'NONE', #3310, #3851, #2143, .T. ) ;
#2670 = CARTESIAN_POINT ( 'NONE',  ( 6.725000000000002309, 6.000000000000000000, 2.149999999999999911 ) ) ;
#2671 = DIRECTION ( 'NONE',  ( 0.000000000000000000, -1.000000000000000000, -1.198194479848324020E-16 ) ) ;
#2672 = VERTEX_POINT ( 'NONE', #1900 ) ;
#2673 = ORIENTED_EDGE ( 'NONE', *, *, #3113, .T. ) ;
#2674 = AXIS2_PLACEMENT_3D ( 'NONE', #2874, #2459, #3830 ) ;
#2675 = CARTESIAN_POINT ( 'NONE',  ( 7.950000000000001954, 4.500000000000000000, 0.8800000000000000044 ) ) ;
#2676 = DIRECTION ( 'NONE',  ( 1.519869053105245017E-47, 0.000000000000000000, 1.000000000000000000 ) ) ;
#2677 =( NAMED_UNIT ( * ) SI_UNIT ( $, .STERADIAN. ) SOLID_ANGLE_UNIT ( ) );
#2678 = CARTESIAN_POINT ( 'NONE',  ( 7.550000000000002487, 6.000000000000000000, -0.1200000000000000094 ) ) ;
#2679 = VECTOR ( 'NONE', #2220, 1000.000000000000000 ) ;
#2680 =( REPRESENTATION_RELATIONSHIP ('NONE','NONE', #2132, #1964 ) REPRESENTATION_RELATIONSHIP_WITH_TRANSFORMATION ( #151 )SHAPE_REPRESENTATION_RELATIONSHIP( ) );
#2681 = ORIENTED_EDGE ( 'NONE', *, *, #844, .T. ) ;
#2682 = EDGE_CURVE ( 'NONE', #2672, #1222, #1540, .T. ) ;
#2683 = ORIENTED_EDGE ( 'NONE', *, *, #3029, .T. ) ;
#2684 = DIRECTION ( 'NONE',  ( 3.504579431022969726E-32, 1.000000000000000000, 2.478176394252580155E-16 ) ) ;
#2685 = VECTOR ( 'NONE', #278, 1000.000000000000000 ) ;
#2686 =( NAMED_UNIT ( * ) PLANE_ANGLE_UNIT ( ) SI_UNIT ( $, .RADIAN. ) );
#2687 = EDGE_CURVE ( 'NONE', #2925, #3461, #2909, .T. ) ;
#2688 = VECTOR ( 'NONE', #36, 1000.000000000000000 ) ;
#2689 = VECTOR ( 'NONE', #2653, 1000.000000000000000 ) ;
#2690 = LINE ( 'NONE', #2344, #2826 ) ;
#2691 = AXIS2_PLACEMENT_3D ( 'NONE', #794, #3088, #1389 ) ;
#2692 = ADVANCED_FACE ( 'NONE', ( #3925 ), #3588, .F. ) ;
#2693 = DIRECTION ( 'NONE',  ( 0.000000000000000000, -1.000000000000000000, -3.318687873851555372E-16 ) ) ;
#2694 = EDGE_CURVE ( 'NONE', #1524, #2839, #172, .T. ) ;
#2695 = VECTOR ( 'NONE', #3932, 1000.000000000000000 ) ;
#2696 = CARTESIAN_POINT ( 'NONE',  ( -7.550000000000002487, 6.000000000000000000, -0.1200000000000000094 ) ) ;
#2697 = LINE ( 'NONE', #4053, #3970 ) ;
#2698 = DIRECTION ( 'NONE',  ( 0.000000000000000000, 1.000000000000000000, 0.000000000000000000 ) ) ;
#2699 = DIRECTION ( 'NONE',  ( 1.000000000000000000, -2.710505431213760099E-16, 0.000000000000000000 ) ) ;
#2700 = PRESENTATION_STYLE_ASSIGNMENT (( #447 ) ) ;
#2701 = LINE ( 'NONE', #3371, #298 ) ;
#2702 = AXIS2_PLACEMENT_3D ( 'NONE', #1141, #524, #176 ) ;
#2703 = VERTEX_POINT ( 'NONE', #4281 ) ;
#2704 = EDGE_CURVE ( 'NONE', #765, #1422, #4208, .T. ) ;
#2705 = EDGE_CURVE ( 'NONE', #2785, #3702, #3218, .T. ) ;
#2706 = CARTESIAN_POINT ( 'NONE',  ( -5.250000000000000000, -2.347221846513170451, 0.7951753453754479839 ) ) ;
#2707 = FACE_OUTER_BOUND ( 'NONE', #692, .T. ) ;
#2708 = DIRECTION ( 'NONE',  ( 1.519869053105245017E-47, 0.000000000000000000, 1.000000000000000000 ) ) ;
#2709 = VECTOR ( 'NONE', #3618, 1000.000000000000000 ) ;
#2710 = VECTOR ( 'NONE', #1449, 1000.000000000000000 ) ;
#2711 = VERTEX_POINT ( 'NONE', #520 ) ;
#2712 = LINE ( 'NONE', #3649, #3192 ) ;
#2713 = EDGE_CURVE ( 'NONE', #560, #3950, #1847, .T. ) ;
#2714 = ADVANCED_FACE ( 'NONE', ( #1799 ), #1517, .F. ) ;
#2715 = DIRECTION ( 'NONE',  ( 0.000000000000000000, 3.165553788278845372E-16, -1.000000000000000000 ) ) ;
#2716 = CARTESIAN_POINT ( 'NONE',  ( -5.250000000000000000, -3.100000000000000089, 0.2999999999999999889 ) ) ;
#2717 = EDGE_CURVE ( 'NONE', #893, #880, #3033, .T. ) ;
#2718 = VECTOR ( 'NONE', #1662, 1000.000000000000000 ) ;
#2719 = CARTESIAN_POINT ( 'NONE',  ( -5.140808929720139808, -3.399999999999999911, 0.6908089297201379653 ) ) ;
#2720 = DIRECTION ( 'NONE',  ( 1.000000000000000000, 0.000000000000000000, 0.000000000000000000 ) ) ;
#2721 = CARTESIAN_POINT ( 'NONE',  ( 7.200000000000002842, 2.250000000000000000, -2.623757129271619970 ) ) ;
#2722 = CARTESIAN_POINT ( 'NONE',  ( -2.800000000000002043, 0.2000000000000000111, -2.250000000000000000 ) ) ;
#2723 = CARTESIAN_POINT ( 'NONE',  ( 7.300000000000002487, 4.500000000000000000, 0.3800000000000000044 ) ) ;
#2724 = LINE ( 'NONE', #3479, #3346 ) ;
#2725 = CARTESIAN_POINT ( 'NONE',  ( 7.950000000000001954, 6.000000000000000000, 0.8800000000000000044 ) ) ;
#2726 = EDGE_CURVE ( 'NONE', #3795, #27, #1606, .T. ) ;
#2727 = CARTESIAN_POINT ( 'NONE',  ( -1.000000000000002665, 0.000000000000000000, 0.000000000000000000 ) ) ;
#2728 = EDGE_LOOP ( 'NONE', ( #3311, #2837, #1920, #2438 ) ) ;
#2729 = LINE ( 'NONE', #2055, #231 ) ;
#2730 = ORIENTED_EDGE ( 'NONE', *, *, #1930, .F. ) ;
#2731 = DIRECTION ( 'NONE',  ( 0.000000000000000000, 2.478176394252580155E-16, -1.000000000000000000 ) ) ;
#2732 = EDGE_CURVE ( 'NONE', #2519, #2030, #2973, .T. ) ;
#2733 = DIRECTION ( 'NONE',  ( 0.000000000000000000, -0.9912279006826346661, 0.1321637200910179555 ) ) ;
#2734 = CARTESIAN_POINT ( 'NONE',  ( 6.250000000000002665, 0.2000000000000000111, 0.2999999999999999889 ) ) ;
#2735 = ADVANCED_FACE ( 'NONE', ( #4330 ), #951, .F. ) ;
#2736 = LINE ( 'NONE', #666, #894 ) ;
#2737 = AXIS2_PLACEMENT_3D ( 'NONE', #3083, #2073, #2013 ) ;
#2738 = LINE ( 'NONE', #2357, #937 ) ;
#2739 = CARTESIAN_POINT ( 'NONE',  ( 3.749999999999998224, 1.750000000000000000, 0.8000000000000000444 ) ) ;
#2740 = PRODUCT_DEFINITION_SHAPE ( 'NONE', 'NONE',  #4374 ) ;
#2741 = VECTOR ( 'NONE', #357, 1000.000000000000000 ) ;
#2742 = CARTESIAN_POINT ( 'NONE',  ( 7.950000000000001954, 4.500000000000000000, -0.1200000000000000094 ) ) ;
#2743 = CARTESIAN_POINT ( 'NONE',  ( -3.200000000000002842, -4.336808689942014778E-16, 2.250000000000000000 ) ) ;
#2744 = FACE_OUTER_BOUND ( 'NONE', #411, .T. ) ;
#2745 = VECTOR ( 'NONE', #3499, 1000.000000000000000 ) ;
#2746 =( NAMED_UNIT ( * ) SI_UNIT ( $, .STERADIAN. ) SOLID_ANGLE_UNIT ( ) );
#2747 = ORIENTED_EDGE ( 'NONE', *, *, #1593, .F. ) ;
#2748 = ORIENTED_EDGE ( 'NONE', *, *, #545, .F. ) ;
#2749 = VECTOR ( 'NONE', #1192, 1000.000000000000000 ) ;
#2750 = ORIENTED_EDGE ( 'NONE', *, *, #1622, .T. ) ;
#2751 = VECTOR ( 'NONE', #1200, 1000.000000000000000 ) ;
#2752 = PLANE ( 'NONE',  #3541 ) ;
#2753 = CARTESIAN_POINT ( 'NONE',  ( 7.950000000000001954, 4.500000000000000000, 0.8800000000000000044 ) ) ;
#2754 = VECTOR ( 'NONE', #3959, 1000.000000000000000 ) ;
#2755 = AXIS2_PLACEMENT_3D ( 'NONE', #2788, #2468, #2488 ) ;
#2756 = VECTOR ( 'NONE', #3285, 1000.000000000000000 ) ;
#2757 = EDGE_CURVE ( 'NONE', #1370, #2507, #2337, .T. ) ;
#2758 = VECTOR ( 'NONE', #2880, 1000.000000000000000 ) ;
#2759 = VECTOR ( 'NONE', #4329, 1000.000000000000000 ) ;
#2760 = FACE_OUTER_BOUND ( 'NONE', #1829, .T. ) ;
#2761 = ORIENTED_EDGE ( 'NONE', *, *, #721, .F. ) ;
#2762 = FACE_OUTER_BOUND ( 'NONE', #2939, .T. ) ;
#2763 = CARTESIAN_POINT ( 'NONE',  ( 2.799999999999997158, 0.2000000000000000111, 2.250000000000000000 ) ) ;
#2764 = LINE ( 'NONE', #4116, #1188 ) ;
#2765 =( LENGTH_UNIT ( ) NAMED_UNIT ( * ) SI_UNIT ( .MILLI., .METRE. ) );
#2766 = FACE_OUTER_BOUND ( 'NONE', #2474, .T. ) ;
#2767 = ORIENTED_EDGE ( 'NONE', *, *, #1357, .F. ) ;
#2768 = ADVANCED_FACE ( 'NONE', ( #12 ), #1587, .F. ) ;
#2769 = DIRECTION ( 'NONE',  ( -0.9396926207859092051, 0.3420201433256665480, 0.000000000000000000 ) ) ;
#2770 = FACE_BOUND ( 'NONE', #4333, .T. ) ;
#2771 = PLANE ( 'NONE',  #1267 ) ;
#2772 = VECTOR ( 'NONE', #3041, 1000.000000000000000 ) ;
#2773 = FILL_AREA_STYLE_COLOUR ( '', #3743 ) ;
#2774 = VERTEX_POINT ( 'NONE', #343 ) ;
#2775 = VERTEX_POINT ( 'NONE', #2585 ) ;
#2776 = ORIENTED_EDGE ( 'NONE', *, *, #2191, .F. ) ;
#2777 = FACE_BOUND ( 'NONE', #175, .T. ) ;
#2778 = LINE ( 'NONE', #1299, #2896 ) ;
#2779 = VECTOR ( 'NONE', #2406, 1000.000000000000000 ) ;
#2780 = MANIFOLD_SOLID_BREP ( 'NONE', #3927 ) ;
#2781 = ORIENTED_EDGE ( 'NONE', *, *, #1706, .T. ) ;
#2782 = DIRECTION ( 'NONE',  ( 0.000000000000000000, 0.4472135954999579277, -0.8944271909999158554 ) ) ;
#2783 = EDGE_CURVE ( 'NONE', #2431, #290, #1009, .T. ) ;
#2784 = ORIENTED_EDGE ( 'NONE', *, *, #2877, .F. ) ;
#2785 = VERTEX_POINT ( 'NONE', #3947 ) ;
#2786 = CARTESIAN_POINT ( 'NONE',  ( 7.550000000000002487, 6.000000000000000000, -2.100000000000000089 ) ) ;
#2787 = DIRECTION ( 'NONE',  ( -0.000000000000000000, -1.000000000000000000, -0.000000000000000000 ) ) ;
#2788 = CARTESIAN_POINT ( 'NONE',  ( 5.750000000000002665, 6.000000000000000000, 0.8000000000000000444 ) ) ;
#2789 = VERTEX_POINT ( 'NONE', #4301 ) ;
#2790 = ORIENTED_EDGE ( 'NONE', *, *, #1189, .F. ) ;
#2791 = CARTESIAN_POINT ( 'NONE',  ( -5.250000000000000000, -0.4291796067500625034, 0.8000000000000000444 ) ) ;
#2792 = CARTESIAN_POINT ( 'NONE',  ( -4.750000000000000000, -0.9293581796195340416, 0.6148294073777050839 ) ) ;
#2793 = CARTESIAN_POINT ( 'NONE',  ( -1.200000000000002620, 0.2000000000000000111, -2.250000000000000000 ) ) ;
#2794 = DIRECTION ( 'NONE',  ( 1.000000000000000000, 0.000000000000000000, 0.000000000000000000 ) ) ;
#2795 = ORIENTED_EDGE ( 'NONE', *, *, #4280, .F. ) ;
#2796 = ORIENTED_EDGE ( 'NONE', *, *, #2855, .T. ) ;
#2797 = EDGE_LOOP ( 'NONE', ( #3976, #401, #67, #2952 ) ) ;
#2798 = CARTESIAN_POINT ( 'NONE',  ( 4.249999999999997335, 0.2000000000000000111, 0.2999999999999999889 ) ) ;
#2799 = ADVANCED_FACE ( 'NONE', ( #2270 ), #1259, .F. ) ;
#2800 = CARTESIAN_POINT ( 'NONE',  ( -7.950000000000001954, -4.336808689942014778E-16, 2.250000000000000000 ) ) ;
#2801 = EDGE_LOOP ( 'NONE', ( #3372, #441, #382, #3245 ) ) ;
#2802 = LINE ( 'NONE', #2172, #1735 ) ;
#2803 = ORIENTED_EDGE ( 'NONE', *, *, #2663, .T. ) ;
#2804 = EDGE_CURVE ( 'NONE', #3851, #1183, #3612, .T. ) ;
#2805 = CARTESIAN_POINT ( 'NONE',  ( -5.750000000000002665, 6.000000000000000000, 0.2999999999999999889 ) ) ;
#2806 = CARTESIAN_POINT ( 'NONE',  ( 6.800000000000002487, -4.336808689942014778E-16, 2.250000000000000000 ) ) ;
#2807 = DIRECTION ( 'NONE',  ( -1.000000000000000000, 0.000000000000000000, 0.000000000000000000 ) ) ;
#2808 = ORIENTED_EDGE ( 'NONE', *, *, #2694, .T. ) ;
#2809 = VERTEX_POINT ( 'NONE', #3974 ) ;
#2810 = LINE ( 'NONE', #2470, #3283 ) ;
#2811 = DIRECTION ( 'NONE',  ( 0.000000000000000000, -1.000000000000000000, 9.407394121349279778E-17 ) ) ;
#2812 = DIRECTION ( 'NONE',  ( 0.000000000000000000, -2.478176394252580155E-16, 1.000000000000000000 ) ) ;
#2813 = ORIENTED_EDGE ( 'NONE', *, *, #3306, .F. ) ;
#2814 = AXIS2_PLACEMENT_3D ( 'NONE', #4123, #2429, #3816 ) ;
#2815 = EDGE_CURVE ( 'NONE', #2333, #101, #967, .T. ) ;
#2816 = ORIENTED_EDGE ( 'NONE', *, *, #383, .F. ) ;
#2817 = ORIENTED_EDGE ( 'NONE', *, *, #1665, .F. ) ;
#2818 = DIRECTION ( 'NONE',  ( 3.504579431022969726E-32, 1.000000000000000000, 2.478176394252580155E-16 ) ) ;
#2819 = CIRCLE ( 'NONE', #2170, 0.05000000000000123096 ) ;
#2820 = LINE ( 'NONE', #1872, #233 ) ;
#2821 = VECTOR ( 'NONE', #2332, 1000.000000000000000 ) ;
#2822 = VECTOR ( 'NONE', #261, 1000.000000000000000 ) ;
#2823 = EDGE_CURVE ( 'NONE', #3972, #809, #3685, .T. ) ;
#2824 = CARTESIAN_POINT ( 'NONE',  ( -4.750000000000000000, -2.419911892563235245, 0.8000000000000000444 ) ) ;
#2825 = VECTOR ( 'NONE', #1751, 1000.000000000000114 ) ;
#2826 = VECTOR ( 'NONE', #1260, 1000.000000000000000 ) ;
#2827 = DIRECTION ( 'NONE',  ( 0.000000000000000000, -1.000000000000000000, 0.000000000000000000 ) ) ;
#2828 = ORIENTED_EDGE ( 'NONE', *, *, #3128, .F. ) ;
#2829 = DIRECTION ( 'NONE',  ( -1.000000000000000000, -2.879349297788825203E-32, 1.414176746720221921E-16 ) ) ;
#2830 = CARTESIAN_POINT ( 'NONE',  ( -1.200000000000002620, -4.336808689942014778E-16, -2.250000000000000000 ) ) ;
#2831 = ORIENTED_EDGE ( 'NONE', *, *, #2138, .T. ) ;
#2832 = CARTESIAN_POINT ( 'NONE',  ( 5.750000000000002665, 1.750000000000000000, 0.2999999999999999889 ) ) ;
#2833 = LINE ( 'NONE', #1135, #296 ) ;
#2834 = LINE ( 'NONE', #2223, #2240 ) ;
#2835 = APPLICATION_PROTOCOL_DEFINITION ( 'draft international standard', 'automotive_design', 1998, #971 ) ;
#2836 = VERTEX_POINT ( 'NONE', #2046 ) ;
#2837 = ORIENTED_EDGE ( 'NONE', *, *, #340, .T. ) ;
#2838 = EDGE_CURVE ( 'NONE', #1553, #3995, #5, .T. ) ;
#2839 = VERTEX_POINT ( 'NONE', #3740 ) ;
#2840 = ORIENTED_EDGE ( 'NONE', *, *, #2265, .F. ) ;
#2841 = FACE_OUTER_BOUND ( 'NONE', #277, .T. ) ;
#2842 = LINE ( 'NONE', #1458, #4041 ) ;
#2843 = EDGE_LOOP ( 'NONE', ( #4241, #4191, #995, #1011 ) ) ;
#2844 = EDGE_LOOP ( 'NONE', ( #2637, #3614, #3616, #1148 ) ) ;
#2845 = FACE_OUTER_BOUND ( 'NONE', #4064, .T. ) ;
#2846 = FACE_OUTER_BOUND ( 'NONE', #2451, .T. ) ;
#2847 = ORIENTED_EDGE ( 'NONE', *, *, #2352, .T. ) ;
#2848 = EDGE_CURVE ( 'NONE', #101, #4266, #1403, .T. ) ;
#2849 = AXIS2_PLACEMENT_3D ( 'NONE', #1921, #3707, #2012 ) ;
#2850 = MANIFOLD_SOLID_BREP ( 'NONE', #4358 ) ;
#2851 = DIRECTION ( 'NONE',  ( 0.000000000000000000, -1.000000000000000000, 0.000000000000000000 ) ) ;
#2852 = ORIENTED_EDGE ( 'NONE', *, *, #4323, .T. ) ;
#2853 = DIRECTION ( 'NONE',  ( 1.000000000000000000, 0.000000000000000000, -1.414176746720221921E-16 ) ) ;
#2854 = CARTESIAN_POINT ( 'NONE',  ( -7.200000000000002842, 4.250000000000000000, 1.649999999999999911 ) ) ;
#2855 = EDGE_CURVE ( 'NONE', #884, #2430, #4137, .T. ) ;
#2856 = EDGE_CURVE ( 'NONE', #50, #1524, #3424, .T. ) ;
#2857 = ORIENTED_EDGE ( 'NONE', *, *, #3883, .F. ) ;
#2858 = VECTOR ( 'NONE', #2609, 1000.000000000000000 ) ;
#2859 = DIRECTION ( 'NONE',  ( 1.000000000000000000, 0.000000000000000000, 0.000000000000000000 ) ) ;
#2860 = ORIENTED_EDGE ( 'NONE', *, *, #4362, .T. ) ;
#2861 = CARTESIAN_POINT ( 'NONE',  ( -5.250000000000000000, -2.413303706558679984, 0.2995613950341309839 ) ) ;
#2862 = DIRECTION ( 'NONE',  ( 0.000000000000000000, -1.000000000000000000, -2.478176394252580155E-16 ) ) ;
#2863 = ORIENTED_EDGE ( 'NONE', *, *, #2189, .T. ) ;
#2864 = AXIS2_PLACEMENT_3D ( 'NONE', #2230, #1837, #3873 ) ;
#2865 = ORIENTED_EDGE ( 'NONE', *, *, #1796, .F. ) ;
#2866 = ORIENTED_EDGE ( 'NONE', *, *, #2662, .F. ) ;
#2867 = DIRECTION ( 'NONE',  ( 0.000000000000000000, -1.000000000000000000, 0.000000000000000000 ) ) ;
#2868 = EDGE_CURVE ( 'NONE', #2083, #3263, #1088, .T. ) ;
#2869 = LINE ( 'NONE', #4214, #1342 ) ;
#2870 = ORIENTED_EDGE ( 'NONE', *, *, #4219, .T. ) ;
#2871 = VERTEX_POINT ( 'NONE', #3785 ) ;
#2872 = ORIENTED_EDGE ( 'NONE', *, *, #721, .T. ) ;
#2873 = FACE_OUTER_BOUND ( 'NONE', #2293, .T. ) ;
#2874 = CARTESIAN_POINT ( 'NONE',  ( -2.050000000000002487, 0.8299999999999999600, 1.850000000000000089 ) ) ;
#2875 = ORIENTED_EDGE ( 'NONE', *, *, #548, .F. ) ;
#2876 = EDGE_CURVE ( 'NONE', #1830, #2208, #756, .T. ) ;
#2877 = EDGE_CURVE ( 'NONE', #1222, #4120, #3407, .T. ) ;
#2878 = PLANE ( 'NONE',  #3036 ) ;
#2879 = CARTESIAN_POINT ( 'NONE',  ( -6.250000000000002665, 2.250000000000000000, 1.649999999999999911 ) ) ;
#2880 = DIRECTION ( 'NONE',  ( -1.084202172485503818E-16, -1.000000000000000000, 0.000000000000000000 ) ) ;
#2881 = PLANE ( 'NONE',  #393 ) ;
#2882 = ORIENTED_EDGE ( 'NONE', *, *, #2267, .F. ) ;
#2883 = DIRECTION ( 'NONE',  ( 0.000000000000000000, -9.407394121349279778E-17, -1.000000000000000000 ) ) ;
#2884 = CARTESIAN_POINT ( 'NONE',  ( 7.200000000000002842, 4.250000000000000000, -2.623757129271619970 ) ) ;
#2885 =( NAMED_UNIT ( * ) PLANE_ANGLE_UNIT ( ) SI_UNIT ( $, .RADIAN. ) );
#2886 = ORIENTED_EDGE ( 'NONE', *, *, #1456, .F. ) ;
#2887 = ORIENTED_EDGE ( 'NONE', *, *, #2815, .T. ) ;
#2888 = FACE_OUTER_BOUND ( 'NONE', #2456, .T. ) ;
#2889 = DIRECTION ( 'NONE',  ( 3.504579431022969726E-32, 1.000000000000000000, 2.478176394252580155E-16 ) ) ;
#2890 = ORIENTED_EDGE ( 'NONE', *, *, #1586, .T. ) ;
#2891 = ORIENTED_EDGE ( 'NONE', *, *, #3362, .T. ) ;
#2892 = ORIENTED_EDGE ( 'NONE', *, *, #3066, .F. ) ;
#2893 = AXIS2_PLACEMENT_3D ( 'NONE', #2528, #2481, #3896 ) ;
#2894 = CARTESIAN_POINT ( 'NONE',  ( -5.250000000000000000, -2.419911892563235245, 0.8000000000000000444 ) ) ;
#2895 = CARTESIAN_POINT ( 'NONE',  ( -4.750000000000000000, -0.6751470842750408874, 0.7419349550499519941 ) ) ;
#2896 = VECTOR ( 'NONE', #1102, 1000.000000000000000 ) ;
#2897 = VECTOR ( 'NONE', #3481, 1000.000000000000000 ) ;
#2898 = EDGE_CURVE ( 'NONE', #3483, #1257, #2440, .T. ) ;
#2899 = VECTOR ( 'NONE', #4006, 1000.000000000000114 ) ;
#2900 = DIRECTION ( 'NONE',  ( 0.000000000000000000, -1.000000000000000000, 0.000000000000000000 ) ) ;
#2901 = CARTESIAN_POINT ( 'NONE',  ( 1.749999999999998002, 1.750000000000000000, 0.8000000000000000444 ) ) ;
#2902 = DIRECTION ( 'NONE',  ( -1.000000000000000000, 0.000000000000000000, 0.000000000000000000 ) ) ;
#2903 = VECTOR ( 'NONE', #3341, 1000.000000000000000 ) ;
#2904 = VECTOR ( 'NONE', #2345, 1000.000000000000000 ) ;
#2905 = LINE ( 'NONE', #3944, #1097 ) ;
#2906 = EDGE_LOOP ( 'NONE', ( #2750, #2593, #2010, #3208 ) ) ;
#2907 = DIRECTION ( 'NONE',  ( 1.000000000000000000, 2.710505431213760099E-16, 2.168404344971010101E-16 ) ) ;
#2908 = VECTOR ( 'NONE', #1391, 1000.000000000000000 ) ;
#2909 = LINE ( 'NONE', #2492, #1535 ) ;
#2910 = DIRECTION ( 'NONE',  ( -0.000000000000000000, 0.3420201433256665480, 0.9396926207859092051 ) ) ;
#2911 = EDGE_CURVE ( 'NONE', #3757, #2571, #35, .T. ) ;
#2912 = ORIENTED_EDGE ( 'NONE', *, *, #3174, .T. ) ;
#2913 = ORIENTED_EDGE ( 'NONE', *, *, #1000, .F. ) ;
#2914 = EDGE_LOOP ( 'NONE', ( #4143, #2152, #773, #375 ) ) ;
#2915 = ORIENTED_EDGE ( 'NONE', *, *, #2228, .F. ) ;
#2916 = PLANE ( 'NONE',  #801 ) ;
#2917 = PRODUCT_DEFINITION_CONTEXT ( 'detailed design', #1104, 'design' ) ;
#2918 = CARTESIAN_POINT ( 'NONE',  ( -2.250000000000001776, 0.2000000000000000111, 0.8000000000000000444 ) ) ;
#2919 = ORIENTED_EDGE ( 'NONE', *, *, #2530, .F. ) ;
#2920 = CARTESIAN_POINT ( 'NONE',  ( 7.950000000000001954, 1.389999999999999902, 1.850000000000000089 ) ) ;
#2921 = LINE ( 'NONE', #593, #3594 ) ;
#2922 = AXIS2_PLACEMENT_3D ( 'NONE', #3504, #1871, #3205 ) ;
#2923 = LINE ( 'NONE', #3987, #4024 ) ;
#2924 = EDGE_CURVE ( 'NONE', #2839, #3079, #2738, .T. ) ;
#2925 = VERTEX_POINT ( 'NONE', #1363 ) ;
#2926 = CARTESIAN_POINT ( 'NONE',  ( 3.749999999999998224, 0.2000000000000000111, 0.2999999999999999889 ) ) ;
#2927 = PLANE ( 'NONE',  #1534 ) ;
#2928 = CARTESIAN_POINT ( 'NONE',  ( -5.225000000000002309, 1.750000000000000000, 1.649999999999999911 ) ) ;
#2929 = ORIENTED_EDGE ( 'NONE', *, *, #1947, .T. ) ;
#2930 = DIRECTION ( 'NONE',  ( 0.000000000000000000, 0.000000000000000000, 1.000000000000000000 ) ) ;
#2931 = CARTESIAN_POINT ( 'NONE',  ( 3.749999999999998224, -3.399999999999999911, 0.8000000000000000444 ) ) ;
#2932 = CARTESIAN_POINT ( 'NONE',  ( -2.800000000000002043, -4.336808689942014778E-16, -2.250000000000000000 ) ) ;
#2933 = EDGE_CURVE ( 'NONE', #3526, #2631, #3447, .T. ) ;
#2934 = VECTOR ( 'NONE', #4328, 1000.000000000000114 ) ;
#2935 = EDGE_LOOP ( 'NONE', ( #4216, #134, #2078, #216 ) ) ;
#2936 = LINE ( 'NONE', #245, #444 ) ;
#2937 = DIRECTION ( 'NONE',  ( 0.000000000000000000, -4.336808689942020201E-16, 1.000000000000000000 ) ) ;
#2938 = ORIENTED_EDGE ( 'NONE', *, *, #827, .T. ) ;
#2939 = EDGE_LOOP ( 'NONE', ( #2664, #3067, #425, #4016 ) ) ;
#2940 = ORIENTED_EDGE ( 'NONE', *, *, #2005, .F. ) ;
#2941 = LINE ( 'NONE', #3622, #2396 ) ;
#2942 = EDGE_CURVE ( 'NONE', #4307, #1988, #4074, .T. ) ;
#2943 = DIRECTION ( 'NONE',  ( 1.000000000000000000, 0.000000000000000000, 0.000000000000000000 ) ) ;
#2944 = EDGE_CURVE ( 'NONE', #1423, #3046, #2403, .T. ) ;
#2945 = CARTESIAN_POINT ( 'NONE',  ( -0.2500000000000019429, -3.399999999999999911, 0.2999999999999999889 ) ) ;
#2946 = VECTOR ( 'NONE', #2541, 1000.000000000000000 ) ;
#2947 = CARTESIAN_POINT ( 'NONE',  ( 7.950000000000001954, 4.500000000000000000, 0.3800000000000000044 ) ) ;
#2948 = DIRECTION ( 'NONE',  ( 0.000000000000000000, 0.000000000000000000, 1.000000000000000000 ) ) ;
#2949 = CARTESIAN_POINT ( 'NONE',  ( -7.950000000000001954, -4.336808689942014778E-16, 2.250000000000000000 ) ) ;
#2950 = ORIENTED_EDGE ( 'NONE', *, *, #658, .F. ) ;
#2951 = CARTESIAN_POINT ( 'NONE',  ( -5.140808929720139808, -3.399999999999999911, 1.011922027653137932E-15 ) ) ;
#2952 = ORIENTED_EDGE ( 'NONE', *, *, #295, .F. ) ;
#2953 = LINE ( 'NONE', #1321, #2756 ) ;
#2954 = DIRECTION ( 'NONE',  ( -1.000000000000000000, 0.000000000000000000, 0.000000000000000000 ) ) ;
#2955 = DIRECTION ( 'NONE',  ( 0.000000000000000000, 0.4472135954999611474, -0.8944271909999143011 ) ) ;
#2956 = ORIENTED_EDGE ( 'NONE', *, *, #2757, .F. ) ;
#2957 = ORIENTED_EDGE ( 'NONE', *, *, #3720, .F. ) ;
#2958 = ORIENTED_EDGE ( 'NONE', *, *, #1269, .F. ) ;
#2959 = ORIENTED_EDGE ( 'NONE', *, *, #2274, .T. ) ;
#2960 = DIRECTION ( 'NONE',  ( 1.000000000000000000, 4.476652557876059775E-32, -1.414176746720221921E-16 ) ) ;
#2961 = LINE ( 'NONE', #1655, #2465 ) ;
#2962 = CARTESIAN_POINT ( 'NONE',  ( -4.750000000000000000, -2.419911892563235245, 0.2500000000000000000 ) ) ;
#2963 = DIRECTION ( 'NONE',  ( -1.000000000000000000, 0.000000000000000000, 0.000000000000000000 ) ) ;
#2964 = VECTOR ( 'NONE', #842, 1000.000000000000000 ) ;
#2965 = FACE_OUTER_BOUND ( 'NONE', #3866, .T. ) ;
#2966 = VECTOR ( 'NONE', #3321, 1000.000000000000000 ) ;
#2967 = CARTESIAN_POINT ( 'NONE',  ( 0.7999999999999973799, -4.336808689942014778E-16, 2.250000000000000000 ) ) ;
#2968 = CARTESIAN_POINT ( 'NONE',  ( 7.950000000000001954, 6.000000000000000000, 2.250000000000000000 ) ) ;
#2969 = PRESENTATION_LAYER_ASSIGNMENT (  '', '', ( #2386 ) ) ;
#2970 = COLOUR_RGB ( '',1.000000000000000000, 1.000000000000000000, 1.000000000000000000 ) ;
#2971 = LINE ( 'NONE', #2928, #2858 ) ;
#2972 = CARTESIAN_POINT ( 'NONE',  ( -5.750000000000002665, 6.000000000000000000, 0.8000000000000000444 ) ) ;
#2973 = LINE ( 'NONE', #3014, #1064 ) ;
#2974 = LINE ( 'NONE', #3926, #3116 ) ;
#2975 = VECTOR ( 'NONE', #1395, 1000.000000000000000 ) ;
#2976 = ORIENTED_EDGE ( 'NONE', *, *, #1250, .T. ) ;
#2977 = EDGE_CURVE ( 'NONE', #2077, #3229, #779, .T. ) ;
#2978 = VERTEX_POINT ( 'NONE', #1840 ) ;
#2979 = VECTOR ( 'NONE', #4021, 1000.000000000000000 ) ;
#2980 = ORIENTED_EDGE ( 'NONE', *, *, #2256, .F. ) ;
#2981 = AXIS2_PLACEMENT_3D ( 'NONE', #1240, #1565, #966 ) ;
#2982 = EDGE_LOOP ( 'NONE', ( #3828, #526, #3335, #1386 ) ) ;
#2983 = LINE ( 'NONE', #3291, #2266 ) ;
#2984 = LINE ( 'NONE', #1529, #4236 ) ;
#2985 = ORIENTED_EDGE ( 'NONE', *, *, #771, .T. ) ;
#2986 = ORIENTED_EDGE ( 'NONE', *, *, #1481, .F. ) ;
#2987 = DIRECTION ( 'NONE',  ( 0.000000000000000000, 5.957641974055180061E-16, -1.000000000000000000 ) ) ;
#2988 = CARTESIAN_POINT ( 'NONE',  ( -3.200000000000002842, -4.336808689942014778E-16, -2.250000000000000000 ) ) ;
#2989 = EDGE_LOOP ( 'NONE', ( #4299, #3162, #4183, #2860, #942 ) ) ;
#2990 = ADVANCED_FACE ( 'NONE', ( #3877 ), #1511, .F. ) ;
#2991 = LINE ( 'NONE', #1877, #493 ) ;
#2992 = EDGE_CURVE ( 'NONE', #726, #1965, #471, .T. ) ;
#2993 = DIRECTION ( 'NONE',  ( 1.000000000000000000, 0.000000000000000000, 2.168404344971010101E-16 ) ) ;
#2994 = LINE ( 'NONE', #2753, #1332 ) ;
#2995 = EDGE_LOOP ( 'NONE', ( #2887, #781, #650, #2153, #1312, #3845 ) ) ;
#2996 = DIRECTION ( 'NONE',  ( 0.000000000000000000, 0.000000000000000000, 1.000000000000000000 ) ) ;
#2997 = EDGE_CURVE ( 'NONE', #4168, #1521, #550, .T. ) ;
#2998 = DIRECTION ( 'NONE',  ( -1.000000000000000000, -1.414176746720227837E-16, 0.000000000000000000 ) ) ;
#2999 = DIRECTION ( 'NONE',  ( 1.000000000000000000, 0.000000000000000000, 0.000000000000000000 ) ) ;
#3000 = DIRECTION ( 'NONE',  ( -2.168404344971010101E-16, 0.000000000000000000, 1.000000000000000000 ) ) ;
#3001 = ORIENTED_EDGE ( 'NONE', *, *, #199, .F. ) ;
#3002 = ORIENTED_EDGE ( 'NONE', *, *, #977, .T. ) ;
#3003 = EDGE_LOOP ( 'NONE', ( #1889, #2086, #3432, #3837 ) ) ;
#3004 = PLANE ( 'NONE',  #2849 ) ;
#3005 =( NAMED_UNIT ( * ) SI_UNIT ( $, .STERADIAN. ) SOLID_ANGLE_UNIT ( ) );
#3006 = CARTESIAN_POINT ( 'NONE',  ( -0.8000000000000020428, 0.2000000000000000111, 0.8000000000000000444 ) ) ;
#3007 = CARTESIAN_POINT ( 'NONE',  ( -7.200000000000002842, 4.250000000000000000, -2.623757129271619970 ) ) ;
#3008 = DIRECTION ( 'NONE',  ( -9.999739674021979686E-17, -0.7071067811865490160, -0.7071067811865461294 ) ) ;
#3009 = LINE ( 'NONE', #4296, #363 ) ;
#3010 = CARTESIAN_POINT ( 'NONE',  ( -6.250000000000002665, 1.750000000000000000, 0.8000000000000000444 ) ) ;
#3011 = EDGE_CURVE ( 'NONE', #3018, #3795, #515, .T. ) ;
#3012 = CARTESIAN_POINT ( 'NONE',  ( -5.140808929720139808, -3.399999999999999911, 0.4091910702798604582 ) ) ;
#3013 = LINE ( 'NONE', #240, #2282 ) ;
#3014 = CARTESIAN_POINT ( 'NONE',  ( -2.050000000000002487, 4.336808689942014778E-16, -2.250000000000000000 ) ) ;
#3015 = CARTESIAN_POINT ( 'NONE',  ( 4.799999999999997158, 0.2000000000000000111, 2.250000000000000000 ) ) ;
#3016 = EDGE_CURVE ( 'NONE', #4288, #22, #1793, .T. ) ;
#3017 = ORIENTED_EDGE ( 'NONE', *, *, #716, .F. ) ;
#3018 = VERTEX_POINT ( 'NONE', #4252 ) ;
#3019 = EDGE_LOOP ( 'NONE', ( #1224, #1369, #3001, #3155 ) ) ;
#3020 = CARTESIAN_POINT ( 'NONE',  ( -5.250000000000000000, -1.024408905444593954, 0.1143754215522529982 ) ) ;
#3021 = DIRECTION ( 'NONE',  ( -2.168404344971010101E-16, 0.000000000000000000, 1.000000000000000000 ) ) ;
#3022 = DIRECTION ( 'NONE',  ( 0.000000000000000000, -1.000000000000000000, 0.000000000000000000 ) ) ;
#3023 = DIRECTION ( 'NONE',  ( 0.000000000000000000, 0.1321637200910242005, 0.9912279006826337779 ) ) ;
#3024 = VECTOR ( 'NONE', #2375, 1000.000000000000000 ) ;
#3025 = DIRECTION ( 'NONE',  ( -1.000000000000000000, 0.000000000000000000, 0.000000000000000000 ) ) ;
#3026 = VERTEX_POINT ( 'NONE', #2879 ) ;
#3027 = CARTESIAN_POINT ( 'NONE',  ( 1.199999999999997957, 0.2000000000000000111, 0.2999999999999999889 ) ) ;
#3028 = CARTESIAN_POINT ( 'NONE',  ( -5.250000000000000000, 5.000000000000000000, 0.8000000000000000444 ) ) ;
#3029 = EDGE_CURVE ( 'NONE', #3668, #2077, #875, .T. ) ;
#3030 = VECTOR ( 'NONE', #204, 1000.000000000000000 ) ;
#3031 = CARTESIAN_POINT ( 'NONE',  ( -5.200000000000001954, 0.2000000000000000111, 2.250000000000000000 ) ) ;
#3032 = DIRECTION ( 'NONE',  ( 0.000000000000000000, 0.000000000000000000, 1.000000000000000000 ) ) ;
#3033 = LINE ( 'NONE', #1649, #4026 ) ;
#3034 = LINE ( 'NONE', #1028, #1896 ) ;
#3035 = AXIS2_PLACEMENT_3D ( 'NONE', #3553, #4195, #2210 ) ;
#3036 = AXIS2_PLACEMENT_3D ( 'NONE', #2134, #2154, #125 ) ;
#3037 = VECTOR ( 'NONE', #3771, 1000.000000000000000 ) ;
#3038 = VERTEX_POINT ( 'NONE', #3543 ) ;
#3039 = VERTEX_POINT ( 'NONE', #4224 ) ;
#3040 = LINE ( 'NONE', #1366, #822 ) ;
#3041 = DIRECTION ( 'NONE',  ( -1.000000000000000000, 0.000000000000000000, 0.000000000000000000 ) ) ;
#3042 = AXIS2_PLACEMENT_3D ( 'NONE', #489, #1216, #1815 ) ;
#3043 = EDGE_CURVE ( 'NONE', #3617, #1654, #2198, .T. ) ;
#3044 = FACE_OUTER_BOUND ( 'NONE', #3202, .T. ) ;
#3045 = VECTOR ( 'NONE', #2818, 1000.000000000000000 ) ;
#3046 = VERTEX_POINT ( 'NONE', #2536 ) ;
#3047 = VECTOR ( 'NONE', #591, 1000.000000000000000 ) ;
#3048 = ORIENTED_EDGE ( 'NONE', *, *, #63, .F. ) ;
#3049 = VECTOR ( 'NONE', #1019, 1000.000000000000000 ) ;
#3050 = DIRECTION ( 'NONE',  ( 1.000000000000000000, 0.000000000000000000, 0.000000000000000000 ) ) ;
#3051 = CARTESIAN_POINT ( 'NONE',  ( -4.800000000000002487, 0.2000000000000000111, -2.250000000000000000 ) ) ;
#3052 = VERTEX_POINT ( 'NONE', #2806 ) ;
#3053 = DIRECTION ( 'NONE',  ( -1.000000000000000000, 0.000000000000000000, 0.000000000000000000 ) ) ;
#3054 = VERTEX_POINT ( 'NONE', #3560 ) ;
#3055 = EDGE_CURVE ( 'NONE', #3399, #50, #1466, .T. ) ;
#3056 = EDGE_CURVE ( 'NONE', #1911, #3879, #3163, .T. ) ;
#3057 = DIRECTION ( 'NONE',  ( 1.000000000000000000, -1.640695603511829896E-15, 0.000000000000000000 ) ) ;
#3058 = DIRECTION ( 'NONE',  ( 1.000000000000000000, 0.000000000000000000, 0.000000000000000000 ) ) ;
#3059 = DIRECTION ( 'NONE',  ( 0.000000000000000000, 1.000000000000000000, 2.036060417813154872E-16 ) ) ;
#3060 = CARTESIAN_POINT ( 'NONE',  ( -0.8000000000000020428, 0.2000000000000000111, -2.250000000000000000 ) ) ;
#3061 = AXIS2_PLACEMENT_3D ( 'NONE', #1991, #3998, #1591 ) ;
#3062 = CARTESIAN_POINT ( 'NONE',  ( -5.750000000000002665, 1.750000000000000000, 7.274189424854959917E-16 ) ) ;
#3063 = FACE_OUTER_BOUND ( 'NONE', #3172, .T. ) ;
#3064 = CARTESIAN_POINT ( 'NONE',  ( -7.950000000000001954, 0.8299999999999999600, 1.850000000000000089 ) ) ;
#3065 = ORIENTED_EDGE ( 'NONE', *, *, #128, .F. ) ;
#3066 = EDGE_CURVE ( 'NONE', #2809, #2353, #1860, .T. ) ;
#3067 = ORIENTED_EDGE ( 'NONE', *, *, #3378, .F. ) ;
#3068 = CARTESIAN_POINT ( 'NONE',  ( -0.8000000000000020428, 0.2000000000000000111, -2.250000000000000000 ) ) ;
#3069 = ORIENTED_EDGE ( 'NONE', *, *, #4032, .T. ) ;
#3070 = ADVANCED_FACE ( 'NONE', ( #3234 ), #207, .T. ) ;
#3071 = ADVANCED_FACE ( 'NONE', ( #3834 ), #3494, .F. ) ;
#3072 = CARTESIAN_POINT ( 'NONE',  ( -5.200000000000001954, 0.2000000000000000111, -2.250000000000000000 ) ) ;
#3073 = DIRECTION ( 'NONE',  ( -1.000000000000000000, 0.000000000000000000, 0.000000000000000000 ) ) ;
#3074 = EDGE_LOOP ( 'NONE', ( #2061, #3547, #2872, #1103 ) ) ;
#3075 = DIRECTION ( 'NONE',  ( -1.000000000000000000, 0.000000000000000000, 0.000000000000000000 ) ) ;
#3076 = CARTESIAN_POINT ( 'NONE',  ( -4.250000000000001776, 1.750000000000000000, 0.8000000000000000444 ) ) ;
#3077 =( NAMED_UNIT ( * ) SI_UNIT ( $, .STERADIAN. ) SOLID_ANGLE_UNIT ( ) );
#3078 = DIRECTION ( 'NONE',  ( -1.000000000000000000, 0.000000000000000000, 0.000000000000000000 ) ) ;
#3079 = VERTEX_POINT ( 'NONE', #2901 ) ;
#3080 = CARTESIAN_POINT ( 'NONE',  ( -1.200000000000002620, -4.336808689942014778E-16, -2.250000000000000000 ) ) ;
#3081 = LINE ( 'NONE', #431, #3745 ) ;
#3082 = DIRECTION ( 'NONE',  ( 1.000000000000000000, -3.504579431022969726E-32, -1.519869053105245017E-47 ) ) ;
#3083 = CARTESIAN_POINT ( 'NONE',  ( -4.999999999999988454, -2.168404344970985449E-16, 1.100000000000004752 ) ) ;
#3084 = ORIENTED_EDGE ( 'NONE', *, *, #1569, .T. ) ;
#3085 = ORIENTED_EDGE ( 'NONE', *, *, #2274, .F. ) ;
#3086 = EDGE_CURVE ( 'NONE', #2502, #2077, #2559, .T. ) ;
#3087 = ORIENTED_EDGE ( 'NONE', *, *, #3344, .F. ) ;
#3088 = DIRECTION ( 'NONE',  ( -1.000000000000000000, 0.000000000000000000, 0.000000000000000000 ) ) ;
#3089 = DIRECTION ( 'NONE',  ( -1.000000000000000000, 0.000000000000000000, 0.000000000000000000 ) ) ;
#3090 = ORIENTED_EDGE ( 'NONE', *, *, #3112, .T. ) ;
#3091 = LINE ( 'NONE', #3420, #2391 ) ;
#3092 = CARTESIAN_POINT ( 'NONE',  ( -6.250000000000002665, 6.000000000000000000, 0.8000000000000000444 ) ) ;
#3093 = DIRECTION ( 'NONE',  ( 0.000000000000000000, -1.000000000000000000, -1.198194479848324020E-16 ) ) ;
#3094 = ORIENTED_EDGE ( 'NONE', *, *, #2599, .F. ) ;
#3095 = FILL_AREA_STYLE_COLOUR ( '', #2970 ) ;
#3096 = CARTESIAN_POINT ( 'NONE',  ( 5.200000000000001954, 0.2000000000000000111, -2.250000000000000000 ) ) ;
#3097 = EDGE_CURVE ( 'NONE', #2296, #3483, #166, .T. ) ;
#3098 = VERTEX_POINT ( 'NONE', #896 ) ;
#3099 = VECTOR ( 'NONE', #2330, 1000.000000000000000 ) ;
#3100 = LINE ( 'NONE', #1092, #3149 ) ;
#3101 = ORIENTED_EDGE ( 'NONE', *, *, #3416, .T. ) ;
#3102 = DIRECTION ( 'NONE',  ( 0.000000000000000000, -2.478176394252580155E-16, 1.000000000000000000 ) ) ;
#3103 = CARTESIAN_POINT ( 'NONE',  ( -2.050000000000002487, 6.000000000000000000, 1.899999999999999911 ) ) ;
#3104 = VECTOR ( 'NONE', #525, 1000.000000000000000 ) ;
#3105 = VECTOR ( 'NONE', #497, 1000.000000000000000 ) ;
#3106 = DIRECTION ( 'NONE',  ( 1.000000000000000000, 0.000000000000000000, 0.000000000000000000 ) ) ;
#3107 = EDGE_LOOP ( 'NONE', ( #3615, #541, #1388, #1508 ) ) ;
#3108 = ADVANCED_FACE ( 'NONE', ( #1169 ), #3581, .T. ) ;
#3109 = AXIS2_PLACEMENT_3D ( 'NONE', #3512, #1532, #2219 ) ;
#3110 = VERTEX_POINT ( 'NONE', #944 ) ;
#3111 = LINE ( 'NONE', #3156, #641 ) ;
#3112 = EDGE_CURVE ( 'NONE', #3483, #2502, #639, .T. ) ;
#3113 = EDGE_CURVE ( 'NONE', #2551, #1654, #3009, .T. ) ;
#3114 = PLANE ( 'NONE',  #3691 ) ;
#3115 = AXIS2_PLACEMENT_3D ( 'NONE', #2894, #2943, #1656 ) ;
#3116 = VECTOR ( 'NONE', #902, 1000.000000000000000 ) ;
#3117 = ORIENTED_EDGE ( 'NONE', *, *, #330, .T. ) ;
#3118 = AXIS2_PLACEMENT_3D ( 'NONE', #3835, #806, #2136 ) ;
#3119 = PLANE ( 'NONE',  #2674 ) ;
#3120 = ORIENTED_EDGE ( 'NONE', *, *, #4139, .F. ) ;
#3121 = EDGE_LOOP ( 'NONE', ( #416, #3909, #41, #1822 ) ) ;
#3122 = EDGE_CURVE ( 'NONE', #2836, #3879, #235, .T. ) ;
#3123 = DIRECTION ( 'NONE',  ( -1.000000000000000000, 0.000000000000000000, 0.000000000000000000 ) ) ;
#3124 = DIRECTION ( 'NONE',  ( 0.000000000000000000, 0.000000000000000000, 1.000000000000000000 ) ) ;
#3125 = CARTESIAN_POINT ( 'NONE',  ( 6.250000000000002665, 6.000000000000000000, 0.2999999999999999889 ) ) ;
#3126 = VERTEX_POINT ( 'NONE', #3603 ) ;
#3127 = ORIENTED_EDGE ( 'NONE', *, *, #345, .F. ) ;
#3128 = EDGE_CURVE ( 'NONE', #574, #2549, #1953, .T. ) ;
#3129 = CARTESIAN_POINT ( 'NONE',  ( -4.750000000000000000, -0.9517188593945330455, 0.6595507669277020923 ) ) ;
#3130 = ORIENTED_EDGE ( 'NONE', *, *, #2546, .T. ) ;
#3131 = LINE ( 'NONE', #4144, #727 ) ;
#3132 = DIRECTION ( 'NONE',  ( 1.519869053105245017E-47, 0.000000000000000000, 1.000000000000000000 ) ) ;
#3133 = VERTEX_POINT ( 'NONE', #2670 ) ;
#3134 = ORIENTED_EDGE ( 'NONE', *, *, #2669, .F. ) ;
#3135 = ORIENTED_EDGE ( 'NONE', *, *, #3344, .T. ) ;
#3136 = CARTESIAN_POINT ( 'NONE',  ( -5.000000000000002665, 1.750000000000000000, 8.900492683583219526E-16 ) ) ;
#3137 = DIRECTION ( 'NONE',  ( -1.000000000000000000, 0.000000000000000000, 0.000000000000000000 ) ) ;
#3138 = ORIENTED_EDGE ( 'NONE', *, *, #2023, .T. ) ;
#3139 = LINE ( 'NONE', #2506, #215 ) ;
#3140 = DIRECTION ( 'NONE',  ( -1.000000000000000000, 0.000000000000000000, 0.000000000000000000 ) ) ;
#3141 = EDGE_CURVE ( 'NONE', #1849, #3593, #4028, .T. ) ;
#3142 = DIRECTION ( 'NONE',  ( 3.504579431022969726E-32, 1.000000000000000000, 2.478176394252580155E-16 ) ) ;
#3143 = DIRECTION ( 'NONE',  ( 0.000000000000000000, 0.000000000000000000, 1.000000000000000000 ) ) ;
#3144 = ORIENTED_EDGE ( 'NONE', *, *, #64, .F. ) ;
#3145 = CARTESIAN_POINT ( 'NONE',  ( 0.7999999999999973799, 0.2000000000000000111, -2.250000000000000000 ) ) ;
#3146 = CARTESIAN_POINT ( 'NONE',  ( -4.750000000000000000, -0.6751470842750308954, 0.7419349550499340085 ) ) ;
#3147 = EDGE_CURVE ( 'NONE', #3526, #2333, #3700, .T. ) ;
#3148 = DIRECTION ( 'NONE',  ( 1.000000000000000000, 0.000000000000000000, 0.000000000000000000 ) ) ;
#3149 = VECTOR ( 'NONE', #1014, 1000.000000000000000 ) ;
#3150 = ADVANCED_FACE ( 'NONE', ( #2331 ), #3942, .F. ) ;
#3151 = EDGE_LOOP ( 'NONE', ( #179, #626, #1767, #682 ) ) ;
#3152 = EDGE_CURVE ( 'NONE', #2253, #3110, #3655, .T. ) ;
#3153 = ORIENTED_EDGE ( 'NONE', *, *, #3608, .T. ) ;
#3154 = ORIENTED_EDGE ( 'NONE', *, *, #1488, .F. ) ;
#3155 = ORIENTED_EDGE ( 'NONE', *, *, #882, .T. ) ;
#3156 = CARTESIAN_POINT ( 'NONE',  ( 6.725000000000002309, 4.250000000000000000, 2.149999999999999911 ) ) ;
#3157 = CARTESIAN_POINT ( 'NONE',  ( 3.199999999999997957, -4.336808689942014778E-16, -2.250000000000000000 ) ) ;
#3158 = FACE_BOUND ( 'NONE', #2511, .T. ) ;
#3159 = VERTEX_POINT ( 'NONE', #1559 ) ;
#3160 = EDGE_LOOP ( 'NONE', ( #536, #604, #3776, #98 ) ) ;
#3161 = CARTESIAN_POINT ( 'NONE',  ( -3.200000000000002842, 0.2000000000000000111, -2.250000000000000000 ) ) ;
#3162 = ORIENTED_EDGE ( 'NONE', *, *, #3722, .T. ) ;
#3163 = LINE ( 'NONE', #4181, #2533 ) ;
#3164 = CARTESIAN_POINT ( 'NONE',  ( 7.550000000000002487, 6.000000000000000000, -2.250000000000000000 ) ) ;
#3165 = EDGE_CURVE ( 'NONE', #3038, #3349, #1004, .T. ) ;
#3166 = VERTEX_POINT ( 'NONE', #2926 ) ;
#3167 = DIRECTION ( 'NONE',  ( 0.000000000000000000, 1.000000000000000000, 0.000000000000000000 ) ) ;
#3168 = LINE ( 'NONE', #1865, #428 ) ;
#3169 = CARTESIAN_POINT ( 'NONE',  ( -4.250000000000001776, -3.399999999999999911, 0.2999999999999999889 ) ) ;
#3170 = CONTEXT_DEPENDENT_SHAPE_REPRESENTATION ( #1317, #1859 ) ;
#3171 = EDGE_LOOP ( 'NONE', ( #1243, #121, #3956, #4332 ) ) ;
#3172 = EDGE_LOOP ( 'NONE', ( #2141, #3858, #3790, #851 ) ) ;
#3173 = ORIENTED_EDGE ( 'NONE', *, *, #3520, .F. ) ;
#3174 = EDGE_CURVE ( 'NONE', #1965, #2249, #2035, .T. ) ;
#3175 = PLANE ( 'NONE',  #1762 ) ;
#3176 = AXIS2_PLACEMENT_3D ( 'NONE', #1642, #2284, #4342 ) ;
#3177 = EDGE_CURVE ( 'NONE', #1313, #2507, #982, .T. ) ;
#3178 = UNCERTAINTY_MEASURE_WITH_UNIT (LENGTH_MEASURE( 1.000000000000000082E-05 ), #2765, 'distance_accuracy_value', 'NONE');
#3179 = CARTESIAN_POINT ( 'NONE',  ( 0.2499999999999976130, -3.399999999999999911, 0.2999999999999999889 ) ) ;
#3180 = ORIENTED_EDGE ( 'NONE', *, *, #635, .F. ) ;
#3181 = COLOUR_RGB ( '',1.000000000000000000, 1.000000000000000000, 1.000000000000000000 ) ;
#3182 = VECTOR ( 'NONE', #194, 1000.000000000000000 ) ;
#3183 = ADVANCED_FACE ( 'NONE', ( #2304, #1235 ), #575, .F. ) ;
#3184 = CARTESIAN_POINT ( 'NONE',  ( -5.250000000000000000, -2.419911892563235245, 0.3000000000000159761 ) ) ;
#3185 = DIRECTION ( 'NONE',  ( 0.000000000000000000, -1.000000000000000000, 0.000000000000000000 ) ) ;
#3186 = VECTOR ( 'NONE', #2177, 1000.000000000000000 ) ;
#3187 = ORIENTED_EDGE ( 'NONE', *, *, #827, .F. ) ;
#3188 = VECTOR ( 'NONE', #483, 1000.000000000000000 ) ;
#3189 = VECTOR ( 'NONE', #4022, 1000.000000000000000 ) ;
#3190 = VECTOR ( 'NONE', #4312, 1000.000000000000000 ) ;
#3191 = CARTESIAN_POINT ( 'NONE',  ( -5.250000000000000000, -0.4291796067500634471, 0.2500000000000000000 ) ) ;
#3192 = VECTOR ( 'NONE', #3985, 1000.000000000000000 ) ;
#3193 = DIRECTION ( 'NONE',  ( -2.149382886696720053E-16, 0.000000000000000000, 1.000000000000000000 ) ) ;
#3194 = FACE_OUTER_BOUND ( 'NONE', #3831, .T. ) ;
#3195 = ORIENTED_EDGE ( 'NONE', *, *, #2614, .F. ) ;
#3196 = ADVANCED_FACE ( 'NONE', ( #1908 ), #3279, .T. ) ;
#3197 = EDGE_CURVE ( 'NONE', #1910, #3229, #3301, .T. ) ;
#3198 = DIRECTION ( 'NONE',  ( 0.000000000000000000, -1.577021341797157760E-15, 1.000000000000000000 ) ) ;
#3199 = VERTEX_POINT ( 'NONE', #3967 ) ;
#3200 = CARTESIAN_POINT ( 'NONE',  ( -7.300000000000002487, 4.500000000000000000, 0.8800000000000000044 ) ) ;
#3201 = DIRECTION ( 'NONE',  ( -0.3236155771181825069, 0.8891264907159899256, -0.3236155771181830065 ) ) ;
#3202 = EDGE_LOOP ( 'NONE', ( #192, #750, #4059, #3204 ) ) ;
#3203 = ORIENTED_EDGE ( 'NONE', *, *, #348, .T. ) ;
#3204 = ORIENTED_EDGE ( 'NONE', *, *, #1886, .T. ) ;
#3205 = DIRECTION ( 'NONE',  ( 0.000000000000000000, 0.000000000000000000, 1.000000000000000000 ) ) ;
#3206 = EDGE_CURVE ( 'NONE', #915, #3166, #1643, .T. ) ;
#3207 = LINE ( 'NONE', #177, #1006 ) ;
#3208 = ORIENTED_EDGE ( 'NONE', *, *, #2704, .T. ) ;
#3209 = DIRECTION ( 'NONE',  ( 1.000000000000000000, 0.000000000000000000, 0.000000000000000000 ) ) ;
#3210 = CARTESIAN_POINT ( 'NONE',  ( -5.250000000000000000, -2.419911892563235245, 0.8000000000000160316 ) ) ;
#3211 = ORIENTED_EDGE ( 'NONE', *, *, #2726, .T. ) ;
#3212 = FACE_OUTER_BOUND ( 'NONE', #634, .T. ) ;
#3213 = CARTESIAN_POINT ( 'NONE',  ( 2.700000000000002842, 1.750000000000000000, 1.649999999999999911 ) ) ;
#3214 = CARTESIAN_POINT ( 'NONE',  ( -1.750000000000002442, -3.399999999999999911, 0.2999999999999999889 ) ) ;
#3215 = CARTESIAN_POINT ( 'NONE',  ( -5.250000000000000000, -2.413303706558679984, 0.2995613950341309839 ) ) ;
#3216 = VERTEX_POINT ( 'NONE', #2967 ) ;
#3217 = CARTESIAN_POINT ( 'NONE',  ( -5.250000000000000000, -2.419911892563235245, 0.2999999999999999889 ) ) ;
#3218 = LINE ( 'NONE', #3266, #1197 ) ;
#3219 = PRODUCT_CONTEXT ( 'NONE', #205, 'mechanical' ) ;
#3220 = AXIS2_PLACEMENT_3D ( 'NONE', #553, #2419, #2698 ) ;
#3221 = ORIENTED_EDGE ( 'NONE', *, *, #2992, .T. ) ;
#3222 = ORIENTED_EDGE ( 'NONE', *, *, #3292, .F. ) ;
#3223 = ORIENTED_EDGE ( 'NONE', *, *, #3396, .F. ) ;
#3224 = CARTESIAN_POINT ( 'NONE',  ( -5.250000000000000000, -2.419911892563235245, 0.2999999999999999889 ) ) ;
#3225 = PRODUCT_DEFINITION_CONTEXT ( 'detailed design', #4124, 'design' ) ;
#3226 = DIRECTION ( 'NONE',  ( -1.000000000000000000, -2.710505431213760099E-16, 0.000000000000000000 ) ) ;
#3227 = EDGE_CURVE ( 'NONE', #605, #2249, #4321, .T. ) ;
#3228 = ORIENTED_EDGE ( 'NONE', *, *, #3637, .T. ) ;
#3229 = VERTEX_POINT ( 'NONE', #3988 ) ;
#3230 = DIRECTION ( 'NONE',  ( 0.000000000000000000, 0.000000000000000000, 1.000000000000000000 ) ) ;
#3231 = CARTESIAN_POINT ( 'NONE',  ( 4.799999999999997158, 0.2000000000000000111, 2.250000000000000000 ) ) ;
#3232 = EDGE_CURVE ( 'NONE', #765, #1096, #963, .T. ) ;
#3233 = LINE ( 'NONE', #3161, #220 ) ;
#3234 = FACE_OUTER_BOUND ( 'NONE', #3844, .T. ) ;
#3235 = DIRECTION ( 'NONE',  ( 3.504579431022969726E-32, 1.000000000000000000, 2.478176394252580155E-16 ) ) ;
#3236 = CARTESIAN_POINT ( 'NONE',  ( 5.225000000000002309, 6.000000000000000000, 2.250000000000000000 ) ) ;
#3237 = LINE ( 'NONE', #3881, #1544 ) ;
#3238 = CARTESIAN_POINT ( 'NONE',  ( -5.250000000000000000, -3.100000000000000089, 0.2999999999999999889 ) ) ;
#3239 = LINE ( 'NONE', #3661, #3465 ) ;
#3240 = ITEM_DEFINED_TRANSFORMATION ( 'NONE', 'NONE', #1463,  #1615 ) ;
#3241 = ORIENTED_EDGE ( 'NONE', *, *, #768, .T. ) ;
#3242 = CARTESIAN_POINT ( 'NONE',  ( -2.050000000000002487, 4.500000000000000000, -0.1200000000000000094 ) ) ;
#3243 = DIRECTION ( 'NONE',  ( 0.000000000000000000, -1.000000000000000000, -2.036060417813154872E-16 ) ) ;
#3244 = ORIENTED_EDGE ( 'NONE', *, *, #2848, .F. ) ;
#3245 = ORIENTED_EDGE ( 'NONE', *, *, #3029, .F. ) ;
#3246 = ADVANCED_FACE ( 'NONE', ( #2399 ), #2001, .F. ) ;
#3247 = VECTOR ( 'NONE', #1670, 1000.000000000000000 ) ;
#3248 = DIRECTION ( 'NONE',  ( 0.000000000000000000, 0.000000000000000000, -1.000000000000000000 ) ) ;
#3249 = LINE ( 'NONE', #1556, #3888 ) ;
#3250 = VECTOR ( 'NONE', #2902, 1000.000000000000000 ) ;
#3251 = AXIS2_PLACEMENT_3D ( 'NONE', #4223, #3833, #1444 ) ;
#3252 = VECTOR ( 'NONE', #1960, 1000.000000000000000 ) ;
#3253 = VECTOR ( 'NONE', #3717, 1000.000000000000000 ) ;
#3254 = CARTESIAN_POINT ( 'NONE',  ( 6.250000000000002665, 2.250000000000000000, 2.250000000000000000 ) ) ;
#3255 = EDGE_CURVE ( 'NONE', #50, #3569, #49, .T. ) ;
#3256 = DIRECTION ( 'NONE',  ( -0.3236155771181828955, 0.8891264907159897035, 0.3236155771181828955 ) ) ;
#3257 = LINE ( 'NONE', #3582, #356 ) ;
#3258 = ORIENTED_EDGE ( 'NONE', *, *, #3367, .T. ) ;
#3259 = VECTOR ( 'NONE', #2596, 1000.000000000000000 ) ;
#3260 = AXIS2_PLACEMENT_3D ( 'NONE', #1010, #3765, #1723 ) ;
#3261 = ADVANCED_FACE ( 'NONE', ( #4088 ), #1374, .F. ) ;
#3262 = DIRECTION ( 'NONE',  ( -1.000000000000000000, 0.000000000000000000, 0.000000000000000000 ) ) ;
#3263 = VERTEX_POINT ( 'NONE', #729 ) ;
#3264 = LINE ( 'NONE', #1008, #1033 ) ;
#3265 = VECTOR ( 'NONE', #2671, 1000.000000000000000 ) ;
#3266 = CARTESIAN_POINT ( 'NONE',  ( -1.750000000000002442, 0.2000000000000000111, -2.250000000000000000 ) ) ;
#3267 = DIRECTION ( 'NONE',  ( 1.000000000000000000, 0.000000000000000000, 0.000000000000000000 ) ) ;
#3268 = EDGE_CURVE ( 'NONE', #2360, #1183, #1717, .T. ) ;
#3269 = ORIENTED_EDGE ( 'NONE', *, *, #2232, .F. ) ;
#3270 = EDGE_CURVE ( 'NONE', #3641, #1554, #3748, .T. ) ;
#3271 = VERTEX_POINT ( 'NONE', #2040 ) ;
#3272 = FACE_OUTER_BOUND ( 'NONE', #1834, .T. ) ;
#3273 = EDGE_LOOP ( 'NONE', ( #168, #1982, #459, #2886 ) ) ;
#3274 = ORIENTED_EDGE ( 'NONE', *, *, #1488, .T. ) ;
#3275 = DIRECTION ( 'NONE',  ( -0.7071067811865489050, -0.7071067811865460184, 0.000000000000000000 ) ) ;
#3276 = FACE_OUTER_BOUND ( 'NONE', #2201, .T. ) ;
#3277 = VECTOR ( 'NONE', #1500, 1000.000000000000000 ) ;
#3278 = PLANE ( 'NONE',  #1956 ) ;
#3279 = PLANE ( 'NONE',  #1272 ) ;
#3280 = CARTESIAN_POINT ( 'NONE',  ( -5.250000000000000000, 4.700000000000000178, 0.8000000000000000444 ) ) ;
#3281 = ORIENTED_EDGE ( 'NONE', *, *, #394, .T. ) ;
#3282 = EDGE_LOOP ( 'NONE', ( #3551, #3610, #1171, #24 ) ) ;
#3283 = VECTOR ( 'NONE', #3167, 1000.000000000000000 ) ;
#3284 = CARTESIAN_POINT ( 'NONE',  ( -7.300000000000002487, 5.750000000000000000, -1.850000000000000089 ) ) ;
#3285 = DIRECTION ( 'NONE',  ( -1.000000000000000000, 0.000000000000000000, 0.000000000000000000 ) ) ;
#3286 = CARTESIAN_POINT ( 'NONE',  ( -1.200000000000002620, 0.2000000000000000111, -2.250000000000000000 ) ) ;
#3287 = DIRECTION ( 'NONE',  ( 1.000000000000000000, 0.000000000000000000, 0.000000000000000000 ) ) ;
#3288 = ORIENTED_EDGE ( 'NONE', *, *, #2056, .T. ) ;
#3289 = EDGE_CURVE ( 'NONE', #101, #1612, #2017, .T. ) ;
#3290 = EDGE_LOOP ( 'NONE', ( #4153, #953, #457, #4163 ) ) ;
#3291 = CARTESIAN_POINT ( 'NONE',  ( -5.140808929720139808, 5.000000000000000000, 0.2999999999999999889 ) ) ;
#3292 = EDGE_CURVE ( 'NONE', #605, #2978, #3091, .T. ) ;
#3293 = DIRECTION ( 'NONE',  ( 0.000000000000000000, 1.000000000000000000, 0.000000000000000000 ) ) ;
#3294 = ORIENTED_EDGE ( 'NONE', *, *, #3174, .F. ) ;
#3295 = ORIENTED_EDGE ( 'NONE', *, *, #3444, .T. ) ;
#3296 = LINE ( 'NONE', #4359, #2903 ) ;
#3297 = DIRECTION ( 'NONE',  ( 0.000000000000000000, 4.336808689942020201E-16, -1.000000000000000000 ) ) ;
#3298 = LINE ( 'NONE', #3917, #1531 ) ;
#3299 = VECTOR ( 'NONE', #693, 1000.000000000000000 ) ;
#3300 = CARTESIAN_POINT ( 'NONE',  ( 4.799999999999997158, 0.2000000000000000111, -2.250000000000000000 ) ) ;
#3301 = LINE ( 'NONE', #3347, #226 ) ;
#3302 = CARTESIAN_POINT ( 'NONE',  ( -5.225000000000002309, 1.750000000000000000, -2.623757129271619970 ) ) ;
#3303 = DIRECTION ( 'NONE',  ( -1.000000000000000000, 0.000000000000000000, 0.000000000000000000 ) ) ;
#3304 = EDGE_CURVE ( 'NONE', #153, #3995, #1360, .T. ) ;
#3305 = LINE ( 'NONE', #3329, #44 ) ;
#3306 = EDGE_CURVE ( 'NONE', #1257, #4111, #1659, .T. ) ;
#3307 = LINE ( 'NONE', #1961, #1546 ) ;
#3308 = ORIENTED_EDGE ( 'NONE', *, *, #1144, .T. ) ;
#3309 = ORIENTED_EDGE ( 'NONE', *, *, #1992, .T. ) ;
#3310 = VERTEX_POINT ( 'NONE', #2716 ) ;
#3311 = ORIENTED_EDGE ( 'NONE', *, *, #3011, .F. ) ;
#3312 = CARTESIAN_POINT ( 'NONE',  ( 3.199999999999997957, 0.2000000000000000111, 2.250000000000000000 ) ) ;
#3313 = ORIENTED_EDGE ( 'NONE', *, *, #1300, .F. ) ;
#3314 = PRODUCT_DEFINITION_SHAPE ( 'NONE', 'NONE',  #4376 ) ;
#3315 = ADVANCED_FACE ( 'NONE', ( #2762 ), #1684, .F. ) ;
#3316 = CARTESIAN_POINT ( 'NONE',  ( -4.859191070279860192, 5.000000000000000000, 5.003540109119720202E-16 ) ) ;
#3317 = DIRECTION ( 'NONE',  ( -1.000000000000000000, 0.000000000000000000, 1.414176746720221921E-16 ) ) ;
#3318 = DIRECTION ( 'NONE',  ( -1.000000000000000000, 3.504579431022969726E-32, 1.519869053105245017E-47 ) ) ;
#3319 = VECTOR ( 'NONE', #446, 1000.000000000000000 ) ;
#3320 = ADVANCED_FACE ( 'NONE', ( #3402 ), #1066, .F. ) ;
#3321 = DIRECTION ( 'NONE',  ( 0.000000000000000000, 0.7071067811865485719, 0.7071067811865465735 ) ) ;
#3322 = VECTOR ( 'NONE', #3906, 1000.000000000000000 ) ;
#3323 = CARTESIAN_POINT ( 'NONE',  ( 7.200000000000002842, 2.250000000000000000, 1.649999999999999911 ) ) ;
#3324 = CARTESIAN_POINT ( 'NONE',  ( -7.200000000000002842, 2.250000000000000000, -2.623757129271619970 ) ) ;
#3325 = ORIENTED_EDGE ( 'NONE', *, *, #2423, .F. ) ;
#3326 =( GEOMETRIC_REPRESENTATION_CONTEXT ( 3 ) GLOBAL_UNCERTAINTY_ASSIGNED_CONTEXT ( ( #4194 ) ) GLOBAL_UNIT_ASSIGNED_CONTEXT ( ( #21, #1351, #2746 ) ) REPRESENTATION_CONTEXT ( 'NONE', 'WORKASPACE' ) );
#3327 = VECTOR ( 'NONE', #143, 999.9999999999998863 ) ;
#3328 = LINE ( 'NONE', #304, #746 ) ;
#3329 = CARTESIAN_POINT ( 'NONE',  ( -4.750000000000000000, -2.419911892563235245, 0.8000000000000160316 ) ) ;
#3330 = VECTOR ( 'NONE', #3275, 1000.000000000000114 ) ;
#3331 = DIRECTION ( 'NONE',  ( -1.000000000000000000, 3.504579431022969726E-32, 1.519869053105245017E-47 ) ) ;
#3332 = DIRECTION ( 'NONE',  ( 1.000000000000000000, 0.000000000000000000, 0.000000000000000000 ) ) ;
#3333 = VECTOR ( 'NONE', #104, 1000.000000000000000 ) ;
#3334 = EDGE_CURVE ( 'NONE', #888, #2588, #381, .T. ) ;
#3335 = ORIENTED_EDGE ( 'NONE', *, *, #159, .F. ) ;
#3336 = ORIENTED_EDGE ( 'NONE', *, *, #232, .F. ) ;
#3337 = VECTOR ( 'NONE', #1501, 1000.000000000000000 ) ;
#3338 = ORIENTED_EDGE ( 'NONE', *, *, #1929, .F. ) ;
#3339 = DIRECTION ( 'NONE',  ( 0.000000000000000000, -0.7071067811865460184, -0.7071067811865489050 ) ) ;
#3340 = ADVANCED_BREP_SHAPE_REPRESENTATION ( '', ( #2850, #1615 ), #421 ) ;
#3341 = DIRECTION ( 'NONE',  ( -1.000000000000000000, 0.000000000000000000, 0.000000000000000000 ) ) ;
#3342 = LINE ( 'NONE', #316, #4038 ) ;
#3343 = EDGE_CURVE ( 'NONE', #4005, #3657, #7, .T. ) ;
#3344 = EDGE_CURVE ( 'NONE', #809, #1940, #2697, .T. ) ;
#3346 = VECTOR ( 'NONE', #2071, 1000.000000000000000 ) ;
#3345 = LINE ( 'NONE', #234, #2966 ) ;
#3347 = CARTESIAN_POINT ( 'NONE',  ( -7.300000000000002487, 1.750000000000000000, -1.850000000000000089 ) ) ;
#3348 = CARTESIAN_POINT ( 'NONE',  ( -7.300000000000002487, 1.750000000000000000, 1.649999999999999911 ) ) ;
#3349 = VERTEX_POINT ( 'NONE', #335 ) ;
#3350 = CARTESIAN_POINT ( 'NONE',  ( 3.199999999999997957, 0.2000000000000000111, 2.250000000000000000 ) ) ;
#3351 = CARTESIAN_POINT ( 'NONE',  ( 7.950000000000001954, 6.000000000000000000, -2.250000000000000000 ) ) ;
#3352 = FILL_AREA_STYLE ('',( #1286 ) ) ;
#3353 = CARTESIAN_POINT ( 'NONE',  ( -4.859191070279860192, -3.399999999999999911, 0.6908089297201379653 ) ) ;
#3354 = ORIENTED_EDGE ( 'NONE', *, *, #1941, .T. ) ;
#3355 = ORIENTED_EDGE ( 'NONE', *, *, #797, .F. ) ;
#3356 = ORIENTED_EDGE ( 'NONE', *, *, #3367, .F. ) ;
#3357 = LINE ( 'NONE', #1311, #28 ) ;
#3358 = ORIENTED_EDGE ( 'NONE', *, *, #4304, .T. ) ;
#3359 = LINE ( 'NONE', #609, #2979 ) ;
#3360 = CARTESIAN_POINT ( 'NONE',  ( -6.250000000000002665, 6.000000000000000000, 0.2999999999999999889 ) ) ;
#3361 = AXIS2_PLACEMENT_3D ( 'NONE', #33, #2064, #3506 ) ;
#3362 = EDGE_CURVE ( 'NONE', #30, #1313, #1273, .T. ) ;
#3363 = DIRECTION ( 'NONE',  ( 0.000000000000000000, 0.000000000000000000, -1.000000000000000000 ) ) ;
#3364 = DIRECTION ( 'NONE',  ( -1.000000000000000000, 0.000000000000000000, 0.000000000000000000 ) ) ;
#3365 = LINE ( 'NONE', #1660, #2908 ) ;
#3366 = ORIENTED_EDGE ( 'NONE', *, *, #4100, .T. ) ;
#3367 = EDGE_CURVE ( 'NONE', #4148, #284, #3296, .T. ) ;
#3368 = DIRECTION ( 'NONE',  ( 3.504579431022969726E-32, 1.000000000000000000, 2.478176394252580155E-16 ) ) ;
#3369 = CARTESIAN_POINT ( 'NONE',  ( 7.950000000000001954, 0.8299999999999999600, 1.850000000000000089 ) ) ;
#3370 = CARTESIAN_POINT ( 'NONE',  ( 5.225000000000002309, 1.750000000000000000, -2.623757129271619970 ) ) ;
#3371 = CARTESIAN_POINT ( 'NONE',  ( -7.950000000000001954, 6.000000000000000000, 0.8800000000000000044 ) ) ;
#3372 = ORIENTED_EDGE ( 'NONE', *, *, #681, .F. ) ;
#3373 = LINE ( 'NONE', #2706, #48 ) ;
#3374 = EDGE_CURVE ( 'NONE', #1965, #4099, #4045, .T. ) ;
#3375 = DIRECTION ( 'NONE',  ( -2.168404344971010101E-16, 0.000000000000000000, 1.000000000000000000 ) ) ;
#3376 = DIRECTION ( 'NONE',  ( 1.000000000000000000, 0.000000000000000000, -2.168404344971010101E-16 ) ) ;
#3377 = DIRECTION ( 'NONE',  ( 4.336808689942020201E-16, 1.000000000000000000, 0.000000000000000000 ) ) ;
#3378 = EDGE_CURVE ( 'NONE', #1177, #523, #1946, .T. ) ;
#3379 = CARTESIAN_POINT ( 'NONE',  ( 7.300000000000002487, 5.750000000000000000, -1.850000000000000089 ) ) ;
#3380 = CARTESIAN_POINT ( 'NONE',  ( 7.200000000000002842, 4.250000000000000000, 1.649999999999999911 ) ) ;
#3381 = EDGE_LOOP ( 'NONE', ( #310, #2567, #1761, #1568 ) ) ;
#3382 = EDGE_LOOP ( 'NONE', ( #2275, #3865, #1519, #3244, #2659, #2803 ) ) ;
#3383 = AXIS2_PLACEMENT_3D ( 'NONE', #749, #3697, #3363 ) ;
#3384 = CARTESIAN_POINT ( 'NONE',  ( 5.225000000000002309, 5.750000000000000000, 1.649999999999999911 ) ) ;
#3385 = CARTESIAN_POINT ( 'NONE',  ( -7.200000000000002842, 2.250000000000000000, 2.250000000000000000 ) ) ;
#3386 = EDGE_CURVE ( 'NONE', #1802, #4197, #2014, .T. ) ;
#3387 = DIRECTION ( 'NONE',  ( 0.000000000000000000, -1.000000000000000000, 0.000000000000000000 ) ) ;
#3388 = CARTESIAN_POINT ( 'NONE',  ( 7.300000000000002487, 5.750000000000000000, -0.1200000000000000094 ) ) ;
#3389 = AXIS2_PLACEMENT_3D ( 'NONE', #720, #1413, #2794 ) ;
#3390 = MECHANICAL_DESIGN_GEOMETRIC_PRESENTATION_REPRESENTATION (  '', ( #2107 ), #4315 ) ;
#3391 = ADVANCED_FACE ( 'NONE', ( #4291 ), #1247, .F. ) ;
#3392 = ORIENTED_EDGE ( 'NONE', *, *, #635, .T. ) ;
#3393 = DIRECTION ( 'NONE',  ( 2.168404344971010101E-16, -3.318687873851555372E-16, 1.000000000000000000 ) ) ;
#3394 = DIRECTION ( 'NONE',  ( -0.5773502691896257311, 0.5773502691896267303, 0.5773502691896248429 ) ) ;
#3395 = LINE ( 'NONE', #2098, #2314 ) ;
#3396 = EDGE_CURVE ( 'NONE', #3826, #3517, #2595, .T. ) ;
#3397 = EDGE_CURVE ( 'NONE', #1177, #1943, #2961, .T. ) ;
#3398 = VECTOR ( 'NONE', #646, 999.9999999999998863 ) ;
#3399 = VERTEX_POINT ( 'NONE', #655 ) ;
#3400 = FACE_BOUND ( 'NONE', #2501, .T. ) ;
#3401 = LINE ( 'NONE', #2000, #928 ) ;
#3402 = FACE_OUTER_BOUND ( 'NONE', #4014, .T. ) ;
#3403 = ORIENTED_EDGE ( 'NONE', *, *, #2713, .F. ) ;
#3404 = ORIENTED_EDGE ( 'NONE', *, *, #1918, .T. ) ;
#3405 = CARTESIAN_POINT ( 'NONE',  ( -2.250000000000001776, -3.399999999999999911, 0.8000000000000000444 ) ) ;
#3406 = CARTESIAN_POINT ( 'NONE',  ( -4.750000000000000000, 5.000000000000000000, 0.2999999999999999889 ) ) ;
#3407 = LINE ( 'NONE', #2092, #1394 ) ;
#3408 = DIRECTION ( 'NONE',  ( -1.355252715606880049E-16, -1.000000000000000000, 0.000000000000000000 ) ) ;
#3409 = FACE_BOUND ( 'NONE', #135, .T. ) ;
#3410 = DIRECTION ( 'NONE',  ( 0.000000000000000000, 1.000000000000000000, 0.000000000000000000 ) ) ;
#3411 = CARTESIAN_POINT ( 'NONE',  ( 0.7999999999999973799, 0.2000000000000000111, -2.250000000000000000 ) ) ;
#3412 = SHAPE_REPRESENTATION_RELATIONSHIP ( 'NONE' , 'NONE' ,  #1964, #1415 ) ;
#3413 = EDGE_LOOP ( 'NONE', ( #1528, #3751, #3477, #264 ) ) ;
#3414 = EDGE_LOOP ( 'NONE', ( #1448, #2808, #1712, #3871 ) ) ;
#3415 = ORIENTED_EDGE ( 'NONE', *, *, #716, .T. ) ;
#3416 = EDGE_CURVE ( 'NONE', #426, #2158, #2279, .T. ) ;
#3417 = PLANE ( 'NONE',  #4173 ) ;
#3418 = VECTOR ( 'NONE', #3860, 1000.000000000000000 ) ;
#3419 = PLANE ( 'NONE',  #1060 ) ;
#3420 = CARTESIAN_POINT ( 'NONE',  ( -4.750000000000000000, -1.024408905444593954, 0.1143754215522524015 ) ) ;
#3421 = ORIENTED_EDGE ( 'NONE', *, *, #2977, .F. ) ;
#3422 = CARTESIAN_POINT ( 'NONE',  ( 7.950000000000001954, 4.336808689942014778E-16, -2.250000000000000000 ) ) ;
#3423 = DIRECTION ( 'NONE',  ( -1.000000000000000000, 0.000000000000000000, 0.000000000000000000 ) ) ;
#3424 = LINE ( 'NONE', #689, #1970 ) ;
#3425 = DIRECTION ( 'NONE',  ( 0.000000000000000000, 1.000000000000000000, 1.927470528863119788E-16 ) ) ;
#3426 = EDGE_CURVE ( 'NONE', #153, #2031, #270, .T. ) ;
#3427 = DIRECTION ( 'NONE',  ( 0.000000000000000000, -1.000000000000000000, 0.000000000000000000 ) ) ;
#3428 = EDGE_LOOP ( 'NONE', ( #1255, #1227, #3153, #482 ) ) ;
#3429 = CARTESIAN_POINT ( 'NONE',  ( -6.250000000000002665, 2.250000000000000000, -2.623757129271619970 ) ) ;
#3430 = CARTESIAN_POINT ( 'NONE',  ( -0.2500000000000019429, -3.399999999999999911, 0.2999999999999999889 ) ) ;
#3431 = DIRECTION ( 'NONE',  ( 0.000000000000000000, 0.000000000000000000, 1.000000000000000000 ) ) ;
#3432 = ORIENTED_EDGE ( 'NONE', *, *, #1882, .F. ) ;
#3433 = ORIENTED_EDGE ( 'NONE', *, *, #2127, .T. ) ;
#3434 = ORIENTED_EDGE ( 'NONE', *, *, #1161, .F. ) ;
#3435 = FACE_BOUND ( 'NONE', #1966, .T. ) ;
#3436 = CARTESIAN_POINT ( 'NONE',  ( 6.800000000000002487, 0.2000000000000000111, -2.250000000000000000 ) ) ;
#3437 = VERTEX_POINT ( 'NONE', #998 ) ;
#3438 = EDGE_CURVE ( 'NONE', #4015, #22, #2941, .T. ) ;
#3439 = EDGE_CURVE ( 'NONE', #3950, #2410, #1018, .T. ) ;
#3440 = EDGE_LOOP ( 'NONE', ( #2852, #2875, #1073, #2796 ) ) ;
#3441 = FACE_OUTER_BOUND ( 'NONE', #1182, .T. ) ;
#3442 = DIRECTION ( 'NONE',  ( -1.000000000000000000, -2.710505431213760099E-16, 0.000000000000000000 ) ) ;
#3443 = ORIENTED_EDGE ( 'NONE', *, *, #2997, .F. ) ;
#3444 = EDGE_CURVE ( 'NONE', #190, #1114, #2665, .T. ) ;
#3445 = EDGE_LOOP ( 'NONE', ( #2252, #4169, #584, #3084, #869 ) ) ;
#3446 = CYLINDRICAL_SURFACE ( 'NONE', #2161, 0.04999999999999999584 ) ;
#3447 = LINE ( 'NONE', #2721, #4098 ) ;
#3448 = FACE_OUTER_BOUND ( 'NONE', #460, .T. ) ;
#3449 = VERTEX_POINT ( 'NONE', #3694 ) ;
#3450 = AXIS2_PLACEMENT_3D ( 'NONE', #1035, #2363, #1856 ) ;
#3451 = DIRECTION ( 'NONE',  ( -1.000000000000000000, 0.000000000000000000, 0.000000000000000000 ) ) ;
#3452 = ORIENTED_EDGE ( 'NONE', *, *, #2563, .T. ) ;
#3453 = LINE ( 'NONE', #3429, #2535 ) ;
#3454 = LINE ( 'NONE', #788, #422 ) ;
#3455 = VECTOR ( 'NONE', #3293, 1000.000000000000000 ) ;
#3456 = VECTOR ( 'NONE', #91, 1000.000000000000000 ) ;
#3457 = DIRECTION ( 'NONE',  ( 0.000000000000000000, 0.000000000000000000, 1.000000000000000000 ) ) ;
#3458 = ORIENTED_EDGE ( 'NONE', *, *, #183, .T. ) ;
#3459 = ORIENTED_EDGE ( 'NONE', *, *, #450, .T. ) ;
#3460 = VECTOR ( 'NONE', #2286, 1000.000000000000000 ) ;
#3461 = VERTEX_POINT ( 'NONE', #1594 ) ;
#3462 = VECTOR ( 'NONE', #900, 1000.000000000000000 ) ;
#3463 = FACE_OUTER_BOUND ( 'NONE', #2995, .T. ) ;
#3464 = LINE ( 'NONE', #3028, #3265 ) ;
#3465 = VECTOR ( 'NONE', #539, 1000.000000000000000 ) ;
#3466 = AXIS2_PLACEMENT_3D ( 'NONE', #1948, #2015, #3317 ) ;
#3467 = EDGE_CURVE ( 'NONE', #2789, #3079, #3359, .T. ) ;
#3468 = AXIS2_PLACEMENT_3D ( 'NONE', #2649, #1736, #4029 ) ;
#3469 = VECTOR ( 'NONE', #4034, 1000.000000000000000 ) ;
#3470 = DIRECTION ( 'NONE',  ( 0.000000000000000000, 0.000000000000000000, -1.000000000000000000 ) ) ;
#3471 = ORIENTED_EDGE ( 'NONE', *, *, #2823, .F. ) ;
#3472 = ADVANCED_FACE ( 'NONE', ( #631 ), #70, .T. ) ;
#3473 = CARTESIAN_POINT ( 'NONE',  ( 3.199999999999997957, -4.336808689942014778E-16, -2.250000000000000000 ) ) ;
#3474 = EDGE_CURVE ( 'NONE', #4266, #2145, #4339, .T. ) ;
#3475 = DIRECTION ( 'NONE',  ( 0.000000000000000000, -1.000000000000000000, 0.000000000000000000 ) ) ;
#3476 = CARTESIAN_POINT ( 'NONE',  ( -4.800000000000002487, 0.2000000000000000111, 0.2999999999999999889 ) ) ;
#3477 = ORIENTED_EDGE ( 'NONE', *, *, #2084, .F. ) ;
#3478 = LINE ( 'NONE', #3145, #1027 ) ;
#3479 = CARTESIAN_POINT ( 'NONE',  ( -6.250000000000002665, 4.250000000000000000, -2.623757129271619970 ) ) ;
#3480 = AXIS2_PLACEMENT_3D ( 'NONE', #1179, #1225, #2520 ) ;
#3481 = DIRECTION ( 'NONE',  ( 0.000000000000000000, 0.000000000000000000, 1.000000000000000000 ) ) ;
#3482 = ORIENTED_EDGE ( 'NONE', *, *, #1824, .F. ) ;
#3483 = VERTEX_POINT ( 'NONE', #2642 ) ;
#3484 = ORIENTED_EDGE ( 'NONE', *, *, #183, .F. ) ;
#3485 = ORIENTED_EDGE ( 'NONE', *, *, #627, .T. ) ;
#3486 = ORIENTED_EDGE ( 'NONE', *, *, #1293, .F. ) ;
#3487 = LINE ( 'NONE', #4109, #1747 ) ;
#3488 = FACE_BOUND ( 'NONE', #670, .T. ) ;
#3489 = EDGE_CURVE ( 'NONE', #4261, #2871, #4002, .T. ) ;
#3490 = EDGE_CURVE ( 'NONE', #2549, #3310, #2690, .T. ) ;
#3491 = DIRECTION ( 'NONE',  ( 1.000000000000000000, 0.000000000000000000, 0.000000000000000000 ) ) ;
#3492 = ORIENTED_EDGE ( 'NONE', *, *, #1739, .T. ) ;
#3493 = DIRECTION ( 'NONE',  ( 0.000000000000000000, -1.734723475977539788E-14, 1.000000000000000000 ) ) ;
#3494 = PLANE ( 'NONE',  #3042 ) ;
#3495 = CARTESIAN_POINT ( 'NONE',  ( -4.750000000000000000, -3.100000000000000089, 0.2999999999999999889 ) ) ;
#3496 = ADVANCED_FACE ( 'NONE', ( #2655 ), #4013, .F. ) ;
#3497 = CARTESIAN_POINT ( 'NONE',  ( -7.950000000000001954, 4.336808689942014778E-16, -2.250000000000000000 ) ) ;
#3498 = DIRECTION ( 'NONE',  ( 1.000000000000000000, 0.000000000000000000, 0.000000000000000000 ) ) ;
#3499 = DIRECTION ( 'NONE',  ( 0.5773502691896270633, -0.5773502691896240657, 0.5773502691896260641 ) ) ;
#3500 = VECTOR ( 'NONE', #129, 1000.000000000000000 ) ;
#3501 = VERTEX_POINT ( 'NONE', #3994 ) ;
#3502 = EDGE_CURVE ( 'NONE', #308, #1744, #3239, .T. ) ;
#3503 = ORIENTED_EDGE ( 'NONE', *, *, #1665, .T. ) ;
#3504 = CARTESIAN_POINT ( 'NONE',  ( -4.800000000000002487, 0.2000000000000000111, -2.250000000000000000 ) ) ;
#3505 = CARTESIAN_POINT ( 'NONE',  ( -2.050000000000002487, 6.000000000000000000, -2.250000000000000000 ) ) ;
#3506 = DIRECTION ( 'NONE',  ( -3.504579431022969726E-32, -1.000000000000000000, 0.000000000000000000 ) ) ;
#3507 = DIRECTION ( 'NONE',  ( -1.000000000000000000, 2.710505431213760099E-16, 2.168404344971010101E-16 ) ) ;
#3508 = EDGE_LOOP ( 'NONE', ( #3725, #930, #3222, #4147 ) ) ;
#3509 = ADVANCED_FACE ( 'NONE', ( #4258 ), #1867, .T. ) ;
#3510 = ADVANCED_FACE ( 'NONE', ( #1541, #1304 ), #2634, .F. ) ;
#3511 = DIRECTION ( 'NONE',  ( -1.000000000000000000, 0.000000000000000000, 0.000000000000000000 ) ) ;
#3512 = CARTESIAN_POINT ( 'NONE',  ( -5.000000000000000000, -0.9517188593945330455, 0.6595507669277020923 ) ) ;
#3513 = DIRECTION ( 'NONE',  ( 0.000000000000000000, 0.000000000000000000, 1.000000000000000000 ) ) ;
#3514 =( GEOMETRIC_REPRESENTATION_CONTEXT ( 3 ) GLOBAL_UNCERTAINTY_ASSIGNED_CONTEXT ( ( #2499 ) ) GLOBAL_UNIT_ASSIGNED_CONTEXT ( ( #1497, #2885, #1543 ) ) REPRESENTATION_CONTEXT ( 'NONE', 'WORKASPACE' ) );
#3515 = EDGE_CURVE ( 'NONE', #3893, #3501, #2974, .T. ) ;
#3516 = LINE ( 'NONE', #879, #2710 ) ;
#3517 = VERTEX_POINT ( 'NONE', #2271 ) ;
#3518 = CARTESIAN_POINT ( 'NONE',  ( -7.950000000000001954, 0.8299999999999999600, 1.850000000000000089 ) ) ;
#3519 = CARTESIAN_POINT ( 'NONE',  ( -5.200000000000001954, 0.2000000000000000111, -2.250000000000000000 ) ) ;
#3520 = EDGE_CURVE ( 'NONE', #1437, #1965, #579, .T. ) ;
#3521 = ITEM_DEFINED_TRANSFORMATION ( 'NONE', 'NONE', #3389,  #1615 ) ;
#3522 = ORIENTED_EDGE ( 'NONE', *, *, #1308, .F. ) ;
#3523 = VECTOR ( 'NONE', #1716, 1000.000000000000000 ) ;
#3524 = EDGE_LOOP ( 'NONE', ( #2913, #2583, #2144, #4217 ) ) ;
#3525 = ORIENTED_EDGE ( 'NONE', *, *, #3055, .T. ) ;
#3526 = VERTEX_POINT ( 'NONE', #3589 ) ;
#3527 = LINE ( 'NONE', #2209, #3277 ) ;
#3528 = VECTOR ( 'NONE', #696, 1000.000000000000000 ) ;
#3529 =( REPRESENTATION_RELATIONSHIP ('NONE','NONE', #2132, #1964 ) REPRESENTATION_RELATIONSHIP_WITH_TRANSFORMATION ( #1202 )SHAPE_REPRESENTATION_RELATIONSHIP( ) );
#3530 = EDGE_CURVE ( 'NONE', #3052, #3893, #557, .T. ) ;
#3531 = ADVANCED_FACE ( 'NONE', ( #4349 ), #968, .F. ) ;
#3532 = CARTESIAN_POINT ( 'NONE',  ( -2.250000000000001776, 0.2000000000000000111, -2.250000000000000000 ) ) ;
#3533 = ORIENTED_EDGE ( 'NONE', *, *, #4126, .F. ) ;
#3534 = ORIENTED_EDGE ( 'NONE', *, *, #3113, .F. ) ;
#3535 = MECHANICAL_DESIGN_GEOMETRIC_PRESENTATION_REPRESENTATION (  '', ( #2386 ), #4097 ) ;
#3536 = AXIS2_PLACEMENT_3D ( 'NONE', #2945, #3318, #2708 ) ;
#3537 = VECTOR ( 'NONE', #4230, 1000.000000000000000 ) ;
#3538 = LINE ( 'NONE', #2527, #3330 ) ;
#3539 = CARTESIAN_POINT ( 'NONE',  ( 6.250000000000002665, 2.250000000000000000, 1.649999999999999911 ) ) ;
#3540 = AXIS2_PLACEMENT_3D ( 'NONE', #4113, #3053, #705 ) ;
#3541 = AXIS2_PLACEMENT_3D ( 'NONE', #3068, #725, #43 ) ;
#3542 = LINE ( 'NONE', #1814, #691 ) ;
#3543 = CARTESIAN_POINT ( 'NONE',  ( -5.250000000000000000, -0.9583270453990839766, 0.6099893718935690545 ) ) ;
#3544 = DIRECTION ( 'NONE',  ( 0.7071067811865470176, -0.7071067811865480168, 0.000000000000000000 ) ) ;
#3545 = ORIENTED_EDGE ( 'NONE', *, *, #2627, .T. ) ;
#3546 = DIRECTION ( 'NONE',  ( 0.000000000000000000, 0.000000000000000000, 1.000000000000000000 ) ) ;
#3547 = ORIENTED_EDGE ( 'NONE', *, *, #4234, .T. ) ;
#3548 = DIRECTION ( 'NONE',  ( 0.000000000000000000, 0.000000000000000000, 1.000000000000000000 ) ) ;
#3549 = EDGE_CURVE ( 'NONE', #1194, #152, #4331, .T. ) ;
#3550 = DIRECTION ( 'NONE',  ( 3.504579431022969726E-32, 1.000000000000000000, 2.478176394252580155E-16 ) ) ;
#3551 = ORIENTED_EDGE ( 'NONE', *, *, #3708, .T. ) ;
#3552 = LINE ( 'NONE', #3224, #1561 ) ;
#3553 = CARTESIAN_POINT ( 'NONE',  ( -7.950000000000001954, 4.500000000000000000, 0.3800000000000000044 ) ) ;
#3554 = ORIENTED_EDGE ( 'NONE', *, *, #3426, .T. ) ;
#3555 = VECTOR ( 'NONE', #110, 1000.000000000000000 ) ;
#3556 = EDGE_CURVE ( 'NONE', #182, #4140, #1567, .T. ) ;
#3557 = CARTESIAN_POINT ( 'NONE',  ( 7.950000000000001954, 6.000000000000000000, -0.1200000000000000094 ) ) ;
#3558 = DIRECTION ( 'NONE',  ( -1.000000000000000000, 0.000000000000000000, 0.000000000000000000 ) ) ;
#3559 = CARTESIAN_POINT ( 'NONE',  ( -7.300000000000002487, 1.750000000000000000, -1.850000000000000089 ) ) ;
#3560 = CARTESIAN_POINT ( 'NONE',  ( -5.250000000000000000, -0.6751470842750308954, 0.7419349550499340085 ) ) ;
#3561 = LINE ( 'NONE', #2949, #2679 ) ;
#3562 = EDGE_CURVE ( 'NONE', #909, #2353, #3948, .T. ) ;
#3563 = LINE ( 'NONE', #3497, #659 ) ;
#3564 = ORIENTED_EDGE ( 'NONE', *, *, #2228, .T. ) ;
#3565 = DIRECTION ( 'NONE',  ( 0.000000000000000000, 1.000000000000000000, 0.000000000000000000 ) ) ;
#3566 = FACE_OUTER_BOUND ( 'NONE', #267, .T. ) ;
#3567 = DIRECTION ( 'NONE',  ( -1.000000000000000000, 7.196257205262310555E-32, -2.168404344971010101E-16 ) ) ;
#3568 = PRODUCT_CONTEXT ( 'NONE', #2532, 'mechanical' ) ;
#3569 = VERTEX_POINT ( 'NONE', #2244 ) ;
#3570 = ADVANCED_FACE ( 'NONE', ( #2292 ), #283, .F. ) ;
#3571 = VERTEX_POINT ( 'NONE', #262 ) ;
#3572 = ORIENTED_EDGE ( 'NONE', *, *, #889, .F. ) ;
#3573 = FACE_OUTER_BOUND ( 'NONE', #2843, .T. ) ;
#3574 = CARTESIAN_POINT ( 'NONE',  ( 4.799999999999997158, 0.2000000000000000111, -2.250000000000000000 ) ) ;
#3575 = ORIENTED_EDGE ( 'NONE', *, *, #1078, .T. ) ;
#3576 = ORIENTED_EDGE ( 'NONE', *, *, #3177, .T. ) ;
#3577 = EDGE_CURVE ( 'NONE', #3054, #153, #1939, .T. ) ;
#3578 = DIRECTION ( 'NONE',  ( -1.000000000000000000, 0.000000000000000000, 0.000000000000000000 ) ) ;
#3579 = PLANE ( 'NONE',  #629 ) ;
#3580 = DIRECTION ( 'NONE',  ( 0.000000000000000000, 1.000000000000000000, 0.000000000000000000 ) ) ;
#3581 = PLANE ( 'NONE',  #3962 ) ;
#3582 = CARTESIAN_POINT ( 'NONE',  ( 7.550000000000002487, 6.000000000000000000, 0.8800000000000000044 ) ) ;
#3583 = EDGE_CURVE ( 'NONE', #915, #3199, #3636, .T. ) ;
#3584 = ORIENTED_EDGE ( 'NONE', *, *, #3343, .T. ) ;
#3585 = DIRECTION ( 'NONE',  ( 1.239088197126289831E-16, -3.165553788278845372E-16, 1.000000000000000000 ) ) ;
#3586 = EDGE_LOOP ( 'NONE', ( #2041, #929, #3471, #2959, #4284, #1499, #741, #790, #1590, #2359, #3486, #1082, #2518, #3898 ) ) ;
#3587 = PLANE ( 'NONE',  #632 ) ;
#3588 = PLANE ( 'NONE',  #358 ) ;
#3589 = CARTESIAN_POINT ( 'NONE',  ( 7.200000000000002842, 2.250000000000000000, 1.649999999999999911 ) ) ;
#3590 = ORIENTED_EDGE ( 'NONE', *, *, #3672, .T. ) ;
#3591 = CARTESIAN_POINT ( 'NONE',  ( -3.200000000000002842, 0.2000000000000000111, -2.250000000000000000 ) ) ;
#3592 = EDGE_CURVE ( 'NONE', #3658, #3633, #3307, .T. ) ;
#3593 = VERTEX_POINT ( 'NONE', #307 ) ;
#3594 = VECTOR ( 'NONE', #3728, 1000.000000000000000 ) ;
#3595 = DIRECTION ( 'NONE',  ( -1.000000000000000000, 3.504579431022969726E-32, 0.000000000000000000 ) ) ;
#3596 = CARTESIAN_POINT ( 'NONE',  ( -6.250000000000002665, 6.000000000000000000, 0.8000000000000000444 ) ) ;
#3597 = VECTOR ( 'NONE', #3137, 1000.000000000000000 ) ;
#3598 = AXIS2_PLACEMENT_3D ( 'NONE', #2448, #2812, #2428 ) ;
#3599 = EDGE_CURVE ( 'NONE', #3079, #2703, #1633, .T. ) ;
#3600 = MECHANICAL_DESIGN_GEOMETRIC_PRESENTATION_REPRESENTATION (  '', ( #782 ), #1001 ) ;
#3601 = CARTESIAN_POINT ( 'NONE',  ( -7.300000000000002487, 5.750000000000000000, -1.850000000000000089 ) ) ;
#3602 = VERTEX_POINT ( 'NONE', #2678 ) ;
#3603 = CARTESIAN_POINT ( 'NONE',  ( 5.225000000000002309, 1.750000000000000000, 2.250000000000000000 ) ) ;
#3604 = LINE ( 'NONE', #576, #1209 ) ;
#3605 = ORIENTED_EDGE ( 'NONE', *, *, #263, .F. ) ;
#3606 = EDGE_CURVE ( 'NONE', #4307, #30, #3686, .T. ) ;
#3607 = VECTOR ( 'NONE', #3544, 1000.000000000000000 ) ;
#3608 = EDGE_CURVE ( 'NONE', #3851, #3980, #735, .T. ) ;
#3609 = CARTESIAN_POINT ( 'NONE',  ( 3.199999999999997957, 0.2000000000000000111, -2.250000000000000000 ) ) ;
#3610 = ORIENTED_EDGE ( 'NONE', *, *, #4263, .F. ) ;
#3611 = LINE ( 'NONE', #4347, #2186 ) ;
#3612 = LINE ( 'NONE', #2008, #777 ) ;
#3613 = DIRECTION ( 'NONE',  ( 0.000000000000000000, 1.000000000000000000, 0.000000000000000000 ) ) ;
#3614 = ORIENTED_EDGE ( 'NONE', *, *, #969, .T. ) ;
#3615 = ORIENTED_EDGE ( 'NONE', *, *, #2732, .F. ) ;
#3616 = ORIENTED_EDGE ( 'NONE', *, *, #3439, .T. ) ;
#3617 = VERTEX_POINT ( 'NONE', #714 ) ;
#3618 = DIRECTION ( 'NONE',  ( 1.000000000000000000, -2.865843848929064512E-17, -2.149382886696714876E-16 ) ) ;
#3619 = CARTESIAN_POINT ( 'NONE',  ( 7.300000000000002487, 6.000000000000000000, 0.8800000000000000044 ) ) ;
#3620 = ORIENTED_EDGE ( 'NONE', *, *, #1167, .F. ) ;
#3621 = ORIENTED_EDGE ( 'NONE', *, *, #1930, .T. ) ;
#3622 = CARTESIAN_POINT ( 'NONE',  ( -6.250000000000002665, 6.000000000000000000, 0.8000000000000000444 ) ) ;
#3623 = LINE ( 'NONE', #592, #2390 ) ;
#3624 = DIRECTION ( 'NONE',  ( 1.000000000000000000, 0.000000000000000000, 0.000000000000000000 ) ) ;
#3625 = CIRCLE ( 'NONE', #4188, 0.5499999999999998224 ) ;
#3626 = ADVANCED_FACE ( 'NONE', ( #1071 ), #2376, .F. ) ;
#3627 = CARTESIAN_POINT ( 'NONE',  ( -2.050000000000002487, 6.000000000000000000, 0.8800000000000000044 ) ) ;
#3628 = ORIENTED_EDGE ( 'NONE', *, *, #970, .F. ) ;
#3629 = CARTESIAN_POINT ( 'NONE',  ( 5.750000000000002665, 0.2000000000000000111, -2.250000000000000000 ) ) ;
#3630 = LINE ( 'NONE', #945, #2 ) ;
#3631 = ORIENTED_EDGE ( 'NONE', *, *, #232, .T. ) ;
#3632 = LINE ( 'NONE', #323, #1031 ) ;
#3633 = VERTEX_POINT ( 'NONE', #3741 ) ;
#3634 = PLANE ( 'NONE',  #3963 ) ;
#3635 = CARTESIAN_POINT ( 'NONE',  ( -0.2500000000000019429, 1.750000000000000000, 0.8000000000000000444 ) ) ;
#3636 = LINE ( 'NONE', #2612, #1276 ) ;
#3637 = EDGE_CURVE ( 'NONE', #3657, #888, #2047, .T. ) ;
#3638 = ORIENTED_EDGE ( 'NONE', *, *, #371, .F. ) ;
#3639 = VECTOR ( 'NONE', #1172, 1000.000000000000000 ) ;
#3640 = ORIENTED_EDGE ( 'NONE', *, *, #2815, .F. ) ;
#3641 = VERTEX_POINT ( 'NONE', #388 ) ;
#3642 = LINE ( 'NONE', #1291, #2260 ) ;
#3643 = VECTOR ( 'NONE', #1661, 1000.000000000000000 ) ;
#3644 = PRESENTATION_STYLE_ASSIGNMENT (( #1638 ) ) ;
#3645 = EDGE_CURVE ( 'NONE', #4197, #1174, #987, .T. ) ;
#3646 = EDGE_CURVE ( 'NONE', #1940, #492, #4036, .T. ) ;
#3647 = VECTOR ( 'NONE', #3746, 1000.000000000000000 ) ;
#3648 = CARTESIAN_POINT ( 'NONE',  ( -5.250000000000000000, -0.4515402865250630060, 0.2947213595499945105 ) ) ;
#3649 = CARTESIAN_POINT ( 'NONE',  ( -4.250000000000001776, 1.750000000000000000, 0.2999999999999999889 ) ) ;
#3650 = DIRECTION ( 'NONE',  ( 0.000000000000000000, 0.000000000000000000, 1.000000000000000000 ) ) ;
#3651 = FACE_OUTER_BOUND ( 'NONE', #3121, .T. ) ;
#3652 = EDGE_CURVE ( 'NONE', #3990, #3052, #3724, .T. ) ;
#3653 = EDGE_CURVE ( 'NONE', #2031, #726, #4057, .T. ) ;
#3654 = ORIENTED_EDGE ( 'NONE', *, *, #3270, .T. ) ;
#3655 = LINE ( 'NONE', #3629, #1818 ) ;
#3656 = LINE ( 'NONE', #1236, #3899 ) ;
#3657 = VERTEX_POINT ( 'NONE', #3096 ) ;
#3658 = VERTEX_POINT ( 'NONE', #2739 ) ;
#3659 = DIRECTION ( 'NONE',  ( 1.000000000000000000, 0.000000000000000000, 0.000000000000000000 ) ) ;
#3660 = LINE ( 'NONE', #555, #3821 ) ;
#3661 = CARTESIAN_POINT ( 'NONE',  ( -7.550000000000002487, 6.000000000000000000, 0.8800000000000000044 ) ) ;
#3662 = ORIENTED_EDGE ( 'NONE', *, *, #3964, .T. ) ;
#3663 = ORIENTED_EDGE ( 'NONE', *, *, #2546, .F. ) ;
#3664 = ORIENTED_EDGE ( 'NONE', *, *, #1481, .T. ) ;
#3665 = CARTESIAN_POINT ( 'NONE',  ( -1.750000000000002442, -3.399999999999999911, 0.8000000000000000444 ) ) ;
#3666 = ADVANCED_FACE ( 'NONE', ( #2766 ), #1379, .T. ) ;
#3667 = DIRECTION ( 'NONE',  ( -2.522858432348305322E-32, 1.000000000000000000, 0.000000000000000000 ) ) ;
#3668 = VERTEX_POINT ( 'NONE', #3388 ) ;
#3669 = EDGE_LOOP ( 'NONE', ( #698, #2857, #2784, #936, #2316, #2980, #919, #1289, #3628, #4364, #3572, #3355 ) ) ;
#3670 = CARTESIAN_POINT ( 'NONE',  ( 5.000000000000002665, 1.750000000000000000, 0.2999999999999999889 ) ) ;
#3671 = DIRECTION ( 'NONE',  ( -1.519869053105245017E-47, 0.000000000000000000, -1.000000000000000000 ) ) ;
#3672 = EDGE_CURVE ( 'NONE', #3039, #4235, #2701, .T. ) ;
#3673 = ORIENTED_EDGE ( 'NONE', *, *, #1356, .F. ) ;
#3674 = VECTOR ( 'NONE', #3507, 1000.000000000000000 ) ;
#3676 = DIRECTION ( 'NONE',  ( -1.355252715606880049E-16, 1.000000000000000000, 0.000000000000000000 ) ) ;
#3675 = VECTOR ( 'NONE', #2623, 1000.000000000000000 ) ;
#3677 = VECTOR ( 'NONE', #2027, 1000.000000000000000 ) ;
#3678 = ORIENTED_EDGE ( 'NONE', *, *, #947, .T. ) ;
#3679 = DIRECTION ( 'NONE',  ( -1.000000000000000000, 0.000000000000000000, 0.000000000000000000 ) ) ;
#3680 = CARTESIAN_POINT ( 'NONE',  ( -2.800000000000002043, 0.2000000000000000111, -2.250000000000000000 ) ) ;
#3681 = VECTOR ( 'NONE', #3919, 1000.000000000000000 ) ;
#3682 = VECTOR ( 'NONE', #3905, 1000.000000000000000 ) ;
#3683 = CARTESIAN_POINT ( 'NONE',  ( -4.750000000000000000, 5.000000000000000000, 0.8000000000000000444 ) ) ;
#3684 = PLANE ( 'NONE',  #1709 ) ;
#3685 = LINE ( 'NONE', #306, #1885 ) ;
#3686 = LINE ( 'NONE', #2022, #3754 ) ;
#3687 = VECTOR ( 'NONE', #242, 1000.000000000000000 ) ;
#3688 = VECTOR ( 'NONE', #3671, 1000.000000000000000 ) ;
#3689 = ORIENTED_EDGE ( 'NONE', *, *, #744, .F. ) ;
#3690 = ADVANCED_FACE ( 'NONE', ( #2338, #367 ), #3705, .F. ) ;
#3691 = AXIS2_PLACEMENT_3D ( 'NONE', #3348, #117, #2455 ) ;
#3692 = ORIENTED_EDGE ( 'NONE', *, *, #1203, .F. ) ;
#3693 = PLANE ( 'NONE',  #3061 ) ;
#3694 = CARTESIAN_POINT ( 'NONE',  ( -4.800000000000002487, 0.2000000000000000111, -2.250000000000000000 ) ) ;
#3695 = LINE ( 'NONE', #1335, #4326 ) ;
#3696 = EDGE_CURVE ( 'NONE', #4071, #1174, #4075, .T. ) ;
#3698 = AXIS2_PLACEMENT_3D ( 'NONE', #3727, #370, #1383 ) ;
#3697 = DIRECTION ( 'NONE',  ( 0.000000000000000000, -1.000000000000000000, 0.000000000000000000 ) ) ;
#3699 = VERTEX_POINT ( 'NONE', #3353 ) ;
#3700 = LINE ( 'NONE', #3323, #427 ) ;
#3701 = PLANE ( 'NONE',  #3814 ) ;
#3702 = VERTEX_POINT ( 'NONE', #1404 ) ;
#3703 = DIRECTION ( 'NONE',  ( 3.504579431022969726E-32, 1.000000000000000000, 2.478176394252580155E-16 ) ) ;
#3704 = DIRECTION ( 'NONE',  ( -0.000000000000000000, 1.000000000000000000, 0.000000000000000000 ) ) ;
#3705 = PLANE ( 'NONE',  #1475 ) ;
#3706 = PLANE ( 'NONE',  #123 ) ;
#3707 = DIRECTION ( 'NONE',  ( 1.000000000000000000, 1.355252715606880049E-16, 0.000000000000000000 ) ) ;
#3708 = EDGE_CURVE ( 'NONE', #2254, #2431, #327, .T. ) ;
#3709 = SHAPE_REPRESENTATION_RELATIONSHIP ( 'NONE' , 'NONE' ,  #321, #3340 ) ;
#3710 = VECTOR ( 'NONE', #4277, 1000.000000000000000 ) ;
#3711 = DIRECTION ( 'NONE',  ( 1.000000000000000000, 0.000000000000000000, 0.000000000000000000 ) ) ;
#3712 = CARTESIAN_POINT ( 'NONE',  ( -4.750000000000000000, -0.4515402865250630060, 0.2947213595499945105 ) ) ;
#3713 = VECTOR ( 'NONE', #4055, 1000.000000000000000 ) ;
#3714 = EDGE_CURVE ( 'NONE', #2208, #507, #1346, .T. ) ;
#3715 = CARTESIAN_POINT ( 'NONE',  ( 5.750000000000002665, 0.2000000000000000111, 0.8000000000000000444 ) ) ;
#3716 = AXIS2_PLACEMENT_3D ( 'NONE', #2425, #2340, #3198 ) ;
#3717 = DIRECTION ( 'NONE',  ( 0.000000000000000000, 1.000000000000000000, 0.000000000000000000 ) ) ;
#3718 = ORIENTED_EDGE ( 'NONE', *, *, #3152, .T. ) ;
#3719 = DIRECTION ( 'NONE',  ( 2.168404344971012566E-16, 0.1321637200910179555, 0.9912279006826346661 ) ) ;
#3720 = EDGE_CURVE ( 'NONE', #3216, #500, #3034, .T. ) ;
#3721 = CARTESIAN_POINT ( 'NONE',  ( -0.8000000000000020428, 0.2000000000000000111, 2.250000000000000000 ) ) ;
#3722 = EDGE_CURVE ( 'NONE', #1744, #4308, #1051, .T. ) ;
#3723 = DIRECTION ( 'NONE',  ( 0.000000000000000000, -4.336808689942020201E-16, 1.000000000000000000 ) ) ;
#3724 = LINE ( 'NONE', #690, #2688 ) ;
#3725 = ORIENTED_EDGE ( 'NONE', *, *, #545, .T. ) ;
#3726 = DIRECTION ( 'NONE',  ( 0.000000000000000000, 0.000000000000000000, 1.000000000000000000 ) ) ;
#3727 = CARTESIAN_POINT ( 'NONE',  ( -5.250000000000000000, -0.4291796067500634471, 0.2500000000000000000 ) ) ;
#3728 = DIRECTION ( 'NONE',  ( -1.000000000000000000, 0.000000000000000000, 0.000000000000000000 ) ) ;
#3729 = VERTEX_POINT ( 'NONE', #1150 ) ;
#3730 = VERTEX_POINT ( 'NONE', #2157 ) ;
#3731 = FACE_OUTER_BOUND ( 'NONE', #1651, .T. ) ;
#3732 = CARTESIAN_POINT ( 'NONE',  ( -4.750000000000000000, -0.9583270453990839766, 0.6099893718935690545 ) ) ;
#3733 = ORIENTED_EDGE ( 'NONE', *, *, #2587, .T. ) ;
#3734 = CARTESIAN_POINT ( 'NONE',  ( -3.200000000000002842, 0.2000000000000000111, -2.250000000000000000 ) ) ;
#3735 = ORIENTED_EDGE ( 'NONE', *, *, #3915, .F. ) ;
#3736 = ORIENTED_EDGE ( 'NONE', *, *, #3645, .T. ) ;
#3737 = AXIS2_PLACEMENT_3D ( 'NONE', #2176, #513, #1792 ) ;
#3738 = LINE ( 'NONE', #1007, #3713 ) ;
#3739 = CARTESIAN_POINT ( 'NONE',  ( 6.250000000000002665, 0.2000000000000000111, 0.8000000000000000444 ) ) ;
#3740 = CARTESIAN_POINT ( 'NONE',  ( 1.749999999999998002, 1.750000000000000000, 0.2999999999999999889 ) ) ;
#3741 = CARTESIAN_POINT ( 'NONE',  ( 4.249999999999997335, 1.750000000000000000, 0.8000000000000000444 ) ) ;
#3742 = ADVANCED_FACE ( 'NONE', ( #1427 ), #187, .F. ) ;
#3743 = COLOUR_RGB ( '',0.7921568627450980005, 0.8196078431372548767, 0.9333333333333333481 ) ;
#3744 = COLOUR_RGB ( '',0.7921568627450980005, 0.8196078431372548767, 0.9333333333333333481 ) ;
#3745 = VECTOR ( 'NONE', #61, 1000.000000000000000 ) ;
#3746 = DIRECTION ( 'NONE',  ( 1.519869053105245017E-47, 0.000000000000000000, 1.000000000000000000 ) ) ;
#3747 = CARTESIAN_POINT ( 'NONE',  ( -0.2500000000000019429, 1.750000000000000000, 0.8000000000000000444 ) ) ;
#3748 = CIRCLE ( 'NONE', #1067, 0.5000000000000000000 ) ;
#3749 = CARTESIAN_POINT ( 'NONE',  ( -6.800000000000002487, 0.2000000000000000111, 2.250000000000000000 ) ) ;
#3750 = CARTESIAN_POINT ( 'NONE',  ( -2.999999999999988898, -2.168404344970985449E-16, 1.100000000000004752 ) ) ;
#3751 = ORIENTED_EDGE ( 'NONE', *, *, #1929, .T. ) ;
#3752 = VECTOR ( 'NONE', #249, 1000.000000000000000 ) ;
#3753 = ORIENTED_EDGE ( 'NONE', *, *, #2352, .F. ) ;
#3754 = VECTOR ( 'NONE', #1704, 1000.000000000000000 ) ;
#3755 = VERTEX_POINT ( 'NONE', #1841 ) ;
#3756 = DIRECTION ( 'NONE',  ( 1.000000000000000000, 0.000000000000000000, 0.000000000000000000 ) ) ;
#3757 = VERTEX_POINT ( 'NONE', #127 ) ;
#3758 = DIRECTION ( 'NONE',  ( 0.000000000000000000, 0.000000000000000000, 1.000000000000000000 ) ) ;
#3759 = DIRECTION ( 'NONE',  ( 0.000000000000000000, 1.927470528863119788E-16, -1.000000000000000000 ) ) ;
#3760 = EDGE_CURVE ( 'NONE', #3702, #1968, #1512, .T. ) ;
#3761 = ADVANCED_FACE ( 'NONE', ( #2422 ), #3786, .F. ) ;
#3762 = LINE ( 'NONE', #341, #1232 ) ;
#3763 = CARTESIAN_POINT ( 'NONE',  ( -7.550000000000002487, 6.000000000000000000, 0.8800000000000000044 ) ) ;
#3764 = CARTESIAN_POINT ( 'NONE',  ( -5.000000000000002665, 1.750000000000000000, 0.2999999999999999889 ) ) ;
#3765 = DIRECTION ( 'NONE',  ( -1.000000000000000000, 0.000000000000000000, 0.000000000000000000 ) ) ;
#3766 = ORIENTED_EDGE ( 'NONE', *, *, #138, .F. ) ;
#3767 = ORIENTED_EDGE ( 'NONE', *, *, #2713, .T. ) ;
#3768 = LINE ( 'NONE', #717, #3299 ) ;
#3769 = DIRECTION ( 'NONE',  ( 0.000000000000000000, 1.000000000000000000, 0.000000000000000000 ) ) ;
#3770 = EDGE_CURVE ( 'NONE', #3702, #426, #1467, .T. ) ;
#3771 = DIRECTION ( 'NONE',  ( -2.168404344971010594E-16, -0.4472135954999611474, 0.8944271909999143011 ) ) ;
#3772 = EDGE_CURVE ( 'NONE', #2333, #2003, #757, .T. ) ;
#3773 = CARTESIAN_POINT ( 'NONE',  ( -0.9999999999999887867, -2.168404344970984216E-16, 1.100000000000004752 ) ) ;
#3774 = ORIENTED_EDGE ( 'NONE', *, *, #394, .F. ) ;
#3775 = ORIENTED_EDGE ( 'NONE', *, *, #3832, .T. ) ;
#3776 = ORIENTED_EDGE ( 'NONE', *, *, #3426, .F. ) ;
#3777 = DIRECTION ( 'NONE',  ( 0.000000000000000000, 0.000000000000000000, 1.000000000000000000 ) ) ;
#3778 = EDGE_CURVE ( 'NONE', #1744, #3039, #3806, .T. ) ;
#3779 = PLANE ( 'NONE',  #2116 ) ;
#3780 = VECTOR ( 'NONE', #1604, 1000.000000000000000 ) ;
#3781 = CARTESIAN_POINT ( 'NONE',  ( 6.250000000000002665, 4.250000000000000000, 2.149999999999999911 ) ) ;
#3782 = CARTESIAN_POINT ( 'NONE',  ( -2.050000000000002487, -4.336808689942014778E-16, 2.250000000000000000 ) ) ;
#3783 = DIRECTION ( 'NONE',  ( 0.000000000000000000, 1.000000000000000000, 0.000000000000000000 ) ) ;
#3784 = CARTESIAN_POINT ( 'NONE',  ( -5.225000000000002309, 1.750000000000000000, 1.649999999999999911 ) ) ;
#3785 = CARTESIAN_POINT ( 'NONE',  ( 1.199999999999997957, 0.2000000000000000111, 2.250000000000000000 ) ) ;
#3786 = PLANE ( 'NONE',  #2248 ) ;
#3787 = ORIENTED_EDGE ( 'NONE', *, *, #1122, .F. ) ;
#3788 = PRODUCT_DEFINITION_SHAPE ( 'NONE', 'NONE',  #465 ) ;
#3789 = LINE ( 'NONE', #761, #3647 ) ;
#3790 = ORIENTED_EDGE ( 'NONE', *, *, #45, .T. ) ;
#3791 = PLANE ( 'NONE',  #378 ) ;
#3792 = CARTESIAN_POINT ( 'NONE',  ( 0.2499999999999976130, 1.750000000000000000, 0.8000000000000000444 ) ) ;
#3793 = ORIENTED_EDGE ( 'NONE', *, *, #184, .F. ) ;
#3794 = ADVANCED_FACE ( 'NONE', ( #3448 ), #424, .T. ) ;
#3795 = VERTEX_POINT ( 'NONE', #2830 ) ;
#3796 = VERTEX_POINT ( 'NONE', #1752 ) ;
#3797 = DIRECTION ( 'NONE',  ( 0.000000000000000000, 2.478176394252580155E-16, -1.000000000000000000 ) ) ;
#3798 = CARTESIAN_POINT ( 'NONE',  ( -0.05000000000000229955, -4.336808689942014778E-16, 2.250000000000000000 ) ) ;
#3799 = ORIENTED_EDGE ( 'NONE', *, *, #3720, .T. ) ;
#3800 = EDGE_CURVE ( 'NONE', #1307, #907, #448, .T. ) ;
#3801 = CARTESIAN_POINT ( 'NONE',  ( -7.950000000000001954, 1.389999999999999902, 2.250000000000000000 ) ) ;
#3802 = EDGE_LOOP ( 'NONE', ( #136, #201, #4105, #3130 ) ) ;
#3803 = PLANE ( 'NONE',  #815 ) ;
#3804 = CARTESIAN_POINT ( 'NONE',  ( -5.250000000000000000, -0.7057513818695559937, 0.1676158118777479888 ) ) ;
#3805 = CARTESIAN_POINT ( 'NONE',  ( -3.750000000000002665, -3.399999999999999911, 0.8000000000000000444 ) ) ;
#3806 = LINE ( 'NONE', #1446, #2180 ) ;
#3807 = ORIENTED_EDGE ( 'NONE', *, *, #2726, .F. ) ;
#3808 = VECTOR ( 'NONE', #3140, 1000.000000000000000 ) ;
#3809 = EDGE_LOOP ( 'NONE', ( #3799, #3885, #1919, #2566 ) ) ;
#3810 = CARTESIAN_POINT ( 'NONE',  ( -3.200000000000002842, 0.2000000000000000111, -2.250000000000000000 ) ) ;
#3811 = ORIENTED_EDGE ( 'NONE', *, *, #3141, .F. ) ;
#3812 = FACE_OUTER_BOUND ( 'NONE', #3949, .T. ) ;
#3813 = DIRECTION ( 'NONE',  ( 0.000000000000000000, 0.000000000000000000, 1.000000000000000000 ) ) ;
#3814 = AXIS2_PLACEMENT_3D ( 'NONE', #69, #339, #2104 ) ;
#3815 = VECTOR ( 'NONE', #538, 1000.000000000000000 ) ;
#3816 = DIRECTION ( 'NONE',  ( -1.000000000000000000, 0.000000000000000000, 6.982962677686266711E-15 ) ) ;
#3817 = ORIENTED_EDGE ( 'NONE', *, *, #3122, .F. ) ;
#3818 = EDGE_CURVE ( 'NONE', #1790, #3602, #167, .T. ) ;
#3819 = AXIS2_PLACEMENT_3D ( 'NONE', #400, #1699, #4069 ) ;
#3820 = ORIENTED_EDGE ( 'NONE', *, *, #1573, .F. ) ;
#3821 = VECTOR ( 'NONE', #1302, 1000.000000000000000 ) ;
#3822 = DIRECTION ( 'NONE',  ( 0.000000000000000000, 0.000000000000000000, 1.000000000000000000 ) ) ;
#3823 = CARTESIAN_POINT ( 'NONE',  ( -0.8000000000000020428, 0.2000000000000000111, 2.250000000000000000 ) ) ;
#3824 = ORIENTED_EDGE ( 'NONE', *, *, #3197, .T. ) ;
#3825 = VECTOR ( 'NONE', #678, 1000.000000000000000 ) ;
#3826 = VERTEX_POINT ( 'NONE', #2854 ) ;
#3827 = AXIS2_PLACEMENT_3D ( 'NONE', #2972, #305, #2336 ) ;
#3828 = ORIENTED_EDGE ( 'NONE', *, *, #3583, .T. ) ;
#3829 = VECTOR ( 'NONE', #1245, 1000.000000000000000 ) ;
#3830 = DIRECTION ( 'NONE',  ( 0.000000000000000000, 0.000000000000000000, -1.000000000000000000 ) ) ;
#3831 = EDGE_LOOP ( 'NONE', ( #332, #2398, #3017, #2976 ) ) ;
#3832 = EDGE_CURVE ( 'NONE', #1114, #468, #490, .T. ) ;
#3833 = DIRECTION ( 'NONE',  ( -0.000000000000000000, 1.000000000000000000, 0.000000000000000000 ) ) ;
#3834 = FACE_OUTER_BOUND ( 'NONE', #1602, .T. ) ;
#3835 = CARTESIAN_POINT ( 'NONE',  ( -2.050000000000002487, 6.000000000000000000, 0.8800000000000000044 ) ) ;
#3836 = EDGE_CURVE ( 'NONE', #30, #1370, #1131, .T. ) ;
#3837 = ORIENTED_EDGE ( 'NONE', *, *, #630, .T. ) ;
#3838 = DIRECTION ( 'NONE',  ( 0.000000000000000000, 1.000000000000000000, 0.000000000000000000 ) ) ;
#3839 = ORIENTED_EDGE ( 'NONE', *, *, #1356, .T. ) ;
#3840 = LINE ( 'NONE', #2160, #3537 ) ;
#3841 = AXIS2_PLACEMENT_3D ( 'NONE', #3846, #2190, #3911 ) ;
#3842 = LINE ( 'NONE', #1476, #3322 ) ;
#3843 = ORIENTED_EDGE ( 'NONE', *, *, #2378, .F. ) ;
#3844 = EDGE_LOOP ( 'NONE', ( #1328, #3692, #2247, #2068 ) ) ;
#3845 = ORIENTED_EDGE ( 'NONE', *, *, #3772, .F. ) ;
#3846 = CARTESIAN_POINT ( 'NONE',  ( -5.250000000000000000, -2.347221846513170451, 0.7951753453754479839 ) ) ;
#3847 = EDGE_CURVE ( 'NONE', #1139, #2774, #2441, .T. ) ;
#3848 = ADVANCED_FACE ( 'NONE', ( #3856 ), #1816, .F. ) ;
#3849 = DIRECTION ( 'NONE',  ( 0.000000000000000000, 3.165553788278845372E-16, -1.000000000000000000 ) ) ;
#3850 = DIRECTION ( 'NONE',  ( 0.000000000000000000, 1.000000000000000000, 0.000000000000000000 ) ) ;
#3851 = VERTEX_POINT ( 'NONE', #3495 ) ;
#3852 = VECTOR ( 'NONE', #3546, 1000.000000000000000 ) ;
#3853 = ADVANCED_FACE ( 'NONE', ( #3194 ), #1794, .F. ) ;
#3854 = CARTESIAN_POINT ( 'NONE',  ( -5.250000000000000000, -0.9517188593945330455, 0.6595507669277020923 ) ) ;
#3855 = CARTESIAN_POINT ( 'NONE',  ( -6.800000000000002487, 0.2000000000000000111, -2.250000000000000000 ) ) ;
#3856 = FACE_OUTER_BOUND ( 'NONE', #2989, .T. ) ;
#3857 = VECTOR ( 'NONE', #2676, 1000.000000000000000 ) ;
#3858 = ORIENTED_EDGE ( 'NONE', *, *, #3378, .T. ) ;
#3859 = ADVANCED_FACE ( 'NONE', ( #850 ), #2178, .F. ) ;
#3860 = DIRECTION ( 'NONE',  ( 0.000000000000000000, -1.000000000000000000, 0.000000000000000000 ) ) ;
#3861 = EDGE_CURVE ( 'NONE', #4308, #1538, #3656, .T. ) ;
#3862 = ORIENTED_EDGE ( 'NONE', *, *, #1269, .T. ) ;
#3863 = LINE ( 'NONE', #496, #4030 ) ;
#3864 = CARTESIAN_POINT ( 'NONE',  ( 6.725000000000002309, 4.250000000000000000, 2.149999999999999911 ) ) ;
#3865 = ORIENTED_EDGE ( 'NONE', *, *, #882, .F. ) ;
#3866 = EDGE_LOOP ( 'NONE', ( #3421, #3533, #3689, #1492 ) ) ;
#3867 = ORIENTED_EDGE ( 'NONE', *, *, #3289, .F. ) ;
#3868 = EDGE_CURVE ( 'NONE', #608, #3633, #3630, .T. ) ;
#3869 = DIRECTION ( 'NONE',  ( 0.000000000000000000, 1.000000000000000000, 1.927470528863119788E-16 ) ) ;
#3870 = LINE ( 'NONE', #3532, #1676 ) ;
#3871 = ORIENTED_EDGE ( 'NONE', *, *, #3255, .F. ) ;
#3872 = ORIENTED_EDGE ( 'NONE', *, *, #159, .T. ) ;
#3873 = DIRECTION ( 'NONE',  ( 0.000000000000000000, -1.000000000000000000, -2.478176394252580155E-16 ) ) ;
#3874 = DIRECTION ( 'NONE',  ( -1.084202172485503818E-16, 1.000000000000000000, 0.000000000000000000 ) ) ;
#3875 = EDGE_CURVE ( 'NONE', #1194, #2003, #1560, .T. ) ;
#3876 = FACE_OUTER_BOUND ( 'NONE', #3382, .T. ) ;
#3877 = FACE_OUTER_BOUND ( 'NONE', #3508, .T. ) ;
#3878 = DIRECTION ( 'NONE',  ( -1.000000000000000000, 0.000000000000000000, 0.000000000000000000 ) ) ;
#3879 = VERTEX_POINT ( 'NONE', #3280 ) ;
#3880 = CARTESIAN_POINT ( 'NONE',  ( -5.225000000000002309, 6.000000000000000000, 2.250000000000000000 ) ) ;
#3881 = CARTESIAN_POINT ( 'NONE',  ( -2.050000000000002487, 6.000000000000000000, 2.250000000000000000 ) ) ;
#3882 = DIRECTION ( 'NONE',  ( -1.519869053105245017E-47, 0.000000000000000000, -1.000000000000000000 ) ) ;
#3883 = EDGE_CURVE ( 'NONE', #4120, #907, #3561, .T. ) ;
#3884 = VECTOR ( 'NONE', #3025, 1000.000000000000000 ) ;
#3885 = ORIENTED_EDGE ( 'NONE', *, *, #2462, .F. ) ;
#3886 = ORIENTED_EDGE ( 'NONE', *, *, #4174, .F. ) ;
#3887 = PLANE ( 'NONE',  #2922 ) ;
#3888 = VECTOR ( 'NONE', #4268, 1000.000000000000000 ) ;
#3889 = DIRECTION ( 'NONE',  ( 0.000000000000000000, -1.000000000000000000, 0.000000000000000000 ) ) ;
#3890 = EDGE_LOOP ( 'NONE', ( #752, #1417, #4283, #2482, #3590, #2494 ) ) ;
#3891 = ORIENTED_EDGE ( 'NONE', *, *, #3043, .T. ) ;
#3892 = VECTOR ( 'NONE', #1703, 1000.000000000000000 ) ;
#3893 = VERTEX_POINT ( 'NONE', #2537 ) ;
#3894 = VECTOR ( 'NONE', #3410, 1000.000000000000000 ) ;
#3895 = DIRECTION ( 'NONE',  ( -1.000000000000000000, 0.000000000000000000, 2.168404344971010101E-16 ) ) ;
#3896 = DIRECTION ( 'NONE',  ( 1.000000000000000000, 0.000000000000000000, 0.000000000000000000 ) ) ;
#3897 = AXIS2_PLACEMENT_3D ( 'NONE', #1084, #1341, #2418 ) ;
#3898 = ORIENTED_EDGE ( 'NONE', *, *, #1509, .T. ) ;
#3899 = VECTOR ( 'NONE', #2264, 1000.000000000000000 ) ;
#3900 = PLANE ( 'NONE',  #1126 ) ;
#3901 = DIRECTION ( 'NONE',  ( 0.000000000000000000, -0.9912279006826346661, 0.1321637200910179555 ) ) ;
#3902 = CARTESIAN_POINT ( 'NONE',  ( 0.2499999999999976130, 1.750000000000000000, 0.2999999999999999889 ) ) ;
#3903 = CARTESIAN_POINT ( 'NONE',  ( 3.749999999999998224, -3.399999999999999911, 0.2999999999999999889 ) ) ;
#3904 = ORIENTED_EDGE ( 'NONE', *, *, #627, .F. ) ;
#3905 = DIRECTION ( 'NONE',  ( -1.000000000000000000, 0.000000000000000000, 0.000000000000000000 ) ) ;
#3906 = DIRECTION ( 'NONE',  ( 0.000000000000000000, 1.000000000000000000, 2.036060417813154872E-16 ) ) ;
#3907 = CONTEXT_DEPENDENT_SHAPE_REPRESENTATION ( #3529, #3314 ) ;
#3908 = ORIENTED_EDGE ( 'NONE', *, *, #4316, .F. ) ;
#3909 = ORIENTED_EDGE ( 'NONE', *, *, #616, .F. ) ;
#3910 = ORIENTED_EDGE ( 'NONE', *, *, #330, .F. ) ;
#3911 = DIRECTION ( 'NONE',  ( 0.000000000000000000, 1.000000000000000000, 0.000000000000000000 ) ) ;
#3912 = EDGE_CURVE ( 'NONE', #1305, #2426, #3257, .T. ) ;
#3913 = CARTESIAN_POINT ( 'NONE',  ( -5.250000000000000000, -0.6751470842750398882, 0.7419349550499519941 ) ) ;
#3914 = ORIENTED_EDGE ( 'NONE', *, *, #3374, .T. ) ;
#3915 = EDGE_CURVE ( 'NONE', #2507, #3159, #255, .T. ) ;
#3916 = DIRECTION ( 'NONE',  ( -1.519869053105245017E-47, 0.000000000000000000, -1.000000000000000000 ) ) ;
#3917 = CARTESIAN_POINT ( 'NONE',  ( -7.300000000000002487, 1.750000000000000000, -1.850000000000000089 ) ) ;
#3918 = LINE ( 'NONE', #252, #774 ) ;
#3919 = DIRECTION ( 'NONE',  ( 0.000000000000000000, 1.000000000000000000, 2.036060417813154872E-16 ) ) ;
#3920 = PLANE ( 'NONE',  #868 ) ;
#3921 = VECTOR ( 'NONE', #2582, 1000.000000000000000 ) ;
#3922 = ORIENTED_EDGE ( 'NONE', *, *, #3292, .T. ) ;
#3923 = CARTESIAN_POINT ( 'NONE',  ( 7.300000000000002487, 5.750000000000000000, 0.8800000000000000044 ) ) ;
#3924 = CARTESIAN_POINT ( 'NONE',  ( -6.250000000000002665, 6.000000000000000000, 0.2999999999999999889 ) ) ;
#3925 = FACE_OUTER_BOUND ( 'NONE', #3019, .T. ) ;
#3926 = CARTESIAN_POINT ( 'NONE',  ( 5.200000000000001954, 0.2000000000000000111, 2.250000000000000000 ) ) ;
#3927 = CLOSED_SHELL ( 'NONE', ( #694, #3472, #4, #3509, #2645, #3982, #1101, #2799, #3931, #3496, #37, #701, #3666, #3853, #1857, #1024, #3071, #2990, #491, #3150, #1765, #1330, #3070, #1545, #2217, #2433, #2372, #643, #913, #664, #657, #1967, #4018, #754, #3391, #3570, #1719, #52 ) ) ;
#3928 = ORIENTED_EDGE ( 'NONE', *, *, #3086, .F. ) ;
#3929 = VERTEX_POINT ( 'NONE', #614 ) ;
#3930 = LINE ( 'NONE', #905, #4050 ) ;
#3931 = ADVANCED_FACE ( 'NONE', ( #4225 ), #3920, .F. ) ;
#3932 = DIRECTION ( 'NONE',  ( -1.000000000000000000, 0.000000000000000000, 0.000000000000000000 ) ) ;
#3933 = ORIENTED_EDGE ( 'NONE', *, *, #3800, .F. ) ;
#3934 = ORIENTED_EDGE ( 'NONE', *, *, #4226, .F. ) ;
#3935 = ORIENTED_EDGE ( 'NONE', *, *, #452, .F. ) ;
#3936 = CARTESIAN_POINT ( 'NONE',  ( -4.000000000000000000, 5.000000000000000000, 0.4091910702798595145 ) ) ;
#3937 = PLANE ( 'NONE',  #1963 ) ;
#3938 = ADVANCED_FACE ( 'NONE', ( #3989 ), #2927, .F. ) ;
#3939 = EDGE_CURVE ( 'NONE', #3399, #2703, #1583, .T. ) ;
#3940 = CARTESIAN_POINT ( 'NONE',  ( -5.250000000000000000, -0.4291796067500640022, 0.7999999999999789502 ) ) ;
#3941 = ORIENTED_EDGE ( 'NONE', *, *, #2876, .T. ) ;
#3942 = PLANE ( 'NONE',  #2460 ) ;
#3943 = DIRECTION ( 'NONE',  ( 0.9396926207859092051, 0.3420201433256665480, 0.000000000000000000 ) ) ;
#3944 = CARTESIAN_POINT ( 'NONE',  ( 3.949999999999997957, 4.336808689942014778E-16, -2.250000000000000000 ) ) ;
#3945 = ORIENTED_EDGE ( 'NONE', *, *, #1729, .F. ) ;
#3946 = DIRECTION ( 'NONE',  ( 0.000000000000000000, 1.000000000000000000, 0.000000000000000000 ) ) ;
#3947 = CARTESIAN_POINT ( 'NONE',  ( -1.750000000000002442, 0.2000000000000000111, 0.8000000000000000444 ) ) ;
#3948 = LINE ( 'NONE', #927, #303 ) ;
#3949 = EDGE_LOOP ( 'NONE', ( #2912, #435, #2436, #3221 ) ) ;
#3950 = VERTEX_POINT ( 'NONE', #1909 ) ;
#3951 = ORIENTED_EDGE ( 'NONE', *, *, #2705, .F. ) ;
#3952 = CARTESIAN_POINT ( 'NONE',  ( 6.250000000000002665, 1.750000000000000000, 0.2999999999999999889 ) ) ;
#3953 = DIRECTION ( 'NONE',  ( 0.000000000000000000, 2.478176394252580155E-16, -1.000000000000000000 ) ) ;
#3954 = ADVANCED_FACE ( 'NONE', ( #876 ), #1954, .F. ) ;
#3955 = ADVANCED_FACE ( 'NONE', ( #596 ), #1933, .F. ) ;
#3956 = ORIENTED_EDGE ( 'NONE', *, *, #510, .F. ) ;
#3957 = VECTOR ( 'NONE', #3758, 1000.000000000000000 ) ;
#3958 = DIRECTION ( 'NONE',  ( -1.000000000000000000, 0.000000000000000000, 0.000000000000000000 ) ) ;
#3959 = DIRECTION ( 'NONE',  ( 1.000000000000000000, 0.000000000000000000, -2.168404344971010101E-16 ) ) ;
#3960 = DIRECTION ( 'NONE',  ( -0.000000000000000000, 1.000000000000000000, 0.000000000000000000 ) ) ;
#3961 = AXIS2_PLACEMENT_3D ( 'NONE', #1632, #3331, #926 ) ;
#3962 = AXIS2_PLACEMENT_3D ( 'NONE', #2509, #126, #1130 ) ;
#3963 = AXIS2_PLACEMENT_3D ( 'NONE', #1648, #578, #2930 ) ;
#3964 = EDGE_CURVE ( 'NONE', #3571, #196, #1880, .T. ) ;
#3965 = CARTESIAN_POINT ( 'NONE',  ( 0.7999999999999973799, -4.336808689942014778E-16, -2.250000000000000000 ) ) ;
#3966 = EDGE_CURVE ( 'NONE', #1052, #2254, #4273, .T. ) ;
#3967 = CARTESIAN_POINT ( 'NONE',  ( 4.249999999999997335, 1.750000000000000000, 0.2999999999999999889 ) ) ;
#3968 = DIRECTION ( 'NONE',  ( 0.000000000000000000, 0.000000000000000000, -1.000000000000000000 ) ) ;
#3969 = AXIS2_PLACEMENT_3D ( 'NONE', #116, #1371, #2389 ) ;
#3970 = VECTOR ( 'NONE', #2326, 1000.000000000000000 ) ;
#3971 = DIRECTION ( 'NONE',  ( 0.7071067811865461294, -0.7071067811865490160, -2.315879795017412046E-16 ) ) ;
#3972 = VERTEX_POINT ( 'NONE', #2968 ) ;
#3973 = LINE ( 'NONE', #600, #2689 ) ;
#3974 = CARTESIAN_POINT ( 'NONE',  ( -6.800000000000002487, 0.2000000000000000111, -2.250000000000000000 ) ) ;
#3975 = CARTESIAN_POINT ( 'NONE',  ( -0.2500000000000019429, -3.399999999999999911, 0.8000000000000000444 ) ) ;
#3976 = ORIENTED_EDGE ( 'NONE', *, *, #3467, .T. ) ;
#3977 = VERTEX_POINT ( 'NONE', #301 ) ;
#3978 = CARTESIAN_POINT ( 'NONE',  ( 7.950000000000001954, 6.000000000000000000, 0.8800000000000000044 ) ) ;
#3979 = FACE_OUTER_BOUND ( 'NONE', #1724, .T. ) ;
#3980 = VERTEX_POINT ( 'NONE', #1861 ) ;
#3981 = ORIENTED_EDGE ( 'NONE', *, *, #1629, .T. ) ;
#3982 = ADVANCED_FACE ( 'NONE', ( #1217 ), #2560, .F. ) ;
#3983 = EDGE_CURVE ( 'NONE', #2089, #2809, #3604, .T. ) ;
#3984 = CARTESIAN_POINT ( 'NONE',  ( -5.250000000000000000, 5.000000000000000000, 0.2999999999999999889 ) ) ;
#3985 = DIRECTION ( 'NONE',  ( 0.000000000000000000, -4.336808689942020201E-16, 1.000000000000000000 ) ) ;
#3986 = PLANE ( 'NONE',  #2458 ) ;
#3987 = CARTESIAN_POINT ( 'NONE',  ( -4.800000000000002487, -4.336808689942014778E-16, -2.250000000000000000 ) ) ;
#3988 = CARTESIAN_POINT ( 'NONE',  ( -7.300000000000002487, 5.750000000000000000, -1.850000000000000089 ) ) ;
#3989 = FACE_OUTER_BOUND ( 'NONE', #1895, .T. ) ;
#3990 = VERTEX_POINT ( 'NONE', #4366 ) ;
#3991 = CARTESIAN_POINT ( 'NONE',  ( 1.749999999999998002, -3.399999999999999911, 0.2999999999999999889 ) ) ;
#3992 = DIRECTION ( 'NONE',  ( -2.168404344971010101E-16, 0.000000000000000000, 1.000000000000000000 ) ) ;
#3993 = DIRECTION ( 'NONE',  ( 1.000000000000000000, -5.957641974055180061E-16, 0.000000000000000000 ) ) ;
#3994 = CARTESIAN_POINT ( 'NONE',  ( 5.200000000000001954, 0.2000000000000000111, 2.250000000000000000 ) ) ;
#3995 = VERTEX_POINT ( 'NONE', #415 ) ;
#3996 = ADVANCED_FACE ( 'NONE', ( #3488, #2082 ), #3114, .F. ) ;
#3997 = ORIENTED_EDGE ( 'NONE', *, *, #4196, .F. ) ;
#3998 = DIRECTION ( 'NONE',  ( 1.000000000000000000, 2.522858432348305322E-32, -1.239088197126289831E-16 ) ) ;
#3999 = CARTESIAN_POINT ( 'NONE',  ( -2.050000000000002487, 4.500000000000000000, 0.8800000000000000044 ) ) ;
#4000 = ORIENTED_EDGE ( 'NONE', *, *, #324, .T. ) ;
#4001 = ORIENTED_EDGE ( 'NONE', *, *, #3386, .F. ) ;
#4002 = LINE ( 'NONE', #1975, #1974 ) ;
#4003 = LINE ( 'NONE', #2625, #87 ) ;
#4004 = CARTESIAN_POINT ( 'NONE',  ( -0.2500000000000019429, 1.750000000000000000, 0.2999999999999999889 ) ) ;
#4005 = VERTEX_POINT ( 'NONE', #3436 ) ;
#4006 = DIRECTION ( 'NONE',  ( 0.000000000000000000, -0.9912279006826346661, 0.1321637200910179555 ) ) ;
#4007 = DIRECTION ( 'NONE',  ( -0.5773502691896267303, -0.5773502691896238437, 0.5773502691896267303 ) ) ;
#4008 = ORIENTED_EDGE ( 'NONE', *, *, #4023, .F. ) ;
#4009 = ADVANCED_FACE ( 'NONE', ( #2414 ), #1081, .F. ) ;
#4010 = DIRECTION ( 'NONE',  ( 1.000000000000000000, 0.000000000000000000, -1.414176746720221921E-16 ) ) ;
#4011 = CARTESIAN_POINT ( 'NONE',  ( 1.749999999999998002, 0.2000000000000000111, -2.250000000000000000 ) ) ;
#4012 = CARTESIAN_POINT ( 'NONE',  ( 3.199999999999997957, 0.2000000000000000111, 2.250000000000000000 ) ) ;
#4013 = PLANE ( 'NONE',  #90 ) ;
#4014 = EDGE_LOOP ( 'NONE', ( #1090, #4278, #3313, #2058 ) ) ;
#4015 = VERTEX_POINT ( 'NONE', #3010 ) ;
#4016 = ORIENTED_EDGE ( 'NONE', *, *, #3489, .T. ) ;
#4017 = DIRECTION ( 'NONE',  ( 1.000000000000000000, 0.000000000000000000, 0.000000000000000000 ) ) ;
#4018 = ADVANCED_FACE ( 'NONE', ( #640 ), #2305, .F. ) ;
#4019 = SURFACE_SIDE_STYLE ('',( #2278 ) ) ;
#4020 = EDGE_LOOP ( 'NONE', ( #1098, #1416, #589, #2018 ) ) ;
#4021 = DIRECTION ( 'NONE',  ( 3.504579431022969726E-32, 1.000000000000000000, 2.478176394252580155E-16 ) ) ;
#4022 = DIRECTION ( 'NONE',  ( -1.000000000000000000, 0.000000000000000000, 0.000000000000000000 ) ) ;
#4023 = EDGE_CURVE ( 'NONE', #27, #4071, #1644, .T. ) ;
#4024 = VECTOR ( 'NONE', #962, 1000.000000000000000 ) ;
#4025 = LINE ( 'NONE', #660, #3099 ) ;
#4026 = VECTOR ( 'NONE', #1322, 1000.000000000000000 ) ;
#4027 = ORIENTED_EDGE ( 'NONE', *, *, #1230, .F. ) ;
#4028 = LINE ( 'NONE', #2648, #3460 ) ;
#4029 = DIRECTION ( 'NONE',  ( -1.000000000000000000, 0.000000000000000000, 0.000000000000000000 ) ) ;
#4030 = VECTOR ( 'NONE', #1823, 1000.000000000000000 ) ;
#4031 = AXIS2_PLACEMENT_3D ( 'NONE', #613, #3679, #2603 ) ;
#4032 = EDGE_CURVE ( 'NONE', #3517, #3026, #769, .T. ) ;
#4033 = CARTESIAN_POINT ( 'NONE',  ( 0.2499999999999976130, 0.2000000000000000111, -2.250000000000000000 ) ) ;
#4034 = DIRECTION ( 'NONE',  ( 1.000000000000000000, 0.000000000000000000, 0.000000000000000000 ) ) ;
#4035 = AXIS2_PLACEMENT_3D ( 'NONE', #2505, #2574, #841 ) ;
#4036 = LINE ( 'NONE', #56, #2112 ) ;
#4037 = VECTOR ( 'NONE', #2313, 1000.000000000000000 ) ;
#4038 = VECTOR ( 'NONE', #1641, 1000.000000000000000 ) ;
#4039 = ORIENTED_EDGE ( 'NONE', *, *, #2783, .F. ) ;
#4040 = ORIENTED_EDGE ( 'NONE', *, *, #2876, .F. ) ;
#4041 = VECTOR ( 'NONE', #1852, 1000.000000000000000 ) ;
#4042 = ORIENTED_EDGE ( 'NONE', *, *, #3696, .T. ) ;
#4043 = CARTESIAN_POINT ( 'NONE',  ( 7.950000000000001954, 6.000000000000000000, 0.8800000000000000044 ) ) ;
#4044 = EDGE_CURVE ( 'NONE', #3757, #1139, #983, .T. ) ;
#4045 = LINE ( 'NONE', #1314, #3190 ) ;
#4046 = DIRECTION ( 'NONE',  ( 0.000000000000000000, 0.000000000000000000, 1.000000000000000000 ) ) ;
#4047 = ORIENTED_EDGE ( 'NONE', *, *, #107, .F. ) ;
#4048 = ADVANCED_FACE ( 'NONE', ( #1419 ), #3779, .F. ) ;
#4049 = EDGE_CURVE ( 'NONE', #3879, #118, #3464, .T. ) ;
#4050 = VECTOR ( 'NONE', #2226, 1000.000000000000000 ) ;
#4051 = DIRECTION ( 'NONE',  ( -1.000000000000000000, 0.000000000000000000, 0.000000000000000000 ) ) ;
#4052 = EDGE_LOOP ( 'NONE', ( #3820, #1473, #2285, #1264 ) ) ;
#4053 = CARTESIAN_POINT ( 'NONE',  ( 7.950000000000001954, 1.389999999999999902, 2.250000000000000000 ) ) ;
#4054 = ORIENTED_EDGE ( 'NONE', *, *, #128, .T. ) ;
#4055 = DIRECTION ( 'NONE',  ( -1.000000000000000000, 0.000000000000000000, 0.000000000000000000 ) ) ;
#4056 = LINE ( 'NONE', #3369, #2718 ) ;
#4057 = LINE ( 'NONE', #3804, #506 ) ;
#4058 = VECTOR ( 'NONE', #2960, 1000.000000000000000 ) ;
#4059 = ORIENTED_EDGE ( 'NONE', *, *, #1806, .F. ) ;
#4060 = LINE ( 'NONE', #406, #4286 ) ;
#4061 = DIRECTION ( 'NONE',  ( 0.000000000000000000, 0.000000000000000000, 1.000000000000000000 ) ) ;
#4062 = DIRECTION ( 'NONE',  ( 1.000000000000000000, 0.000000000000000000, 0.000000000000000000 ) ) ;
#4063 = EDGE_LOOP ( 'NONE', ( #1354, #2572, #783, #1414 ) ) ;
#4064 = EDGE_LOOP ( 'NONE', ( #3787, #3120, #3997, #2790 ) ) ;
#4065 = DIRECTION ( 'NONE',  ( -2.168404344971010101E-16, 0.000000000000000000, 1.000000000000000000 ) ) ;
#4066 = AXIS2_PLACEMENT_3D ( 'NONE', #3092, #1686, #1361 ) ;
#4067 = EDGE_CURVE ( 'NONE', #2030, #3271, #2778, .T. ) ;
#4068 = CARTESIAN_POINT ( 'NONE',  ( -1.750000000000002442, 1.750000000000000000, 0.2999999999999999889 ) ) ;
#4069 = DIRECTION ( 'NONE',  ( -3.504579431022969726E-32, -1.000000000000000000, 0.000000000000000000 ) ) ;
#4070 = ORIENTED_EDGE ( 'NONE', *, *, #4179, .F. ) ;
#4071 = VERTEX_POINT ( 'NONE', #1005 ) ;
#4072 = LINE ( 'NONE', #1047, #1646 ) ;
#4073 = CARTESIAN_POINT ( 'NONE',  ( 7.200000000000002842, 4.250000000000000000, 1.649999999999999911 ) ) ;
#4074 = LINE ( 'NONE', #103, #85 ) ;
#4075 = LINE ( 'NONE', #2722, #1623 ) ;
#4076 = ORIENTED_EDGE ( 'NONE', *, *, #4149, .T. ) ;
#4077 = DIRECTION ( 'NONE',  ( 0.000000000000000000, 0.000000000000000000, 1.000000000000000000 ) ) ;
#4078 = CARTESIAN_POINT ( 'NONE',  ( 7.300000000000002487, 5.750000000000000000, 1.649999999999999911 ) ) ;
#4079 = LINE ( 'NONE', #2407, #3677 ) ;
#4080 = DIRECTION ( 'NONE',  ( 0.000000000000000000, 0.000000000000000000, 1.000000000000000000 ) ) ;
#4081 = ORIENTED_EDGE ( 'NONE', *, *, #3362, .F. ) ;
#4082 = ORIENTED_EDGE ( 'NONE', *, *, #4305, .T. ) ;
#4083 = PLANE ( 'NONE',  #2036 ) ;
#4084 = EDGE_CURVE ( 'NONE', #566, #1352, #2994, .T. ) ;
#4085 = ORIENTED_EDGE ( 'NONE', *, *, #582, .F. ) ;
#4086 = PRODUCT_DEFINITION_FORMATION_WITH_SPECIFIED_SOURCE ( 'ANY', '', #834, .NOT_KNOWN. ) ;
#4087 = CARTESIAN_POINT ( 'NONE',  ( 7.950000000000001954, -4.336808689942014778E-16, 2.250000000000000000 ) ) ;
#4088 = FACE_OUTER_BOUND ( 'NONE', #1990, .T. ) ;
#4089 = VECTOR ( 'NONE', #943, 1000.000000000000000 ) ;
#4090 = ORIENTED_EDGE ( 'NONE', *, *, #1357, .T. ) ;
#4091 = ADVANCED_FACE ( 'NONE', ( #2002 ), #3701, .F. ) ;
#4092 = VECTOR ( 'NONE', #3550, 1000.000000000000000 ) ;
#4093 = DIRECTION ( 'NONE',  ( 0.000000000000000000, 0.000000000000000000, 1.000000000000000000 ) ) ;
#4094 = DIRECTION ( 'NONE',  ( 1.000000000000000000, 0.000000000000000000, 0.000000000000000000 ) ) ;
#4095 = DIRECTION ( 'NONE',  ( 3.504579431022969726E-32, 1.000000000000000000, 2.478176394252580155E-16 ) ) ;
#4096 = DIRECTION ( 'NONE',  ( 0.000000000000000000, -3.165553788278845372E-16, 1.000000000000000000 ) ) ;
#4097 =( GEOMETRIC_REPRESENTATION_CONTEXT ( 3 ) GLOBAL_UNCERTAINTY_ASSIGNED_CONTEXT ( ( #4151 ) ) GLOBAL_UNIT_ASSIGNED_CONTEXT ( ( #565, #2661, #1619 ) ) REPRESENTATION_CONTEXT ( 'NONE', 'WORKASPACE' ) );
#4098 = VECTOR ( 'NONE', #3124, 1000.000000000000000 ) ;
#4099 = VERTEX_POINT ( 'NONE', #1628 ) ;
#4100 = EDGE_CURVE ( 'NONE', #500, #1775, #1764, .T. ) ;
#4101 = FACE_OUTER_BOUND ( 'NONE', #1547, .T. ) ;
#4102 = CARTESIAN_POINT ( 'NONE',  ( 5.750000000000002665, 1.750000000000000000, 0.8000000000000000444 ) ) ;
#4103 = AXIS2_PLACEMENT_3D ( 'NONE', #824, #1490, #3193 ) ;
#4104 = LINE ( 'NONE', #2725, #2387 ) ;
#4105 = ORIENTED_EDGE ( 'NONE', *, *, #3334, .F. ) ;
#4106 = VECTOR ( 'NONE', #1925, 1000.000000000000000 ) ;
#4107 = VERTEX_POINT ( 'NONE', #1440 ) ;
#4108 = EDGE_CURVE ( 'NONE', #1307, #1558, #3365, .T. ) ;
#4109 = CARTESIAN_POINT ( 'NONE',  ( -5.250000000000000000, -2.347221846513170451, 0.7951753453754479839 ) ) ;
#4110 = CARTESIAN_POINT ( 'NONE',  ( 7.300000000000002487, 5.750000000000000000, 0.8800000000000000044 ) ) ;
#4111 = VERTEX_POINT ( 'NONE', #4110 ) ;
#4112 = CARTESIAN_POINT ( 'NONE',  ( 7.950000000000001954, 0.8299999999999999600, 2.250000000000000000 ) ) ;
#4113 = CARTESIAN_POINT ( 'NONE',  ( 1.199999999999997957, 0.2000000000000000111, -2.250000000000000000 ) ) ;
#4114 = ORIENTED_EDGE ( 'NONE', *, *, #4234, .F. ) ;
#4115 = DIRECTION ( 'NONE',  ( -4.336808689942015271E-16, 1.000000000000000000, 2.036060417813154872E-16 ) ) ;
#4116 = CARTESIAN_POINT ( 'NONE',  ( 7.950000000000001954, -4.336808689942014778E-16, 2.250000000000000000 ) ) ;
#4117 = DIRECTION ( 'NONE',  ( 0.000000000000000000, 0.000000000000000000, 1.000000000000000000 ) ) ;
#4118 = ORIENTED_EDGE ( 'NONE', *, *, #3592, .T. ) ;
#4119 = CARTESIAN_POINT ( 'NONE',  ( 6.250000000000002665, 4.250000000000000000, 1.649999999999999911 ) ) ;
#4120 = VERTEX_POINT ( 'NONE', #2800 ) ;
#4121 = PLANE ( 'NONE',  #1618 ) ;
#4122 = FACE_OUTER_BOUND ( 'NONE', #1760, .T. ) ;
#4123 = CARTESIAN_POINT ( 'NONE',  ( -8.999999999999989342, -2.168404344970985449E-16, 1.100000000000004752 ) ) ;
#4124 = APPLICATION_CONTEXT ( 'automotive_design' ) ;
#4125 = ORIENTED_EDGE ( 'NONE', *, *, #2111, .F. ) ;
#4126 = EDGE_CURVE ( 'NONE', #1790, #2077, #2128, .T. ) ;
#4127 = ORIENTED_EDGE ( 'NONE', *, *, #3165, .F. ) ;
#4128 = PRODUCT_DEFINITION_SHAPE ( 'NONE', 'NONE',  #4377 ) ;
#4129 = ORIENTED_EDGE ( 'NONE', *, *, #3489, .F. ) ;
#4130 = FACE_BOUND ( 'NONE', #3273, .T. ) ;
#4131 = DIRECTION ( 'NONE',  ( -1.519869053105245017E-47, 0.000000000000000000, -1.000000000000000000 ) ) ;
#4132 = ORIENTED_EDGE ( 'NONE', *, *, #1918, .F. ) ;
#4133 = CARTESIAN_POINT ( 'NONE',  ( 7.950000000000001954, 6.000000000000000000, 2.250000000000000000 ) ) ;
#4134 = VECTOR ( 'NONE', #3368, 1000.000000000000000 ) ;
#4135 = EDGE_LOOP ( 'NONE', ( #1132, #2164, #328, #1626 ) ) ;
#4136 = DIRECTION ( 'NONE',  ( -4.336808689942020201E-16, -1.000000000000000000, -2.036060417813154872E-16 ) ) ;
#4137 = LINE ( 'NONE', #1070, #3892 ) ;
#4138 = CARTESIAN_POINT ( 'NONE',  ( -0.2500000000000019429, -3.399999999999999911, 0.8000000000000000444 ) ) ;
#4139 = EDGE_CURVE ( 'NONE', #2426, #1159, #1118, .T. ) ;
#4140 = VERTEX_POINT ( 'NONE', #1180 ) ;
#4141 = EDGE_LOOP ( 'NONE', ( #1853, #333, #2915, #1743 ) ) ;
#4142 = LINE ( 'NONE', #210, #2343 ) ;
#4143 = ORIENTED_EDGE ( 'NONE', *, *, #3147, .T. ) ;
#4144 = CARTESIAN_POINT ( 'NONE',  ( -5.250000000000000000, 4.700000000000000178, 0.2999999999999999889 ) ) ;
#4145 = DIRECTION ( 'NONE',  ( 0.000000000000000000, 2.478176394252580155E-16, -1.000000000000000000 ) ) ;
#4146 = DIRECTION ( 'NONE',  ( -6.982962677686266711E-15, 0.000000000000000000, -1.000000000000000000 ) ) ;
#4147 = ORIENTED_EDGE ( 'NONE', *, *, #3227, .T. ) ;
#4148 = VERTEX_POINT ( 'NONE', #1142 ) ;
#4149 = EDGE_CURVE ( 'NONE', #4261, #1177, #3207, .T. ) ;
#4150 = DIRECTION ( 'NONE',  ( 0.000000000000000000, 0.000000000000000000, 1.000000000000000000 ) ) ;
#4151 = UNCERTAINTY_MEASURE_WITH_UNIT (LENGTH_MEASURE( 1.000000000000000082E-05 ), #565, 'distance_accuracy_value', 'NONE');
#4152 = CARTESIAN_POINT ( 'NONE',  ( 7.300000000000002487, 5.750000000000000000, -1.850000000000000089 ) ) ;
#4153 = ORIENTED_EDGE ( 'NONE', *, *, #107, .T. ) ;
#4154 = FACE_OUTER_BOUND ( 'NONE', #3282, .T. ) ;
#4155 = CARTESIAN_POINT ( 'NONE',  ( -7.200000000000002842, 2.250000000000000000, 1.649999999999999911 ) ) ;
#4156 = PRODUCT_DEFINITION_FORMATION_WITH_SPECIFIED_SOURCE ( 'ANY', '', #1077, .NOT_KNOWN. ) ;
#4157 = CARTESIAN_POINT ( 'NONE',  ( 2.249999999999997780, 0.2000000000000000111, -2.250000000000000000 ) ) ;
#4158 = DIRECTION ( 'NONE',  ( -1.000000000000000000, 0.000000000000000000, 0.000000000000000000 ) ) ;
#4159 = EDGE_LOOP ( 'NONE', ( #3736, #361, #4008, #3733 ) ) ;
#4160 = ADVANCED_FACE ( 'NONE', ( #2227 ), #4239, .F. ) ;
#4161 = VECTOR ( 'NONE', #1599, 1000.000000000000000 ) ;
#4162 = DIRECTION ( 'NONE',  ( 3.504579431022969726E-32, 1.000000000000000000, 2.478176394252580155E-16 ) ) ;
#4163 = ORIENTED_EDGE ( 'NONE', *, *, #188, .T. ) ;
#4164 = DIRECTION ( 'NONE',  ( 0.000000000000000000, -1.000000000000000000, 0.000000000000000000 ) ) ;
#4165 = PLANE ( 'NONE',  #1061 ) ;
#4166 = AXIS2_PLACEMENT_3D ( 'NONE', #132, #3082, #62 ) ;
#4167 = CONTEXT_DEPENDENT_SHAPE_REPRESENTATION ( #1931, #4128 ) ;
#4168 = VERTEX_POINT ( 'NONE', #867 ) ;
#4169 = ORIENTED_EDGE ( 'NONE', *, *, #1122, .T. ) ;
#4170 = VECTOR ( 'NONE', #3059, 1000.000000000000000 ) ;
#4171 = ORIENTED_EDGE ( 'NONE', *, *, #243, .F. ) ;
#4172 = FACE_BOUND ( 'NONE', #4135, .T. ) ;
#4173 = AXIS2_PLACEMENT_3D ( 'NONE', #3136, #68, #3797 ) ;
#4174 = EDGE_CURVE ( 'NONE', #1881, #1802, #2842, .T. ) ;
#4175 = DIRECTION ( 'NONE',  ( -1.000000000000000000, -4.476652557876059775E-32, 1.414176746720221921E-16 ) ) ;
#4176 = VECTOR ( 'NONE', #780, 1000.000000000000000 ) ;
#4177 = EDGE_CURVE ( 'NONE', #2775, #3641, #816, .T. ) ;
#4178 = PLANE ( 'NONE',  #994 ) ;
#4179 = EDGE_CURVE ( 'NONE', #1817, #2253, #1208, .T. ) ;
#4180 = DIRECTION ( 'NONE',  ( 1.000000000000000000, 0.000000000000000000, 0.000000000000000000 ) ) ;
#4181 = CARTESIAN_POINT ( 'NONE',  ( -5.021335385304530163, 5.328250865504090328, 0.5713353853045310959 ) ) ;
#4182 = DIRECTION ( 'NONE',  ( 1.239088197126289831E-16, -2.036060417813154872E-16, 1.000000000000000000 ) ) ;
#4183 = ORIENTED_EDGE ( 'NONE', *, *, #3861, .T. ) ;
#4184 = ORIENTED_EDGE ( 'NONE', *, *, #122, .T. ) ;
#4185 = VECTOR ( 'NONE', #1616, 1000.000000000000000 ) ;
#4186 = DIRECTION ( 'NONE',  ( -1.000000000000000000, 0.000000000000000000, 0.000000000000000000 ) ) ;
#4187 = LINE ( 'NONE', #3518, #3462 ) ;
#4188 = AXIS2_PLACEMENT_3D ( 'NONE', #885, #2166, #1851 ) ;
#4189 = LINE ( 'NONE', #1156, #3182 ) ;
#4190 = CONTEXT_DEPENDENT_SHAPE_REPRESENTATION ( #2680, #1387 ) ;
#4191 = ORIENTED_EDGE ( 'NONE', *, *, #2933, .T. ) ;
#4192 = ORIENTED_EDGE ( 'NONE', *, *, #479, .T. ) ;
#4193 = PLANE ( 'NONE',  #1017 ) ;
#4194 = UNCERTAINTY_MEASURE_WITH_UNIT (LENGTH_MEASURE( 1.000000000000000082E-05 ), #21, 'distance_accuracy_value', 'NONE');
#4195 = DIRECTION ( 'NONE',  ( 1.000000000000000000, 0.000000000000000000, 0.000000000000000000 ) ) ;
#4196 = EDGE_CURVE ( 'NONE', #1257, #2426, #2820, .T. ) ;
#4197 = VERTEX_POINT ( 'NONE', #1226 ) ;
#4198 = PLANE ( 'NONE',  #4035 ) ;
#4199 = PLANE ( 'NONE',  #2601 ) ;
#4200 = ORIENTED_EDGE ( 'NONE', *, *, #2524, .T. ) ;
#4201 = ADVANCED_FACE ( 'NONE', ( #2554 ), #200, .F. ) ;
#4202 = DIRECTION ( 'NONE',  ( 0.000000000000000000, 0.000000000000000000, -1.000000000000000000 ) ) ;
#4203 = CARTESIAN_POINT ( 'NONE',  ( -4.816337699977490061, 4.882261332746709925, 0.3663376999774875520 ) ) ;
#4204 = CARTESIAN_POINT ( 'NONE',  ( -4.750000000000000000, -2.347221846513170451, 0.7951753453754479839 ) ) ;
#4205 = ORIENTED_EDGE ( 'NONE', *, *, #2042, .F. ) ;
#4206 = CARTESIAN_POINT ( 'NONE',  ( -4.750000000000000000, -0.4291796067500625034, 0.8000000000000000444 ) ) ;
#4207 = FACE_OUTER_BOUND ( 'NONE', #1178, .T. ) ;
#4208 = LINE ( 'NONE', #1176, #1738 ) ;
#4209 = ORIENTED_EDGE ( 'NONE', *, *, #844, .F. ) ;
#4210 = ORIENTED_EDGE ( 'NONE', *, *, #1843, .F. ) ;
#4211 = ORIENTED_EDGE ( 'NONE', *, *, #4196, .T. ) ;
#4212 = FACE_OUTER_BOUND ( 'NONE', #2377, .T. ) ;
#4213 = EDGE_CURVE ( 'NONE', #1437, #3054, #484, .T. ) ;
#4214 = CARTESIAN_POINT ( 'NONE',  ( 3.199999999999997957, 0.2000000000000000111, 0.8000000000000000444 ) ) ;
#4215 = ORIENTED_EDGE ( 'NONE', *, *, #211, .F. ) ;
#4216 = ORIENTED_EDGE ( 'NONE', *, *, #530, .T. ) ;
#4217 = ORIENTED_EDGE ( 'NONE', *, *, #3490, .T. ) ;
#4218 = ORIENTED_EDGE ( 'NONE', *, *, #2732, .T. ) ;
#4219 = EDGE_CURVE ( 'NONE', #1968, #4275, #3870, .T. ) ;
#4220 = PLANE ( 'NONE',  #1472 ) ;
#4221 = CARTESIAN_POINT ( 'NONE',  ( -5.250000000000000000, -0.9293581796195340416, 0.6148294073777059721 ) ) ;
#4222 = ORIENTED_EDGE ( 'NONE', *, *, #3883, .T. ) ;
#4223 = CARTESIAN_POINT ( 'NONE',  ( 7.200000000000002842, 4.250000000000000000, -2.623757129271619970 ) ) ;
#4224 = CARTESIAN_POINT ( 'NONE',  ( -7.950000000000001954, 6.000000000000000000, 0.8800000000000000044 ) ) ;
#4225 = FACE_OUTER_BOUND ( 'NONE', #15, .T. ) ;
#4226 = EDGE_CURVE ( 'NONE', #1558, #4120, #544, .T. ) ;
#4227 = EDGE_CURVE ( 'NONE', #622, #3159, #463, .T. ) ;
#4228 = CARTESIAN_POINT ( 'NONE',  ( -4.250000000000001776, 1.750000000000000000, 0.8000000000000000444 ) ) ;
#4229 = EDGE_LOOP ( 'NONE', ( #4211, #256, #3127, #2813 ) ) ;
#4230 = DIRECTION ( 'NONE',  ( 0.000000000000000000, 0.000000000000000000, 1.000000000000000000 ) ) ;
#4231 = DIRECTION ( 'NONE',  ( 0.000000000000000000, 0.000000000000000000, 1.000000000000000000 ) ) ;
#4232 = APPLICATION_PROTOCOL_DEFINITION ( 'draft international standard', 'automotive_design', 1998, #1842 ) ;
#4233 = VECTOR ( 'NONE', #1316, 1000.000000000000000 ) ;
#4234 = EDGE_CURVE ( 'NONE', #1902, #1012, #2192, .T. ) ;
#4235 = VERTEX_POINT ( 'NONE', #157 ) ;
#4236 = VECTOR ( 'NONE', #3021, 1000.000000000000000 ) ;
#4237 = DIRECTION ( 'NONE',  ( -1.084202172485503818E-16, 1.000000000000000000, 0.000000000000000000 ) ) ;
#4238 = VECTOR ( 'NONE', #1241, 1000.000000000000000 ) ;
#4239 = PLANE ( 'NONE',  #1551 ) ;
#4240 = ORIENTED_EDGE ( 'NONE', *, *, #3714, .F. ) ;
#4241 = ORIENTED_EDGE ( 'NONE', *, *, #1750, .T. ) ;
#4242 = ORIENTED_EDGE ( 'NONE', *, *, #313, .T. ) ;
#4243 = VECTOR ( 'NONE', #2948, 1000.000000000000000 ) ;
#4244 = VECTOR ( 'NONE', #4164, 1000.000000000000000 ) ;
#4245 = CARTESIAN_POINT ( 'NONE',  ( -4.750000000000000000, -1.024408905444593954, 0.1143754215522521933 ) ) ;
#4246 = DIRECTION ( 'NONE',  ( -1.939479807224434958E-16, 0.000000000000000000, 1.000000000000000000 ) ) ;
#4247 = AXIS2_PLACEMENT_3D ( 'NONE', #619, #3287, #3613 ) ;
#4248 = VECTOR ( 'NONE', #3777, 1000.000000000000000 ) ;
#4249 = VECTOR ( 'NONE', #97, 1000.000000000000000 ) ;
#4250 = DIRECTION ( 'NONE',  ( 0.000000000000000000, 0.4472135954999735263, -0.8944271909999079728 ) ) ;
#4251 = EDGE_LOOP ( 'NONE', ( #3545, #311, #155, #3774 ) ) ;
#4252 = CARTESIAN_POINT ( 'NONE',  ( -0.8000000000000020428, -4.336808689942014778E-16, -2.250000000000000000 ) ) ;
#4253 = DIRECTION ( 'NONE',  ( 1.239088197126289831E-16, -3.165553788278845372E-16, 1.000000000000000000 ) ) ;
#4254 = LINE ( 'NONE', #1630, #1100 ) ;
#4255 = ORIENTED_EDGE ( 'NONE', *, *, #2646, .T. ) ;
#4256 = LINE ( 'NONE', #2562, #1742 ) ;
#4257 = LINE ( 'NONE', #2884, #3815 ) ;
#4258 = FACE_OUTER_BOUND ( 'NONE', #1124, .T. ) ;
#4259 = ORIENTED_EDGE ( 'NONE', *, *, #3530, .T. ) ;
#4260 = ADVANCED_FACE ( 'NONE', ( #139 ), #1482, .F. ) ;
#4261 = VERTEX_POINT ( 'NONE', #1162 ) ;
#4262 = PLANE ( 'NONE',  #1353 ) ;
#4263 = EDGE_CURVE ( 'NONE', #2594, #2431, #2500, .T. ) ;
#4264 = DIRECTION ( 'NONE',  ( 0.000000000000000000, -0.8944271909999158554, -0.4472135954999579277 ) ) ;
#4265 = EDGE_LOOP ( 'NONE', ( #1639, #1116, #3575, #2522 ) ) ;
#4266 = VERTEX_POINT ( 'NONE', #223 ) ;
#4267 = CYLINDRICAL_SURFACE ( 'NONE', #2037, 0.04999999999997879752 ) ;
#4268 = DIRECTION ( 'NONE',  ( 0.000000000000000000, 0.000000000000000000, 1.000000000000000000 ) ) ;
#4269 =( REPRESENTATION_RELATIONSHIP ('NONE','NONE', #2132, #1964 ) REPRESENTATION_RELATIONSHIP_WITH_TRANSFORMATION ( #3240 )SHAPE_REPRESENTATION_RELATIONSHIP( ) );
#4270 = CARTESIAN_POINT ( 'NONE',  ( -7.200000000000002842, 2.250000000000000000, 1.649999999999999911 ) ) ;
#4271 = ORIENTED_EDGE ( 'NONE', *, *, #51, .F. ) ;
#4272 = CARTESIAN_POINT ( 'NONE',  ( 0.2499999999999976130, -3.399999999999999911, 0.8000000000000000444 ) ) ;
#4273 = LINE ( 'NONE', #2237, #3250 ) ;
#4274 = VECTOR ( 'NONE', #1584, 1000.000000000000000 ) ;
#4275 = VERTEX_POINT ( 'NONE', #2918 ) ;
#4276 = VECTOR ( 'NONE', #4115, 1000.000000000000000 ) ;
#4277 = DIRECTION ( 'NONE',  ( 0.000000000000000000, -1.000000000000000000, -1.198194479848324020E-16 ) ) ;
#4278 = ORIENTED_EDGE ( 'NONE', *, *, #3502, .F. ) ;
#4279 = FACE_OUTER_BOUND ( 'NONE', #3107, .T. ) ;
#4280 = EDGE_CURVE ( 'NONE', #3054, #4099, #2167, .T. ) ;
#4281 = CARTESIAN_POINT ( 'NONE',  ( 2.249999999999997780, 1.750000000000000000, 0.8000000000000000444 ) ) ;
#4282 = DIRECTION ( 'NONE',  ( 0.000000000000000000, -1.000000000000000000, -2.478176394252580155E-16 ) ) ;
#4283 = ORIENTED_EDGE ( 'NONE', *, *, #3502, .T. ) ;
#4284 = ORIENTED_EDGE ( 'NONE', *, *, #1707, .F. ) ;
#4285 = CARTESIAN_POINT ( 'NONE',  ( -4.800000000000002487, 0.2000000000000000111, 0.8000000000000000444 ) ) ;
#4286 = VECTOR ( 'NONE', #38, 1000.000000000000000 ) ;
#4287 = PLANE ( 'NONE',  #628 ) ;
#4288 = VERTEX_POINT ( 'NONE', #1833 ) ;
#4289 = ORIENTED_EDGE ( 'NONE', *, *, #3606, .F. ) ;
#4290 = EDGE_CURVE ( 'NONE', #3437, #608, #2869, .T. ) ;
#4291 = FACE_OUTER_BOUND ( 'NONE', #1897, .T. ) ;
#4292 = DIRECTION ( 'NONE',  ( 1.000000000000000000, 2.522858432348305322E-32, 0.000000000000000000 ) ) ;
#4293 = PLANE ( 'NONE',  #78 ) ;
#4294 = ORIENTED_EDGE ( 'NONE', *, *, #3177, .F. ) ;
#4295 = DIRECTION ( 'NONE',  ( -1.000000000000000000, 0.000000000000000000, 0.000000000000000000 ) ) ;
#4296 = CARTESIAN_POINT ( 'NONE',  ( -4.750000000000000000, 5.000000000000000000, 0.4091910702798595145 ) ) ;
#4297 = CARTESIAN_POINT ( 'NONE',  ( 4.249999999999997335, -3.399999999999999911, 0.2999999999999999889 ) ) ;
#4298 = LINE ( 'NONE', #984, #1780 ) ;
#4299 = ORIENTED_EDGE ( 'NONE', *, *, #3778, .F. ) ;
#4300 = LINE ( 'NONE', #1258, #2759 ) ;
#4301 = CARTESIAN_POINT ( 'NONE',  ( 1.749999999999998002, 0.2000000000000000111, 0.8000000000000000444 ) ) ;
#4302 = DIRECTION ( 'NONE',  ( -0.000000000000000000, 1.000000000000000000, 0.000000000000000000 ) ) ;
#4303 = PRODUCT_DEFINITION_SHAPE ( 'NONE', 'NONE',  #4372 ) ;
#4304 = EDGE_CURVE ( 'NONE', #3437, #3658, #2640, .T. ) ;
#4305 = EDGE_CURVE ( 'NONE', #190, #3110, #2592, .T. ) ;
#4306 = ORIENTED_EDGE ( 'NONE', *, *, #2056, .F. ) ;
#4307 = VERTEX_POINT ( 'NONE', #1268 ) ;
#4308 = VERTEX_POINT ( 'NONE', #1922 ) ;
#4309 = DIRECTION ( 'NONE',  ( -1.000000000000000000, 0.000000000000000000, 0.000000000000000000 ) ) ;
#4310 = AXIS2_PLACEMENT_3D ( 'NONE', #3750, #4146, #392 ) ;
#4311 = CARTESIAN_POINT ( 'NONE',  ( 0.000000000000000000, 0.000000000000000000, 0.000000000000000000 ) ) ;
#4312 = DIRECTION ( 'NONE',  ( -1.000000000000000000, 0.000000000000000000, 0.000000000000000000 ) ) ;
#4313 = LINE ( 'NONE', #1621, #4317 ) ;
#4314 = CARTESIAN_POINT ( 'NONE',  ( -2.050000000000002487, 6.000000000000000000, -0.1200000000000000094 ) ) ;
#4315 =( GEOMETRIC_REPRESENTATION_CONTEXT ( 3 ) GLOBAL_UNCERTAINTY_ASSIGNED_CONTEXT ( ( #564 ) ) GLOBAL_UNIT_ASSIGNED_CONTEXT ( ( #282, #1663, #2677 ) ) REPRESENTATION_CONTEXT ( 'NONE', 'WORKASPACE' ) );
#4316 = EDGE_CURVE ( 'NONE', #1988, #1370, #652, .T. ) ;
#4317 = VECTOR ( 'NONE', #999, 1000.000000000000000 ) ;
#4318 = VECTOR ( 'NONE', #338, 1000.000000000000000 ) ;
#4319 = PLANE ( 'NONE',  #848 ) ;
#4320 = ORIENTED_EDGE ( 'NONE', *, *, #3964, .F. ) ;
#4321 = LINE ( 'NONE', #1280, #707 ) ;
#4322 = DIRECTION ( 'NONE',  ( 1.000000000000000000, -3.504579431022969726E-32, -1.519869053105245017E-47 ) ) ;
#4323 = EDGE_CURVE ( 'NONE', #2430, #554, #1971, .T. ) ;
#4324 = EDGE_LOOP ( 'NONE', ( #3843, #217, #2188, #2602 ) ) ;
#4325 = ADVANCED_FACE ( 'NONE', ( #3979 ), #4287, .F. ) ;
#4326 = VECTOR ( 'NONE', #2693, 1000.000000000000000 ) ;
#4327 = VECTOR ( 'NONE', #3078, 1000.000000000000000 ) ;
#4328 = DIRECTION ( 'NONE',  ( 0.7071067811865495711, 0.7071067811865455743, 0.000000000000000000 ) ) ;
#4329 = DIRECTION ( 'NONE',  ( -1.000000000000000000, 0.000000000000000000, 0.000000000000000000 ) ) ;
#4330 = FACE_OUTER_BOUND ( 'NONE', #946, .T. ) ;
#4331 = LINE ( 'NONE', #1916, #3687 ) ;
#4332 = ORIENTED_EDGE ( 'NONE', *, *, #4044, .F. ) ;
#4333 = EDGE_LOOP ( 'NONE', ( #3945, #1382, #3403, #1782 ) ) ;
#4334 = ORIENTED_EDGE ( 'NONE', *, *, #2804, .T. ) ;
#4335 = LINE ( 'NONE', #3665, #2342 ) ;
#4336 = PRODUCT_DEFINITION ( 'UNKNOWN', '', #4086, #2591 ) ;
#4337 = CARTESIAN_POINT ( 'NONE',  ( -0.2500000000000019429, 1.750000000000000000, 0.2999999999999999889 ) ) ;
#4338 = ORIENTED_EDGE ( 'NONE', *, *, #4226, .T. ) ;
#4339 = LINE ( 'NONE', #979, #2619 ) ;
#4340 = DIRECTION ( 'NONE',  ( -0.000000000000000000, 1.000000000000000000, 0.000000000000000000 ) ) ;
#4341 = VECTOR ( 'NONE', #3769, 1000.000000000000000 ) ;
#4342 = DIRECTION ( 'NONE',  ( 0.000000000000000000, 0.1321637200910226462, 0.9912279006826341110 ) ) ;
#4343 = DIRECTION ( 'NONE',  ( -1.000000000000000000, 0.000000000000000000, 1.414176746720221921E-16 ) ) ;
#4344 = CARTESIAN_POINT ( 'NONE',  ( -6.250000000000002665, 4.250000000000000000, 1.649999999999999911 ) ) ;
#4345 = EDGE_LOOP ( 'NONE', ( #623, #3101, #4209, #2315 ) ) ;
#4346 = FACE_OUTER_BOUND ( 'NONE', #2801, .T. ) ;
#4347 = CARTESIAN_POINT ( 'NONE',  ( 7.950000000000001954, 6.000000000000000000, 0.8800000000000000044 ) ) ;
#4348 = CARTESIAN_POINT ( 'NONE',  ( -1.750000000000002442, -3.399999999999999911, 0.2999999999999999889 ) ) ;
#4349 = FACE_OUTER_BOUND ( 'NONE', #53, .T. ) ;
#4350 = ORIENTED_EDGE ( 'NONE', *, *, #3836, .F. ) ;
#4351 = ORIENTED_EDGE ( 'NONE', *, *, #3714, .T. ) ;
#4352 = ORIENTED_EDGE ( 'NONE', *, *, #3652, .T. ) ;
#4353 = ORIENTED_EDGE ( 'NONE', *, *, #51, .T. ) ;
#4354 = CARTESIAN_POINT ( 'NONE',  ( -3.750000000000002665, 0.2000000000000000111, 0.2999999999999999889 ) ) ;
#4355 = VECTOR ( 'NONE', #3075, 1000.000000000000000 ) ;
#4356 = DIRECTION ( 'NONE',  ( 0.000000000000000000, 0.000000000000000000, 1.000000000000000000 ) ) ;
#4357 = ORIENTED_EDGE ( 'NONE', *, *, #4213, .F. ) ;
#4358 = CLOSED_SHELL ( 'NONE', ( #1694, #1470, #3320, #3848, #3996, #835, #573, #2463, #1610, #1048, #3742, #2076, #3955, #903, #1923, #1905, #4201, #802, #1978, #1013, #711, #2402, #3938, #1432, #2485, #2043, #1609, #1215, #3183, #1917, #1037, #4260, #2346, #3954, #1050, #4325, #2597, #1284, #2735, #3246, #209, #2443, #1020, #2298, #1036, #680, #1228, #2062, #918, #2147, #991, #1888, #2692, #4160, #99, #412, #1949, #443, #2140, #1572, #4091, #1115, #106, #2714, #3108, #3196, #3794, #1862, #2133, #2768, #2503, #2573, #4009, #2272, #1805, #3761, #2504, #503, #3531, #2483, #1251, #845, #3690, #859, #1119, #3261, #607, #2368, #3626, #4048, #2354, #3315, #275, #3859, #2605, #1993, #2334, #3510, #1525 ) ) ;
#4359 = CARTESIAN_POINT ( 'NONE',  ( -2.050000000000002487, 6.000000000000000000, -2.250000000000000000 ) ) ;
#4360 =( REPRESENTATION_RELATIONSHIP ('NONE','NONE', #2132, #1964 ) REPRESENTATION_RELATIONSHIP_WITH_TRANSFORMATION ( #195 )SHAPE_REPRESENTATION_RELATIONSHIP( ) );
#4361 = FACE_OUTER_BOUND ( 'NONE', #2542, .T. ) ;
#4362 = EDGE_CURVE ( 'NONE', #1538, #1554, #976, .T. ) ;
#4363 = CARTESIAN_POINT ( 'NONE',  ( -6.800000000000002487, 0.2000000000000000111, -2.250000000000000000 ) ) ;
#4364 = ORIENTED_EDGE ( 'NONE', *, *, #3270, .F. ) ;
#4365 = CARTESIAN_POINT ( 'NONE',  ( -5.200000000000001954, 0.2000000000000000111, -2.250000000000000000 ) ) ;
#4366 = CARTESIAN_POINT ( 'NONE',  ( 7.950000000000001954, -4.336808689942014778E-16, 2.250000000000000000 ) ) ;
#4367 = EDGE_CURVE ( 'NONE', #1352, #4111, #934, .T. ) ;
#4368 = LINE ( 'NONE', #1320, #331 ) ;
#4369 = DIRECTION ( 'NONE',  ( 0.000000000000000000, 1.000000000000000000, 0.000000000000000000 ) ) ;
#4370 = CARTESIAN_POINT ( 'NONE',  ( 3.949999999999997957, -4.336808689942014778E-16, 2.250000000000000000 ) ) ;
#4371 = NEXT_ASSEMBLY_USAGE_OCCURRENCE ( 'NAUO1', ' ', ' ', #465, #4336, $ ) ;
#4372 = NEXT_ASSEMBLY_USAGE_OCCURRENCE ( 'NAUO2', ' ', ' ', #465, #1957, $ ) ;
#4373 = NEXT_ASSEMBLY_USAGE_OCCURRENCE ( 'NAUO3', ' ', ' ', #465, #1957, $ ) ;
#4374 = NEXT_ASSEMBLY_USAGE_OCCURRENCE ( 'NAUO4', ' ', ' ', #465, #1957, $ ) ;
#4375 = NEXT_ASSEMBLY_USAGE_OCCURRENCE ( 'NAUO5', ' ', ' ', #465, #1957, $ ) ;
#4376 = NEXT_ASSEMBLY_USAGE_OCCURRENCE ( 'NAUO6', ' ', ' ', #465, #1957, $ ) ;
#4377 = NEXT_ASSEMBLY_USAGE_OCCURRENCE ( 'NAUO7', ' ', ' ', #465, #1957, $ ) ;
#4378 = NEXT_ASSEMBLY_USAGE_OCCURRENCE ( 'NAUO8', ' ', ' ', #465, #1957, $ ) ;
ENDSEC;
END-ISO-10303-21;
