ISO-10303-21;
HEADER;
FILE_DESCRIPTION((''),'2;1');
FILE_NAME('C-BAT-HLD-005-THM','2023-09-08T09:17:35',('workeradm'),(
'TE Connectivity Ltd.'),'CREO PARAMETRIC BY PTC INC, 2021072',
'CREO PARAMETRIC BY PTC INC, 2021072','');
FILE_SCHEMA(('AUTOMOTIVE_DESIGN { 1 0 10303 214 1 1 1 1 }'));
ENDSEC;
DATA;
#2=DIRECTION('',(0.E0,0.E0,-1.E0));
#3=VECTOR('',#2,1.070534857576E-1);
#4=CARTESIAN_POINT('',(-9.9E0,1.55E0,-9.35E0));
#5=LINE('',#4,#3);
#6=CARTESIAN_POINT('',(-9.95E0,1.55E0,-9.35E0));
#7=DIRECTION('',(0.E0,1.E0,0.E0));
#8=DIRECTION('',(-1.776356839400E-13,0.E0,1.E0));
#9=AXIS2_PLACEMENT_3D('',#6,#7,#8);
#11=DIRECTION('',(1.E0,0.E0,0.E0));
#12=VECTOR('',#11,1.E-1);
#13=CARTESIAN_POINT('',(-1.005E1,1.55E0,-9.3E0));
#14=LINE('',#13,#12);
#15=DIRECTION('',(-1.E0,0.E0,-1.315232871599E-14));
#16=VECTOR('',#15,1.E-1);
#17=CARTESIAN_POINT('',(-9.95E0,1.55E0,-1.397571061241E-13));
#18=LINE('',#17,#16);
#19=CARTESIAN_POINT('',(-9.95E0,1.55E0,4.999999999986E-2));
#20=DIRECTION('',(0.E0,1.E0,0.E0));
#21=DIRECTION('',(3.552713678800E-14,0.E0,1.E0));
#22=AXIS2_PLACEMENT_3D('',#19,#20,#21);
#24=DIRECTION('',(1.E0,0.E0,0.E0));
#25=VECTOR('',#24,2.E-1);
#26=CARTESIAN_POINT('',(-1.015E1,1.55E0,9.999999999986E-2));
#27=LINE('',#26,#25);
#28=DIRECTION('',(0.E0,0.E0,-1.E0));
#29=VECTOR('',#28,2.654328238718E0);
#30=CARTESIAN_POINT('',(-1.015E1,1.55E0,2.754328238718E0));
#31=LINE('',#30,#29);
#32=CARTESIAN_POINT('',(-7.154328238718E0,1.55E0,2.754328238718E0));
#33=DIRECTION('',(0.E0,-1.E0,0.E0));
#34=DIRECTION('',(0.E0,0.E0,1.E0));
#35=AXIS2_PLACEMENT_3D('',#32,#33,#34);
#37=CARTESIAN_POINT('',(-7.154328238718E0,1.55E0,2.754328238718E0));
#38=DIRECTION('',(0.E0,-1.E0,0.E0));
#39=DIRECTION('',(6.305777559273E-1,0.E0,7.761260810781E-1));
#40=AXIS2_PLACEMENT_3D('',#37,#38,#39);
#42=CARTESIAN_POINT('',(0.E0,1.55E0,1.156E1));
#43=DIRECTION('',(0.E0,1.E0,0.E0));
#44=DIRECTION('',(0.E0,0.E0,-1.E0));
#45=AXIS2_PLACEMENT_3D('',#42,#43,#44);
#47=CARTESIAN_POINT('',(0.E0,1.55E0,1.156E1));
#48=DIRECTION('',(0.E0,1.E0,0.E0));
#49=DIRECTION('',(6.305777559274E-1,0.E0,-7.761260810781E-1));
#50=AXIS2_PLACEMENT_3D('',#47,#48,#49);
#52=CARTESIAN_POINT('',(7.154328238718E0,1.55E0,2.754328238718E0));
#53=DIRECTION('',(0.E0,-1.E0,0.E0));
#54=DIRECTION('',(0.E0,0.E0,1.E0));
#55=AXIS2_PLACEMENT_3D('',#52,#53,#54);
#57=CARTESIAN_POINT('',(7.154328238718E0,1.55E0,2.754328238718E0));
#58=DIRECTION('',(0.E0,-1.E0,0.E0));
#59=DIRECTION('',(1.E0,0.E0,0.E0));
#60=AXIS2_PLACEMENT_3D('',#57,#58,#59);
#62=DIRECTION('',(0.E0,0.E0,1.E0));
#63=VECTOR('',#62,2.654328238718E0);
#64=CARTESIAN_POINT('',(1.015E1,1.55E0,1.E-1));
#65=LINE('',#64,#63);
#66=DIRECTION('',(1.E0,0.E0,0.E0));
#67=VECTOR('',#66,2.E-1);
#68=CARTESIAN_POINT('',(9.95E0,1.55E0,1.E-1));
#69=LINE('',#68,#67);
#70=CARTESIAN_POINT('',(9.95E0,1.55E0,5.E-2));
#71=DIRECTION('',(0.E0,1.E0,0.E0));
#72=DIRECTION('',(-3.552713678800E-14,0.E0,-1.E0));
#73=AXIS2_PLACEMENT_3D('',#70,#71,#72);
#75=DIRECTION('',(-1.E0,0.E0,0.E0));
#76=VECTOR('',#75,1.E-1);
#77=CARTESIAN_POINT('',(1.005E1,1.55E0,0.E0));
#78=LINE('',#77,#76);
#79=DIRECTION('',(1.E0,0.E0,1.776356839400E-14));
#80=VECTOR('',#79,1.E-1);
#81=CARTESIAN_POINT('',(9.95E0,1.55E0,-9.3E0));
#82=LINE('',#81,#80);
#83=CARTESIAN_POINT('',(9.95E0,1.55E0,-9.35E0));
#84=DIRECTION('',(0.E0,1.E0,0.E0));
#85=DIRECTION('',(-1.E0,0.E0,0.E0));
#86=AXIS2_PLACEMENT_3D('',#83,#84,#85);
#88=DIRECTION('',(0.E0,0.E0,1.E0));
#89=VECTOR('',#88,1.070534857576E-1);
#90=CARTESIAN_POINT('',(9.9E0,1.55E0,-9.457053485758E0));
#91=LINE('',#90,#89);
#92=DIRECTION('',(8.480480961564E-1,0.E0,5.299192642332E-1));
#93=VECTOR('',#92,7.251947180677E0);
#94=CARTESIAN_POINT('',(3.75E0,1.55E0,-1.33E1));
#95=LINE('',#94,#93);
#96=DIRECTION('',(8.480480961564E-1,0.E0,-5.299192642332E-1));
#97=VECTOR('',#96,7.251947180677E0);
#98=CARTESIAN_POINT('',(-9.9E0,1.55E0,-9.457053485758E0));
#99=LINE('',#98,#97);
#100=DIRECTION('',(1.E0,0.E0,0.E0));
#101=VECTOR('',#100,2.5E-2);
#102=CARTESIAN_POINT('',(-7.025E0,1.55E0,2.499999999999E-1));
#103=LINE('',#102,#101);
#104=DIRECTION('',(0.E0,0.E0,1.E0));
#105=VECTOR('',#104,4.351041867683E0);
#106=CARTESIAN_POINT('',(-7.025E0,1.55E0,-4.101041867683E0));
#107=LINE('',#106,#105);
#108=CARTESIAN_POINT('',(-5.5E0,1.55E0,-6.8E0));
#109=DIRECTION('',(0.E0,1.E0,0.E0));
#110=DIRECTION('',(0.E0,0.E0,-1.E0));
#111=AXIS2_PLACEMENT_3D('',#108,#109,#110);
#113=CARTESIAN_POINT('',(-5.5E0,1.55E0,-6.8E0));
#114=DIRECTION('',(0.E0,1.E0,0.E0));
#115=DIRECTION('',(4.919354838710E-1,0.E0,8.706316555861E-1));
#116=AXIS2_PLACEMENT_3D('',#113,#114,#115);
#118=DIRECTION('',(0.E0,0.E0,-1.E0));
#119=VECTOR('',#118,4.351041867683E0);
#120=CARTESIAN_POINT('',(-3.975E0,1.55E0,2.499999999999E-1));
#121=LINE('',#120,#119);
#122=DIRECTION('',(1.E0,0.E0,0.E0));
#123=VECTOR('',#122,2.5E-2);
#124=CARTESIAN_POINT('',(-4.E0,1.55E0,2.499999999999E-1));
#125=LINE('',#124,#123);
#126=DIRECTION('',(0.E0,0.E0,-1.E0));
#127=VECTOR('',#126,4.351041867683E0);
#128=CARTESIAN_POINT('',(7.025E0,1.55E0,2.5E-1));
#129=LINE('',#128,#127);
#130=DIRECTION('',(1.E0,0.E0,0.E0));
#131=VECTOR('',#130,2.5E-2);
#132=CARTESIAN_POINT('',(7.E0,1.55E0,2.5E-1));
#133=LINE('',#132,#131);
#134=DIRECTION('',(1.E0,0.E0,0.E0));
#135=VECTOR('',#134,2.5E-2);
#136=CARTESIAN_POINT('',(3.975E0,1.55E0,2.5E-1));
#137=LINE('',#136,#135);
#138=DIRECTION('',(0.E0,0.E0,1.E0));
#139=VECTOR('',#138,4.351041867683E0);
#140=CARTESIAN_POINT('',(3.975E0,1.55E0,-4.101041867683E0));
#141=LINE('',#140,#139);
#142=CARTESIAN_POINT('',(5.5E0,1.55E0,-6.8E0));
#143=DIRECTION('',(0.E0,1.E0,0.E0));
#144=DIRECTION('',(0.E0,0.E0,-1.E0));
#145=AXIS2_PLACEMENT_3D('',#142,#143,#144);
#147=CARTESIAN_POINT('',(5.5E0,1.55E0,-6.8E0));
#148=DIRECTION('',(0.E0,1.E0,0.E0));
#149=DIRECTION('',(4.919354838710E-1,0.E0,8.706316555861E-1));
#150=AXIS2_PLACEMENT_3D('',#147,#148,#149);
#152=DIRECTION('',(0.E0,-1.E0,0.E0));
#153=VECTOR('',#152,2.5E-1);
#154=CARTESIAN_POINT('',(-9.9E0,1.8E0,-9.457053485758E0));
#155=LINE('',#154,#153);
#156=DIRECTION('',(0.E0,0.E0,-1.E0));
#157=VECTOR('',#156,1.070534857576E-1);
#158=CARTESIAN_POINT('',(-9.9E0,1.8E0,-9.35E0));
#159=LINE('',#158,#157);
#160=DIRECTION('',(0.E0,-1.E0,0.E0));
#161=VECTOR('',#160,2.5E-1);
#162=CARTESIAN_POINT('',(-3.75E0,1.8E0,-1.33E1));
#163=LINE('',#162,#161);
#164=CARTESIAN_POINT('',(-3.75E0,1.2E0,-1.33E1));
#165=DIRECTION('',(-1.E0,0.E0,0.E0));
#166=DIRECTION('',(0.E0,1.E0,0.E0));
#167=AXIS2_PLACEMENT_3D('',#164,#165,#166);
#169=CARTESIAN_POINT('',(-3.75E0,1.2E0,-1.33E1));
#170=DIRECTION('',(1.E0,0.E0,0.E0));
#171=DIRECTION('',(0.E0,0.E0,-1.E0));
#172=AXIS2_PLACEMENT_3D('',#169,#170,#171);
#174=DIRECTION('',(0.E0,-1.E0,0.E0));
#175=VECTOR('',#174,2.6E0);
#176=CARTESIAN_POINT('',(-3.75E0,1.2E0,-1.365E1));
#177=LINE('',#176,#175);
#178=DIRECTION('',(0.E0,1.E0,0.E0));
#179=VECTOR('',#178,2.6E0);
#180=CARTESIAN_POINT('',(3.75E0,-1.4E0,-1.365E1));
#181=LINE('',#180,#179);
#182=DIRECTION('',(1.E0,0.E0,0.E0));
#183=VECTOR('',#182,7.5E0);
#184=CARTESIAN_POINT('',(-3.75E0,-1.4E0,-1.365E1));
#185=LINE('',#184,#183);
#186=DIRECTION('',(-1.E0,0.E0,0.E0));
#187=VECTOR('',#186,7.5E0);
#188=CARTESIAN_POINT('',(3.75E0,1.55E0,-1.33E1));
#189=LINE('',#188,#187);
#190=DIRECTION('',(1.E0,0.E0,0.E0));
#191=VECTOR('',#190,7.5E0);
#192=CARTESIAN_POINT('',(-3.75E0,1.2E0,-1.365E1));
#193=LINE('',#192,#191);
#194=CARTESIAN_POINT('',(3.75E0,1.2E0,-1.33E1));
#195=DIRECTION('',(-1.E0,0.E0,0.E0));
#196=DIRECTION('',(0.E0,1.E0,0.E0));
#197=AXIS2_PLACEMENT_3D('',#194,#195,#196);
#199=CARTESIAN_POINT('',(3.75E0,1.2E0,-1.33E1));
#200=DIRECTION('',(1.E0,0.E0,0.E0));
#201=DIRECTION('',(0.E0,0.E0,-1.E0));
#202=AXIS2_PLACEMENT_3D('',#199,#200,#201);
#204=DIRECTION('',(0.E0,1.E0,0.E0));
#205=VECTOR('',#204,2.6E0);
#206=CARTESIAN_POINT('',(-3.75E0,-1.4E0,-1.39E1));
#207=LINE('',#206,#205);
#208=DIRECTION('',(0.E0,-1.E0,0.E0));
#209=VECTOR('',#208,2.6E0);
#210=CARTESIAN_POINT('',(3.75E0,1.2E0,-1.39E1));
#211=LINE('',#210,#209);
#212=DIRECTION('',(0.E0,0.E0,1.E0));
#213=VECTOR('',#212,2.5E-1);
#214=CARTESIAN_POINT('',(3.75E0,-1.4E0,-1.39E1));
#215=LINE('',#214,#213);
#216=DIRECTION('',(1.E0,0.E0,0.E0));
#217=VECTOR('',#216,7.5E0);
#218=CARTESIAN_POINT('',(-3.75E0,-1.4E0,-1.39E1));
#219=LINE('',#218,#217);
#220=DIRECTION('',(0.E0,0.E0,-1.E0));
#221=VECTOR('',#220,2.5E-1);
#222=CARTESIAN_POINT('',(-3.75E0,-1.4E0,-1.365E1));
#223=LINE('',#222,#221);
#224=DIRECTION('',(1.E0,0.E0,0.E0));
#225=VECTOR('',#224,7.5E0);
#226=CARTESIAN_POINT('',(-3.75E0,1.8E0,-1.33E1));
#227=LINE('',#226,#225);
#228=DIRECTION('',(-1.E0,0.E0,0.E0));
#229=VECTOR('',#228,7.5E0);
#230=CARTESIAN_POINT('',(3.75E0,1.2E0,-1.39E1));
#231=LINE('',#230,#229);
#232=DIRECTION('',(-8.480480961564E-1,0.E0,-5.299192642332E-1));
#233=VECTOR('',#232,7.251947180677E0);
#234=CARTESIAN_POINT('',(9.9E0,1.8E0,-9.457053485758E0));
#235=LINE('',#234,#233);
#236=CARTESIAN_POINT('',(9.95E0,1.8E0,-9.35E0));
#237=DIRECTION('',(0.E0,-1.E0,0.E0));
#238=DIRECTION('',(0.E0,0.E0,1.E0));
#239=AXIS2_PLACEMENT_3D('',#236,#237,#238);
#241=DIRECTION('',(-1.E0,0.E0,-1.776356839400E-14));
#242=VECTOR('',#241,1.E-1);
#243=CARTESIAN_POINT('',(1.005E1,1.8E0,-9.3E0));
#244=LINE('',#243,#242);
#245=DIRECTION('',(1.E0,0.E0,0.E0));
#246=VECTOR('',#245,1.E-1);
#247=CARTESIAN_POINT('',(9.95E0,1.8E0,0.E0));
#248=LINE('',#247,#246);
#249=CARTESIAN_POINT('',(9.95E0,1.8E0,5.E-2));
#250=DIRECTION('',(0.E0,-1.E0,0.E0));
#251=DIRECTION('',(0.E0,0.E0,1.E0));
#252=AXIS2_PLACEMENT_3D('',#249,#250,#251);
#254=DIRECTION('',(0.E0,0.E0,-1.E0));
#255=VECTOR('',#254,2.654328238718E0);
#256=CARTESIAN_POINT('',(1.015E1,1.8E0,2.754328238718E0));
#257=LINE('',#256,#255);
#258=CARTESIAN_POINT('',(7.154328238718E0,1.8E0,2.754328238718E0));
#259=DIRECTION('',(0.E0,1.E0,0.E0));
#260=DIRECTION('',(0.E0,0.E0,1.E0));
#261=AXIS2_PLACEMENT_3D('',#258,#259,#260);
#263=CARTESIAN_POINT('',(7.154328238718E0,1.8E0,2.754328238718E0));
#264=DIRECTION('',(0.E0,1.E0,0.E0));
#265=DIRECTION('',(-6.305777559273E-1,0.E0,7.761260810781E-1));
#266=AXIS2_PLACEMENT_3D('',#263,#264,#265);
#268=CARTESIAN_POINT('',(0.E0,1.8E0,1.156E1));
#269=DIRECTION('',(0.E0,-1.E0,0.E0));
#270=DIRECTION('',(0.E0,0.E0,-1.E0));
#271=AXIS2_PLACEMENT_3D('',#268,#269,#270);
#273=CARTESIAN_POINT('',(0.E0,1.8E0,1.156E1));
#274=DIRECTION('',(0.E0,-1.E0,0.E0));
#275=DIRECTION('',(-6.305777559273E-1,0.E0,-7.761260810781E-1));
#276=AXIS2_PLACEMENT_3D('',#273,#274,#275);
#278=CARTESIAN_POINT('',(-7.154328238718E0,1.8E0,2.754328238718E0));
#279=DIRECTION('',(0.E0,1.E0,0.E0));
#280=DIRECTION('',(0.E0,0.E0,1.E0));
#281=AXIS2_PLACEMENT_3D('',#278,#279,#280);
#283=CARTESIAN_POINT('',(-7.154328238718E0,1.8E0,2.754328238718E0));
#284=DIRECTION('',(0.E0,1.E0,0.E0));
#285=DIRECTION('',(-1.E0,0.E0,0.E0));
#286=AXIS2_PLACEMENT_3D('',#283,#284,#285);
#288=DIRECTION('',(0.E0,0.E0,1.E0));
#289=VECTOR('',#288,2.654328238718E0);
#290=CARTESIAN_POINT('',(-1.015E1,1.8E0,9.999999999986E-2));
#291=LINE('',#290,#289);
#292=CARTESIAN_POINT('',(-9.95E0,1.8E0,4.999999999986E-2));
#293=DIRECTION('',(0.E0,-1.E0,0.E0));
#294=DIRECTION('',(3.552713678800E-14,0.E0,-1.E0));
#295=AXIS2_PLACEMENT_3D('',#292,#293,#294);
#297=DIRECTION('',(1.E0,0.E0,1.315232871599E-14));
#298=VECTOR('',#297,1.E-1);
#299=CARTESIAN_POINT('',(-1.005E1,1.8E0,-1.409243092591E-13));
#300=LINE('',#299,#298);
#301=DIRECTION('',(-1.E0,0.E0,0.E0));
#302=VECTOR('',#301,1.E-1);
#303=CARTESIAN_POINT('',(-9.95E0,1.8E0,-9.3E0));
#304=LINE('',#303,#302);
#305=CARTESIAN_POINT('',(-9.95E0,1.8E0,-9.35E0));
#306=DIRECTION('',(0.E0,-1.E0,0.E0));
#307=DIRECTION('',(1.E0,0.E0,0.E0));
#308=AXIS2_PLACEMENT_3D('',#305,#306,#307);
#310=DIRECTION('',(-8.480480961564E-1,0.E0,5.299192642332E-1));
#311=VECTOR('',#310,7.251947180677E0);
#312=CARTESIAN_POINT('',(-3.75E0,1.8E0,-1.33E1));
#313=LINE('',#312,#311);
#314=CARTESIAN_POINT('',(-5.5E0,1.8E0,-6.8E0));
#315=DIRECTION('',(0.E0,-1.E0,0.E0));
#316=DIRECTION('',(0.E0,0.E0,-1.E0));
#317=AXIS2_PLACEMENT_3D('',#314,#315,#316);
#319=CARTESIAN_POINT('',(-5.5E0,1.8E0,-6.8E0));
#320=DIRECTION('',(0.E0,-1.E0,0.E0));
#321=DIRECTION('',(-4.919354838710E-1,0.E0,8.706316555861E-1));
#322=AXIS2_PLACEMENT_3D('',#319,#320,#321);
#324=CARTESIAN_POINT('',(5.5E0,1.8E0,-6.8E0));
#325=DIRECTION('',(0.E0,-1.E0,0.E0));
#326=DIRECTION('',(0.E0,0.E0,-1.E0));
#327=AXIS2_PLACEMENT_3D('',#324,#325,#326);
#329=CARTESIAN_POINT('',(5.5E0,1.8E0,-6.8E0));
#330=DIRECTION('',(0.E0,-1.E0,0.E0));
#331=DIRECTION('',(-4.919354838710E-1,0.E0,8.706316555861E-1));
#332=AXIS2_PLACEMENT_3D('',#329,#330,#331);
#334=DIRECTION('',(0.E0,1.E0,0.E0));
#335=VECTOR('',#334,2.5E-1);
#336=CARTESIAN_POINT('',(3.75E0,1.55E0,-1.33E1));
#337=LINE('',#336,#335);
#338=DIRECTION('',(0.E0,0.E0,1.E0));
#339=VECTOR('',#338,1.070534857576E-1);
#340=CARTESIAN_POINT('',(9.9E0,1.8E0,-9.457053485758E0));
#341=LINE('',#340,#339);
#342=DIRECTION('',(0.E0,1.E0,0.E0));
#343=VECTOR('',#342,2.5E-1);
#344=CARTESIAN_POINT('',(9.9E0,1.55E0,-9.457053485758E0));
#345=LINE('',#344,#343);
#346=DIRECTION('',(0.E0,1.E0,0.E0));
#347=VECTOR('',#346,2.5E-1);
#348=CARTESIAN_POINT('',(9.9E0,1.55E0,-9.35E0));
#349=LINE('',#348,#347);
#350=DIRECTION('',(0.E0,-1.E0,0.E0));
#351=VECTOR('',#350,2.5E-1);
#352=CARTESIAN_POINT('',(9.95E0,1.8E0,-9.3E0));
#353=LINE('',#352,#351);
#354=CARTESIAN_POINT('',(1.005E1,1.3E0,-9.3E0));
#355=DIRECTION('',(0.E0,0.E0,1.E0));
#356=DIRECTION('',(1.E0,4.440892098501E-14,0.E0));
#357=AXIS2_PLACEMENT_3D('',#354,#355,#356);
#359=CARTESIAN_POINT('',(1.005E1,1.3E0,-9.3E0));
#360=DIRECTION('',(0.E0,0.E0,-1.E0));
#361=DIRECTION('',(0.E0,1.E0,0.E0));
#362=AXIS2_PLACEMENT_3D('',#359,#360,#361);
#364=DIRECTION('',(0.E0,0.E0,-1.E0));
#365=VECTOR('',#364,9.3E0);
#366=CARTESIAN_POINT('',(1.005E1,1.55E0,0.E0));
#367=LINE('',#366,#365);
#368=DIRECTION('',(0.E0,0.E0,1.E0));
#369=VECTOR('',#368,9.3E0);
#370=CARTESIAN_POINT('',(1.03E1,1.3E0,-9.3E0));
#371=LINE('',#370,#369);
#372=CARTESIAN_POINT('',(1.005E1,1.3E0,0.E0));
#373=DIRECTION('',(0.E0,0.E0,1.E0));
#374=DIRECTION('',(1.E0,2.575717417130E-14,0.E0));
#375=AXIS2_PLACEMENT_3D('',#372,#373,#374);
#377=DIRECTION('',(0.E0,1.E0,0.E0));
#378=VECTOR('',#377,2.8E0);
#379=CARTESIAN_POINT('',(1.055E1,-1.5E0,0.E0));
#380=LINE('',#379,#378);
#381=CARTESIAN_POINT('',(1.005E1,1.3E0,0.E0));
#382=DIRECTION('',(0.E0,0.E0,-1.E0));
#383=DIRECTION('',(1.421085471520E-14,1.E0,0.E0));
#384=AXIS2_PLACEMENT_3D('',#381,#382,#383);
#386=DIRECTION('',(0.E0,-1.E0,0.E0));
#387=VECTOR('',#386,2.5E-1);
#388=CARTESIAN_POINT('',(9.95E0,1.8E0,1.E-1));
#389=LINE('',#388,#387);
#390=DIRECTION('',(0.E0,1.E0,0.E0));
#391=VECTOR('',#390,2.5E-1);
#392=CARTESIAN_POINT('',(9.95E0,1.55E0,0.E0));
#393=LINE('',#392,#391);
#394=DIRECTION('',(0.E0,-1.E0,0.E0));
#395=VECTOR('',#394,2.5E-1);
#396=CARTESIAN_POINT('',(1.015E1,1.8E0,1.E-1));
#397=LINE('',#396,#395);
#398=DIRECTION('',(1.E0,0.E0,0.E0));
#399=VECTOR('',#398,2.E-1);
#400=CARTESIAN_POINT('',(9.95E0,1.8E0,1.E-1));
#401=LINE('',#400,#399);
#402=DIRECTION('',(0.E0,1.E0,0.E0));
#403=VECTOR('',#402,2.5E-1);
#404=CARTESIAN_POINT('',(1.015E1,1.55E0,2.754328238718E0));
#405=LINE('',#404,#403);
#406=DIRECTION('',(0.E0,-1.E0,0.E0));
#407=VECTOR('',#406,2.5E-1);
#408=CARTESIAN_POINT('',(0.E0,1.8E0,3.21E0));
#409=LINE('',#408,#407);
#410=DIRECTION('',(0.E0,1.E0,0.E0));
#411=VECTOR('',#410,2.5E-1);
#412=CARTESIAN_POINT('',(5.265324261993E0,1.55E0,5.079347222998E0));
#413=LINE('',#412,#411);
#414=DIRECTION('',(-1.065814103640E-13,-1.E0,7.460698725481E-14));
#415=VECTOR('',#414,2.5E-1);
#416=CARTESIAN_POINT('',(-5.265324261993E0,1.8E0,5.079347222998E0));
#417=LINE('',#416,#415);
#418=DIRECTION('',(0.E0,-1.E0,0.E0));
#419=VECTOR('',#418,2.5E-1);
#420=CARTESIAN_POINT('',(-1.015E1,1.8E0,2.754328238718E0));
#421=LINE('',#420,#419);
#422=DIRECTION('',(1.E0,0.E0,0.E0));
#423=VECTOR('',#422,2.E-1);
#424=CARTESIAN_POINT('',(-1.015E1,1.8E0,9.999999999986E-2));
#425=LINE('',#424,#423);
#426=DIRECTION('',(0.E0,1.E0,0.E0));
#427=VECTOR('',#426,2.5E-1);
#428=CARTESIAN_POINT('',(-1.015E1,1.55E0,9.999999999986E-2));
#429=LINE('',#428,#427);
#430=DIRECTION('',(0.E0,1.E0,0.E0));
#431=VECTOR('',#430,2.5E-1);
#432=CARTESIAN_POINT('',(-9.95E0,1.55E0,9.999999999986E-2));
#433=LINE('',#432,#431);
#434=DIRECTION('',(0.E0,-1.E0,0.E0));
#435=VECTOR('',#434,2.5E-1);
#436=CARTESIAN_POINT('',(-9.95E0,1.8E0,-1.396090763875E-13));
#437=LINE('',#436,#435);
#438=CARTESIAN_POINT('',(-1.005E1,1.3E0,-1.421085471520E-13));
#439=DIRECTION('',(0.E0,0.E0,-1.E0));
#440=DIRECTION('',(-1.E0,4.440892098501E-14,0.E0));
#441=AXIS2_PLACEMENT_3D('',#438,#439,#440);
#443=DIRECTION('',(0.E0,-1.E0,0.E0));
#444=VECTOR('',#443,2.8E0);
#445=CARTESIAN_POINT('',(-1.055E1,1.3E0,-1.450487311044E-13));
#446=LINE('',#445,#444);
#447=CARTESIAN_POINT('',(-1.005E1,1.3E0,-1.421085471520E-13));
#448=DIRECTION('',(0.E0,0.E0,1.E0));
#449=DIRECTION('',(-1.065814103640E-14,1.E0,0.E0));
#450=AXIS2_PLACEMENT_3D('',#447,#448,#449);
#452=DIRECTION('',(0.E0,0.E0,-1.E0));
#453=VECTOR('',#452,9.3E0);
#454=CARTESIAN_POINT('',(-1.03E1,1.3E0,-1.432825796550E-13));
#455=LINE('',#454,#453);
#456=DIRECTION('',(0.E0,0.E0,1.E0));
#457=VECTOR('',#456,9.3E0);
#458=CARTESIAN_POINT('',(-1.005E1,1.55E0,-9.3E0));
#459=LINE('',#458,#457);
#460=DIRECTION('',(0.E0,0.E0,1.E0));
#461=VECTOR('',#460,8.7E0);
#462=CARTESIAN_POINT('',(-1.03E1,-1.8E0,-9.E0));
#463=LINE('',#462,#461);
#464=CARTESIAN_POINT('',(-1.03E1,-1.5E0,-3.000000000001E-1));
#465=DIRECTION('',(1.E0,0.E0,0.E0));
#466=DIRECTION('',(0.E0,0.E0,1.E0));
#467=AXIS2_PLACEMENT_3D('',#464,#465,#466);
#469=DIRECTION('',(0.E0,-1.E0,0.E0));
#470=VECTOR('',#469,2.8E0);
#471=CARTESIAN_POINT('',(-1.03E1,1.3E0,-1.432825796550E-13));
#472=LINE('',#471,#470);
#473=DIRECTION('',(0.E0,1.E0,0.E0));
#474=VECTOR('',#473,2.8E0);
#475=CARTESIAN_POINT('',(-1.03E1,-1.5E0,-9.3E0));
#476=LINE('',#475,#474);
#477=CARTESIAN_POINT('',(-1.03E1,-1.5E0,-9.E0));
#478=DIRECTION('',(1.E0,0.E0,0.E0));
#479=DIRECTION('',(0.E0,-1.E0,0.E0));
#480=AXIS2_PLACEMENT_3D('',#477,#478,#479);
#482=DIRECTION('',(0.E0,0.E0,1.E0));
#483=VECTOR('',#482,4.55E0);
#484=CARTESIAN_POINT('',(-1.055E1,-1.8E0,-9.E0));
#485=LINE('',#484,#483);
#486=DIRECTION('',(-1.811187365663E-14,0.E0,1.E0));
#487=VECTOR('',#486,2.55E0);
#488=CARTESIAN_POINT('',(-1.055E1,-1.8E0,-2.85E0));
#489=LINE('',#488,#487);
#490=DIRECTION('',(1.E0,0.E0,1.421085471520E-14));
#491=VECTOR('',#490,2.5E-1);
#492=CARTESIAN_POINT('',(-1.055E1,-1.5E0,-9.3E0));
#493=LINE('',#492,#491);
#494=DIRECTION('',(-1.E0,0.E0,0.E0));
#495=VECTOR('',#494,2.5E-1);
#496=CARTESIAN_POINT('',(-1.03E1,-1.8E0,-9.E0));
#497=LINE('',#496,#495);
#498=CARTESIAN_POINT('',(-1.005E1,1.3E0,-9.3E0));
#499=DIRECTION('',(0.E0,0.E0,-1.E0));
#500=DIRECTION('',(-1.E0,2.708944180085E-14,0.E0));
#501=AXIS2_PLACEMENT_3D('',#498,#499,#500);
#503=CARTESIAN_POINT('',(-1.005E1,1.3E0,-9.3E0));
#504=DIRECTION('',(0.E0,0.E0,1.E0));
#505=DIRECTION('',(-2.131628207280E-14,1.E0,0.E0));
#506=AXIS2_PLACEMENT_3D('',#503,#504,#505);
#508=DIRECTION('',(0.E0,0.E0,-1.E0));
#509=VECTOR('',#508,9.3E0);
#510=CARTESIAN_POINT('',(-1.005E1,1.8E0,-1.409243092591E-13));
#511=LINE('',#510,#509);
#512=DIRECTION('',(0.E0,0.E0,1.E0));
#513=VECTOR('',#512,9.3E0);
#514=CARTESIAN_POINT('',(-1.055E1,1.3E0,-9.3E0));
#515=LINE('',#514,#513);
#516=CARTESIAN_POINT('',(-1.055E1,-1.5E0,-9.E0));
#517=DIRECTION('',(-1.E0,0.E0,0.E0));
#518=DIRECTION('',(0.E0,0.E0,-1.E0));
#519=AXIS2_PLACEMENT_3D('',#516,#517,#518);
#521=DIRECTION('',(0.E0,-1.E0,0.E0));
#522=VECTOR('',#521,2.8E0);
#523=CARTESIAN_POINT('',(-1.055E1,1.3E0,-9.3E0));
#524=LINE('',#523,#522);
#525=CARTESIAN_POINT('',(-1.055E1,-1.5E0,-3.000000000001E-1));
#526=DIRECTION('',(-1.E0,0.E0,0.E0));
#527=DIRECTION('',(0.E0,-1.E0,0.E0));
#528=AXIS2_PLACEMENT_3D('',#525,#526,#527);
#530=DIRECTION('',(0.E0,-1.387778780781E-13,-1.E0));
#531=VECTOR('',#530,1.6E0);
#532=CARTESIAN_POINT('',(-1.055E1,-1.6E0,-2.85E0));
#533=LINE('',#532,#531);
#534=DIRECTION('',(0.E0,0.E0,1.E0));
#535=VECTOR('',#534,1.6E0);
#536=CARTESIAN_POINT('',(-1.059174243050E1,-1.8E0,-4.45E0));
#537=LINE('',#536,#535);
#538=DIRECTION('',(1.598721155458E-13,-1.E0,0.E0));
#539=VECTOR('',#538,2.000000000002E-1);
#540=CARTESIAN_POINT('',(-1.055E1,-1.6E0,-2.85E0));
#541=LINE('',#540,#539);
#542=DIRECTION('',(-1.E0,0.E0,-1.195708109641E-14));
#543=VECTOR('',#542,2.228416147400E-1);
#544=CARTESIAN_POINT('',(-1.032715838526E1,-1.8E0,-2.85E0));
#545=LINE('',#544,#543);
#546=CARTESIAN_POINT('',(-1.105E1,-1.6E0,-2.85E0));
#547=DIRECTION('',(0.E0,0.E0,1.E0));
#548=DIRECTION('',(9.165151389912E-1,-4.E-1,0.E0));
#549=AXIS2_PLACEMENT_3D('',#546,#547,#548);
#551=DIRECTION('',(4.E-1,9.165151389912E-1,0.E0));
#552=VECTOR('',#551,1.499545416974E0);
#553=CARTESIAN_POINT('',(-1.096243181255E1,-3.274356076261E0,-2.85E0));
#554=LINE('',#553,#552);
#555=CARTESIAN_POINT('',(-1.055E1,-3.454356076261E0,-2.85E0));
#556=DIRECTION('',(0.E0,0.E0,-1.E0));
#557=DIRECTION('',(-1.E0,0.E0,0.E0));
#558=AXIS2_PLACEMENT_3D('',#555,#556,#557);
#560=CARTESIAN_POINT('',(-1.055E1,-3.454356076261E0,-2.85E0));
#561=DIRECTION('',(0.E0,0.E0,-1.E0));
#562=DIRECTION('',(-7.476951847004E-1,-6.640421001532E-1,0.E0));
#563=AXIS2_PLACEMENT_3D('',#560,#561,#562);
#565=DIRECTION('',(-6.640421001523E-1,7.476951847012E-1,0.E0));
#566=VECTOR('',#565,3.646650552929E-1);
#567=CARTESIAN_POINT('',(-1.064430988395E1,-4.025833327201E0,-2.85E0));
#568=LINE('',#567,#566);
#569=DIRECTION('',(7.476951847012E-1,6.640421001523E-1,0.E0));
#570=VECTOR('',#569,2.5E-1);
#571=CARTESIAN_POINT('',(-1.083123368012E1,-4.191843852239E0,-2.85E0));
#572=LINE('',#571,#570);
#573=DIRECTION('',(6.640421001522E-1,-7.476951847012E-1,0.E0));
#574=VECTOR('',#573,3.646650552931E-1);
#575=CARTESIAN_POINT('',(-1.107338662929E1,-3.919185546368E0,-2.85E0));
#576=LINE('',#575,#574);
#577=CARTESIAN_POINT('',(-1.055E1,-3.454356076261E0,-2.85E0));
#578=DIRECTION('',(0.E0,0.E0,1.E0));
#579=DIRECTION('',(-1.E0,0.E0,0.E0));
#580=AXIS2_PLACEMENT_3D('',#577,#578,#579);
#582=CARTESIAN_POINT('',(-1.055E1,-3.454356076261E0,-2.85E0));
#583=DIRECTION('',(0.E0,0.E0,1.E0));
#584=DIRECTION('',(-9.165151389917E-1,3.999999999988E-1,0.E0));
#585=AXIS2_PLACEMENT_3D('',#582,#583,#584);
#587=DIRECTION('',(-4.E-1,-9.165151389912E-1,0.E0));
#588=VECTOR('',#587,1.499545416974E0);
#589=CARTESIAN_POINT('',(-1.059174243050E1,-1.8E0,-2.85E0));
#590=LINE('',#589,#588);
#591=CARTESIAN_POINT('',(-1.105E1,-1.6E0,-2.85E0));
#592=DIRECTION('',(0.E0,0.E0,-1.E0));
#593=DIRECTION('',(1.E0,1.330935361921E-12,0.E0));
#594=AXIS2_PLACEMENT_3D('',#591,#592,#593);
#596=DIRECTION('',(0.E0,0.E0,1.E0));
#597=VECTOR('',#596,1.6E0);
#598=CARTESIAN_POINT('',(-1.032715838526E1,-1.8E0,-4.45E0));
#599=LINE('',#598,#597);
#600=DIRECTION('',(0.E0,0.E0,-1.E0));
#601=VECTOR('',#600,1.6E0);
#602=CARTESIAN_POINT('',(-1.036261364576E1,-1.9E0,-2.85E0));
#603=LINE('',#602,#601);
#604=DIRECTION('',(1.687538997430E-13,-1.E0,0.E0));
#605=VECTOR('',#604,2.E-1);
#606=CARTESIAN_POINT('',(-1.055E1,-1.6E0,-4.45E0));
#607=LINE('',#606,#605);
#608=CARTESIAN_POINT('',(-1.105E1,-1.6E0,-4.45E0));
#609=DIRECTION('',(0.E0,0.E0,1.E0));
#610=DIRECTION('',(9.165151389912E-1,-4.E-1,0.E0));
#611=AXIS2_PLACEMENT_3D('',#608,#609,#610);
#613=DIRECTION('',(4.E-1,9.165151389912E-1,0.E0));
#614=VECTOR('',#613,1.499545416974E0);
#615=CARTESIAN_POINT('',(-1.119156059729E1,-3.174356076261E0,-4.45E0));
#616=LINE('',#615,#614);
#617=CARTESIAN_POINT('',(-1.055E1,-3.454356076261E0,-4.45E0));
#618=DIRECTION('',(0.E0,0.E0,-1.E0));
#619=DIRECTION('',(-1.E0,0.E0,0.E0));
#620=AXIS2_PLACEMENT_3D('',#617,#618,#619);
#622=CARTESIAN_POINT('',(-1.055E1,-3.454356076261E0,-4.45E0));
#623=DIRECTION('',(0.E0,0.E0,-1.E0));
#624=DIRECTION('',(-7.476951847012E-1,-6.640421001523E-1,0.E0));
#625=AXIS2_PLACEMENT_3D('',#622,#623,#624);
#627=DIRECTION('',(-6.640421001522E-1,7.476951847012E-1,0.E0));
#628=VECTOR('',#627,3.646650552931E-1);
#629=CARTESIAN_POINT('',(-1.083123368012E1,-4.191843852239E0,-4.45E0));
#630=LINE('',#629,#628);
#631=DIRECTION('',(-7.476951847012E-1,-6.640421001523E-1,-1.065814103640E-14));
#632=VECTOR('',#631,2.5E-1);
#633=CARTESIAN_POINT('',(-1.064430988395E1,-4.025833327201E0,-4.45E0));
#634=LINE('',#633,#632);
#635=DIRECTION('',(6.640421001523E-1,-7.476951847012E-1,0.E0));
#636=VECTOR('',#635,3.646650552929E-1);
#637=CARTESIAN_POINT('',(-1.088646283312E1,-3.753175021330E0,-4.45E0));
#638=LINE('',#637,#636);
#639=CARTESIAN_POINT('',(-1.055E1,-3.454356076261E0,-4.45E0));
#640=DIRECTION('',(0.E0,0.E0,1.E0));
#641=DIRECTION('',(-1.E0,0.E0,0.E0));
#642=AXIS2_PLACEMENT_3D('',#639,#640,#641);
#644=CARTESIAN_POINT('',(-1.055E1,-3.454356076261E0,-4.45E0));
#645=DIRECTION('',(0.E0,0.E0,1.E0));
#646=DIRECTION('',(-9.165151389919E-1,3.999999999983E-1,0.E0));
#647=AXIS2_PLACEMENT_3D('',#644,#645,#646);
#649=DIRECTION('',(-4.E-1,-9.165151389912E-1,0.E0));
#650=VECTOR('',#649,1.499545416974E0);
#651=CARTESIAN_POINT('',(-1.036261364576E1,-1.9E0,-4.45E0));
#652=LINE('',#651,#650);
#653=CARTESIAN_POINT('',(-1.105E1,-1.6E0,-4.45E0));
#654=DIRECTION('',(0.E0,0.E0,-1.E0));
#655=DIRECTION('',(9.637888196534E-1,-2.666666666667E-1,0.E0));
#656=AXIS2_PLACEMENT_3D('',#653,#654,#655);
#658=DIRECTION('',(-1.E0,0.E0,0.E0));
#659=VECTOR('',#658,2.228416147400E-1);
#660=CARTESIAN_POINT('',(-1.032715838526E1,-1.8E0,-4.45E0));
#661=LINE('',#660,#659);
#662=DIRECTION('',(0.E0,0.E0,-1.E0));
#663=VECTOR('',#662,1.6E0);
#664=CARTESIAN_POINT('',(-1.119156059729E1,-3.174356076261E0,-2.85E0));
#665=LINE('',#664,#663);
#666=DIRECTION('',(0.E0,0.E0,1.E0));
#667=VECTOR('',#666,1.6E0);
#668=CARTESIAN_POINT('',(-1.107338662929E1,-3.919185546368E0,-4.45E0));
#669=LINE('',#668,#667);
#670=CARTESIAN_POINT('',(-1.083123368012E1,-4.191843852239E0,-3.65E0));
#671=DIRECTION('',(-7.476951847012E-1,-6.640421001523E-1,0.E0));
#672=DIRECTION('',(6.640421001523E-1,-7.476951847012E-1,0.E0));
#673=AXIS2_PLACEMENT_3D('',#670,#671,#672);
#675=CARTESIAN_POINT('',(-1.083123368012E1,-4.191843852239E0,-3.65E0));
#676=DIRECTION('',(-7.476951847012E-1,-6.640421001523E-1,0.E0));
#677=DIRECTION('',(0.E0,0.E0,-1.E0));
#678=AXIS2_PLACEMENT_3D('',#675,#676,#677);
#680=CARTESIAN_POINT('',(-1.064430988395E1,-4.025833327201E0,-3.65E0));
#681=DIRECTION('',(7.476951847012E-1,6.640421001523E-1,0.E0));
#682=DIRECTION('',(6.640421001523E-1,-7.476951847012E-1,0.E0));
#683=AXIS2_PLACEMENT_3D('',#680,#681,#682);
#685=CARTESIAN_POINT('',(-1.064430988395E1,-4.025833327201E0,-3.65E0));
#686=DIRECTION('',(7.476951847012E-1,6.640421001523E-1,0.E0));
#687=DIRECTION('',(0.E0,0.E0,1.E0));
#688=AXIS2_PLACEMENT_3D('',#685,#686,#687);
#690=DIRECTION('',(-7.476951847012E-1,-6.640421001523E-1,0.E0));
#691=VECTOR('',#690,2.5E-1);
#692=CARTESIAN_POINT('',(-1.011307620382E1,-4.623989474962E0,-3.65E0));
#693=LINE('',#692,#691);
#694=DIRECTION('',(0.E0,0.E0,-1.E0));
#695=VECTOR('',#694,1.6E0);
#696=CARTESIAN_POINT('',(-1.088646283312E1,-3.753175021330E0,-2.85E0));
#697=LINE('',#696,#695);
#698=DIRECTION('',(0.E0,0.E0,1.E0));
#699=VECTOR('',#698,1.6E0);
#700=CARTESIAN_POINT('',(-1.096243181255E1,-3.274356076261E0,-4.45E0));
#701=LINE('',#700,#699);
#702=DIRECTION('',(1.E0,0.E0,0.E0));
#703=VECTOR('',#702,2.5E-1);
#704=CARTESIAN_POINT('',(-1.055E1,-1.8E0,-3.000000000001E-1));
#705=LINE('',#704,#703);
#706=DIRECTION('',(-1.E0,0.E0,0.E0));
#707=VECTOR('',#706,2.5E-1);
#708=CARTESIAN_POINT('',(-1.03E1,-1.5E0,-1.426164458402E-13));
#709=LINE('',#708,#707);
#710=DIRECTION('',(0.E0,-1.E0,0.E0));
#711=VECTOR('',#710,2.5E-1);
#712=CARTESIAN_POINT('',(-9.9E0,1.8E0,-9.35E0));
#713=LINE('',#712,#711);
#714=DIRECTION('',(1.421085471520E-14,1.E0,0.E0));
#715=VECTOR('',#714,2.5E-1);
#716=CARTESIAN_POINT('',(-9.95E0,1.55E0,-9.3E0));
#717=LINE('',#716,#715);
#718=DIRECTION('',(0.E0,0.E0,-1.E0));
#719=VECTOR('',#718,9.3E0);
#720=CARTESIAN_POINT('',(1.055E1,1.3E0,0.E0));
#721=LINE('',#720,#719);
#722=DIRECTION('',(0.E0,0.E0,1.E0));
#723=VECTOR('',#722,9.3E0);
#724=CARTESIAN_POINT('',(1.005E1,1.8E0,-9.3E0));
#725=LINE('',#724,#723);
#726=CARTESIAN_POINT('',(1.055E1,-1.5E0,-3.E-1));
#727=DIRECTION('',(1.E0,0.E0,0.E0));
#728=DIRECTION('',(0.E0,0.E0,1.E0));
#729=AXIS2_PLACEMENT_3D('',#726,#727,#728);
#731=DIRECTION('',(0.E0,1.E0,0.E0));
#732=VECTOR('',#731,2.8E0);
#733=CARTESIAN_POINT('',(1.055E1,-1.5E0,-9.3E0));
#734=LINE('',#733,#732);
#735=CARTESIAN_POINT('',(1.055E1,-1.5E0,-9.E0));
#736=DIRECTION('',(1.E0,0.E0,0.E0));
#737=DIRECTION('',(0.E0,-1.E0,0.E0));
#738=AXIS2_PLACEMENT_3D('',#735,#736,#737);
#740=DIRECTION('',(0.E0,-1.058875209736E-13,1.E0));
#741=VECTOR('',#740,1.6E0);
#742=CARTESIAN_POINT('',(1.055E1,-1.6E0,-4.45E0));
#743=LINE('',#742,#741);
#744=DIRECTION('',(0.E0,0.E0,-1.E0));
#745=VECTOR('',#744,1.6E0);
#746=CARTESIAN_POINT('',(1.059174243050E1,-1.8E0,-2.85E0));
#747=LINE('',#746,#745);
#748=DIRECTION('',(-3.552713678800E-14,-1.E0,0.E0));
#749=VECTOR('',#748,2.E-1);
#750=CARTESIAN_POINT('',(1.055E1,-1.6E0,-2.85E0));
#751=LINE('',#750,#749);
#752=CARTESIAN_POINT('',(1.105E1,-1.6E0,-2.85E0));
#753=DIRECTION('',(0.E0,0.E0,-1.E0));
#754=DIRECTION('',(-9.165151389912E-1,-4.E-1,0.E0));
#755=AXIS2_PLACEMENT_3D('',#752,#753,#754);
#757=DIRECTION('',(-4.E-1,9.165151389912E-1,0.E0));
#758=VECTOR('',#757,1.499545416974E0);
#759=CARTESIAN_POINT('',(1.119156059729E1,-3.174356076261E0,-2.85E0));
#760=LINE('',#759,#758);
#761=CARTESIAN_POINT('',(1.055E1,-3.454356076261E0,-2.85E0));
#762=DIRECTION('',(0.E0,0.E0,1.E0));
#763=DIRECTION('',(1.E0,0.E0,0.E0));
#764=AXIS2_PLACEMENT_3D('',#761,#762,#763);
#766=CARTESIAN_POINT('',(1.055E1,-3.454356076261E0,-2.85E0));
#767=DIRECTION('',(0.E0,0.E0,1.E0));
#768=DIRECTION('',(7.476951847012E-1,-6.640421001523E-1,0.E0));
#769=AXIS2_PLACEMENT_3D('',#766,#767,#768);
#771=DIRECTION('',(6.640421001522E-1,7.476951847012E-1,0.E0));
#772=VECTOR('',#771,3.646650552931E-1);
#773=CARTESIAN_POINT('',(1.083123368012E1,-4.191843852239E0,-2.85E0));
#774=LINE('',#773,#772);
#775=DIRECTION('',(7.476951847012E-1,-6.640421001523E-1,0.E0));
#776=VECTOR('',#775,2.5E-1);
#777=CARTESIAN_POINT('',(1.064430988395E1,-4.025833327201E0,-2.85E0));
#778=LINE('',#777,#776);
#779=DIRECTION('',(-6.640421001523E-1,-7.476951847012E-1,0.E0));
#780=VECTOR('',#779,3.646650552929E-1);
#781=CARTESIAN_POINT('',(1.088646283312E1,-3.753175021330E0,-2.85E0));
#782=LINE('',#781,#780);
#783=CARTESIAN_POINT('',(1.055E1,-3.454356076261E0,-2.85E0));
#784=DIRECTION('',(0.E0,0.E0,-1.E0));
#785=DIRECTION('',(1.E0,0.E0,0.E0));
#786=AXIS2_PLACEMENT_3D('',#783,#784,#785);
#788=CARTESIAN_POINT('',(1.055E1,-3.454356076261E0,-2.85E0));
#789=DIRECTION('',(0.E0,0.E0,-1.E0));
#790=DIRECTION('',(9.165151389919E-1,3.999999999983E-1,0.E0));
#791=AXIS2_PLACEMENT_3D('',#788,#789,#790);
#793=DIRECTION('',(4.E-1,-9.165151389912E-1,0.E0));
#794=VECTOR('',#793,1.499545416974E0);
#795=CARTESIAN_POINT('',(1.036261364576E1,-1.9E0,-2.85E0));
#796=LINE('',#795,#794);
#797=CARTESIAN_POINT('',(1.105E1,-1.6E0,-2.85E0));
#798=DIRECTION('',(0.E0,0.E0,1.E0));
#799=DIRECTION('',(-9.637888196534E-1,-2.666666666667E-1,0.E0));
#800=AXIS2_PLACEMENT_3D('',#797,#798,#799);
#802=DIRECTION('',(1.E0,0.E0,1.195708109641E-14));
#803=VECTOR('',#802,2.228416147400E-1);
#804=CARTESIAN_POINT('',(1.032715838526E1,-1.8E0,-2.85E0));
#805=LINE('',#804,#803);
#806=DIRECTION('',(-1.776356839399E-14,-1.E0,0.E0));
#807=VECTOR('',#806,2.000000000002E-1);
#808=CARTESIAN_POINT('',(1.055E1,-1.6E0,-4.45E0));
#809=LINE('',#808,#807);
#810=DIRECTION('',(1.E0,0.E0,0.E0));
#811=VECTOR('',#810,2.228416147400E-1);
#812=CARTESIAN_POINT('',(1.032715838526E1,-1.8E0,-4.45E0));
#813=LINE('',#812,#811);
#814=CARTESIAN_POINT('',(1.105E1,-1.6E0,-4.45E0));
#815=DIRECTION('',(0.E0,0.E0,-1.E0));
#816=DIRECTION('',(-9.165151389912E-1,-4.E-1,0.E0));
#817=AXIS2_PLACEMENT_3D('',#814,#815,#816);
#819=DIRECTION('',(-4.E-1,9.165151389912E-1,0.E0));
#820=VECTOR('',#819,1.499545416974E0);
#821=CARTESIAN_POINT('',(1.096243181255E1,-3.274356076261E0,-4.45E0));
#822=LINE('',#821,#820);
#823=CARTESIAN_POINT('',(1.055E1,-3.454356076261E0,-4.45E0));
#824=DIRECTION('',(0.E0,0.E0,1.E0));
#825=DIRECTION('',(1.E0,0.E0,0.E0));
#826=AXIS2_PLACEMENT_3D('',#823,#824,#825);
#828=CARTESIAN_POINT('',(1.055E1,-3.454356076261E0,-4.45E0));
#829=DIRECTION('',(0.E0,0.E0,1.E0));
#830=DIRECTION('',(7.476951847004E-1,-6.640421001532E-1,0.E0));
#831=AXIS2_PLACEMENT_3D('',#828,#829,#830);
#833=DIRECTION('',(6.640421001523E-1,7.476951847012E-1,0.E0));
#834=VECTOR('',#833,3.646650552929E-1);
#835=CARTESIAN_POINT('',(1.064430988395E1,-4.025833327201E0,-4.45E0));
#836=LINE('',#835,#834);
#837=DIRECTION('',(-7.476951847012E-1,6.640421001523E-1,0.E0));
#838=VECTOR('',#837,2.5E-1);
#839=CARTESIAN_POINT('',(1.083123368012E1,-4.191843852239E0,-4.45E0));
#840=LINE('',#839,#838);
#841=DIRECTION('',(-6.640421001522E-1,-7.476951847012E-1,0.E0));
#842=VECTOR('',#841,3.646650552931E-1);
#843=CARTESIAN_POINT('',(1.107338662929E1,-3.919185546368E0,-4.45E0));
#844=LINE('',#843,#842);
#845=CARTESIAN_POINT('',(1.055E1,-3.454356076261E0,-4.45E0));
#846=DIRECTION('',(0.E0,0.E0,-1.E0));
#847=DIRECTION('',(1.E0,0.E0,0.E0));
#848=AXIS2_PLACEMENT_3D('',#845,#846,#847);
#850=CARTESIAN_POINT('',(1.055E1,-3.454356076261E0,-4.45E0));
#851=DIRECTION('',(0.E0,0.E0,-1.E0));
#852=DIRECTION('',(9.165151389917E-1,3.999999999988E-1,0.E0));
#853=AXIS2_PLACEMENT_3D('',#850,#851,#852);
#855=DIRECTION('',(4.E-1,-9.165151389912E-1,0.E0));
#856=VECTOR('',#855,1.499545416974E0);
#857=CARTESIAN_POINT('',(1.059174243050E1,-1.8E0,-4.45E0));
#858=LINE('',#857,#856);
#859=CARTESIAN_POINT('',(1.105E1,-1.6E0,-4.45E0));
#860=DIRECTION('',(0.E0,0.E0,1.E0));
#861=DIRECTION('',(-1.E0,1.016964290557E-12,0.E0));
#862=AXIS2_PLACEMENT_3D('',#859,#860,#861);
#864=DIRECTION('',(0.E0,0.E0,-1.E0));
#865=VECTOR('',#864,4.55E0);
#866=CARTESIAN_POINT('',(1.055E1,-1.8E0,-4.45E0));
#867=LINE('',#866,#865);
#868=DIRECTION('',(0.E0,0.E0,-1.E0));
#869=VECTOR('',#868,2.55E0);
#870=CARTESIAN_POINT('',(1.055E1,-1.8E0,-3.E-1));
#871=LINE('',#870,#869);
#872=DIRECTION('',(-1.E0,0.E0,0.E0));
#873=VECTOR('',#872,2.5E-1);
#874=CARTESIAN_POINT('',(1.055E1,-1.8E0,-9.E0));
#875=LINE('',#874,#873);
#876=DIRECTION('',(1.E0,0.E0,0.E0));
#877=VECTOR('',#876,2.5E-1);
#878=CARTESIAN_POINT('',(1.03E1,-1.5E0,-9.3E0));
#879=LINE('',#878,#877);
#880=DIRECTION('',(0.E0,0.E0,-1.E0));
#881=VECTOR('',#880,8.7E0);
#882=CARTESIAN_POINT('',(1.03E1,-1.8E0,-3.E-1));
#883=LINE('',#882,#881);
#884=CARTESIAN_POINT('',(1.03E1,-1.5E0,-9.E0));
#885=DIRECTION('',(-1.E0,0.E0,0.E0));
#886=DIRECTION('',(0.E0,0.E0,-1.E0));
#887=AXIS2_PLACEMENT_3D('',#884,#885,#886);
#889=DIRECTION('',(0.E0,-1.E0,0.E0));
#890=VECTOR('',#889,2.8E0);
#891=CARTESIAN_POINT('',(1.03E1,1.3E0,-9.3E0));
#892=LINE('',#891,#890);
#893=DIRECTION('',(0.E0,1.E0,0.E0));
#894=VECTOR('',#893,2.8E0);
#895=CARTESIAN_POINT('',(1.03E1,-1.5E0,0.E0));
#896=LINE('',#895,#894);
#897=CARTESIAN_POINT('',(1.03E1,-1.5E0,-3.E-1));
#898=DIRECTION('',(-1.E0,0.E0,0.E0));
#899=DIRECTION('',(0.E0,-1.E0,0.E0));
#900=AXIS2_PLACEMENT_3D('',#897,#898,#899);
#902=DIRECTION('',(-1.E0,0.E0,0.E0));
#903=VECTOR('',#902,2.5E-1);
#904=CARTESIAN_POINT('',(1.055E1,-1.5E0,0.E0));
#905=LINE('',#904,#903);
#906=DIRECTION('',(1.E0,0.E0,0.E0));
#907=VECTOR('',#906,2.5E-1);
#908=CARTESIAN_POINT('',(1.03E1,-1.8E0,-3.E-1));
#909=LINE('',#908,#907);
#910=DIRECTION('',(0.E0,0.E0,1.E0));
#911=VECTOR('',#910,1.6E0);
#912=CARTESIAN_POINT('',(1.032715838526E1,-1.8E0,-4.45E0));
#913=LINE('',#912,#911);
#914=DIRECTION('',(0.E0,0.E0,1.E0));
#915=VECTOR('',#914,1.6E0);
#916=CARTESIAN_POINT('',(1.036261364576E1,-1.9E0,-4.45E0));
#917=LINE('',#916,#915);
#918=DIRECTION('',(0.E0,0.E0,-1.E0));
#919=VECTOR('',#918,1.6E0);
#920=CARTESIAN_POINT('',(1.096243181255E1,-3.274356076261E0,-2.85E0));
#921=LINE('',#920,#919);
#922=DIRECTION('',(0.E0,0.E0,-1.E0));
#923=VECTOR('',#922,1.6E0);
#924=CARTESIAN_POINT('',(1.1E1,-3.454356076261E0,-2.85E0));
#925=LINE('',#924,#923);
#926=DIRECTION('',(0.E0,0.E0,1.E0));
#927=VECTOR('',#926,1.6E0);
#928=CARTESIAN_POINT('',(1.088646283312E1,-3.753175021330E0,-4.45E0));
#929=LINE('',#928,#927);
#930=CARTESIAN_POINT('',(1.064430988395E1,-4.025833327201E0,-3.65E0));
#931=DIRECTION('',(-7.476951847012E-1,6.640421001523E-1,0.E0));
#932=DIRECTION('',(-6.640421001523E-1,-7.476951847012E-1,0.E0));
#933=AXIS2_PLACEMENT_3D('',#930,#931,#932);
#935=CARTESIAN_POINT('',(1.064430988395E1,-4.025833327201E0,-3.65E0));
#936=DIRECTION('',(-7.476951847012E-1,6.640421001523E-1,0.E0));
#937=DIRECTION('',(0.E0,0.E0,-1.E0));
#938=AXIS2_PLACEMENT_3D('',#935,#936,#937);
#940=CARTESIAN_POINT('',(1.083123368012E1,-4.191843852239E0,-3.65E0));
#941=DIRECTION('',(7.476951847012E-1,-6.640421001523E-1,0.E0));
#942=DIRECTION('',(-6.640421001523E-1,-7.476951847012E-1,-1.165734175856E-14));
#943=AXIS2_PLACEMENT_3D('',#940,#941,#942);
#945=CARTESIAN_POINT('',(1.083123368012E1,-4.191843852239E0,-3.65E0));
#946=DIRECTION('',(7.476951847012E-1,-6.640421001523E-1,0.E0));
#947=DIRECTION('',(0.E0,0.E0,1.E0));
#948=AXIS2_PLACEMENT_3D('',#945,#946,#947);
#950=DIRECTION('',(0.E0,0.E0,-1.E0));
#951=VECTOR('',#950,1.6E0);
#952=CARTESIAN_POINT('',(1.107338662929E1,-3.919185546368E0,-2.85E0));
#953=LINE('',#952,#951);
#954=DIRECTION('',(0.E0,0.E0,-1.E0));
#955=VECTOR('',#954,1.6E0);
#956=CARTESIAN_POINT('',(1.125E1,-3.454356076261E0,-2.85E0));
#957=LINE('',#956,#955);
#958=DIRECTION('',(0.E0,0.E0,1.E0));
#959=VECTOR('',#958,1.6E0);
#960=CARTESIAN_POINT('',(1.119156059729E1,-3.174356076261E0,-4.45E0));
#961=LINE('',#960,#959);
#962=DIRECTION('',(0.E0,0.E0,1.E0));
#963=VECTOR('',#962,4.351041867683E0);
#964=CARTESIAN_POINT('',(-7.025E0,1.8E0,-4.101041867683E0));
#965=LINE('',#964,#963);
#966=DIRECTION('',(0.E0,-1.E0,0.E0));
#967=VECTOR('',#966,2.5E-1);
#968=CARTESIAN_POINT('',(-7.E0,1.8E0,2.499999999999E-1));
#969=LINE('',#968,#967);
#970=DIRECTION('',(1.E0,-1.776356839400E-14,0.E0));
#971=VECTOR('',#970,2.5E-2);
#972=CARTESIAN_POINT('',(-7.025E0,1.8E0,2.499999999999E-1));
#973=LINE('',#972,#971);
#974=DIRECTION('',(0.E0,1.E0,0.E0));
#975=VECTOR('',#974,2.5E-1);
#976=CARTESIAN_POINT('',(-7.025E0,1.55E0,2.499999999999E-1));
#977=LINE('',#976,#975);
#978=CARTESIAN_POINT('',(-7.E0,1.25E0,2.499999999999E-1));
#979=DIRECTION('',(1.E0,0.E0,0.E0));
#980=DIRECTION('',(0.E0,8.746197071394E-1,-4.848096202464E-1));
#981=AXIS2_PLACEMENT_3D('',#978,#979,#980);
#983=DIRECTION('',(0.E0,4.848096202463E-1,8.746197071394E-1));
#984=VECTOR('',#983,5.473131390669E0);
#985=CARTESIAN_POINT('',(-7.E0,-1.141040838927E0,-4.682351460116E0));
#986=LINE('',#985,#984);
#987=CARTESIAN_POINT('',(-7.E0,-6.6E-1,-4.948996751252E0));
#988=DIRECTION('',(-1.E0,0.E0,0.E0));
#989=DIRECTION('',(0.E0,-1.E0,0.E0));
#990=AXIS2_PLACEMENT_3D('',#987,#988,#989);
#992=DIRECTION('',(0.E0,0.E0,1.E0));
#993=VECTOR('',#992,6.110032487484E-1);
#994=CARTESIAN_POINT('',(-7.E0,-1.21E0,-5.56E0));
#995=LINE('',#994,#993);
#996=CARTESIAN_POINT('',(-7.E0,-6.6E-1,-4.948996751252E0));
#997=DIRECTION('',(1.E0,0.E0,0.E0));
#998=DIRECTION('',(0.E0,-8.746197071394E-1,4.848096202463E-1));
#999=AXIS2_PLACEMENT_3D('',#996,#997,#998);
#1001=DIRECTION('',(0.E0,-4.848096202463E-1,-8.746197071394E-1));
#1002=VECTOR('',#1001,5.473131390669E0);
#1003=CARTESIAN_POINT('',(-7.E0,1.731040838927E0,-1.664529113561E-2));
#1004=LINE('',#1003,#1002);
#1005=CARTESIAN_POINT('',(-7.E0,1.25E0,2.499999999999E-1));
#1006=DIRECTION('',(-1.E0,0.E0,0.E0));
#1007=DIRECTION('',(0.E0,1.E0,0.E0));
#1008=AXIS2_PLACEMENT_3D('',#1005,#1006,#1007);
#1010=DIRECTION('',(-1.E0,0.E0,0.E0));
#1011=VECTOR('',#1010,3.E0);
#1012=CARTESIAN_POINT('',(-4.E0,1.55E0,2.499999999999E-1));
#1013=LINE('',#1012,#1011);
#1014=DIRECTION('',(1.E0,0.E0,0.E0));
#1015=VECTOR('',#1014,3.E0);
#1016=CARTESIAN_POINT('',(-7.E0,1.512385912142E0,1.045571139260E-1));
#1017=LINE('',#1016,#1015);
#1018=CARTESIAN_POINT('',(-4.E0,1.25E0,2.499999999999E-1));
#1019=DIRECTION('',(1.E0,0.E0,0.E0));
#1020=DIRECTION('',(0.E0,8.746197071394E-1,-4.848096202463E-1));
#1021=AXIS2_PLACEMENT_3D('',#1018,#1019,#1020);
#1023=DIRECTION('',(0.E0,4.848096202463E-1,8.746197071394E-1));
#1024=VECTOR('',#1023,5.473131390669E0);
#1025=CARTESIAN_POINT('',(-4.E0,-9.223859121418E-1,-4.803553865178E0));
#1026=LINE('',#1025,#1024);
#1027=CARTESIAN_POINT('',(-4.E0,-6.6E-1,-4.948996751252E0));
#1028=DIRECTION('',(-1.E0,0.E0,0.E0));
#1029=DIRECTION('',(0.E0,-1.E0,0.E0));
#1030=AXIS2_PLACEMENT_3D('',#1027,#1028,#1029);
#1032=DIRECTION('',(0.E0,0.E0,-1.E0));
#1033=VECTOR('',#1032,6.110032487484E-1);
#1034=CARTESIAN_POINT('',(-4.E0,-1.21E0,-4.948996751252E0));
#1035=LINE('',#1034,#1033);
#1036=CARTESIAN_POINT('',(-4.E0,-6.6E-1,-4.948996751252E0));
#1037=DIRECTION('',(1.E0,0.E0,0.E0));
#1038=DIRECTION('',(0.E0,-8.746197071394E-1,4.848096202463E-1));
#1039=AXIS2_PLACEMENT_3D('',#1036,#1037,#1038);
#1041=DIRECTION('',(0.E0,-4.848096202463E-1,-8.746197071394E-1));
#1042=VECTOR('',#1041,5.473131390669E0);
#1043=CARTESIAN_POINT('',(-4.E0,1.512385912142E0,1.045571139260E-1));
#1044=LINE('',#1043,#1042);
#1045=CARTESIAN_POINT('',(-4.E0,1.25E0,2.499999999999E-1));
#1046=DIRECTION('',(-1.E0,0.E0,0.E0));
#1047=DIRECTION('',(0.E0,1.E0,0.E0));
#1048=AXIS2_PLACEMENT_3D('',#1045,#1046,#1047);
#1050=DIRECTION('',(1.E0,0.E0,0.E0));
#1051=VECTOR('',#1050,2.5E-2);
#1052=CARTESIAN_POINT('',(-4.E0,1.8E0,2.499999999999E-1));
#1053=LINE('',#1052,#1051);
#1054=DIRECTION('',(0.E0,1.E0,0.E0));
#1055=VECTOR('',#1054,2.5E-1);
#1056=CARTESIAN_POINT('',(-4.E0,1.55E0,2.499999999999E-1));
#1057=LINE('',#1056,#1055);
#1058=DIRECTION('',(0.E0,-1.E0,0.E0));
#1059=VECTOR('',#1058,2.5E-1);
#1060=CARTESIAN_POINT('',(-3.975E0,1.8E0,2.499999999999E-1));
#1061=LINE('',#1060,#1059);
#1062=DIRECTION('',(0.E0,0.E0,-1.E0));
#1063=VECTOR('',#1062,4.351041867683E0);
#1064=CARTESIAN_POINT('',(-3.975E0,1.8E0,2.499999999999E-1));
#1065=LINE('',#1064,#1063);
#1066=DIRECTION('',(0.E0,-1.E0,0.E0));
#1067=VECTOR('',#1066,2.5E-1);
#1068=CARTESIAN_POINT('',(-5.5E0,1.8E0,-9.9E0));
#1069=LINE('',#1068,#1067);
#1070=DIRECTION('',(0.E0,1.E0,0.E0));
#1071=VECTOR('',#1070,2.5E-1);
#1072=CARTESIAN_POINT('',(-3.975E0,1.55E0,-4.101041867683E0));
#1073=LINE('',#1072,#1071);
#1074=DIRECTION('',(0.E0,-1.E0,0.E0));
#1075=VECTOR('',#1074,2.5E-1);
#1076=CARTESIAN_POINT('',(-7.025E0,1.8E0,-4.101041867683E0));
#1077=LINE('',#1076,#1075);
#1078=DIRECTION('',(-1.E0,0.E0,0.E0));
#1079=VECTOR('',#1078,3.E0);
#1080=CARTESIAN_POINT('',(-4.E0,1.731040838927E0,-1.664529113559E-2));
#1081=LINE('',#1080,#1079);
#1082=DIRECTION('',(1.E0,0.E0,0.E0));
#1083=VECTOR('',#1082,3.E0);
#1084=CARTESIAN_POINT('',(-7.E0,1.8E0,2.499999999999E-1));
#1085=LINE('',#1084,#1083);
#1086=DIRECTION('',(-1.E0,0.E0,0.E0));
#1087=VECTOR('',#1086,3.E0);
#1088=CARTESIAN_POINT('',(-4.E0,-9.6E-1,-4.948996751252E0));
#1089=LINE('',#1088,#1087);
#1090=DIRECTION('',(1.E0,0.E0,0.E0));
#1091=VECTOR('',#1090,3.E0);
#1092=CARTESIAN_POINT('',(-7.E0,-9.223859121418E-1,-4.803553865178E0));
#1093=LINE('',#1092,#1091);
#1094=CARTESIAN_POINT('',(-5.5E0,-9.6E-1,-5.56E0));
#1095=DIRECTION('',(0.E0,1.E0,0.E0));
#1096=DIRECTION('',(0.E0,0.E0,-1.E0));
#1097=AXIS2_PLACEMENT_3D('',#1094,#1095,#1096);
#1099=CARTESIAN_POINT('',(-5.5E0,-9.6E-1,-5.56E0));
#1100=DIRECTION('',(0.E0,1.E0,0.E0));
#1101=DIRECTION('',(1.E0,0.E0,0.E0));
#1102=AXIS2_PLACEMENT_3D('',#1099,#1100,#1101);
#1104=DIRECTION('',(0.E0,0.E0,-1.E0));
#1105=VECTOR('',#1104,6.110032487484E-1);
#1106=CARTESIAN_POINT('',(-4.E0,-9.6E-1,-4.948996751252E0));
#1107=LINE('',#1106,#1105);
#1108=DIRECTION('',(0.E0,0.E0,1.E0));
#1109=VECTOR('',#1108,6.110032487484E-1);
#1110=CARTESIAN_POINT('',(-7.E0,-9.6E-1,-5.56E0));
#1111=LINE('',#1110,#1109);
#1112=DIRECTION('',(0.E0,-1.E0,0.E0));
#1113=VECTOR('',#1112,2.5E-1);
#1114=CARTESIAN_POINT('',(-5.5E0,-9.6E-1,-7.06E0));
#1115=LINE('',#1114,#1113);
#1116=DIRECTION('',(0.E0,1.E0,0.E0));
#1117=VECTOR('',#1116,2.5E-1);
#1118=CARTESIAN_POINT('',(-7.E0,-1.21E0,-5.56E0));
#1119=LINE('',#1118,#1117);
#1120=DIRECTION('',(0.E0,-1.E0,0.E0));
#1121=VECTOR('',#1120,2.5E-1);
#1122=CARTESIAN_POINT('',(-4.E0,-9.6E-1,-5.56E0));
#1123=LINE('',#1122,#1121);
#1124=CARTESIAN_POINT('',(-5.5E0,-1.21E0,-5.56E0));
#1125=DIRECTION('',(0.E0,-1.E0,0.E0));
#1126=DIRECTION('',(0.E0,0.E0,-1.E0));
#1127=AXIS2_PLACEMENT_3D('',#1124,#1125,#1126);
#1129=CARTESIAN_POINT('',(-5.5E0,-1.21E0,-5.56E0));
#1130=DIRECTION('',(0.E0,-1.E0,0.E0));
#1131=DIRECTION('',(-1.E0,0.E0,0.E0));
#1132=AXIS2_PLACEMENT_3D('',#1129,#1130,#1131);
#1134=DIRECTION('',(-1.E0,0.E0,0.E0));
#1135=VECTOR('',#1134,3.E0);
#1136=CARTESIAN_POINT('',(-4.E0,-1.141040838927E0,-4.682351460116E0));
#1137=LINE('',#1136,#1135);
#1138=DIRECTION('',(1.E0,0.E0,0.E0));
#1139=VECTOR('',#1138,3.E0);
#1140=CARTESIAN_POINT('',(-7.E0,-1.21E0,-4.948996751252E0));
#1141=LINE('',#1140,#1139);
#1142=DIRECTION('',(1.E0,0.E0,0.E0));
#1143=VECTOR('',#1142,3.E0);
#1144=CARTESIAN_POINT('',(4.E0,1.8E0,2.5E-1));
#1145=LINE('',#1144,#1143);
#1146=DIRECTION('',(-1.E0,0.E0,0.E0));
#1147=VECTOR('',#1146,3.E0);
#1148=CARTESIAN_POINT('',(7.E0,1.731040838927E0,-1.664529113551E-2));
#1149=LINE('',#1148,#1147);
#1150=CARTESIAN_POINT('',(7.E0,1.25E0,2.5E-1));
#1151=DIRECTION('',(1.E0,0.E0,0.E0));
#1152=DIRECTION('',(0.E0,8.746197071394E-1,-4.848096202463E-1));
#1153=AXIS2_PLACEMENT_3D('',#1150,#1151,#1152);
#1155=DIRECTION('',(0.E0,4.848096202463E-1,8.746197071394E-1));
#1156=VECTOR('',#1155,5.473131390669E0);
#1157=CARTESIAN_POINT('',(7.E0,-9.223859121418E-1,-4.803553865178E0));
#1158=LINE('',#1157,#1156);
#1159=CARTESIAN_POINT('',(7.E0,-6.6E-1,-4.948996751252E0));
#1160=DIRECTION('',(-1.E0,0.E0,0.E0));
#1161=DIRECTION('',(0.E0,-1.E0,0.E0));
#1162=AXIS2_PLACEMENT_3D('',#1159,#1160,#1161);
#1164=DIRECTION('',(0.E0,0.E0,-1.E0));
#1165=VECTOR('',#1164,6.110032487484E-1);
#1166=CARTESIAN_POINT('',(7.E0,-1.21E0,-4.948996751252E0));
#1167=LINE('',#1166,#1165);
#1168=CARTESIAN_POINT('',(7.E0,-6.6E-1,-4.948996751252E0));
#1169=DIRECTION('',(1.E0,0.E0,0.E0));
#1170=DIRECTION('',(0.E0,-8.746197071394E-1,4.848096202463E-1));
#1171=AXIS2_PLACEMENT_3D('',#1168,#1169,#1170);
#1173=DIRECTION('',(0.E0,-4.848096202463E-1,-8.746197071394E-1));
#1174=VECTOR('',#1173,5.473131390669E0);
#1175=CARTESIAN_POINT('',(7.E0,1.512385912142E0,1.045571139261E-1));
#1176=LINE('',#1175,#1174);
#1177=CARTESIAN_POINT('',(7.E0,1.25E0,2.5E-1));
#1178=DIRECTION('',(-1.E0,0.E0,0.E0));
#1179=DIRECTION('',(0.E0,1.E0,0.E0));
#1180=AXIS2_PLACEMENT_3D('',#1177,#1178,#1179);
#1182=DIRECTION('',(0.E0,-1.E0,0.E0));
#1183=VECTOR('',#1182,2.5E-1);
#1184=CARTESIAN_POINT('',(7.025E0,1.8E0,2.5E-1));
#1185=LINE('',#1184,#1183);
#1186=DIRECTION('',(1.E0,0.E0,0.E0));
#1187=VECTOR('',#1186,2.5E-2);
#1188=CARTESIAN_POINT('',(7.E0,1.8E0,2.5E-1));
#1189=LINE('',#1188,#1187);
#1190=DIRECTION('',(0.E0,1.E0,0.E0));
#1191=VECTOR('',#1190,2.5E-1);
#1192=CARTESIAN_POINT('',(7.E0,1.55E0,2.5E-1));
#1193=LINE('',#1192,#1191);
#1194=DIRECTION('',(0.E0,0.E0,-1.E0));
#1195=VECTOR('',#1194,4.351041867683E0);
#1196=CARTESIAN_POINT('',(7.025E0,1.8E0,2.5E-1));
#1197=LINE('',#1196,#1195);
#1198=DIRECTION('',(0.E0,-1.E0,0.E0));
#1199=VECTOR('',#1198,2.5E-1);
#1200=CARTESIAN_POINT('',(5.5E0,1.8E0,-9.9E0));
#1201=LINE('',#1200,#1199);
#1202=DIRECTION('',(0.E0,1.E0,0.E0));
#1203=VECTOR('',#1202,2.5E-1);
#1204=CARTESIAN_POINT('',(7.025E0,1.55E0,-4.101041867683E0));
#1205=LINE('',#1204,#1203);
#1206=DIRECTION('',(0.E0,-1.E0,0.E0));
#1207=VECTOR('',#1206,2.5E-1);
#1208=CARTESIAN_POINT('',(3.975E0,1.8E0,-4.101041867683E0));
#1209=LINE('',#1208,#1207);
#1210=DIRECTION('',(0.E0,-1.E0,0.E0));
#1211=VECTOR('',#1210,2.5E-1);
#1212=CARTESIAN_POINT('',(3.975E0,1.8E0,2.5E-1));
#1213=LINE('',#1212,#1211);
#1214=DIRECTION('',(0.E0,0.E0,1.E0));
#1215=VECTOR('',#1214,4.351041867683E0);
#1216=CARTESIAN_POINT('',(3.975E0,1.8E0,-4.101041867683E0));
#1217=LINE('',#1216,#1215);
#1218=DIRECTION('',(0.E0,-1.E0,0.E0));
#1219=VECTOR('',#1218,2.5E-1);
#1220=CARTESIAN_POINT('',(4.E0,1.8E0,2.5E-1));
#1221=LINE('',#1220,#1219);
#1222=DIRECTION('',(1.E0,-1.776356839400E-14,0.E0));
#1223=VECTOR('',#1222,2.5E-2);
#1224=CARTESIAN_POINT('',(3.975E0,1.8E0,2.5E-1));
#1225=LINE('',#1224,#1223);
#1226=CARTESIAN_POINT('',(4.E0,1.25E0,2.5E-1));
#1227=DIRECTION('',(1.E0,0.E0,0.E0));
#1228=DIRECTION('',(0.E0,8.746197071394E-1,-4.848096202463E-1));
#1229=AXIS2_PLACEMENT_3D('',#1226,#1227,#1228);
#1231=DIRECTION('',(0.E0,4.848096202463E-1,8.746197071394E-1));
#1232=VECTOR('',#1231,5.473131390669E0);
#1233=CARTESIAN_POINT('',(4.E0,-1.141040838927E0,-4.682351460116E0));
#1234=LINE('',#1233,#1232);
#1235=CARTESIAN_POINT('',(4.E0,-6.6E-1,-4.948996751252E0));
#1236=DIRECTION('',(-1.E0,0.E0,0.E0));
#1237=DIRECTION('',(0.E0,-1.E0,0.E0));
#1238=AXIS2_PLACEMENT_3D('',#1235,#1236,#1237);
#1240=DIRECTION('',(0.E0,0.E0,1.E0));
#1241=VECTOR('',#1240,6.110032487484E-1);
#1242=CARTESIAN_POINT('',(4.E0,-1.21E0,-5.56E0));
#1243=LINE('',#1242,#1241);
#1244=CARTESIAN_POINT('',(4.E0,-6.6E-1,-4.948996751252E0));
#1245=DIRECTION('',(1.E0,0.E0,0.E0));
#1246=DIRECTION('',(0.E0,-8.746197071394E-1,4.848096202463E-1));
#1247=AXIS2_PLACEMENT_3D('',#1244,#1245,#1246);
#1249=DIRECTION('',(0.E0,-4.848096202463E-1,-8.746197071394E-1));
#1250=VECTOR('',#1249,5.473131390669E0);
#1251=CARTESIAN_POINT('',(4.E0,1.731040838927E0,-1.664529113553E-2));
#1252=LINE('',#1251,#1250);
#1253=CARTESIAN_POINT('',(4.E0,1.25E0,2.5E-1));
#1254=DIRECTION('',(-1.E0,0.E0,0.E0));
#1255=DIRECTION('',(0.E0,1.E0,0.E0));
#1256=AXIS2_PLACEMENT_3D('',#1253,#1254,#1255);
#1258=DIRECTION('',(1.E0,0.E0,0.E0));
#1259=VECTOR('',#1258,3.E0);
#1260=CARTESIAN_POINT('',(4.E0,1.512385912142E0,1.045571139260E-1));
#1261=LINE('',#1260,#1259);
#1262=DIRECTION('',(-1.E0,0.E0,0.E0));
#1263=VECTOR('',#1262,3.E0);
#1264=CARTESIAN_POINT('',(7.E0,1.55E0,2.5E-1));
#1265=LINE('',#1264,#1263);
#1266=DIRECTION('',(1.E0,0.E0,0.E0));
#1267=VECTOR('',#1266,3.E0);
#1268=CARTESIAN_POINT('',(4.E0,-1.21E0,-4.948996751252E0));
#1269=LINE('',#1268,#1267);
#1270=DIRECTION('',(-1.E0,0.E0,0.E0));
#1271=VECTOR('',#1270,3.E0);
#1272=CARTESIAN_POINT('',(7.E0,-1.141040838927E0,-4.682351460116E0));
#1273=LINE('',#1272,#1271);
#1274=CARTESIAN_POINT('',(5.5E0,-1.21E0,-5.56E0));
#1275=DIRECTION('',(0.E0,-1.E0,0.E0));
#1276=DIRECTION('',(0.E0,0.E0,-1.E0));
#1277=AXIS2_PLACEMENT_3D('',#1274,#1275,#1276);
#1279=CARTESIAN_POINT('',(5.5E0,-1.21E0,-5.56E0));
#1280=DIRECTION('',(0.E0,-1.E0,0.E0));
#1281=DIRECTION('',(-1.E0,0.E0,-1.184237892934E-14));
#1282=AXIS2_PLACEMENT_3D('',#1279,#1280,#1281);
#1284=DIRECTION('',(0.E0,-1.E0,0.E0));
#1285=VECTOR('',#1284,2.5E-1);
#1286=CARTESIAN_POINT('',(7.E0,-9.6E-1,-5.56E0));
#1287=LINE('',#1286,#1285);
#1288=DIRECTION('',(0.E0,0.E0,1.E0));
#1289=VECTOR('',#1288,6.110032487484E-1);
#1290=CARTESIAN_POINT('',(4.E0,-9.6E-1,-5.56E0));
#1291=LINE('',#1290,#1289);
#1292=CARTESIAN_POINT('',(5.5E0,-9.6E-1,-5.56E0));
#1293=DIRECTION('',(0.E0,1.E0,0.E0));
#1294=DIRECTION('',(0.E0,0.E0,-1.E0));
#1295=AXIS2_PLACEMENT_3D('',#1292,#1293,#1294);
#1297=CARTESIAN_POINT('',(5.5E0,-9.6E-1,-5.56E0));
#1298=DIRECTION('',(0.E0,1.E0,0.E0));
#1299=DIRECTION('',(1.E0,0.E0,1.243449787580E-14));
#1300=AXIS2_PLACEMENT_3D('',#1297,#1298,#1299);
#1302=DIRECTION('',(0.E0,0.E0,-1.E0));
#1303=VECTOR('',#1302,6.110032487484E-1);
#1304=CARTESIAN_POINT('',(7.E0,-9.6E-1,-4.948996751252E0));
#1305=LINE('',#1304,#1303);
#1306=DIRECTION('',(1.E0,0.E0,0.E0));
#1307=VECTOR('',#1306,3.E0);
#1308=CARTESIAN_POINT('',(4.E0,-9.223859121418E-1,-4.803553865178E0));
#1309=LINE('',#1308,#1307);
#1310=DIRECTION('',(-1.E0,0.E0,0.E0));
#1311=VECTOR('',#1310,3.E0);
#1312=CARTESIAN_POINT('',(7.E0,-9.6E-1,-4.948996751252E0));
#1313=LINE('',#1312,#1311);
#1314=DIRECTION('',(0.E0,-1.E0,0.E0));
#1315=VECTOR('',#1314,2.5E-1);
#1316=CARTESIAN_POINT('',(5.5E0,-9.6E-1,-7.06E0));
#1317=LINE('',#1316,#1315);
#1318=DIRECTION('',(0.E0,1.E0,0.E0));
#1319=VECTOR('',#1318,2.5E-1);
#1320=CARTESIAN_POINT('',(4.E0,-1.21E0,-5.56E0));
#1321=LINE('',#1320,#1319);
#1322=DIRECTION('',(0.E0,-1.E0,-1.776356839400E-14));
#1323=VECTOR('',#1322,1.E-1);
#1324=CARTESIAN_POINT('',(1.27E0,1.8E0,-1.12E1));
#1325=LINE('',#1324,#1323);
#1326=DIRECTION('',(1.E0,0.E0,0.E0));
#1327=VECTOR('',#1326,1.07E0);
#1328=CARTESIAN_POINT('',(2.E-1,1.8E0,-1.12E1));
#1329=LINE('',#1328,#1327);
#1330=DIRECTION('',(-1.E0,0.E0,0.E0));
#1331=VECTOR('',#1330,1.07E0);
#1332=CARTESIAN_POINT('',(1.27E0,1.7E0,-1.12E1));
#1333=LINE('',#1332,#1331);
#1334=DIRECTION('',(0.E0,-1.E0,0.E0));
#1335=VECTOR('',#1334,1.E-1);
#1336=CARTESIAN_POINT('',(1.27E0,1.8E0,-1.16E1));
#1337=LINE('',#1336,#1335);
#1338=DIRECTION('',(0.E0,0.E0,-1.E0));
#1339=VECTOR('',#1338,4.E-1);
#1340=CARTESIAN_POINT('',(1.27E0,1.8E0,-1.12E1));
#1341=LINE('',#1340,#1339);
#1342=DIRECTION('',(0.E0,0.E0,1.E0));
#1343=VECTOR('',#1342,4.E-1);
#1344=CARTESIAN_POINT('',(1.27E0,1.7E0,-1.16E1));
#1345=LINE('',#1344,#1343);
#1346=DIRECTION('',(0.E0,-1.E0,0.E0));
#1347=VECTOR('',#1346,1.E-1);
#1348=CARTESIAN_POINT('',(2.E-1,1.8E0,-1.16E1));
#1349=LINE('',#1348,#1347);
#1350=DIRECTION('',(-1.E0,0.E0,0.E0));
#1351=VECTOR('',#1350,1.07E0);
#1352=CARTESIAN_POINT('',(1.27E0,1.8E0,-1.16E1));
#1353=LINE('',#1352,#1351);
#1354=DIRECTION('',(1.E0,0.E0,0.E0));
#1355=VECTOR('',#1354,1.07E0);
#1356=CARTESIAN_POINT('',(2.E-1,1.7E0,-1.16E1));
#1357=LINE('',#1356,#1355);
#1358=DIRECTION('',(0.E0,-1.E0,0.E0));
#1359=VECTOR('',#1358,1.E-1);
#1360=CARTESIAN_POINT('',(2.E-1,1.8E0,-1.267E1));
#1361=LINE('',#1360,#1359);
#1362=DIRECTION('',(0.E0,0.E0,-1.E0));
#1363=VECTOR('',#1362,1.07E0);
#1364=CARTESIAN_POINT('',(2.E-1,1.8E0,-1.16E1));
#1365=LINE('',#1364,#1363);
#1366=DIRECTION('',(0.E0,0.E0,1.E0));
#1367=VECTOR('',#1366,1.07E0);
#1368=CARTESIAN_POINT('',(2.E-1,1.7E0,-1.267E1));
#1369=LINE('',#1368,#1367);
#1370=DIRECTION('',(0.E0,-1.E0,0.E0));
#1371=VECTOR('',#1370,1.E-1);
#1372=CARTESIAN_POINT('',(-2.E-1,1.8E0,-1.267E1));
#1373=LINE('',#1372,#1371);
#1374=DIRECTION('',(-1.E0,0.E0,0.E0));
#1375=VECTOR('',#1374,4.E-1);
#1376=CARTESIAN_POINT('',(2.E-1,1.8E0,-1.267E1));
#1377=LINE('',#1376,#1375);
#1378=DIRECTION('',(1.E0,0.E0,0.E0));
#1379=VECTOR('',#1378,4.E-1);
#1380=CARTESIAN_POINT('',(-2.E-1,1.7E0,-1.267E1));
#1381=LINE('',#1380,#1379);
#1382=DIRECTION('',(0.E0,-1.E0,0.E0));
#1383=VECTOR('',#1382,1.E-1);
#1384=CARTESIAN_POINT('',(-2.E-1,1.8E0,-1.16E1));
#1385=LINE('',#1384,#1383);
#1386=DIRECTION('',(0.E0,0.E0,1.E0));
#1387=VECTOR('',#1386,1.07E0);
#1388=CARTESIAN_POINT('',(-2.E-1,1.8E0,-1.267E1));
#1389=LINE('',#1388,#1387);
#1390=DIRECTION('',(0.E0,0.E0,-1.E0));
#1391=VECTOR('',#1390,1.07E0);
#1392=CARTESIAN_POINT('',(-2.E-1,1.7E0,-1.16E1));
#1393=LINE('',#1392,#1391);
#1394=DIRECTION('',(0.E0,-1.E0,0.E0));
#1395=VECTOR('',#1394,1.E-1);
#1396=CARTESIAN_POINT('',(-1.27E0,1.8E0,-1.16E1));
#1397=LINE('',#1396,#1395);
#1398=DIRECTION('',(-1.E0,0.E0,0.E0));
#1399=VECTOR('',#1398,1.07E0);
#1400=CARTESIAN_POINT('',(-2.E-1,1.8E0,-1.16E1));
#1401=LINE('',#1400,#1399);
#1402=DIRECTION('',(1.E0,0.E0,0.E0));
#1403=VECTOR('',#1402,1.07E0);
#1404=CARTESIAN_POINT('',(-1.27E0,1.7E0,-1.16E1));
#1405=LINE('',#1404,#1403);
#1406=DIRECTION('',(0.E0,-1.E0,0.E0));
#1407=VECTOR('',#1406,1.E-1);
#1408=CARTESIAN_POINT('',(-1.27E0,1.8E0,-1.12E1));
#1409=LINE('',#1408,#1407);
#1410=DIRECTION('',(0.E0,0.E0,1.E0));
#1411=VECTOR('',#1410,4.E-1);
#1412=CARTESIAN_POINT('',(-1.27E0,1.8E0,-1.16E1));
#1413=LINE('',#1412,#1411);
#1414=DIRECTION('',(0.E0,0.E0,-1.E0));
#1415=VECTOR('',#1414,4.E-1);
#1416=CARTESIAN_POINT('',(-1.27E0,1.7E0,-1.12E1));
#1417=LINE('',#1416,#1415);
#1418=DIRECTION('',(0.E0,-1.E0,0.E0));
#1419=VECTOR('',#1418,1.E-1);
#1420=CARTESIAN_POINT('',(-2.E-1,1.8E0,-1.12E1));
#1421=LINE('',#1420,#1419);
#1422=DIRECTION('',(1.E0,0.E0,0.E0));
#1423=VECTOR('',#1422,1.07E0);
#1424=CARTESIAN_POINT('',(-1.27E0,1.8E0,-1.12E1));
#1425=LINE('',#1424,#1423);
#1426=DIRECTION('',(-1.E0,0.E0,0.E0));
#1427=VECTOR('',#1426,1.07E0);
#1428=CARTESIAN_POINT('',(-2.E-1,1.7E0,-1.12E1));
#1429=LINE('',#1428,#1427);
#1430=DIRECTION('',(0.E0,-1.E0,0.E0));
#1431=VECTOR('',#1430,1.E-1);
#1432=CARTESIAN_POINT('',(-2.E-1,1.8E0,-1.013E1));
#1433=LINE('',#1432,#1431);
#1434=DIRECTION('',(0.E0,0.E0,1.E0));
#1435=VECTOR('',#1434,1.07E0);
#1436=CARTESIAN_POINT('',(-2.E-1,1.8E0,-1.12E1));
#1437=LINE('',#1436,#1435);
#1438=DIRECTION('',(0.E0,0.E0,-1.E0));
#1439=VECTOR('',#1438,1.07E0);
#1440=CARTESIAN_POINT('',(-2.E-1,1.7E0,-1.013E1));
#1441=LINE('',#1440,#1439);
#1442=DIRECTION('',(-1.E0,0.E0,-1.332267629550E-14));
#1443=VECTOR('',#1442,4.E-1);
#1444=CARTESIAN_POINT('',(2.E-1,1.7E0,-1.013E1));
#1445=LINE('',#1444,#1443);
#1446=DIRECTION('',(1.E0,0.E0,0.E0));
#1447=VECTOR('',#1446,4.E-1);
#1448=CARTESIAN_POINT('',(-2.E-1,1.8E0,-1.013E1));
#1449=LINE('',#1448,#1447);
#1450=DIRECTION('',(0.E0,-1.E0,0.E0));
#1451=VECTOR('',#1450,1.E-1);
#1452=CARTESIAN_POINT('',(2.E-1,1.8E0,-1.12E1));
#1453=LINE('',#1452,#1451);
#1454=DIRECTION('',(0.E0,0.E0,-1.E0));
#1455=VECTOR('',#1454,1.07E0);
#1456=CARTESIAN_POINT('',(2.E-1,1.8E0,-1.013E1));
#1457=LINE('',#1456,#1455);
#1458=DIRECTION('',(0.E0,1.E0,0.E0));
#1459=VECTOR('',#1458,1.E-1);
#1460=CARTESIAN_POINT('',(2.E-1,1.7E0,-1.013E1));
#1461=LINE('',#1460,#1459);
#1462=DIRECTION('',(0.E0,0.E0,1.E0));
#1463=VECTOR('',#1462,1.07E0);
#1464=CARTESIAN_POINT('',(2.E-1,1.7E0,-1.12E1));
#1465=LINE('',#1464,#1463);
#1466=CARTESIAN_POINT('',(3.975E0,1.8E0,2.5E-1));
#1467=CARTESIAN_POINT('',(3.975E0,1.55E0,2.5E-1));
#1468=VERTEX_POINT('',#1466);
#1469=VERTEX_POINT('',#1467);
#1470=CARTESIAN_POINT('',(-1.064430988395E1,-4.025833327201E0,-4.45E0));
#1471=CARTESIAN_POINT('',(-1.083123368012E1,-4.191843852239E0,-4.45E0));
#1472=VERTEX_POINT('',#1470);
#1473=VERTEX_POINT('',#1471);
#1474=CARTESIAN_POINT('',(-1.03E1,-1.8E0,-9.E0));
#1475=CARTESIAN_POINT('',(-1.055E1,-1.8E0,-9.E0));
#1476=VERTEX_POINT('',#1474);
#1477=VERTEX_POINT('',#1475);
#1478=CARTESIAN_POINT('',(2.E-1,1.7E0,-1.267E1));
#1479=CARTESIAN_POINT('',(2.E-1,1.7E0,-1.16E1));
#1480=VERTEX_POINT('',#1478);
#1481=VERTEX_POINT('',#1479);
#1482=CARTESIAN_POINT('',(-7.025E0,1.8E0,-4.101041867683E0));
#1483=CARTESIAN_POINT('',(-5.5E0,1.8E0,-9.9E0));
#1484=VERTEX_POINT('',#1482);
#1485=VERTEX_POINT('',#1483);
#1486=CARTESIAN_POINT('',(-5.5E0,-1.21E0,-7.06E0));
#1487=CARTESIAN_POINT('',(-4.E0,-1.21E0,-5.56E0));
#1488=VERTEX_POINT('',#1486);
#1489=VERTEX_POINT('',#1487);
#1490=CARTESIAN_POINT('',(-1.096243181255E1,-3.274356076261E0,-4.45E0));
#1491=CARTESIAN_POINT('',(-1.096243181255E1,-3.274356076261E0,-2.85E0));
#1492=VERTEX_POINT('',#1490);
#1493=VERTEX_POINT('',#1491);
#1494=CARTESIAN_POINT('',(-9.95E0,1.55E0,-9.3E0));
#1495=CARTESIAN_POINT('',(-9.95E0,1.8E0,-9.3E0));
#1496=VERTEX_POINT('',#1494);
#1497=VERTEX_POINT('',#1495);
#1498=CARTESIAN_POINT('',(1.096243181255E1,-3.274356076261E0,-4.45E0));
#1499=CARTESIAN_POINT('',(1.036261364576E1,-1.9E0,-4.45E0));
#1500=VERTEX_POINT('',#1498);
#1501=VERTEX_POINT('',#1499);
#1502=CARTESIAN_POINT('',(1.083123368012E1,-4.191843852239E0,-4.45E0));
#1503=CARTESIAN_POINT('',(1.064430988395E1,-4.025833327201E0,-4.45E0));
#1504=VERTEX_POINT('',#1502);
#1505=VERTEX_POINT('',#1503);
#1506=CARTESIAN_POINT('',(-7.025E0,1.8E0,2.499999999999E-1));
#1507=CARTESIAN_POINT('',(-7.E0,1.8E0,2.499999999999E-1));
#1508=VERTEX_POINT('',#1506);
#1509=VERTEX_POINT('',#1507);
#1510=CARTESIAN_POINT('',(-9.95E0,1.55E0,9.999999999986E-2));
#1511=CARTESIAN_POINT('',(-9.95E0,1.8E0,9.999999999986E-2));
#1512=VERTEX_POINT('',#1510);
#1513=VERTEX_POINT('',#1511);
#1514=CARTESIAN_POINT('',(-1.015E1,1.55E0,2.754328238718E0));
#1515=CARTESIAN_POINT('',(-1.015E1,1.55E0,9.999999999986E-2));
#1516=VERTEX_POINT('',#1514);
#1517=VERTEX_POINT('',#1515);
#1518=CARTESIAN_POINT('',(3.75E0,1.55E0,-1.33E1));
#1519=CARTESIAN_POINT('',(3.75E0,1.2E0,-1.365E1));
#1520=VERTEX_POINT('',#1518);
#1521=VERTEX_POINT('',#1519);
#1522=CARTESIAN_POINT('',(-1.119156059729E1,-3.174356076262E0,-2.85E0));
#1523=CARTESIAN_POINT('',(-1.125E1,-3.454356076261E0,-2.85E0));
#1524=VERTEX_POINT('',#1522);
#1525=VERTEX_POINT('',#1523);
#1526=CARTESIAN_POINT('',(-1.107338662929E1,-3.919185546368E0,-2.85E0));
#1527=VERTEX_POINT('',#1526);
#1528=CARTESIAN_POINT('',(-1.005E1,1.8E0,-1.421085471520E-13));
#1529=CARTESIAN_POINT('',(-1.055E1,1.3E0,-1.421085471520E-13));
#1530=VERTEX_POINT('',#1528);
#1531=VERTEX_POINT('',#1529);
#1532=CARTESIAN_POINT('',(1.005E1,1.8E0,-9.3E0));
#1533=CARTESIAN_POINT('',(9.95E0,1.8E0,-9.3E0));
#1534=VERTEX_POINT('',#1532);
#1535=VERTEX_POINT('',#1533);
#1536=CARTESIAN_POINT('',(-1.011307620382E1,-4.623989474962E0,-3.65E0));
#1537=CARTESIAN_POINT('',(-1.03E1,-4.79E0,-3.65E0));
#1538=VERTEX_POINT('',#1536);
#1539=VERTEX_POINT('',#1537);
#1540=CARTESIAN_POINT('',(-1.27E0,1.8E0,-1.16E1));
#1541=CARTESIAN_POINT('',(-1.27E0,1.7E0,-1.16E1));
#1542=VERTEX_POINT('',#1540);
#1543=VERTEX_POINT('',#1541);
#1544=CARTESIAN_POINT('',(-2.E-1,1.7E0,-1.16E1));
#1545=VERTEX_POINT('',#1544);
#1546=CARTESIAN_POINT('',(4.E0,-1.21E0,-4.948996751252E0));
#1547=CARTESIAN_POINT('',(4.E0,-1.141040838927E0,-4.682351460116E0));
#1548=VERTEX_POINT('',#1546);
#1549=VERTEX_POINT('',#1547);
#1550=CARTESIAN_POINT('',(1.1E1,-3.454356076261E0,-2.85E0));
#1551=CARTESIAN_POINT('',(1.088646283312E1,-3.753175021330E0,-2.85E0));
#1552=VERTEX_POINT('',#1550);
#1553=VERTEX_POINT('',#1551);
#1554=CARTESIAN_POINT('',(-1.088646283312E1,-3.753175021330E0,-4.45E0));
#1555=VERTEX_POINT('',#1554);
#1556=CARTESIAN_POINT('',(5.5E0,1.8E0,-9.9E0));
#1557=CARTESIAN_POINT('',(7.025E0,1.8E0,-4.101041867683E0));
#1558=VERTEX_POINT('',#1556);
#1559=VERTEX_POINT('',#1557);
#1560=CARTESIAN_POINT('',(-2.E-1,1.8E0,-1.16E1));
#1561=VERTEX_POINT('',#1560);
#1562=CARTESIAN_POINT('',(9.95E0,1.55E0,0.E0));
#1563=CARTESIAN_POINT('',(9.95E0,1.8E0,0.E0));
#1564=VERTEX_POINT('',#1562);
#1565=VERTEX_POINT('',#1563);
#1566=CARTESIAN_POINT('',(3.75E0,1.2E0,-1.39E1));
#1567=CARTESIAN_POINT('',(-3.75E0,1.2E0,-1.39E1));
#1568=VERTEX_POINT('',#1566);
#1569=VERTEX_POINT('',#1567);
#1570=CARTESIAN_POINT('',(1.125E1,-3.454356076261E0,-4.45E0));
#1571=CARTESIAN_POINT('',(1.107338662929E1,-3.919185546368E0,-4.45E0));
#1572=VERTEX_POINT('',#1570);
#1573=VERTEX_POINT('',#1571);
#1574=CARTESIAN_POINT('',(7.025E0,1.55E0,-4.101041867683E0));
#1575=VERTEX_POINT('',#1574);
#1576=CARTESIAN_POINT('',(9.95E0,1.55E0,1.E-1));
#1577=VERTEX_POINT('',#1576);
#1578=CARTESIAN_POINT('',(1.055E1,1.3E0,0.E0));
#1579=CARTESIAN_POINT('',(1.055E1,1.3E0,-9.3E0));
#1580=VERTEX_POINT('',#1578);
#1581=VERTEX_POINT('',#1579);
#1582=CARTESIAN_POINT('',(-1.055E1,-1.5E0,-9.3E0));
#1583=CARTESIAN_POINT('',(-1.03E1,-1.5E0,-9.3E0));
#1584=VERTEX_POINT('',#1582);
#1585=VERTEX_POINT('',#1583);
#1586=CARTESIAN_POINT('',(-2.E-1,1.7E0,-1.267E1));
#1587=VERTEX_POINT('',#1586);
#1588=CARTESIAN_POINT('',(1.125E1,-3.454356076261E0,-2.85E0));
#1589=VERTEX_POINT('',#1588);
#1590=CARTESIAN_POINT('',(-1.005E1,1.55E0,-9.3E0));
#1591=CARTESIAN_POINT('',(-1.005E1,1.55E0,-1.403321903126E-13));
#1592=VERTEX_POINT('',#1590);
#1593=VERTEX_POINT('',#1591);
#1594=CARTESIAN_POINT('',(-1.03E1,1.3E0,-9.3E0));
#1595=VERTEX_POINT('',#1594);
#1596=CARTESIAN_POINT('',(-4.E0,-1.141040838927E0,-4.682351460116E0));
#1597=CARTESIAN_POINT('',(-7.E0,-1.141040838927E0,-4.682351460116E0));
#1598=VERTEX_POINT('',#1596);
#1599=VERTEX_POINT('',#1597);
#1600=CARTESIAN_POINT('',(1.088646283312E1,-3.753175021330E0,-4.45E0));
#1601=VERTEX_POINT('',#1600);
#1602=CARTESIAN_POINT('',(-1.005E1,1.8E0,-9.3E0));
#1603=VERTEX_POINT('',#1602);
#1604=CARTESIAN_POINT('',(1.005E1,1.8E0,0.E0));
#1605=VERTEX_POINT('',#1604);
#1606=CARTESIAN_POINT('',(1.107338662929E1,-3.919185546368E0,-2.85E0));
#1607=VERTEX_POINT('',#1606);
#1608=CARTESIAN_POINT('',(2.E-1,1.7E0,-1.013E1));
#1609=CARTESIAN_POINT('',(-2.E-1,1.7E0,-1.013E1));
#1610=VERTEX_POINT('',#1608);
#1611=VERTEX_POINT('',#1609);
#1612=CARTESIAN_POINT('',(-4.E0,-1.21E0,-4.948996751252E0));
#1613=VERTEX_POINT('',#1612);
#1614=CARTESIAN_POINT('',(7.E0,-9.6E-1,-4.948996751252E0));
#1615=CARTESIAN_POINT('',(4.E0,-9.6E-1,-4.948996751252E0));
#1616=VERTEX_POINT('',#1614);
#1617=VERTEX_POINT('',#1615);
#1618=CARTESIAN_POINT('',(-1.03E1,1.3E0,-1.432825796550E-13));
#1619=CARTESIAN_POINT('',(-1.03E1,-1.5E0,-1.426164458402E-13));
#1620=VERTEX_POINT('',#1618);
#1621=VERTEX_POINT('',#1619);
#1622=CARTESIAN_POINT('',(-1.015E1,1.8E0,9.999999999986E-2));
#1623=CARTESIAN_POINT('',(-1.015E1,1.8E0,2.754328238718E0));
#1624=VERTEX_POINT('',#1622);
#1625=VERTEX_POINT('',#1623);
#1626=CARTESIAN_POINT('',(-9.95E0,1.8E0,-1.396090763875E-13));
#1627=CARTESIAN_POINT('',(-9.95E0,1.55E0,-1.397571061241E-13));
#1628=VERTEX_POINT('',#1626);
#1629=VERTEX_POINT('',#1627);
#1630=CARTESIAN_POINT('',(1.27E0,1.7E0,-1.16E1));
#1631=CARTESIAN_POINT('',(1.27E0,1.7E0,-1.12E1));
#1632=VERTEX_POINT('',#1630);
#1633=VERTEX_POINT('',#1631);
#1634=CARTESIAN_POINT('',(-9.9E0,1.8E0,-9.35E0));
#1635=CARTESIAN_POINT('',(-9.9E0,1.8E0,-9.457053485758E0));
#1636=VERTEX_POINT('',#1634);
#1637=VERTEX_POINT('',#1635);
#1638=CARTESIAN_POINT('',(1.064430988395E1,-4.025833327201E0,-2.85E0));
#1639=VERTEX_POINT('',#1638);
#1640=CARTESIAN_POINT('',(-7.E0,-1.21E0,-4.948996751252E0));
#1641=VERTEX_POINT('',#1640);
#1642=CARTESIAN_POINT('',(1.036261364576E1,-1.9E0,-2.85E0));
#1643=CARTESIAN_POINT('',(1.096243181255E1,-3.274356076261E0,-2.85E0));
#1644=VERTEX_POINT('',#1642);
#1645=VERTEX_POINT('',#1643);
#1646=CARTESIAN_POINT('',(0.E0,1.8E0,3.21E0));
#1647=CARTESIAN_POINT('',(0.E0,1.55E0,3.21E0));
#1648=VERTEX_POINT('',#1646);
#1649=VERTEX_POINT('',#1647);
#1650=CARTESIAN_POINT('',(-7.025E0,1.55E0,2.499999999999E-1));
#1651=VERTEX_POINT('',#1650);
#1652=CARTESIAN_POINT('',(-7.E0,1.731040838927E0,-1.664529113560E-2));
#1653=VERTEX_POINT('',#1652);
#1654=CARTESIAN_POINT('',(1.055E1,-1.5E0,-9.3E0));
#1655=VERTEX_POINT('',#1654);
#1656=CARTESIAN_POINT('',(-1.107338662929E1,-3.919185546368E0,-4.45E0));
#1657=VERTEX_POINT('',#1656);
#1658=CARTESIAN_POINT('',(-2.E-1,1.8E0,-1.267E1));
#1659=VERTEX_POINT('',#1658);
#1660=CARTESIAN_POINT('',(-4.E0,-9.6E-1,-5.56E0));
#1661=VERTEX_POINT('',#1660);
#1662=CARTESIAN_POINT('',(7.E0,1.8E0,2.5E-1));
#1663=CARTESIAN_POINT('',(7.025E0,1.8E0,2.5E-1));
#1664=VERTEX_POINT('',#1662);
#1665=VERTEX_POINT('',#1663);
#1666=CARTESIAN_POINT('',(2.E-1,1.8E0,-1.12E1));
#1667=CARTESIAN_POINT('',(1.27E0,1.8E0,-1.12E1));
#1668=VERTEX_POINT('',#1666);
#1669=VERTEX_POINT('',#1667);
#1670=CARTESIAN_POINT('',(3.975E0,1.8E0,-4.101041867683E0));
#1671=CARTESIAN_POINT('',(3.975E0,1.55E0,-4.101041867683E0));
#1672=VERTEX_POINT('',#1670);
#1673=VERTEX_POINT('',#1671);
#1674=CARTESIAN_POINT('',(-3.75E0,1.55E0,-1.33E1));
#1675=VERTEX_POINT('',#1674);
#1676=CARTESIAN_POINT('',(1.03E1,1.3E0,-9.3E0));
#1677=CARTESIAN_POINT('',(1.03E1,1.3E0,0.E0));
#1678=VERTEX_POINT('',#1676);
#1679=VERTEX_POINT('',#1677);
#1680=CARTESIAN_POINT('',(4.E0,1.512385912142E0,1.045571139260E-1));
#1681=VERTEX_POINT('',#1680);
#1682=CARTESIAN_POINT('',(1.03E1,-1.5E0,-9.3E0));
#1683=VERTEX_POINT('',#1682);
#1684=CARTESIAN_POINT('',(-1.27E0,1.8E0,-1.12E1));
#1685=VERTEX_POINT('',#1684);
#1686=CARTESIAN_POINT('',(-1.064430988395E1,-4.025833327201E0,-2.85E0));
#1687=CARTESIAN_POINT('',(-1.088646283312E1,-3.753175021330E0,-2.85E0));
#1688=VERTEX_POINT('',#1686);
#1689=VERTEX_POINT('',#1687);
#1690=CARTESIAN_POINT('',(-2.E-1,1.7E0,-1.12E1));
#1691=VERTEX_POINT('',#1690);
#1692=CARTESIAN_POINT('',(4.E0,1.8E0,2.5E-1));
#1693=VERTEX_POINT('',#1692);
#1694=CARTESIAN_POINT('',(-9.9E0,1.55E0,-9.35E0));
#1695=VERTEX_POINT('',#1694);
#1696=CARTESIAN_POINT('',(1.03E1,-1.8E0,-9.E0));
#1697=VERTEX_POINT('',#1696);
#1698=CARTESIAN_POINT('',(9.95E0,1.55E0,-9.3E0));
#1699=VERTEX_POINT('',#1698);
#1700=CARTESIAN_POINT('',(-1.055E1,-1.5E0,-1.443825972896E-13));
#1701=VERTEX_POINT('',#1700);
#1702=CARTESIAN_POINT('',(-7.025E0,1.55E0,-4.101041867683E0));
#1703=VERTEX_POINT('',#1702);
#1704=CARTESIAN_POINT('',(-3.75E0,-1.4E0,-1.39E1));
#1705=VERTEX_POINT('',#1704);
#1706=CARTESIAN_POINT('',(1.03E1,-1.5E0,0.E0));
#1707=VERTEX_POINT('',#1706);
#1708=CARTESIAN_POINT('',(2.E-1,1.8E0,-1.267E1));
#1709=VERTEX_POINT('',#1708);
#1710=CARTESIAN_POINT('',(9.9E0,1.55E0,-9.457053485758E0));
#1711=CARTESIAN_POINT('',(9.9E0,1.55E0,-9.35E0));
#1712=VERTEX_POINT('',#1710);
#1713=VERTEX_POINT('',#1711);
#1714=CARTESIAN_POINT('',(-1.055E1,-1.8E0,-3.000000000001E-1));
#1715=VERTEX_POINT('',#1714);
#1716=CARTESIAN_POINT('',(1.005E1,1.55E0,0.E0));
#1717=VERTEX_POINT('',#1716);
#1718=CARTESIAN_POINT('',(-1.083123368012E1,-4.191843852239E0,-2.85E0));
#1719=VERTEX_POINT('',#1718);
#1720=CARTESIAN_POINT('',(7.E0,-9.223859121418E-1,-4.803553865178E0));
#1721=CARTESIAN_POINT('',(7.E0,1.731040838927E0,-1.664529113551E-2));
#1722=VERTEX_POINT('',#1720);
#1723=VERTEX_POINT('',#1721);
#1724=CARTESIAN_POINT('',(-7.E0,1.512385912142E0,1.045571139260E-1));
#1725=CARTESIAN_POINT('',(-7.E0,1.55E0,2.499999999999E-1));
#1726=VERTEX_POINT('',#1724);
#1727=VERTEX_POINT('',#1725);
#1728=CARTESIAN_POINT('',(5.5E0,-1.21E0,-7.06E0));
#1729=CARTESIAN_POINT('',(7.E0,-1.21E0,-5.56E0));
#1730=VERTEX_POINT('',#1728);
#1731=VERTEX_POINT('',#1729);
#1732=CARTESIAN_POINT('',(7.E0,1.55E0,2.5E-1));
#1733=CARTESIAN_POINT('',(4.E0,1.55E0,2.5E-1));
#1734=VERTEX_POINT('',#1732);
#1735=VERTEX_POINT('',#1733);
#1736=CARTESIAN_POINT('',(-3.975E0,1.55E0,2.499999999999E-1));
#1737=CARTESIAN_POINT('',(-3.975E0,1.55E0,-4.101041867683E0));
#1738=VERTEX_POINT('',#1736);
#1739=VERTEX_POINT('',#1737);
#1740=CARTESIAN_POINT('',(1.119156059729E1,-3.174356076261E0,-2.85E0));
#1741=CARTESIAN_POINT('',(1.059174243050E1,-1.8E0,-2.85E0));
#1742=VERTEX_POINT('',#1740);
#1743=VERTEX_POINT('',#1741);
#1744=CARTESIAN_POINT('',(-2.E-1,1.8E0,-1.013E1));
#1745=VERTEX_POINT('',#1744);
#1746=CARTESIAN_POINT('',(1.03E1,-1.8E0,-3.E-1));
#1747=CARTESIAN_POINT('',(1.055E1,-1.8E0,-3.E-1));
#1748=VERTEX_POINT('',#1746);
#1749=VERTEX_POINT('',#1747);
#1750=CARTESIAN_POINT('',(-1.036261364576E1,-1.9E0,-2.85E0));
#1751=CARTESIAN_POINT('',(-1.036261364576E1,-1.9E0,-4.45E0));
#1752=VERTEX_POINT('',#1750);
#1753=VERTEX_POINT('',#1751);
#1754=CARTESIAN_POINT('',(1.27E0,1.8E0,-1.16E1));
#1755=VERTEX_POINT('',#1754);
#1756=CARTESIAN_POINT('',(1.005E1,1.55E0,-9.3E0));
#1757=VERTEX_POINT('',#1756);
#1758=CARTESIAN_POINT('',(-4.E0,1.55E0,2.499999999999E-1));
#1759=CARTESIAN_POINT('',(-4.E0,1.512385912142E0,1.045571139260E-1));
#1760=VERTEX_POINT('',#1758);
#1761=VERTEX_POINT('',#1759);
#1762=CARTESIAN_POINT('',(-9.9E0,1.55E0,-9.457053485758E0));
#1763=VERTEX_POINT('',#1762);
#1764=CARTESIAN_POINT('',(-3.975E0,1.8E0,-4.101041867683E0));
#1765=VERTEX_POINT('',#1764);
#1766=CARTESIAN_POINT('',(2.E-1,1.8E0,-1.013E1));
#1767=VERTEX_POINT('',#1766);
#1768=CARTESIAN_POINT('',(3.75E0,1.8E0,-1.33E1));
#1769=VERTEX_POINT('',#1768);
#1770=CARTESIAN_POINT('',(-3.75E0,-1.4E0,-1.365E1));
#1771=CARTESIAN_POINT('',(3.75E0,-1.4E0,-1.365E1));
#1772=VERTEX_POINT('',#1770);
#1773=VERTEX_POINT('',#1771);
#1774=CARTESIAN_POINT('',(7.154328238718E0,1.55E0,5.75E0));
#1775=CARTESIAN_POINT('',(5.265324261993E0,1.55E0,5.079347222998E0));
#1776=VERTEX_POINT('',#1774);
#1777=VERTEX_POINT('',#1775);
#1778=CARTESIAN_POINT('',(1.015E1,1.55E0,2.754328238718E0));
#1779=VERTEX_POINT('',#1778);
#1780=CARTESIAN_POINT('',(9.95E0,1.8E0,1.E-1));
#1781=VERTEX_POINT('',#1780);
#1782=CARTESIAN_POINT('',(-3.75E0,1.2E0,-1.365E1));
#1783=VERTEX_POINT('',#1782);
#1784=CARTESIAN_POINT('',(7.025E0,1.55E0,2.5E-1));
#1785=VERTEX_POINT('',#1784);
#1786=CARTESIAN_POINT('',(4.E0,1.731040838927E0,-1.664529113553E-2));
#1787=CARTESIAN_POINT('',(4.E0,-9.223859121418E-1,-4.803553865178E0));
#1788=VERTEX_POINT('',#1786);
#1789=VERTEX_POINT('',#1787);
#1790=CARTESIAN_POINT('',(2.E-1,1.7E0,-1.12E1));
#1791=VERTEX_POINT('',#1790);
#1792=CARTESIAN_POINT('',(-1.03E1,-1.8E0,-3.000000000001E-1));
#1793=VERTEX_POINT('',#1792);
#1794=CARTESIAN_POINT('',(-1.27E0,1.7E0,-1.12E1));
#1795=VERTEX_POINT('',#1794);
#1796=CARTESIAN_POINT('',(5.5E0,-9.6E-1,-7.06E0));
#1797=CARTESIAN_POINT('',(4.E0,-9.6E-1,-5.56E0));
#1798=VERTEX_POINT('',#1796);
#1799=VERTEX_POINT('',#1797);
#1800=CARTESIAN_POINT('',(3.75E0,-1.4E0,-1.39E1));
#1801=VERTEX_POINT('',#1800);
#1802=CARTESIAN_POINT('',(-1.055E1,1.3E0,-9.3E0));
#1803=VERTEX_POINT('',#1802);
#1804=CARTESIAN_POINT('',(1.055E1,-1.5E0,0.E0));
#1805=VERTEX_POINT('',#1804);
#1806=CARTESIAN_POINT('',(7.E0,-1.141040838927E0,-4.682351460116E0));
#1807=CARTESIAN_POINT('',(7.E0,-1.21E0,-4.948996751252E0));
#1808=VERTEX_POINT('',#1806);
#1809=VERTEX_POINT('',#1807);
#1810=CARTESIAN_POINT('',(-7.154328238718E0,1.55E0,5.75E0));
#1811=VERTEX_POINT('',#1810);
#1812=CARTESIAN_POINT('',(-5.265324261993E0,1.55E0,5.079347222998E0));
#1813=VERTEX_POINT('',#1812);
#1814=CARTESIAN_POINT('',(1.055E1,-1.8E0,-9.E0));
#1815=VERTEX_POINT('',#1814);
#1816=CARTESIAN_POINT('',(-1.119156059729E1,-3.174356076261E0,-4.45E0));
#1817=CARTESIAN_POINT('',(-1.059174243050E1,-1.8E0,-4.45E0));
#1818=VERTEX_POINT('',#1816);
#1819=VERTEX_POINT('',#1817);
#1820=CARTESIAN_POINT('',(-2.E-1,1.8E0,-1.12E1));
#1821=VERTEX_POINT('',#1820);
#1822=CARTESIAN_POINT('',(-7.E0,-9.223859121418E-1,-4.803553865178E0));
#1823=CARTESIAN_POINT('',(-4.E0,-9.223859121418E-1,-4.803553865178E0));
#1824=VERTEX_POINT('',#1822);
#1825=VERTEX_POINT('',#1823);
#1826=CARTESIAN_POINT('',(1.015E1,1.8E0,1.E-1));
#1827=CARTESIAN_POINT('',(1.015E1,1.55E0,1.E-1));
#1828=VERTEX_POINT('',#1826);
#1829=VERTEX_POINT('',#1827);
#1830=CARTESIAN_POINT('',(1.1E1,-3.454356076261E0,-4.45E0));
#1831=VERTEX_POINT('',#1830);
#1832=CARTESIAN_POINT('',(-4.E0,-9.6E-1,-4.948996751252E0));
#1833=CARTESIAN_POINT('',(-7.E0,-9.6E-1,-4.948996751252E0));
#1834=VERTEX_POINT('',#1832);
#1835=VERTEX_POINT('',#1833);
#1836=CARTESIAN_POINT('',(1.015E1,1.8E0,2.754328238718E0));
#1837=VERTEX_POINT('',#1836);
#1838=CARTESIAN_POINT('',(7.E0,1.512385912142E0,1.045571139261E-1));
#1839=VERTEX_POINT('',#1838);
#1840=CARTESIAN_POINT('',(-4.E0,1.8E0,2.499999999999E-1));
#1841=VERTEX_POINT('',#1840);
#1842=CARTESIAN_POINT('',(-5.5E0,-9.6E-1,-7.06E0));
#1843=VERTEX_POINT('',#1842);
#1844=CARTESIAN_POINT('',(-1.1E1,-3.454356076261E0,-2.85E0));
#1845=VERTEX_POINT('',#1844);
#1846=CARTESIAN_POINT('',(-1.1E1,-3.454356076261E0,-4.45E0));
#1847=VERTEX_POINT('',#1846);
#1848=CARTESIAN_POINT('',(2.E-1,1.8E0,-1.16E1));
#1849=VERTEX_POINT('',#1848);
#1850=CARTESIAN_POINT('',(-3.75E0,1.8E0,-1.33E1));
#1851=VERTEX_POINT('',#1850);
#1852=CARTESIAN_POINT('',(-5.5E0,1.55E0,-9.9E0));
#1853=VERTEX_POINT('',#1852);
#1854=CARTESIAN_POINT('',(4.E0,-1.21E0,-5.56E0));
#1855=VERTEX_POINT('',#1854);
#1856=CARTESIAN_POINT('',(-5.265324261993E0,1.8E0,5.079347222998E0));
#1857=VERTEX_POINT('',#1856);
#1858=CARTESIAN_POINT('',(9.9E0,1.8E0,-9.35E0));
#1859=VERTEX_POINT('',#1858);
#1860=CARTESIAN_POINT('',(-3.975E0,1.8E0,2.499999999999E-1));
#1861=VERTEX_POINT('',#1860);
#1862=CARTESIAN_POINT('',(5.5E0,1.55E0,-9.9E0));
#1863=VERTEX_POINT('',#1862);
#1864=CARTESIAN_POINT('',(-4.E0,1.731040838927E0,-1.664529113558E-2));
#1865=VERTEX_POINT('',#1864);
#1866=CARTESIAN_POINT('',(7.154328238718E0,1.8E0,5.75E0));
#1867=VERTEX_POINT('',#1866);
#1868=CARTESIAN_POINT('',(5.265324261993E0,1.8E0,5.079347222998E0));
#1869=VERTEX_POINT('',#1868);
#1870=CARTESIAN_POINT('',(9.9E0,1.8E0,-9.457053485758E0));
#1871=VERTEX_POINT('',#1870);
#1872=CARTESIAN_POINT('',(-7.E0,-1.21E0,-5.56E0));
#1873=VERTEX_POINT('',#1872);
#1874=CARTESIAN_POINT('',(7.E0,-9.6E-1,-5.56E0));
#1875=VERTEX_POINT('',#1874);
#1876=CARTESIAN_POINT('',(1.119156059729E1,-3.174356076262E0,-4.45E0));
#1877=VERTEX_POINT('',#1876);
#1878=CARTESIAN_POINT('',(1.011307620382E1,-4.623989474962E0,-3.65E0));
#1879=VERTEX_POINT('',#1878);
#1880=CARTESIAN_POINT('',(-1.125E1,-3.454356076261E0,-4.45E0));
#1881=VERTEX_POINT('',#1880);
#1882=CARTESIAN_POINT('',(1.03E1,-4.79E0,-3.65E0));
#1883=VERTEX_POINT('',#1882);
#1884=CARTESIAN_POINT('',(1.083123368012E1,-4.191843852239E0,-2.85E0));
#1885=VERTEX_POINT('',#1884);
#1886=CARTESIAN_POINT('',(-7.E0,-9.6E-1,-5.56E0));
#1887=VERTEX_POINT('',#1886);
#1888=CARTESIAN_POINT('',(1.059174243050E1,-1.8E0,-4.45E0));
#1889=VERTEX_POINT('',#1888);
#1890=CARTESIAN_POINT('',(-7.154328238718E0,1.8E0,5.75E0));
#1891=VERTEX_POINT('',#1890);
#1892=CARTESIAN_POINT('',(-1.059174243050E1,-1.8E0,-2.85E0));
#1893=VERTEX_POINT('',#1892);
#1894=CARTESIAN_POINT('',(1.032715838526E1,-1.8E0,-4.45E0));
#1895=CARTESIAN_POINT('',(1.032715838526E1,-1.8E0,-2.85E0));
#1896=VERTEX_POINT('',#1894);
#1897=VERTEX_POINT('',#1895);
#1898=CARTESIAN_POINT('',(1.055E1,-1.6E0,-4.45E0));
#1899=CARTESIAN_POINT('',(1.055E1,-1.8E0,-4.45E0));
#1900=VERTEX_POINT('',#1898);
#1901=VERTEX_POINT('',#1899);
#1902=CARTESIAN_POINT('',(1.055E1,-1.6E0,-2.85E0));
#1903=CARTESIAN_POINT('',(1.055E1,-1.8E0,-2.85E0));
#1904=VERTEX_POINT('',#1902);
#1905=VERTEX_POINT('',#1903);
#1906=CARTESIAN_POINT('',(-1.055E1,-1.6E0,-2.85E0));
#1907=CARTESIAN_POINT('',(-1.055E1,-1.8E0,-2.85E0));
#1908=VERTEX_POINT('',#1906);
#1909=VERTEX_POINT('',#1907);
#1910=CARTESIAN_POINT('',(-1.032715838526E1,-1.8E0,-2.85E0));
#1911=VERTEX_POINT('',#1910);
#1912=CARTESIAN_POINT('',(-1.032715838526E1,-1.8E0,-4.45E0));
#1913=VERTEX_POINT('',#1912);
#1914=CARTESIAN_POINT('',(-1.055E1,-1.6E0,-4.45E0));
#1915=CARTESIAN_POINT('',(-1.055E1,-1.8E0,-4.45E0));
#1916=VERTEX_POINT('',#1914);
#1917=VERTEX_POINT('',#1915);
#1918=CARTESIAN_POINT('',(7.154328238718E0,1.55E0,2.754328238718E0));
#1919=DIRECTION('',(0.E0,1.E0,0.E0));
#1920=DIRECTION('',(0.E0,0.E0,-1.E0));
#1921=AXIS2_PLACEMENT_3D('',#1918,#1919,#1920);
#1922=PLANE('',#1921);
#1924=ORIENTED_EDGE('',*,*,#1923,.F.);
#1926=ORIENTED_EDGE('',*,*,#1925,.F.);
#1928=ORIENTED_EDGE('',*,*,#1927,.F.);
#1930=ORIENTED_EDGE('',*,*,#1929,.T.);
#1932=ORIENTED_EDGE('',*,*,#1931,.F.);
#1934=ORIENTED_EDGE('',*,*,#1933,.F.);
#1936=ORIENTED_EDGE('',*,*,#1935,.F.);
#1938=ORIENTED_EDGE('',*,*,#1937,.F.);
#1940=ORIENTED_EDGE('',*,*,#1939,.F.);
#1942=ORIENTED_EDGE('',*,*,#1941,.F.);
#1944=ORIENTED_EDGE('',*,*,#1943,.F.);
#1946=ORIENTED_EDGE('',*,*,#1945,.F.);
#1948=ORIENTED_EDGE('',*,*,#1947,.F.);
#1950=ORIENTED_EDGE('',*,*,#1949,.F.);
#1952=ORIENTED_EDGE('',*,*,#1951,.F.);
#1954=ORIENTED_EDGE('',*,*,#1953,.F.);
#1956=ORIENTED_EDGE('',*,*,#1955,.F.);
#1958=ORIENTED_EDGE('',*,*,#1957,.F.);
#1960=ORIENTED_EDGE('',*,*,#1959,.T.);
#1962=ORIENTED_EDGE('',*,*,#1961,.F.);
#1964=ORIENTED_EDGE('',*,*,#1963,.F.);
#1966=ORIENTED_EDGE('',*,*,#1965,.F.);
#1968=ORIENTED_EDGE('',*,*,#1967,.F.);
#1970=ORIENTED_EDGE('',*,*,#1969,.T.);
#1972=ORIENTED_EDGE('',*,*,#1971,.F.);
#1973=EDGE_LOOP('',(#1924,#1926,#1928,#1930,#1932,#1934,#1936,#1938,#1940,#1942,
#1944,#1946,#1948,#1950,#1952,#1954,#1956,#1958,#1960,#1962,#1964,#1966,#1968,
#1970,#1972));
#1974=FACE_OUTER_BOUND('',#1973,.F.);
#1976=ORIENTED_EDGE('',*,*,#1975,.T.);
#1978=ORIENTED_EDGE('',*,*,#1977,.F.);
#1980=ORIENTED_EDGE('',*,*,#1979,.F.);
#1982=ORIENTED_EDGE('',*,*,#1981,.F.);
#1984=ORIENTED_EDGE('',*,*,#1983,.F.);
#1986=ORIENTED_EDGE('',*,*,#1985,.F.);
#1988=ORIENTED_EDGE('',*,*,#1987,.F.);
#1989=EDGE_LOOP('',(#1976,#1978,#1980,#1982,#1984,#1986,#1988));
#1990=FACE_BOUND('',#1989,.F.);
#1992=ORIENTED_EDGE('',*,*,#1991,.F.);
#1994=ORIENTED_EDGE('',*,*,#1993,.F.);
#1996=ORIENTED_EDGE('',*,*,#1995,.T.);
#1998=ORIENTED_EDGE('',*,*,#1997,.F.);
#2000=ORIENTED_EDGE('',*,*,#1999,.F.);
#2002=ORIENTED_EDGE('',*,*,#2001,.F.);
#2004=ORIENTED_EDGE('',*,*,#2003,.F.);
#2005=EDGE_LOOP('',(#1992,#1994,#1996,#1998,#2000,#2002,#2004));
#2006=FACE_BOUND('',#2005,.F.);
#2008=CARTESIAN_POINT('',(-9.9E0,1.55E0,-9.35E0));
#2009=DIRECTION('',(1.E0,0.E0,0.E0));
#2010=DIRECTION('',(0.E0,0.E0,-1.E0));
#2011=AXIS2_PLACEMENT_3D('',#2008,#2009,#2010);
#2012=PLANE('',#2011);
#2014=ORIENTED_EDGE('',*,*,#2013,.F.);
#2016=ORIENTED_EDGE('',*,*,#2015,.F.);
#2018=ORIENTED_EDGE('',*,*,#2017,.T.);
#2019=ORIENTED_EDGE('',*,*,#1923,.T.);
#2020=EDGE_LOOP('',(#2014,#2016,#2018,#2019));
#2021=FACE_OUTER_BOUND('',#2020,.F.);
#2023=CARTESIAN_POINT('',(-3.75E0,1.55E0,-1.33E1));
#2024=DIRECTION('',(-5.299192642332E-1,0.E0,-8.480480961564E-1));
#2025=DIRECTION('',(-8.480480961564E-1,0.E0,5.299192642332E-1));
#2026=AXIS2_PLACEMENT_3D('',#2023,#2024,#2025);
#2027=PLANE('',#2026);
#2029=ORIENTED_EDGE('',*,*,#2028,.F.);
#2031=ORIENTED_EDGE('',*,*,#2030,.T.);
#2032=ORIENTED_EDGE('',*,*,#2013,.T.);
#2033=ORIENTED_EDGE('',*,*,#1971,.T.);
#2034=EDGE_LOOP('',(#2029,#2031,#2032,#2033));
#2035=FACE_OUTER_BOUND('',#2034,.F.);
#2037=CARTESIAN_POINT('',(-3.75E0,1.55E0,-1.39E1));
#2038=DIRECTION('',(-1.E0,0.E0,0.E0));
#2039=DIRECTION('',(0.E0,0.E0,1.E0));
#2040=AXIS2_PLACEMENT_3D('',#2037,#2038,#2039);
#2041=PLANE('',#2040);
#2043=ORIENTED_EDGE('',*,*,#2042,.T.);
#2045=ORIENTED_EDGE('',*,*,#2044,.T.);
#2047=ORIENTED_EDGE('',*,*,#2046,.T.);
#2049=ORIENTED_EDGE('',*,*,#2048,.F.);
#2050=ORIENTED_EDGE('',*,*,#2028,.T.);
#2052=ORIENTED_EDGE('',*,*,#2051,.F.);
#2053=EDGE_LOOP('',(#2043,#2045,#2047,#2049,#2050,#2052));
#2054=FACE_OUTER_BOUND('',#2053,.F.);
#2056=CARTESIAN_POINT('',(0.E0,-8.358324094593E0,-1.365E1));
#2057=DIRECTION('',(0.E0,0.E0,-1.E0));
#2058=DIRECTION('',(-1.E0,0.E0,0.E0));
#2059=AXIS2_PLACEMENT_3D('',#2056,#2057,#2058);
#2060=PLANE('',#2059);
#2061=ORIENTED_EDGE('',*,*,#2042,.F.);
#2063=ORIENTED_EDGE('',*,*,#2062,.T.);
#2065=ORIENTED_EDGE('',*,*,#2064,.F.);
#2067=ORIENTED_EDGE('',*,*,#2066,.F.);
#2068=EDGE_LOOP('',(#2061,#2063,#2065,#2067));
#2069=FACE_OUTER_BOUND('',#2068,.F.);
#2071=CARTESIAN_POINT('',(0.E0,1.2E0,-1.33E1));
#2072=DIRECTION('',(-1.E0,0.E0,0.E0));
#2073=DIRECTION('',(0.E0,0.E0,1.E0));
#2074=AXIS2_PLACEMENT_3D('',#2071,#2072,#2073);
#2075=CYLINDRICAL_SURFACE('',#2074,3.5E-1);
#2076=ORIENTED_EDGE('',*,*,#2051,.T.);
#2077=ORIENTED_EDGE('',*,*,#1969,.F.);
#2079=ORIENTED_EDGE('',*,*,#2078,.T.);
#2080=ORIENTED_EDGE('',*,*,#2062,.F.);
#2081=EDGE_LOOP('',(#2076,#2077,#2079,#2080));
#2082=FACE_OUTER_BOUND('',#2081,.F.);
#2084=CARTESIAN_POINT('',(3.75E0,1.55E0,-1.39E1));
#2085=DIRECTION('',(1.E0,0.E0,0.E0));
#2086=DIRECTION('',(0.E0,0.E0,-1.E0));
#2087=AXIS2_PLACEMENT_3D('',#2084,#2085,#2086);
#2088=PLANE('',#2087);
#2090=ORIENTED_EDGE('',*,*,#2089,.T.);
#2092=ORIENTED_EDGE('',*,*,#2091,.T.);
#2093=ORIENTED_EDGE('',*,*,#2064,.T.);
#2094=ORIENTED_EDGE('',*,*,#2078,.F.);
#2096=ORIENTED_EDGE('',*,*,#2095,.T.);
#2098=ORIENTED_EDGE('',*,*,#2097,.F.);
#2099=EDGE_LOOP('',(#2090,#2092,#2093,#2094,#2096,#2098));
#2100=FACE_OUTER_BOUND('',#2099,.F.);
#2102=CARTESIAN_POINT('',(0.E0,1.55E0,-1.39E1));
#2103=DIRECTION('',(0.E0,0.E0,-1.E0));
#2104=DIRECTION('',(-1.E0,0.E0,0.E0));
#2105=AXIS2_PLACEMENT_3D('',#2102,#2103,#2104);
#2106=PLANE('',#2105);
#2107=ORIENTED_EDGE('',*,*,#2046,.F.);
#2109=ORIENTED_EDGE('',*,*,#2108,.T.);
#2110=ORIENTED_EDGE('',*,*,#2089,.F.);
#2112=ORIENTED_EDGE('',*,*,#2111,.T.);
#2113=EDGE_LOOP('',(#2107,#2109,#2110,#2112));
#2114=FACE_OUTER_BOUND('',#2113,.F.);
#2116=CARTESIAN_POINT('',(7.154328238718E0,-1.4E0,2.754328238718E0));
#2117=DIRECTION('',(0.E0,1.E0,0.E0));
#2118=DIRECTION('',(0.E0,0.E0,-1.E0));
#2119=AXIS2_PLACEMENT_3D('',#2116,#2117,#2118);
#2120=PLANE('',#2119);
#2121=ORIENTED_EDGE('',*,*,#2091,.F.);
#2122=ORIENTED_EDGE('',*,*,#2108,.F.);
#2123=ORIENTED_EDGE('',*,*,#2044,.F.);
#2124=ORIENTED_EDGE('',*,*,#2066,.T.);
#2125=EDGE_LOOP('',(#2121,#2122,#2123,#2124));
#2126=FACE_OUTER_BOUND('',#2125,.F.);
#2128=CARTESIAN_POINT('',(7.154328238718E0,1.2E0,-1.33E1));
#2129=DIRECTION('',(1.E0,0.E0,0.E0));
#2130=DIRECTION('',(0.E0,0.E0,-1.E0));
#2131=AXIS2_PLACEMENT_3D('',#2128,#2129,#2130);
#2132=CYLINDRICAL_SURFACE('',#2131,6.E-1);
#2134=ORIENTED_EDGE('',*,*,#2133,.F.);
#2135=ORIENTED_EDGE('',*,*,#2048,.T.);
#2136=ORIENTED_EDGE('',*,*,#2111,.F.);
#2137=ORIENTED_EDGE('',*,*,#2097,.T.);
#2138=EDGE_LOOP('',(#2134,#2135,#2136,#2137));
#2139=FACE_OUTER_BOUND('',#2138,.F.);
#2141=CARTESIAN_POINT('',(7.154328238718E0,1.8E0,2.754328238718E0));
#2142=DIRECTION('',(0.E0,1.E0,0.E0));
#2143=DIRECTION('',(0.E0,0.E0,-1.E0));
#2144=AXIS2_PLACEMENT_3D('',#2141,#2142,#2143);
#2145=PLANE('',#2144);
#2146=ORIENTED_EDGE('',*,*,#2133,.T.);
#2148=ORIENTED_EDGE('',*,*,#2147,.F.);
#2150=ORIENTED_EDGE('',*,*,#2149,.T.);
#2152=ORIENTED_EDGE('',*,*,#2151,.F.);
#2154=ORIENTED_EDGE('',*,*,#2153,.F.);
#2156=ORIENTED_EDGE('',*,*,#2155,.T.);
#2158=ORIENTED_EDGE('',*,*,#2157,.F.);
#2160=ORIENTED_EDGE('',*,*,#2159,.F.);
#2162=ORIENTED_EDGE('',*,*,#2161,.T.);
#2164=ORIENTED_EDGE('',*,*,#2163,.F.);
#2166=ORIENTED_EDGE('',*,*,#2165,.F.);
#2168=ORIENTED_EDGE('',*,*,#2167,.F.);
#2170=ORIENTED_EDGE('',*,*,#2169,.F.);
#2172=ORIENTED_EDGE('',*,*,#2171,.F.);
#2174=ORIENTED_EDGE('',*,*,#2173,.F.);
#2176=ORIENTED_EDGE('',*,*,#2175,.F.);
#2178=ORIENTED_EDGE('',*,*,#2177,.F.);
#2180=ORIENTED_EDGE('',*,*,#2179,.T.);
#2182=ORIENTED_EDGE('',*,*,#2181,.F.);
#2184=ORIENTED_EDGE('',*,*,#2183,.F.);
#2186=ORIENTED_EDGE('',*,*,#2185,.T.);
#2188=ORIENTED_EDGE('',*,*,#2187,.F.);
#2190=ORIENTED_EDGE('',*,*,#2189,.F.);
#2191=ORIENTED_EDGE('',*,*,#2015,.T.);
#2192=ORIENTED_EDGE('',*,*,#2030,.F.);
#2193=EDGE_LOOP('',(#2146,#2148,#2150,#2152,#2154,#2156,#2158,#2160,#2162,#2164,
#2166,#2168,#2170,#2172,#2174,#2176,#2178,#2180,#2182,#2184,#2186,#2188,#2190,
#2191,#2192));
#2194=FACE_OUTER_BOUND('',#2193,.F.);
#2196=ORIENTED_EDGE('',*,*,#2195,.T.);
#2198=ORIENTED_EDGE('',*,*,#2197,.T.);
#2200=ORIENTED_EDGE('',*,*,#2199,.T.);
#2202=ORIENTED_EDGE('',*,*,#2201,.T.);
#2204=ORIENTED_EDGE('',*,*,#2203,.T.);
#2206=ORIENTED_EDGE('',*,*,#2205,.F.);
#2208=ORIENTED_EDGE('',*,*,#2207,.F.);
#2209=EDGE_LOOP('',(#2196,#2198,#2200,#2202,#2204,#2206,#2208));
#2210=FACE_BOUND('',#2209,.F.);
#2212=ORIENTED_EDGE('',*,*,#2211,.T.);
#2214=ORIENTED_EDGE('',*,*,#2213,.T.);
#2216=ORIENTED_EDGE('',*,*,#2215,.T.);
#2218=ORIENTED_EDGE('',*,*,#2217,.F.);
#2220=ORIENTED_EDGE('',*,*,#2219,.F.);
#2222=ORIENTED_EDGE('',*,*,#2221,.T.);
#2224=ORIENTED_EDGE('',*,*,#2223,.T.);
#2225=EDGE_LOOP('',(#2212,#2214,#2216,#2218,#2220,#2222,#2224));
#2226=FACE_BOUND('',#2225,.F.);
#2228=ORIENTED_EDGE('',*,*,#2227,.T.);
#2230=ORIENTED_EDGE('',*,*,#2229,.T.);
#2232=ORIENTED_EDGE('',*,*,#2231,.T.);
#2234=ORIENTED_EDGE('',*,*,#2233,.T.);
#2236=ORIENTED_EDGE('',*,*,#2235,.T.);
#2238=ORIENTED_EDGE('',*,*,#2237,.T.);
#2240=ORIENTED_EDGE('',*,*,#2239,.T.);
#2242=ORIENTED_EDGE('',*,*,#2241,.T.);
#2244=ORIENTED_EDGE('',*,*,#2243,.T.);
#2246=ORIENTED_EDGE('',*,*,#2245,.T.);
#2248=ORIENTED_EDGE('',*,*,#2247,.T.);
#2250=ORIENTED_EDGE('',*,*,#2249,.T.);
#2251=EDGE_LOOP('',(#2228,#2230,#2232,#2234,#2236,#2238,#2240,#2242,#2244,#2246,
#2248,#2250));
#2252=FACE_BOUND('',#2251,.F.);
#2254=CARTESIAN_POINT('',(3.75E0,1.55E0,-1.33E1));
#2255=DIRECTION('',(5.299192642332E-1,0.E0,-8.480480961564E-1));
#2256=DIRECTION('',(-8.480480961564E-1,0.E0,-5.299192642332E-1));
#2257=AXIS2_PLACEMENT_3D('',#2254,#2255,#2256);
#2258=PLANE('',#2257);
#2259=ORIENTED_EDGE('',*,*,#2095,.F.);
#2260=ORIENTED_EDGE('',*,*,#1967,.T.);
#2262=ORIENTED_EDGE('',*,*,#2261,.T.);
#2263=ORIENTED_EDGE('',*,*,#2147,.T.);
#2264=EDGE_LOOP('',(#2259,#2260,#2262,#2263));
#2265=FACE_OUTER_BOUND('',#2264,.F.);
#2267=CARTESIAN_POINT('',(9.9E0,1.55E0,-9.35E0));
#2268=DIRECTION('',(-1.E0,0.E0,0.E0));
#2269=DIRECTION('',(0.E0,0.E0,1.E0));
#2270=AXIS2_PLACEMENT_3D('',#2267,#2268,#2269);
#2271=PLANE('',#2270);
#2273=ORIENTED_EDGE('',*,*,#2272,.T.);
#2274=ORIENTED_EDGE('',*,*,#2149,.F.);
#2275=ORIENTED_EDGE('',*,*,#2261,.F.);
#2276=ORIENTED_EDGE('',*,*,#1965,.T.);
#2277=EDGE_LOOP('',(#2273,#2274,#2275,#2276));
#2278=FACE_OUTER_BOUND('',#2277,.F.);
#2280=CARTESIAN_POINT('',(9.95E0,-4.79E0,-9.35E0));
#2281=DIRECTION('',(0.E0,1.E0,0.E0));
#2282=DIRECTION('',(0.E0,0.E0,-1.E0));
#2283=AXIS2_PLACEMENT_3D('',#2280,#2281,#2282);
#2284=CYLINDRICAL_SURFACE('',#2283,5.E-2);
#2285=ORIENTED_EDGE('',*,*,#2151,.T.);
#2286=ORIENTED_EDGE('',*,*,#2272,.F.);
#2287=ORIENTED_EDGE('',*,*,#1963,.T.);
#2289=ORIENTED_EDGE('',*,*,#2288,.F.);
#2290=EDGE_LOOP('',(#2285,#2286,#2287,#2289));
#2291=FACE_OUTER_BOUND('',#2290,.F.);
#2293=CARTESIAN_POINT('',(1.005E1,1.3E0,-9.3E0));
#2294=DIRECTION('',(0.E0,0.E0,-1.E0));
#2295=DIRECTION('',(-1.E0,0.E0,0.E0));
#2296=AXIS2_PLACEMENT_3D('',#2293,#2294,#2295);
#2297=PLANE('',#2296);
#2298=ORIENTED_EDGE('',*,*,#2153,.T.);
#2299=ORIENTED_EDGE('',*,*,#2288,.T.);
#2300=ORIENTED_EDGE('',*,*,#1961,.T.);
#2302=ORIENTED_EDGE('',*,*,#2301,.F.);
#2304=ORIENTED_EDGE('',*,*,#2303,.T.);
#2306=ORIENTED_EDGE('',*,*,#2305,.T.);
#2308=ORIENTED_EDGE('',*,*,#2307,.T.);
#2310=ORIENTED_EDGE('',*,*,#2309,.F.);
#2311=EDGE_LOOP('',(#2298,#2299,#2300,#2302,#2304,#2306,#2308,#2310));
#2312=FACE_OUTER_BOUND('',#2311,.F.);
#2314=CARTESIAN_POINT('',(1.005E1,1.3E0,-9.3E0));
#2315=DIRECTION('',(0.E0,0.E0,1.E0));
#2316=DIRECTION('',(1.E0,0.E0,0.E0));
#2317=AXIS2_PLACEMENT_3D('',#2314,#2315,#2316);
#2318=CYLINDRICAL_SURFACE('',#2317,2.5E-1);
#2319=ORIENTED_EDGE('',*,*,#1959,.F.);
#2321=ORIENTED_EDGE('',*,*,#2320,.T.);
#2323=ORIENTED_EDGE('',*,*,#2322,.F.);
#2324=ORIENTED_EDGE('',*,*,#2301,.T.);
#2325=EDGE_LOOP('',(#2319,#2321,#2323,#2324));
#2326=FACE_OUTER_BOUND('',#2325,.F.);
#2328=CARTESIAN_POINT('',(1.005E1,1.8E0,0.E0));
#2329=DIRECTION('',(0.E0,0.E0,1.E0));
#2330=DIRECTION('',(1.E0,0.E0,0.E0));
#2331=AXIS2_PLACEMENT_3D('',#2328,#2329,#2330);
#2332=PLANE('',#2331);
#2333=ORIENTED_EDGE('',*,*,#1957,.T.);
#2335=ORIENTED_EDGE('',*,*,#2334,.T.);
#2336=ORIENTED_EDGE('',*,*,#2157,.T.);
#2338=ORIENTED_EDGE('',*,*,#2337,.F.);
#2340=ORIENTED_EDGE('',*,*,#2339,.F.);
#2342=ORIENTED_EDGE('',*,*,#2341,.T.);
#2344=ORIENTED_EDGE('',*,*,#2343,.T.);
#2345=ORIENTED_EDGE('',*,*,#2320,.F.);
#2346=EDGE_LOOP('',(#2333,#2335,#2336,#2338,#2340,#2342,#2344,#2345));
#2347=FACE_OUTER_BOUND('',#2346,.F.);
#2349=CARTESIAN_POINT('',(9.95E0,-4.79E0,5.E-2));
#2350=DIRECTION('',(0.E0,1.E0,0.E0));
#2351=DIRECTION('',(0.E0,0.E0,-1.E0));
#2352=AXIS2_PLACEMENT_3D('',#2349,#2350,#2351);
#2353=CYLINDRICAL_SURFACE('',#2352,5.E-2);
#2354=ORIENTED_EDGE('',*,*,#1955,.T.);
#2356=ORIENTED_EDGE('',*,*,#2355,.F.);
#2357=ORIENTED_EDGE('',*,*,#2159,.T.);
#2358=ORIENTED_EDGE('',*,*,#2334,.F.);
#2359=EDGE_LOOP('',(#2354,#2356,#2357,#2358));
#2360=FACE_OUTER_BOUND('',#2359,.F.);
#2362=CARTESIAN_POINT('',(9.95E0,-4.79E0,1.E-1));
#2363=DIRECTION('',(0.E0,0.E0,1.E0));
#2364=DIRECTION('',(1.E0,0.E0,0.E0));
#2365=AXIS2_PLACEMENT_3D('',#2362,#2363,#2364);
#2366=PLANE('',#2365);
#2367=ORIENTED_EDGE('',*,*,#1953,.T.);
#2369=ORIENTED_EDGE('',*,*,#2368,.F.);
#2370=ORIENTED_EDGE('',*,*,#2161,.F.);
#2371=ORIENTED_EDGE('',*,*,#2355,.T.);
#2372=EDGE_LOOP('',(#2367,#2369,#2370,#2371));
#2373=FACE_OUTER_BOUND('',#2372,.F.);
#2375=CARTESIAN_POINT('',(1.015E1,1.55E0,0.E0));
#2376=DIRECTION('',(1.E0,0.E0,0.E0));
#2377=DIRECTION('',(0.E0,0.E0,-1.E0));
#2378=AXIS2_PLACEMENT_3D('',#2375,#2376,#2377);
#2379=PLANE('',#2378);
#2381=ORIENTED_EDGE('',*,*,#2380,.T.);
#2382=ORIENTED_EDGE('',*,*,#2163,.T.);
#2383=ORIENTED_EDGE('',*,*,#2368,.T.);
#2384=ORIENTED_EDGE('',*,*,#1951,.T.);
#2385=EDGE_LOOP('',(#2381,#2382,#2383,#2384));
#2386=FACE_OUTER_BOUND('',#2385,.F.);
#2388=CARTESIAN_POINT('',(7.154328238718E0,1.55E0,2.754328238718E0));
#2389=DIRECTION('',(0.E0,1.E0,0.E0));
#2390=DIRECTION('',(0.E0,0.E0,-1.E0));
#2391=AXIS2_PLACEMENT_3D('',#2388,#2389,#2390);
#2392=CYLINDRICAL_SURFACE('',#2391,2.995671761282E0);
#2393=ORIENTED_EDGE('',*,*,#1947,.T.);
#2395=ORIENTED_EDGE('',*,*,#2394,.T.);
#2396=ORIENTED_EDGE('',*,*,#2167,.T.);
#2397=ORIENTED_EDGE('',*,*,#2165,.T.);
#2398=ORIENTED_EDGE('',*,*,#2380,.F.);
#2399=ORIENTED_EDGE('',*,*,#1949,.T.);
#2400=EDGE_LOOP('',(#2393,#2395,#2396,#2397,#2398,#2399));
#2401=FACE_OUTER_BOUND('',#2400,.F.);
#2403=CARTESIAN_POINT('',(0.E0,1.55E0,1.156E1));
#2404=DIRECTION('',(0.E0,1.E0,0.E0));
#2405=DIRECTION('',(0.E0,0.E0,-1.E0));
#2406=AXIS2_PLACEMENT_3D('',#2403,#2404,#2405);
#2407=CYLINDRICAL_SURFACE('',#2406,8.35E0);
#2409=ORIENTED_EDGE('',*,*,#2408,.F.);
#2410=ORIENTED_EDGE('',*,*,#2169,.T.);
#2411=ORIENTED_EDGE('',*,*,#2394,.F.);
#2412=ORIENTED_EDGE('',*,*,#1945,.T.);
#2413=EDGE_LOOP('',(#2409,#2410,#2411,#2412));
#2414=FACE_OUTER_BOUND('',#2413,.F.);
#2416=CARTESIAN_POINT('',(0.E0,1.55E0,1.156E1));
#2417=DIRECTION('',(0.E0,1.E0,0.E0));
#2418=DIRECTION('',(0.E0,0.E0,-1.E0));
#2419=AXIS2_PLACEMENT_3D('',#2416,#2417,#2418);
#2420=CYLINDRICAL_SURFACE('',#2419,8.35E0);
#2421=ORIENTED_EDGE('',*,*,#1943,.T.);
#2423=ORIENTED_EDGE('',*,*,#2422,.F.);
#2424=ORIENTED_EDGE('',*,*,#2171,.T.);
#2425=ORIENTED_EDGE('',*,*,#2408,.T.);
#2426=EDGE_LOOP('',(#2421,#2423,#2424,#2425));
#2427=FACE_OUTER_BOUND('',#2426,.F.);
#2429=CARTESIAN_POINT('',(-7.154328238718E0,1.55E0,2.754328238718E0));
#2430=DIRECTION('',(0.E0,1.E0,0.E0));
#2431=DIRECTION('',(0.E0,0.E0,-1.E0));
#2432=AXIS2_PLACEMENT_3D('',#2429,#2430,#2431);
#2433=CYLINDRICAL_SURFACE('',#2432,2.995671761282E0);
#2434=ORIENTED_EDGE('',*,*,#1939,.T.);
#2436=ORIENTED_EDGE('',*,*,#2435,.F.);
#2437=ORIENTED_EDGE('',*,*,#2175,.T.);
#2438=ORIENTED_EDGE('',*,*,#2173,.T.);
#2439=ORIENTED_EDGE('',*,*,#2422,.T.);
#2440=ORIENTED_EDGE('',*,*,#1941,.T.);
#2441=EDGE_LOOP('',(#2434,#2436,#2437,#2438,#2439,#2440));
#2442=FACE_OUTER_BOUND('',#2441,.F.);
#2444=CARTESIAN_POINT('',(-1.015E1,1.55E0,-1.407762795225E-13));
#2445=DIRECTION('',(-1.E0,0.E0,0.E0));
#2446=DIRECTION('',(0.E0,0.E0,1.E0));
#2447=AXIS2_PLACEMENT_3D('',#2444,#2445,#2446);
#2448=PLANE('',#2447);
#2449=ORIENTED_EDGE('',*,*,#2435,.T.);
#2450=ORIENTED_EDGE('',*,*,#1937,.T.);
#2452=ORIENTED_EDGE('',*,*,#2451,.T.);
#2453=ORIENTED_EDGE('',*,*,#2177,.T.);
#2454=EDGE_LOOP('',(#2449,#2450,#2452,#2453));
#2455=FACE_OUTER_BOUND('',#2454,.F.);
#2457=CARTESIAN_POINT('',(-9.95E0,-4.79E0,9.999999999986E-2));
#2458=DIRECTION('',(0.E0,0.E0,1.E0));
#2459=DIRECTION('',(1.E0,0.E0,0.E0));
#2460=AXIS2_PLACEMENT_3D('',#2457,#2458,#2459);
#2461=PLANE('',#2460);
#2462=ORIENTED_EDGE('',*,*,#2179,.F.);
#2463=ORIENTED_EDGE('',*,*,#2451,.F.);
#2464=ORIENTED_EDGE('',*,*,#1935,.T.);
#2466=ORIENTED_EDGE('',*,*,#2465,.T.);
#2467=EDGE_LOOP('',(#2462,#2463,#2464,#2466));
#2468=FACE_OUTER_BOUND('',#2467,.F.);
#2470=CARTESIAN_POINT('',(-9.95E0,-4.79E0,4.999999999986E-2));
#2471=DIRECTION('',(0.E0,1.E0,0.E0));
#2472=DIRECTION('',(0.E0,0.E0,-1.E0));
#2473=AXIS2_PLACEMENT_3D('',#2470,#2471,#2472);
#2474=CYLINDRICAL_SURFACE('',#2473,5.E-2);
#2475=ORIENTED_EDGE('',*,*,#2181,.T.);
#2476=ORIENTED_EDGE('',*,*,#2465,.F.);
#2477=ORIENTED_EDGE('',*,*,#1933,.T.);
#2479=ORIENTED_EDGE('',*,*,#2478,.F.);
#2480=EDGE_LOOP('',(#2475,#2476,#2477,#2479));
#2481=FACE_OUTER_BOUND('',#2480,.F.);
#2483=CARTESIAN_POINT('',(-1.005E1,1.8E0,-1.403321903126E-13));
#2484=DIRECTION('',(0.E0,0.E0,1.E0));
#2485=DIRECTION('',(1.E0,0.E0,0.E0));
#2486=AXIS2_PLACEMENT_3D('',#2483,#2484,#2485);
#2487=PLANE('',#2486);
#2488=ORIENTED_EDGE('',*,*,#2183,.T.);
#2489=ORIENTED_EDGE('',*,*,#2478,.T.);
#2490=ORIENTED_EDGE('',*,*,#1931,.T.);
#2492=ORIENTED_EDGE('',*,*,#2491,.F.);
#2494=ORIENTED_EDGE('',*,*,#2493,.T.);
#2496=ORIENTED_EDGE('',*,*,#2495,.T.);
#2498=ORIENTED_EDGE('',*,*,#2497,.F.);
#2500=ORIENTED_EDGE('',*,*,#2499,.F.);
#2501=EDGE_LOOP('',(#2488,#2489,#2490,#2492,#2494,#2496,#2498,#2500));
#2502=FACE_OUTER_BOUND('',#2501,.F.);
#2504=CARTESIAN_POINT('',(-1.005E1,1.3E0,-9.3E0));
#2505=DIRECTION('',(0.E0,0.E0,1.E0));
#2506=DIRECTION('',(1.E0,0.E0,0.E0));
#2507=AXIS2_PLACEMENT_3D('',#2504,#2505,#2506);
#2508=CYLINDRICAL_SURFACE('',#2507,2.5E-1);
#2510=ORIENTED_EDGE('',*,*,#2509,.F.);
#2511=ORIENTED_EDGE('',*,*,#2491,.T.);
#2512=ORIENTED_EDGE('',*,*,#1929,.F.);
#2514=ORIENTED_EDGE('',*,*,#2513,.T.);
#2515=EDGE_LOOP('',(#2510,#2511,#2512,#2514));
#2516=FACE_OUTER_BOUND('',#2515,.F.);
#2518=CARTESIAN_POINT('',(-1.03E1,1.8E0,-9.3E0));
#2519=DIRECTION('',(-1.E0,0.E0,0.E0));
#2520=DIRECTION('',(0.E0,0.E0,1.E0));
#2521=AXIS2_PLACEMENT_3D('',#2518,#2519,#2520);
#2522=PLANE('',#2521);
#2524=ORIENTED_EDGE('',*,*,#2523,.T.);
#2526=ORIENTED_EDGE('',*,*,#2525,.F.);
#2527=ORIENTED_EDGE('',*,*,#2493,.F.);
#2528=ORIENTED_EDGE('',*,*,#2509,.T.);
#2530=ORIENTED_EDGE('',*,*,#2529,.F.);
#2532=ORIENTED_EDGE('',*,*,#2531,.F.);
#2533=EDGE_LOOP('',(#2524,#2526,#2527,#2528,#2530,#2532));
#2534=FACE_OUTER_BOUND('',#2533,.F.);
#2536=CARTESIAN_POINT('',(-1.055E1,-1.8E0,-9.3E0));
#2537=DIRECTION('',(0.E0,-1.E0,0.E0));
#2538=DIRECTION('',(0.E0,0.E0,1.E0));
#2539=AXIS2_PLACEMENT_3D('',#2536,#2537,#2538);
#2540=PLANE('',#2539);
#2541=ORIENTED_EDGE('',*,*,#2523,.F.);
#2543=ORIENTED_EDGE('',*,*,#2542,.T.);
#2545=ORIENTED_EDGE('',*,*,#2544,.T.);
#2547=ORIENTED_EDGE('',*,*,#2546,.F.);
#2549=ORIENTED_EDGE('',*,*,#2548,.T.);
#2551=ORIENTED_EDGE('',*,*,#2550,.T.);
#2553=ORIENTED_EDGE('',*,*,#2552,.T.);
#2555=ORIENTED_EDGE('',*,*,#2554,.T.);
#2556=EDGE_LOOP('',(#2541,#2543,#2545,#2547,#2549,#2551,#2553,#2555));
#2557=FACE_OUTER_BOUND('',#2556,.F.);
#2559=CARTESIAN_POINT('',(-1.055E1,-1.5E0,-9.E0));
#2560=DIRECTION('',(1.E0,0.E0,0.E0));
#2561=DIRECTION('',(0.E0,0.E0,-1.E0));
#2562=AXIS2_PLACEMENT_3D('',#2559,#2560,#2561);
#2563=CYLINDRICAL_SURFACE('',#2562,3.E-1);
#2564=ORIENTED_EDGE('',*,*,#2531,.T.);
#2566=ORIENTED_EDGE('',*,*,#2565,.F.);
#2568=ORIENTED_EDGE('',*,*,#2567,.T.);
#2569=ORIENTED_EDGE('',*,*,#2542,.F.);
#2570=EDGE_LOOP('',(#2564,#2566,#2568,#2569));
#2571=FACE_OUTER_BOUND('',#2570,.F.);
#2573=CARTESIAN_POINT('',(-1.005E1,1.3E0,-9.3E0));
#2574=DIRECTION('',(0.E0,0.E0,-1.E0));
#2575=DIRECTION('',(-1.E0,0.E0,0.E0));
#2576=AXIS2_PLACEMENT_3D('',#2573,#2574,#2575);
#2577=PLANE('',#2576);
#2578=ORIENTED_EDGE('',*,*,#2187,.T.);
#2580=ORIENTED_EDGE('',*,*,#2579,.F.);
#2582=ORIENTED_EDGE('',*,*,#2581,.T.);
#2583=ORIENTED_EDGE('',*,*,#2565,.T.);
#2584=ORIENTED_EDGE('',*,*,#2529,.T.);
#2585=ORIENTED_EDGE('',*,*,#2513,.F.);
#2586=ORIENTED_EDGE('',*,*,#1927,.T.);
#2588=ORIENTED_EDGE('',*,*,#2587,.T.);
#2589=EDGE_LOOP('',(#2578,#2580,#2582,#2583,#2584,#2585,#2586,#2588));
#2590=FACE_OUTER_BOUND('',#2589,.F.);
#2592=CARTESIAN_POINT('',(-1.005E1,1.3E0,-9.3E0));
#2593=DIRECTION('',(0.E0,0.E0,1.E0));
#2594=DIRECTION('',(1.E0,0.E0,0.E0));
#2595=AXIS2_PLACEMENT_3D('',#2592,#2593,#2594);
#2596=CYLINDRICAL_SURFACE('',#2595,5.E-1);
#2597=ORIENTED_EDGE('',*,*,#2579,.T.);
#2598=ORIENTED_EDGE('',*,*,#2185,.F.);
#2599=ORIENTED_EDGE('',*,*,#2499,.T.);
#2601=ORIENTED_EDGE('',*,*,#2600,.F.);
#2602=EDGE_LOOP('',(#2597,#2598,#2599,#2601));
#2603=FACE_OUTER_BOUND('',#2602,.F.);
#2605=CARTESIAN_POINT('',(-1.055E1,1.8E0,-9.3E0));
#2606=DIRECTION('',(-1.E0,0.E0,0.E0));
#2607=DIRECTION('',(0.E0,0.E0,1.E0));
#2608=AXIS2_PLACEMENT_3D('',#2605,#2606,#2607);
#2609=PLANE('',#2608);
#2611=ORIENTED_EDGE('',*,*,#2610,.T.);
#2613=ORIENTED_EDGE('',*,*,#2612,.T.);
#2614=ORIENTED_EDGE('',*,*,#2544,.F.);
#2615=ORIENTED_EDGE('',*,*,#2567,.F.);
#2616=ORIENTED_EDGE('',*,*,#2581,.F.);
#2617=ORIENTED_EDGE('',*,*,#2600,.T.);
#2618=ORIENTED_EDGE('',*,*,#2497,.T.);
#2620=ORIENTED_EDGE('',*,*,#2619,.F.);
#2621=ORIENTED_EDGE('',*,*,#2552,.F.);
#2623=ORIENTED_EDGE('',*,*,#2622,.F.);
#2624=EDGE_LOOP('',(#2611,#2613,#2614,#2615,#2616,#2617,#2618,#2620,#2621,
#2623));
#2625=FACE_OUTER_BOUND('',#2624,.F.);
#2627=CARTESIAN_POINT('',(-1.105E1,-1.6E0,-4.45E0));
#2628=DIRECTION('',(0.E0,0.E0,1.E0));
#2629=DIRECTION('',(1.E0,0.E0,0.E0));
#2630=AXIS2_PLACEMENT_3D('',#2627,#2628,#2629);
#2631=CYLINDRICAL_SURFACE('',#2630,5.E-1);
#2632=ORIENTED_EDGE('',*,*,#2610,.F.);
#2634=ORIENTED_EDGE('',*,*,#2633,.T.);
#2636=ORIENTED_EDGE('',*,*,#2635,.F.);
#2638=ORIENTED_EDGE('',*,*,#2637,.T.);
#2639=EDGE_LOOP('',(#2632,#2634,#2636,#2638));
#2640=FACE_OUTER_BOUND('',#2639,.F.);
#2642=CARTESIAN_POINT('',(-1.036261364576E1,-1.9E0,-2.85E0));
#2643=DIRECTION('',(0.E0,0.E0,1.E0));
#2644=DIRECTION('',(1.E0,0.E0,0.E0));
#2645=AXIS2_PLACEMENT_3D('',#2642,#2643,#2644);
#2646=PLANE('',#2645);
#2647=ORIENTED_EDGE('',*,*,#2622,.T.);
#2648=ORIENTED_EDGE('',*,*,#2550,.F.);
#2650=ORIENTED_EDGE('',*,*,#2649,.F.);
#2652=ORIENTED_EDGE('',*,*,#2651,.F.);
#2654=ORIENTED_EDGE('',*,*,#2653,.F.);
#2656=ORIENTED_EDGE('',*,*,#2655,.F.);
#2658=ORIENTED_EDGE('',*,*,#2657,.F.);
#2660=ORIENTED_EDGE('',*,*,#2659,.F.);
#2662=ORIENTED_EDGE('',*,*,#2661,.F.);
#2664=ORIENTED_EDGE('',*,*,#2663,.F.);
#2666=ORIENTED_EDGE('',*,*,#2665,.F.);
#2668=ORIENTED_EDGE('',*,*,#2667,.F.);
#2669=ORIENTED_EDGE('',*,*,#2633,.F.);
#2670=EDGE_LOOP('',(#2647,#2648,#2650,#2652,#2654,#2656,#2658,#2660,#2662,#2664,
#2666,#2668,#2669));
#2671=FACE_OUTER_BOUND('',#2670,.F.);
#2673=CARTESIAN_POINT('',(-1.105E1,-1.6E0,-4.45E0));
#2674=DIRECTION('',(0.E0,0.E0,1.E0));
#2675=DIRECTION('',(1.E0,0.E0,0.E0));
#2676=AXIS2_PLACEMENT_3D('',#2673,#2674,#2675);
#2677=CYLINDRICAL_SURFACE('',#2676,7.5E-1);
#2678=ORIENTED_EDGE('',*,*,#2548,.F.);
#2680=ORIENTED_EDGE('',*,*,#2679,.T.);
#2682=ORIENTED_EDGE('',*,*,#2681,.F.);
#2683=ORIENTED_EDGE('',*,*,#2649,.T.);
#2684=EDGE_LOOP('',(#2678,#2680,#2682,#2683));
#2685=FACE_OUTER_BOUND('',#2684,.F.);
#2687=CARTESIAN_POINT('',(-1.059174243050E1,-1.8E0,-4.45E0));
#2688=DIRECTION('',(0.E0,0.E0,-1.E0));
#2689=DIRECTION('',(-1.E0,0.E0,0.E0));
#2690=AXIS2_PLACEMENT_3D('',#2687,#2688,#2689);
#2691=PLANE('',#2690);
#2692=ORIENTED_EDGE('',*,*,#2612,.F.);
#2693=ORIENTED_EDGE('',*,*,#2637,.F.);
#2695=ORIENTED_EDGE('',*,*,#2694,.F.);
#2697=ORIENTED_EDGE('',*,*,#2696,.F.);
#2699=ORIENTED_EDGE('',*,*,#2698,.F.);
#2701=ORIENTED_EDGE('',*,*,#2700,.F.);
#2703=ORIENTED_EDGE('',*,*,#2702,.F.);
#2705=ORIENTED_EDGE('',*,*,#2704,.F.);
#2707=ORIENTED_EDGE('',*,*,#2706,.F.);
#2709=ORIENTED_EDGE('',*,*,#2708,.F.);
#2711=ORIENTED_EDGE('',*,*,#2710,.F.);
#2712=ORIENTED_EDGE('',*,*,#2679,.F.);
#2713=ORIENTED_EDGE('',*,*,#2546,.T.);
#2714=EDGE_LOOP('',(#2692,#2693,#2695,#2697,#2699,#2701,#2703,#2705,#2707,#2709,
#2711,#2712,#2713));
#2715=FACE_OUTER_BOUND('',#2714,.F.);
#2717=CARTESIAN_POINT('',(-1.059174243050E1,-1.8E0,-4.45E0));
#2718=DIRECTION('',(-9.165151389912E-1,4.E-1,0.E0));
#2719=DIRECTION('',(4.E-1,9.165151389912E-1,0.E0));
#2720=AXIS2_PLACEMENT_3D('',#2717,#2718,#2719);
#2721=PLANE('',#2720);
#2722=ORIENTED_EDGE('',*,*,#2694,.T.);
#2723=ORIENTED_EDGE('',*,*,#2635,.T.);
#2724=ORIENTED_EDGE('',*,*,#2667,.T.);
#2726=ORIENTED_EDGE('',*,*,#2725,.T.);
#2727=EDGE_LOOP('',(#2722,#2723,#2724,#2726));
#2728=FACE_OUTER_BOUND('',#2727,.F.);
#2730=CARTESIAN_POINT('',(-1.055E1,-3.454356076261E0,-4.45E0));
#2731=DIRECTION('',(0.E0,0.E0,1.E0));
#2732=DIRECTION('',(1.E0,0.E0,0.E0));
#2733=AXIS2_PLACEMENT_3D('',#2730,#2731,#2732);
#2734=CYLINDRICAL_SURFACE('',#2733,7.E-1);
#2735=ORIENTED_EDGE('',*,*,#2696,.T.);
#2736=ORIENTED_EDGE('',*,*,#2725,.F.);
#2737=ORIENTED_EDGE('',*,*,#2665,.T.);
#2738=ORIENTED_EDGE('',*,*,#2663,.T.);
#2740=ORIENTED_EDGE('',*,*,#2739,.F.);
#2741=ORIENTED_EDGE('',*,*,#2698,.T.);
#2742=EDGE_LOOP('',(#2735,#2736,#2737,#2738,#2740,#2741));
#2743=FACE_OUTER_BOUND('',#2742,.F.);
#2745=CARTESIAN_POINT('',(-1.107338662929E1,-3.919185546368E0,-4.45E0));
#2746=DIRECTION('',(-7.476951847012E-1,-6.640421001523E-1,0.E0));
#2747=DIRECTION('',(-6.640421001523E-1,7.476951847012E-1,0.E0));
#2748=AXIS2_PLACEMENT_3D('',#2745,#2746,#2747);
#2749=PLANE('',#2748);
#2750=ORIENTED_EDGE('',*,*,#2739,.T.);
#2751=ORIENTED_EDGE('',*,*,#2661,.T.);
#2753=ORIENTED_EDGE('',*,*,#2752,.F.);
#2755=ORIENTED_EDGE('',*,*,#2754,.F.);
#2756=ORIENTED_EDGE('',*,*,#2700,.T.);
#2757=EDGE_LOOP('',(#2750,#2751,#2753,#2755,#2756));
#2758=FACE_OUTER_BOUND('',#2757,.F.);
#2760=CARTESIAN_POINT('',(-1.030784705083E1,-3.727014382132E0,-3.65E0));
#2761=DIRECTION('',(7.476951847012E-1,6.640421001523E-1,0.E0));
#2762=DIRECTION('',(6.640421001523E-1,-7.476951847012E-1,0.E0));
#2763=AXIS2_PLACEMENT_3D('',#2760,#2761,#2762);
#2764=CYLINDRICAL_SURFACE('',#2763,8.E-1);
#2765=ORIENTED_EDGE('',*,*,#2752,.T.);
#2766=ORIENTED_EDGE('',*,*,#2659,.T.);
#2768=ORIENTED_EDGE('',*,*,#2767,.T.);
#2770=ORIENTED_EDGE('',*,*,#2769,.T.);
#2771=EDGE_LOOP('',(#2765,#2766,#2768,#2770));
#2772=FACE_OUTER_BOUND('',#2771,.F.);
#2774=CARTESIAN_POINT('',(-1.088646283312E1,-3.753175021330E0,-4.45E0));
#2775=DIRECTION('',(-7.476951847012E-1,-6.640421001523E-1,0.E0));
#2776=DIRECTION('',(-6.640421001523E-1,7.476951847012E-1,0.E0));
#2777=AXIS2_PLACEMENT_3D('',#2774,#2775,#2776);
#2778=PLANE('',#2777);
#2780=ORIENTED_EDGE('',*,*,#2779,.F.);
#2781=ORIENTED_EDGE('',*,*,#2767,.F.);
#2782=ORIENTED_EDGE('',*,*,#2657,.T.);
#2784=ORIENTED_EDGE('',*,*,#2783,.T.);
#2785=ORIENTED_EDGE('',*,*,#2704,.T.);
#2786=EDGE_LOOP('',(#2780,#2781,#2782,#2784,#2785));
#2787=FACE_OUTER_BOUND('',#2786,.F.);
#2789=CARTESIAN_POINT('',(-1.030784705083E1,-3.727014382132E0,-3.65E0));
#2790=DIRECTION('',(7.476951847012E-1,6.640421001523E-1,0.E0));
#2791=DIRECTION('',(6.640421001523E-1,-7.476951847012E-1,0.E0));
#2792=AXIS2_PLACEMENT_3D('',#2789,#2790,#2791);
#2793=CYLINDRICAL_SURFACE('',#2792,8.E-1);
#2794=ORIENTED_EDGE('',*,*,#2769,.F.);
#2795=ORIENTED_EDGE('',*,*,#2779,.T.);
#2796=ORIENTED_EDGE('',*,*,#2702,.T.);
#2797=ORIENTED_EDGE('',*,*,#2754,.T.);
#2798=EDGE_LOOP('',(#2794,#2795,#2796,#2797));
#2799=FACE_OUTER_BOUND('',#2798,.F.);
#2801=CARTESIAN_POINT('',(-1.055E1,-3.454356076261E0,-4.45E0));
#2802=DIRECTION('',(0.E0,0.E0,1.E0));
#2803=DIRECTION('',(1.E0,0.E0,0.E0));
#2804=AXIS2_PLACEMENT_3D('',#2801,#2802,#2803);
#2805=CYLINDRICAL_SURFACE('',#2804,4.5E-1);
#2806=ORIENTED_EDGE('',*,*,#2783,.F.);
#2807=ORIENTED_EDGE('',*,*,#2655,.T.);
#2808=ORIENTED_EDGE('',*,*,#2653,.T.);
#2810=ORIENTED_EDGE('',*,*,#2809,.F.);
#2811=ORIENTED_EDGE('',*,*,#2708,.T.);
#2812=ORIENTED_EDGE('',*,*,#2706,.T.);
#2813=EDGE_LOOP('',(#2806,#2807,#2808,#2810,#2811,#2812));
#2814=FACE_OUTER_BOUND('',#2813,.F.);
#2816=CARTESIAN_POINT('',(-1.036261364576E1,-1.9E0,-4.45E0));
#2817=DIRECTION('',(-9.165151389912E-1,4.E-1,0.E0));
#2818=DIRECTION('',(4.E-1,9.165151389912E-1,0.E0));
#2819=AXIS2_PLACEMENT_3D('',#2816,#2817,#2818);
#2820=PLANE('',#2819);
#2821=ORIENTED_EDGE('',*,*,#2809,.T.);
#2822=ORIENTED_EDGE('',*,*,#2651,.T.);
#2823=ORIENTED_EDGE('',*,*,#2681,.T.);
#2824=ORIENTED_EDGE('',*,*,#2710,.T.);
#2825=EDGE_LOOP('',(#2821,#2822,#2823,#2824));
#2826=FACE_OUTER_BOUND('',#2825,.F.);
#2828=CARTESIAN_POINT('',(-1.005E1,-1.5E0,-3.000000000001E-1));
#2829=DIRECTION('',(-1.E0,0.E0,0.E0));
#2830=DIRECTION('',(0.E0,0.E0,1.E0));
#2831=AXIS2_PLACEMENT_3D('',#2828,#2829,#2830);
#2832=CYLINDRICAL_SURFACE('',#2831,3.E-1);
#2833=ORIENTED_EDGE('',*,*,#2525,.T.);
#2834=ORIENTED_EDGE('',*,*,#2554,.F.);
#2835=ORIENTED_EDGE('',*,*,#2619,.T.);
#2836=ORIENTED_EDGE('',*,*,#2495,.F.);
#2837=EDGE_LOOP('',(#2833,#2834,#2835,#2836));
#2838=FACE_OUTER_BOUND('',#2837,.F.);
#2840=CARTESIAN_POINT('',(-9.95E0,-4.79E0,-9.35E0));
#2841=DIRECTION('',(0.E0,1.E0,0.E0));
#2842=DIRECTION('',(0.E0,0.E0,-1.E0));
#2843=AXIS2_PLACEMENT_3D('',#2840,#2841,#2842);
#2844=CYLINDRICAL_SURFACE('',#2843,5.E-2);
#2845=ORIENTED_EDGE('',*,*,#2017,.F.);
#2846=ORIENTED_EDGE('',*,*,#2189,.T.);
#2847=ORIENTED_EDGE('',*,*,#2587,.F.);
#2848=ORIENTED_EDGE('',*,*,#1925,.T.);
#2849=EDGE_LOOP('',(#2845,#2846,#2847,#2848));
#2850=FACE_OUTER_BOUND('',#2849,.F.);
#2852=CARTESIAN_POINT('',(1.005E1,1.3E0,-9.3E0));
#2853=DIRECTION('',(0.E0,0.E0,1.E0));
#2854=DIRECTION('',(1.E0,0.E0,0.E0));
#2855=AXIS2_PLACEMENT_3D('',#2852,#2853,#2854);
#2856=CYLINDRICAL_SURFACE('',#2855,5.E-1);
#2857=ORIENTED_EDGE('',*,*,#2309,.T.);
#2859=ORIENTED_EDGE('',*,*,#2858,.F.);
#2860=ORIENTED_EDGE('',*,*,#2337,.T.);
#2861=ORIENTED_EDGE('',*,*,#2155,.F.);
#2862=EDGE_LOOP('',(#2857,#2859,#2860,#2861));
#2863=FACE_OUTER_BOUND('',#2862,.F.);
#2865=CARTESIAN_POINT('',(1.055E1,1.8E0,-9.3E0));
#2866=DIRECTION('',(1.E0,0.E0,0.E0));
#2867=DIRECTION('',(0.E0,0.E0,-1.E0));
#2868=AXIS2_PLACEMENT_3D('',#2865,#2866,#2867);
#2869=PLANE('',#2868);
#2871=ORIENTED_EDGE('',*,*,#2870,.T.);
#2873=ORIENTED_EDGE('',*,*,#2872,.T.);
#2875=ORIENTED_EDGE('',*,*,#2874,.F.);
#2877=ORIENTED_EDGE('',*,*,#2876,.F.);
#2878=ORIENTED_EDGE('',*,*,#2339,.T.);
#2879=ORIENTED_EDGE('',*,*,#2858,.T.);
#2880=ORIENTED_EDGE('',*,*,#2307,.F.);
#2882=ORIENTED_EDGE('',*,*,#2881,.F.);
#2884=ORIENTED_EDGE('',*,*,#2883,.F.);
#2886=ORIENTED_EDGE('',*,*,#2885,.F.);
#2887=EDGE_LOOP('',(#2871,#2873,#2875,#2877,#2878,#2879,#2880,#2882,#2884,
#2886));
#2888=FACE_OUTER_BOUND('',#2887,.F.);
#2890=CARTESIAN_POINT('',(1.105E1,-1.6E0,-4.45E0));
#2891=DIRECTION('',(0.E0,0.E0,1.E0));
#2892=DIRECTION('',(1.E0,0.E0,0.E0));
#2893=AXIS2_PLACEMENT_3D('',#2890,#2891,#2892);
#2894=CYLINDRICAL_SURFACE('',#2893,5.E-1);
#2896=ORIENTED_EDGE('',*,*,#2895,.T.);
#2897=ORIENTED_EDGE('',*,*,#2870,.F.);
#2899=ORIENTED_EDGE('',*,*,#2898,.T.);
#2901=ORIENTED_EDGE('',*,*,#2900,.F.);
#2902=EDGE_LOOP('',(#2896,#2897,#2899,#2901));
#2903=FACE_OUTER_BOUND('',#2902,.F.);
#2905=CARTESIAN_POINT('',(1.036261364576E1,-1.9E0,-2.85E0));
#2906=DIRECTION('',(0.E0,0.E0,1.E0));
#2907=DIRECTION('',(1.E0,0.E0,0.E0));
#2908=AXIS2_PLACEMENT_3D('',#2905,#2906,#2907);
#2909=PLANE('',#2908);
#2910=ORIENTED_EDGE('',*,*,#2872,.F.);
#2911=ORIENTED_EDGE('',*,*,#2895,.F.);
#2913=ORIENTED_EDGE('',*,*,#2912,.F.);
#2915=ORIENTED_EDGE('',*,*,#2914,.F.);
#2917=ORIENTED_EDGE('',*,*,#2916,.F.);
#2919=ORIENTED_EDGE('',*,*,#2918,.F.);
#2921=ORIENTED_EDGE('',*,*,#2920,.F.);
#2923=ORIENTED_EDGE('',*,*,#2922,.F.);
#2925=ORIENTED_EDGE('',*,*,#2924,.F.);
#2927=ORIENTED_EDGE('',*,*,#2926,.F.);
#2929=ORIENTED_EDGE('',*,*,#2928,.F.);
#2931=ORIENTED_EDGE('',*,*,#2930,.F.);
#2933=ORIENTED_EDGE('',*,*,#2932,.T.);
#2934=EDGE_LOOP('',(#2910,#2911,#2913,#2915,#2917,#2919,#2921,#2923,#2925,#2927,
#2929,#2931,#2933));
#2935=FACE_OUTER_BOUND('',#2934,.F.);
#2937=CARTESIAN_POINT('',(1.059174243050E1,-1.8E0,-4.45E0));
#2938=DIRECTION('',(9.165151389912E-1,4.E-1,0.E0));
#2939=DIRECTION('',(4.E-1,-9.165151389912E-1,0.E0));
#2940=AXIS2_PLACEMENT_3D('',#2937,#2938,#2939);
#2941=PLANE('',#2940);
#2943=ORIENTED_EDGE('',*,*,#2942,.T.);
#2945=ORIENTED_EDGE('',*,*,#2944,.T.);
#2946=ORIENTED_EDGE('',*,*,#2912,.T.);
#2947=ORIENTED_EDGE('',*,*,#2900,.T.);
#2948=EDGE_LOOP('',(#2943,#2945,#2946,#2947));
#2949=FACE_OUTER_BOUND('',#2948,.F.);
#2951=CARTESIAN_POINT('',(1.059174243050E1,-1.8E0,-4.45E0));
#2952=DIRECTION('',(0.E0,0.E0,-1.E0));
#2953=DIRECTION('',(-1.E0,0.E0,0.E0));
#2954=AXIS2_PLACEMENT_3D('',#2951,#2952,#2953);
#2955=PLANE('',#2954);
#2956=ORIENTED_EDGE('',*,*,#2885,.T.);
#2958=ORIENTED_EDGE('',*,*,#2957,.F.);
#2960=ORIENTED_EDGE('',*,*,#2959,.F.);
#2962=ORIENTED_EDGE('',*,*,#2961,.F.);
#2964=ORIENTED_EDGE('',*,*,#2963,.F.);
#2966=ORIENTED_EDGE('',*,*,#2965,.F.);
#2968=ORIENTED_EDGE('',*,*,#2967,.F.);
#2970=ORIENTED_EDGE('',*,*,#2969,.F.);
#2972=ORIENTED_EDGE('',*,*,#2971,.F.);
#2974=ORIENTED_EDGE('',*,*,#2973,.F.);
#2976=ORIENTED_EDGE('',*,*,#2975,.F.);
#2977=ORIENTED_EDGE('',*,*,#2942,.F.);
#2978=ORIENTED_EDGE('',*,*,#2898,.F.);
#2979=EDGE_LOOP('',(#2956,#2958,#2960,#2962,#2964,#2966,#2968,#2970,#2972,#2974,
#2976,#2977,#2978));
#2980=FACE_OUTER_BOUND('',#2979,.F.);
#2982=CARTESIAN_POINT('',(1.055E1,-1.8E0,-9.3E0));
#2983=DIRECTION('',(0.E0,-1.E0,0.E0));
#2984=DIRECTION('',(0.E0,0.E0,1.E0));
#2985=AXIS2_PLACEMENT_3D('',#2982,#2983,#2984);
#2986=PLANE('',#2985);
#2987=ORIENTED_EDGE('',*,*,#2883,.T.);
#2989=ORIENTED_EDGE('',*,*,#2988,.T.);
#2991=ORIENTED_EDGE('',*,*,#2990,.F.);
#2993=ORIENTED_EDGE('',*,*,#2992,.T.);
#2994=ORIENTED_EDGE('',*,*,#2874,.T.);
#2995=ORIENTED_EDGE('',*,*,#2932,.F.);
#2997=ORIENTED_EDGE('',*,*,#2996,.F.);
#2998=ORIENTED_EDGE('',*,*,#2957,.T.);
#2999=EDGE_LOOP('',(#2987,#2989,#2991,#2993,#2994,#2995,#2997,#2998));
#3000=FACE_OUTER_BOUND('',#2999,.F.);
#3002=CARTESIAN_POINT('',(1.055E1,-1.5E0,-9.E0));
#3003=DIRECTION('',(-1.E0,0.E0,0.E0));
#3004=DIRECTION('',(0.E0,0.E0,1.E0));
#3005=AXIS2_PLACEMENT_3D('',#3002,#3003,#3004);
#3006=CYLINDRICAL_SURFACE('',#3005,3.E-1);
#3008=ORIENTED_EDGE('',*,*,#3007,.T.);
#3009=ORIENTED_EDGE('',*,*,#2988,.F.);
#3010=ORIENTED_EDGE('',*,*,#2881,.T.);
#3011=ORIENTED_EDGE('',*,*,#2305,.F.);
#3012=EDGE_LOOP('',(#3008,#3009,#3010,#3011));
#3013=FACE_OUTER_BOUND('',#3012,.F.);
#3015=CARTESIAN_POINT('',(1.03E1,1.8E0,-9.3E0));
#3016=DIRECTION('',(1.E0,0.E0,0.E0));
#3017=DIRECTION('',(0.E0,0.E0,-1.E0));
#3018=AXIS2_PLACEMENT_3D('',#3015,#3016,#3017);
#3019=PLANE('',#3018);
#3020=ORIENTED_EDGE('',*,*,#2990,.T.);
#3021=ORIENTED_EDGE('',*,*,#3007,.F.);
#3022=ORIENTED_EDGE('',*,*,#2303,.F.);
#3023=ORIENTED_EDGE('',*,*,#2322,.T.);
#3024=ORIENTED_EDGE('',*,*,#2343,.F.);
#3026=ORIENTED_EDGE('',*,*,#3025,.F.);
#3027=EDGE_LOOP('',(#3020,#3021,#3022,#3023,#3024,#3026));
#3028=FACE_OUTER_BOUND('',#3027,.F.);
#3030=CARTESIAN_POINT('',(1.005E1,-1.5E0,-3.E-1));
#3031=DIRECTION('',(1.E0,0.E0,0.E0));
#3032=DIRECTION('',(0.E0,0.E0,-1.E0));
#3033=AXIS2_PLACEMENT_3D('',#3030,#3031,#3032);
#3034=CYLINDRICAL_SURFACE('',#3033,3.E-1);
#3035=ORIENTED_EDGE('',*,*,#3025,.T.);
#3036=ORIENTED_EDGE('',*,*,#2341,.F.);
#3037=ORIENTED_EDGE('',*,*,#2876,.T.);
#3038=ORIENTED_EDGE('',*,*,#2992,.F.);
#3039=EDGE_LOOP('',(#3035,#3036,#3037,#3038));
#3040=FACE_OUTER_BOUND('',#3039,.F.);
#3042=CARTESIAN_POINT('',(1.105E1,-1.6E0,-4.45E0));
#3043=DIRECTION('',(0.E0,0.E0,1.E0));
#3044=DIRECTION('',(1.E0,0.E0,0.E0));
#3045=AXIS2_PLACEMENT_3D('',#3042,#3043,#3044);
#3046=CYLINDRICAL_SURFACE('',#3045,7.5E-1);
#3047=ORIENTED_EDGE('',*,*,#2996,.T.);
#3048=ORIENTED_EDGE('',*,*,#2930,.T.);
#3050=ORIENTED_EDGE('',*,*,#3049,.F.);
#3051=ORIENTED_EDGE('',*,*,#2959,.T.);
#3052=EDGE_LOOP('',(#3047,#3048,#3050,#3051));
#3053=FACE_OUTER_BOUND('',#3052,.F.);
#3055=CARTESIAN_POINT('',(1.036261364576E1,-1.9E0,-4.45E0));
#3056=DIRECTION('',(9.165151389912E-1,4.E-1,0.E0));
#3057=DIRECTION('',(4.E-1,-9.165151389912E-1,0.E0));
#3058=AXIS2_PLACEMENT_3D('',#3055,#3056,#3057);
#3059=PLANE('',#3058);
#3060=ORIENTED_EDGE('',*,*,#3049,.T.);
#3061=ORIENTED_EDGE('',*,*,#2928,.T.);
#3063=ORIENTED_EDGE('',*,*,#3062,.T.);
#3064=ORIENTED_EDGE('',*,*,#2961,.T.);
#3065=EDGE_LOOP('',(#3060,#3061,#3063,#3064));
#3066=FACE_OUTER_BOUND('',#3065,.F.);
#3068=CARTESIAN_POINT('',(1.055E1,-3.454356076261E0,-4.45E0));
#3069=DIRECTION('',(0.E0,0.E0,1.E0));
#3070=DIRECTION('',(1.E0,0.E0,0.E0));
#3071=AXIS2_PLACEMENT_3D('',#3068,#3069,#3070);
#3072=CYLINDRICAL_SURFACE('',#3071,4.5E-1);
#3073=ORIENTED_EDGE('',*,*,#2963,.T.);
#3074=ORIENTED_EDGE('',*,*,#3062,.F.);
#3075=ORIENTED_EDGE('',*,*,#2926,.T.);
#3077=ORIENTED_EDGE('',*,*,#3076,.T.);
#3078=EDGE_LOOP('',(#3073,#3074,#3075,#3077));
#3079=FACE_OUTER_BOUND('',#3078,.F.);
#3081=CARTESIAN_POINT('',(1.055E1,-3.454356076261E0,-4.45E0));
#3082=DIRECTION('',(0.E0,0.E0,1.E0));
#3083=DIRECTION('',(1.E0,0.E0,0.E0));
#3084=AXIS2_PLACEMENT_3D('',#3081,#3082,#3083);
#3085=CYLINDRICAL_SURFACE('',#3084,4.5E-1);
#3086=ORIENTED_EDGE('',*,*,#3076,.F.);
#3087=ORIENTED_EDGE('',*,*,#2924,.T.);
#3089=ORIENTED_EDGE('',*,*,#3088,.F.);
#3090=ORIENTED_EDGE('',*,*,#2965,.T.);
#3091=EDGE_LOOP('',(#3086,#3087,#3089,#3090));
#3092=FACE_OUTER_BOUND('',#3091,.F.);
#3094=CARTESIAN_POINT('',(1.088646283312E1,-3.753175021330E0,-4.45E0));
#3095=DIRECTION('',(7.476951847012E-1,-6.640421001523E-1,0.E0));
#3096=DIRECTION('',(-6.640421001523E-1,-7.476951847012E-1,0.E0));
#3097=AXIS2_PLACEMENT_3D('',#3094,#3095,#3096);
#3098=PLANE('',#3097);
#3099=ORIENTED_EDGE('',*,*,#3088,.T.);
#3100=ORIENTED_EDGE('',*,*,#2922,.T.);
#3102=ORIENTED_EDGE('',*,*,#3101,.F.);
#3104=ORIENTED_EDGE('',*,*,#3103,.F.);
#3105=ORIENTED_EDGE('',*,*,#2967,.T.);
#3106=EDGE_LOOP('',(#3099,#3100,#3102,#3104,#3105));
#3107=FACE_OUTER_BOUND('',#3106,.F.);
#3109=CARTESIAN_POINT('',(1.083123368012E1,-4.191843852239E0,-3.65E0));
#3110=DIRECTION('',(-7.476951847012E-1,6.640421001523E-1,0.E0));
#3111=DIRECTION('',(6.640421001523E-1,7.476951847012E-1,0.E0));
#3112=AXIS2_PLACEMENT_3D('',#3109,#3110,#3111);
#3113=CYLINDRICAL_SURFACE('',#3112,8.E-1);
#3114=ORIENTED_EDGE('',*,*,#2969,.T.);
#3115=ORIENTED_EDGE('',*,*,#3103,.T.);
#3116=ORIENTED_EDGE('',*,*,#3101,.T.);
#3117=ORIENTED_EDGE('',*,*,#2920,.T.);
#3119=ORIENTED_EDGE('',*,*,#3118,.T.);
#3121=ORIENTED_EDGE('',*,*,#3120,.T.);
#3122=EDGE_LOOP('',(#3114,#3115,#3116,#3117,#3119,#3121));
#3123=FACE_OUTER_BOUND('',#3122,.F.);
#3125=CARTESIAN_POINT('',(1.107338662929E1,-3.919185546368E0,-4.45E0));
#3126=DIRECTION('',(7.476951847012E-1,-6.640421001523E-1,0.E0));
#3127=DIRECTION('',(-6.640421001523E-1,-7.476951847012E-1,0.E0));
#3128=AXIS2_PLACEMENT_3D('',#3125,#3126,#3127);
#3129=PLANE('',#3128);
#3130=ORIENTED_EDGE('',*,*,#2918,.T.);
#3132=ORIENTED_EDGE('',*,*,#3131,.T.);
#3133=ORIENTED_EDGE('',*,*,#2971,.T.);
#3134=ORIENTED_EDGE('',*,*,#3120,.F.);
#3135=ORIENTED_EDGE('',*,*,#3118,.F.);
#3136=EDGE_LOOP('',(#3130,#3132,#3133,#3134,#3135));
#3137=FACE_OUTER_BOUND('',#3136,.F.);
#3139=CARTESIAN_POINT('',(1.055E1,-3.454356076261E0,-4.45E0));
#3140=DIRECTION('',(0.E0,0.E0,1.E0));
#3141=DIRECTION('',(1.E0,0.E0,0.E0));
#3142=AXIS2_PLACEMENT_3D('',#3139,#3140,#3141);
#3143=CYLINDRICAL_SURFACE('',#3142,7.E-1);
#3144=ORIENTED_EDGE('',*,*,#2973,.T.);
#3145=ORIENTED_EDGE('',*,*,#3131,.F.);
#3146=ORIENTED_EDGE('',*,*,#2916,.T.);
#3148=ORIENTED_EDGE('',*,*,#3147,.T.);
#3149=EDGE_LOOP('',(#3144,#3145,#3146,#3148));
#3150=FACE_OUTER_BOUND('',#3149,.F.);
#3152=CARTESIAN_POINT('',(1.055E1,-3.454356076261E0,-4.45E0));
#3153=DIRECTION('',(0.E0,0.E0,1.E0));
#3154=DIRECTION('',(1.E0,0.E0,0.E0));
#3155=AXIS2_PLACEMENT_3D('',#3152,#3153,#3154);
#3156=CYLINDRICAL_SURFACE('',#3155,7.E-1);
#3157=ORIENTED_EDGE('',*,*,#3147,.F.);
#3158=ORIENTED_EDGE('',*,*,#2914,.T.);
#3159=ORIENTED_EDGE('',*,*,#2944,.F.);
#3160=ORIENTED_EDGE('',*,*,#2975,.T.);
#3161=EDGE_LOOP('',(#3157,#3158,#3159,#3160));
#3162=FACE_OUTER_BOUND('',#3161,.F.);
#3164=CARTESIAN_POINT('',(-7.025E0,1.55E0,2.499999999999E-1));
#3165=DIRECTION('',(-1.E0,0.E0,0.E0));
#3166=DIRECTION('',(0.E0,0.E0,1.E0));
#3167=AXIS2_PLACEMENT_3D('',#3164,#3165,#3166);
#3168=PLANE('',#3167);
#3170=ORIENTED_EDGE('',*,*,#3169,.T.);
#3171=ORIENTED_EDGE('',*,*,#2195,.F.);
#3173=ORIENTED_EDGE('',*,*,#3172,.T.);
#3174=ORIENTED_EDGE('',*,*,#1979,.T.);
#3175=EDGE_LOOP('',(#3170,#3171,#3173,#3174));
#3176=FACE_OUTER_BOUND('',#3175,.F.);
#3178=CARTESIAN_POINT('',(-3.975E0,1.55E0,2.499999999999E-1));
#3179=DIRECTION('',(0.E0,0.E0,1.E0));
#3180=DIRECTION('',(1.E0,0.E0,0.E0));
#3181=AXIS2_PLACEMENT_3D('',#3178,#3179,#3180);
#3182=PLANE('',#3181);
#3184=ORIENTED_EDGE('',*,*,#3183,.F.);
#3185=ORIENTED_EDGE('',*,*,#2197,.F.);
#3186=ORIENTED_EDGE('',*,*,#3169,.F.);
#3187=ORIENTED_EDGE('',*,*,#1977,.T.);
#3188=EDGE_LOOP('',(#3184,#3185,#3186,#3187));
#3189=FACE_OUTER_BOUND('',#3188,.F.);
#3191=CARTESIAN_POINT('',(-7.E0,1.512385912142E0,1.045571139260E-1));
#3192=DIRECTION('',(-1.E0,0.E0,0.E0));
#3193=DIRECTION('',(0.E0,0.E0,1.E0));
#3194=AXIS2_PLACEMENT_3D('',#3191,#3192,#3193);
#3195=PLANE('',#3194);
#3196=ORIENTED_EDGE('',*,*,#3183,.T.);
#3198=ORIENTED_EDGE('',*,*,#3197,.F.);
#3200=ORIENTED_EDGE('',*,*,#3199,.F.);
#3202=ORIENTED_EDGE('',*,*,#3201,.F.);
#3204=ORIENTED_EDGE('',*,*,#3203,.F.);
#3206=ORIENTED_EDGE('',*,*,#3205,.T.);
#3208=ORIENTED_EDGE('',*,*,#3207,.T.);
#3210=ORIENTED_EDGE('',*,*,#3209,.F.);
#3212=ORIENTED_EDGE('',*,*,#3211,.F.);
#3214=ORIENTED_EDGE('',*,*,#3213,.F.);
#3215=EDGE_LOOP('',(#3196,#3198,#3200,#3202,#3204,#3206,#3208,#3210,#3212,
#3214));
#3216=FACE_OUTER_BOUND('',#3215,.F.);
#3218=CARTESIAN_POINT('',(-7.E0,1.25E0,2.499999999999E-1));
#3219=DIRECTION('',(1.E0,0.E0,0.E0));
#3220=DIRECTION('',(0.E0,0.E0,-1.E0));
#3221=AXIS2_PLACEMENT_3D('',#3218,#3219,#3220);
#3222=CYLINDRICAL_SURFACE('',#3221,3.E-1);
#3223=ORIENTED_EDGE('',*,*,#1975,.F.);
#3225=ORIENTED_EDGE('',*,*,#3224,.T.);
#3227=ORIENTED_EDGE('',*,*,#3226,.F.);
#3228=ORIENTED_EDGE('',*,*,#3197,.T.);
#3229=EDGE_LOOP('',(#3223,#3225,#3227,#3228));
#3230=FACE_OUTER_BOUND('',#3229,.F.);
#3232=CARTESIAN_POINT('',(-4.E0,1.731040838927E0,-1.664529113559E-2));
#3233=DIRECTION('',(1.E0,0.E0,0.E0));
#3234=DIRECTION('',(0.E0,0.E0,-1.E0));
#3235=AXIS2_PLACEMENT_3D('',#3232,#3233,#3234);
#3236=PLANE('',#3235);
#3238=ORIENTED_EDGE('',*,*,#3237,.T.);
#3240=ORIENTED_EDGE('',*,*,#3239,.F.);
#3242=ORIENTED_EDGE('',*,*,#3241,.F.);
#3244=ORIENTED_EDGE('',*,*,#3243,.F.);
#3246=ORIENTED_EDGE('',*,*,#3245,.T.);
#3248=ORIENTED_EDGE('',*,*,#3247,.T.);
#3250=ORIENTED_EDGE('',*,*,#3249,.F.);
#3252=ORIENTED_EDGE('',*,*,#3251,.F.);
#3254=ORIENTED_EDGE('',*,*,#3253,.F.);
#3255=ORIENTED_EDGE('',*,*,#3224,.F.);
#3256=EDGE_LOOP('',(#3238,#3240,#3242,#3244,#3246,#3248,#3250,#3252,#3254,
#3255));
#3257=FACE_OUTER_BOUND('',#3256,.F.);
#3259=CARTESIAN_POINT('',(-3.975E0,1.55E0,2.499999999999E-1));
#3260=DIRECTION('',(0.E0,0.E0,1.E0));
#3261=DIRECTION('',(1.E0,0.E0,0.E0));
#3262=AXIS2_PLACEMENT_3D('',#3259,#3260,#3261);
#3263=PLANE('',#3262);
#3264=ORIENTED_EDGE('',*,*,#2201,.F.);
#3265=ORIENTED_EDGE('',*,*,#3237,.F.);
#3266=ORIENTED_EDGE('',*,*,#1987,.T.);
#3268=ORIENTED_EDGE('',*,*,#3267,.F.);
#3269=EDGE_LOOP('',(#3264,#3265,#3266,#3268));
#3270=FACE_OUTER_BOUND('',#3269,.F.);
#3272=CARTESIAN_POINT('',(-3.975E0,1.55E0,2.499999999999E-1));
#3273=DIRECTION('',(1.E0,0.E0,0.E0));
#3274=DIRECTION('',(0.E0,0.E0,-1.E0));
#3275=AXIS2_PLACEMENT_3D('',#3272,#3273,#3274);
#3276=PLANE('',#3275);
#3278=ORIENTED_EDGE('',*,*,#3277,.T.);
#3279=ORIENTED_EDGE('',*,*,#2203,.F.);
#3280=ORIENTED_EDGE('',*,*,#3267,.T.);
#3281=ORIENTED_EDGE('',*,*,#1985,.T.);
#3282=EDGE_LOOP('',(#3278,#3279,#3280,#3281));
#3283=FACE_OUTER_BOUND('',#3282,.F.);
#3285=CARTESIAN_POINT('',(-5.5E0,1.55E0,-6.8E0));
#3286=DIRECTION('',(0.E0,1.E0,0.E0));
#3287=DIRECTION('',(0.E0,0.E0,-1.E0));
#3288=AXIS2_PLACEMENT_3D('',#3285,#3286,#3287);
#3289=CYLINDRICAL_SURFACE('',#3288,3.1E0);
#3291=ORIENTED_EDGE('',*,*,#3290,.F.);
#3292=ORIENTED_EDGE('',*,*,#2205,.T.);
#3293=ORIENTED_EDGE('',*,*,#3277,.F.);
#3294=ORIENTED_EDGE('',*,*,#1983,.T.);
#3295=EDGE_LOOP('',(#3291,#3292,#3293,#3294));
#3296=FACE_OUTER_BOUND('',#3295,.F.);
#3298=CARTESIAN_POINT('',(-5.5E0,1.55E0,-6.8E0));
#3299=DIRECTION('',(0.E0,1.E0,0.E0));
#3300=DIRECTION('',(0.E0,0.E0,-1.E0));
#3301=AXIS2_PLACEMENT_3D('',#3298,#3299,#3300);
#3302=CYLINDRICAL_SURFACE('',#3301,3.1E0);
#3303=ORIENTED_EDGE('',*,*,#1981,.T.);
#3304=ORIENTED_EDGE('',*,*,#3172,.F.);
#3305=ORIENTED_EDGE('',*,*,#2207,.T.);
#3306=ORIENTED_EDGE('',*,*,#3290,.T.);
#3307=EDGE_LOOP('',(#3303,#3304,#3305,#3306));
#3308=FACE_OUTER_BOUND('',#3307,.F.);
#3310=CARTESIAN_POINT('',(-7.E0,1.25E0,2.499999999999E-1));
#3311=DIRECTION('',(1.E0,0.E0,0.E0));
#3312=DIRECTION('',(0.E0,0.E0,-1.E0));
#3313=AXIS2_PLACEMENT_3D('',#3310,#3311,#3312);
#3314=CYLINDRICAL_SURFACE('',#3313,5.5E-1);
#3315=ORIENTED_EDGE('',*,*,#3213,.T.);
#3317=ORIENTED_EDGE('',*,*,#3316,.F.);
#3318=ORIENTED_EDGE('',*,*,#3239,.T.);
#3319=ORIENTED_EDGE('',*,*,#2199,.F.);
#3320=EDGE_LOOP('',(#3315,#3317,#3318,#3319));
#3321=FACE_OUTER_BOUND('',#3320,.F.);
#3323=CARTESIAN_POINT('',(-7.E0,1.731040838927E0,-1.664529113561E-2));
#3324=DIRECTION('',(0.E0,-8.746197071394E-1,4.848096202463E-1));
#3325=DIRECTION('',(0.E0,4.848096202463E-1,8.746197071394E-1));
#3326=AXIS2_PLACEMENT_3D('',#3323,#3324,#3325);
#3327=PLANE('',#3326);
#3329=ORIENTED_EDGE('',*,*,#3328,.T.);
#3330=ORIENTED_EDGE('',*,*,#3241,.T.);
#3331=ORIENTED_EDGE('',*,*,#3316,.T.);
#3332=ORIENTED_EDGE('',*,*,#3211,.T.);
#3333=EDGE_LOOP('',(#3329,#3330,#3331,#3332));
#3334=FACE_OUTER_BOUND('',#3333,.F.);
#3336=CARTESIAN_POINT('',(-7.E0,-6.6E-1,-4.948996751252E0));
#3337=DIRECTION('',(1.E0,0.E0,0.E0));
#3338=DIRECTION('',(0.E0,0.E0,-1.E0));
#3339=AXIS2_PLACEMENT_3D('',#3336,#3337,#3338);
#3340=CYLINDRICAL_SURFACE('',#3339,3.E-1);
#3342=ORIENTED_EDGE('',*,*,#3341,.F.);
#3343=ORIENTED_EDGE('',*,*,#3243,.T.);
#3344=ORIENTED_EDGE('',*,*,#3328,.F.);
#3345=ORIENTED_EDGE('',*,*,#3209,.T.);
#3346=EDGE_LOOP('',(#3342,#3343,#3344,#3345));
#3347=FACE_OUTER_BOUND('',#3346,.F.);
#3349=CARTESIAN_POINT('',(-7.E0,-9.6E-1,-4.948996751252E0));
#3350=DIRECTION('',(0.E0,-1.E0,0.E0));
#3351=DIRECTION('',(0.E0,0.E0,1.E0));
#3352=AXIS2_PLACEMENT_3D('',#3349,#3350,#3351);
#3353=PLANE('',#3352);
#3355=ORIENTED_EDGE('',*,*,#3354,.F.);
#3357=ORIENTED_EDGE('',*,*,#3356,.F.);
#3358=ORIENTED_EDGE('',*,*,#3245,.F.);
#3359=ORIENTED_EDGE('',*,*,#3341,.T.);
#3360=ORIENTED_EDGE('',*,*,#3207,.F.);
#3361=EDGE_LOOP('',(#3355,#3357,#3358,#3359,#3360));
#3362=FACE_OUTER_BOUND('',#3361,.F.);
#3364=CARTESIAN_POINT('',(-5.5E0,-6.6E-1,-5.56E0));
#3365=DIRECTION('',(0.E0,1.E0,0.E0));
#3366=DIRECTION('',(0.E0,0.E0,-1.E0));
#3367=AXIS2_PLACEMENT_3D('',#3364,#3365,#3366);
#3368=CYLINDRICAL_SURFACE('',#3367,1.5E0);
#3370=ORIENTED_EDGE('',*,*,#3369,.F.);
#3371=ORIENTED_EDGE('',*,*,#3354,.T.);
#3372=ORIENTED_EDGE('',*,*,#3205,.F.);
#3374=ORIENTED_EDGE('',*,*,#3373,.T.);
#3375=EDGE_LOOP('',(#3370,#3371,#3372,#3374));
#3376=FACE_OUTER_BOUND('',#3375,.F.);
#3378=CARTESIAN_POINT('',(-5.5E0,-6.6E-1,-5.56E0));
#3379=DIRECTION('',(0.E0,1.E0,0.E0));
#3380=DIRECTION('',(0.E0,0.E0,-1.E0));
#3381=AXIS2_PLACEMENT_3D('',#3378,#3379,#3380);
#3382=CYLINDRICAL_SURFACE('',#3381,1.5E0);
#3384=ORIENTED_EDGE('',*,*,#3383,.T.);
#3385=ORIENTED_EDGE('',*,*,#3247,.F.);
#3386=ORIENTED_EDGE('',*,*,#3356,.T.);
#3387=ORIENTED_EDGE('',*,*,#3369,.T.);
#3388=EDGE_LOOP('',(#3384,#3385,#3386,#3387));
#3389=FACE_OUTER_BOUND('',#3388,.F.);
#3391=CARTESIAN_POINT('',(-7.E0,-1.21E0,-4.948996751252E0));
#3392=DIRECTION('',(0.E0,-1.E0,0.E0));
#3393=DIRECTION('',(0.E0,0.E0,1.E0));
#3394=AXIS2_PLACEMENT_3D('',#3391,#3392,#3393);
#3395=PLANE('',#3394);
#3397=ORIENTED_EDGE('',*,*,#3396,.T.);
#3398=ORIENTED_EDGE('',*,*,#3249,.T.);
#3399=ORIENTED_EDGE('',*,*,#3383,.F.);
#3400=ORIENTED_EDGE('',*,*,#3373,.F.);
#3401=ORIENTED_EDGE('',*,*,#3203,.T.);
#3402=EDGE_LOOP('',(#3397,#3398,#3399,#3400,#3401));
#3403=FACE_OUTER_BOUND('',#3402,.F.);
#3405=CARTESIAN_POINT('',(-7.E0,-6.6E-1,-4.948996751252E0));
#3406=DIRECTION('',(1.E0,0.E0,0.E0));
#3407=DIRECTION('',(0.E0,0.E0,-1.E0));
#3408=AXIS2_PLACEMENT_3D('',#3405,#3406,#3407);
#3409=CYLINDRICAL_SURFACE('',#3408,5.5E-1);
#3410=ORIENTED_EDGE('',*,*,#3201,.T.);
#3412=ORIENTED_EDGE('',*,*,#3411,.F.);
#3413=ORIENTED_EDGE('',*,*,#3251,.T.);
#3414=ORIENTED_EDGE('',*,*,#3396,.F.);
#3415=EDGE_LOOP('',(#3410,#3412,#3413,#3414));
#3416=FACE_OUTER_BOUND('',#3415,.F.);
#3418=CARTESIAN_POINT('',(-7.E0,1.512385912142E0,1.045571139260E-1));
#3419=DIRECTION('',(0.E0,-8.746197071394E-1,4.848096202463E-1));
#3420=DIRECTION('',(0.E0,4.848096202463E-1,8.746197071394E-1));
#3421=AXIS2_PLACEMENT_3D('',#3418,#3419,#3420);
#3422=PLANE('',#3421);
#3423=ORIENTED_EDGE('',*,*,#3199,.T.);
#3424=ORIENTED_EDGE('',*,*,#3226,.T.);
#3425=ORIENTED_EDGE('',*,*,#3253,.T.);
#3426=ORIENTED_EDGE('',*,*,#3411,.T.);
#3427=EDGE_LOOP('',(#3423,#3424,#3425,#3426));
#3428=FACE_OUTER_BOUND('',#3427,.F.);
#3430=CARTESIAN_POINT('',(7.E0,1.25E0,2.5E-1));
#3431=DIRECTION('',(-1.E0,0.E0,0.E0));
#3432=DIRECTION('',(0.E0,0.E0,1.E0));
#3433=AXIS2_PLACEMENT_3D('',#3430,#3431,#3432);
#3434=CYLINDRICAL_SURFACE('',#3433,5.5E-1);
#3436=ORIENTED_EDGE('',*,*,#3435,.T.);
#3437=ORIENTED_EDGE('',*,*,#2211,.F.);
#3439=ORIENTED_EDGE('',*,*,#3438,.T.);
#3441=ORIENTED_EDGE('',*,*,#3440,.F.);
#3442=EDGE_LOOP('',(#3436,#3437,#3439,#3441));
#3443=FACE_OUTER_BOUND('',#3442,.F.);
#3445=CARTESIAN_POINT('',(7.E0,1.512385912142E0,1.045571139261E-1));
#3446=DIRECTION('',(1.E0,0.E0,0.E0));
#3447=DIRECTION('',(0.E0,0.E0,-1.E0));
#3448=AXIS2_PLACEMENT_3D('',#3445,#3446,#3447);
#3449=PLANE('',#3448);
#3451=ORIENTED_EDGE('',*,*,#3450,.T.);
#3452=ORIENTED_EDGE('',*,*,#3435,.F.);
#3454=ORIENTED_EDGE('',*,*,#3453,.F.);
#3456=ORIENTED_EDGE('',*,*,#3455,.F.);
#3458=ORIENTED_EDGE('',*,*,#3457,.T.);
#3460=ORIENTED_EDGE('',*,*,#3459,.T.);
#3462=ORIENTED_EDGE('',*,*,#3461,.F.);
#3464=ORIENTED_EDGE('',*,*,#3463,.F.);
#3466=ORIENTED_EDGE('',*,*,#3465,.F.);
#3468=ORIENTED_EDGE('',*,*,#3467,.F.);
#3469=EDGE_LOOP('',(#3451,#3452,#3454,#3456,#3458,#3460,#3462,#3464,#3466,
#3468));
#3470=FACE_OUTER_BOUND('',#3469,.F.);
#3472=CARTESIAN_POINT('',(3.975E0,1.55E0,2.5E-1));
#3473=DIRECTION('',(0.E0,0.E0,1.E0));
#3474=DIRECTION('',(1.E0,0.E0,0.E0));
#3475=AXIS2_PLACEMENT_3D('',#3472,#3473,#3474);
#3476=PLANE('',#3475);
#3478=ORIENTED_EDGE('',*,*,#3477,.F.);
#3479=ORIENTED_EDGE('',*,*,#2213,.F.);
#3480=ORIENTED_EDGE('',*,*,#3450,.F.);
#3481=ORIENTED_EDGE('',*,*,#1993,.T.);
#3482=EDGE_LOOP('',(#3478,#3479,#3480,#3481));
#3483=FACE_OUTER_BOUND('',#3482,.F.);
#3485=CARTESIAN_POINT('',(7.025E0,1.55E0,2.5E-1));
#3486=DIRECTION('',(1.E0,0.E0,0.E0));
#3487=DIRECTION('',(0.E0,0.E0,-1.E0));
#3488=AXIS2_PLACEMENT_3D('',#3485,#3486,#3487);
#3489=PLANE('',#3488);
#3491=ORIENTED_EDGE('',*,*,#3490,.T.);
#3492=ORIENTED_EDGE('',*,*,#2215,.F.);
#3493=ORIENTED_EDGE('',*,*,#3477,.T.);
#3494=ORIENTED_EDGE('',*,*,#1991,.T.);
#3495=EDGE_LOOP('',(#3491,#3492,#3493,#3494));
#3496=FACE_OUTER_BOUND('',#3495,.F.);
#3498=CARTESIAN_POINT('',(5.5E0,1.55E0,-6.8E0));
#3499=DIRECTION('',(0.E0,1.E0,0.E0));
#3500=DIRECTION('',(0.E0,0.E0,-1.E0));
#3501=AXIS2_PLACEMENT_3D('',#3498,#3499,#3500);
#3502=CYLINDRICAL_SURFACE('',#3501,3.1E0);
#3504=ORIENTED_EDGE('',*,*,#3503,.F.);
#3505=ORIENTED_EDGE('',*,*,#2217,.T.);
#3506=ORIENTED_EDGE('',*,*,#3490,.F.);
#3507=ORIENTED_EDGE('',*,*,#2003,.T.);
#3508=EDGE_LOOP('',(#3504,#3505,#3506,#3507));
#3509=FACE_OUTER_BOUND('',#3508,.F.);
#3511=CARTESIAN_POINT('',(5.5E0,1.55E0,-6.8E0));
#3512=DIRECTION('',(0.E0,1.E0,0.E0));
#3513=DIRECTION('',(0.E0,0.E0,-1.E0));
#3514=AXIS2_PLACEMENT_3D('',#3511,#3512,#3513);
#3515=CYLINDRICAL_SURFACE('',#3514,3.1E0);
#3516=ORIENTED_EDGE('',*,*,#2001,.T.);
#3518=ORIENTED_EDGE('',*,*,#3517,.F.);
#3519=ORIENTED_EDGE('',*,*,#2219,.T.);
#3520=ORIENTED_EDGE('',*,*,#3503,.T.);
#3521=EDGE_LOOP('',(#3516,#3518,#3519,#3520));
#3522=FACE_OUTER_BOUND('',#3521,.F.);
#3524=CARTESIAN_POINT('',(3.975E0,1.55E0,2.5E-1));
#3525=DIRECTION('',(-1.E0,0.E0,0.E0));
#3526=DIRECTION('',(0.E0,0.E0,1.E0));
#3527=AXIS2_PLACEMENT_3D('',#3524,#3525,#3526);
#3528=PLANE('',#3527);
#3530=ORIENTED_EDGE('',*,*,#3529,.F.);
#3531=ORIENTED_EDGE('',*,*,#2221,.F.);
#3532=ORIENTED_EDGE('',*,*,#3517,.T.);
#3533=ORIENTED_EDGE('',*,*,#1999,.T.);
#3534=EDGE_LOOP('',(#3530,#3531,#3532,#3533));
#3535=FACE_OUTER_BOUND('',#3534,.F.);
#3537=CARTESIAN_POINT('',(3.975E0,1.55E0,2.5E-1));
#3538=DIRECTION('',(0.E0,0.E0,1.E0));
#3539=DIRECTION('',(1.E0,0.E0,0.E0));
#3540=AXIS2_PLACEMENT_3D('',#3537,#3538,#3539);
#3541=PLANE('',#3540);
#3542=ORIENTED_EDGE('',*,*,#1997,.T.);
#3544=ORIENTED_EDGE('',*,*,#3543,.F.);
#3545=ORIENTED_EDGE('',*,*,#2223,.F.);
#3546=ORIENTED_EDGE('',*,*,#3529,.T.);
#3547=EDGE_LOOP('',(#3542,#3544,#3545,#3546));
#3548=FACE_OUTER_BOUND('',#3547,.F.);
#3550=CARTESIAN_POINT('',(4.E0,1.731040838927E0,-1.664529113553E-2));
#3551=DIRECTION('',(-1.E0,0.E0,0.E0));
#3552=DIRECTION('',(0.E0,0.E0,1.E0));
#3553=AXIS2_PLACEMENT_3D('',#3550,#3551,#3552);
#3554=PLANE('',#3553);
#3555=ORIENTED_EDGE('',*,*,#3543,.T.);
#3557=ORIENTED_EDGE('',*,*,#3556,.F.);
#3559=ORIENTED_EDGE('',*,*,#3558,.F.);
#3561=ORIENTED_EDGE('',*,*,#3560,.F.);
#3563=ORIENTED_EDGE('',*,*,#3562,.F.);
#3565=ORIENTED_EDGE('',*,*,#3564,.T.);
#3567=ORIENTED_EDGE('',*,*,#3566,.T.);
#3569=ORIENTED_EDGE('',*,*,#3568,.F.);
#3571=ORIENTED_EDGE('',*,*,#3570,.F.);
#3572=ORIENTED_EDGE('',*,*,#3438,.F.);
#3573=EDGE_LOOP('',(#3555,#3557,#3559,#3561,#3563,#3565,#3567,#3569,#3571,
#3572));
#3574=FACE_OUTER_BOUND('',#3573,.F.);
#3576=CARTESIAN_POINT('',(7.E0,1.25E0,2.5E-1));
#3577=DIRECTION('',(-1.E0,0.E0,0.E0));
#3578=DIRECTION('',(0.E0,0.E0,1.E0));
#3579=AXIS2_PLACEMENT_3D('',#3576,#3577,#3578);
#3580=CYLINDRICAL_SURFACE('',#3579,3.E-1);
#3582=ORIENTED_EDGE('',*,*,#3581,.F.);
#3583=ORIENTED_EDGE('',*,*,#3556,.T.);
#3584=ORIENTED_EDGE('',*,*,#1995,.F.);
#3585=ORIENTED_EDGE('',*,*,#3467,.T.);
#3586=EDGE_LOOP('',(#3582,#3583,#3584,#3585));
#3587=FACE_OUTER_BOUND('',#3586,.F.);
#3589=CARTESIAN_POINT('',(7.E0,1.512385912142E0,1.045571139261E-1));
#3590=DIRECTION('',(0.E0,-8.746197071394E-1,4.848096202463E-1));
#3591=DIRECTION('',(0.E0,4.848096202463E-1,8.746197071394E-1));
#3592=AXIS2_PLACEMENT_3D('',#3589,#3590,#3591);
#3593=PLANE('',#3592);
#3594=ORIENTED_EDGE('',*,*,#3465,.T.);
#3596=ORIENTED_EDGE('',*,*,#3595,.T.);
#3597=ORIENTED_EDGE('',*,*,#3558,.T.);
#3598=ORIENTED_EDGE('',*,*,#3581,.T.);
#3599=EDGE_LOOP('',(#3594,#3596,#3597,#3598));
#3600=FACE_OUTER_BOUND('',#3599,.F.);
#3602=CARTESIAN_POINT('',(7.E0,-6.6E-1,-4.948996751252E0));
#3603=DIRECTION('',(-1.E0,0.E0,0.E0));
#3604=DIRECTION('',(0.E0,0.E0,1.E0));
#3605=AXIS2_PLACEMENT_3D('',#3602,#3603,#3604);
#3606=CYLINDRICAL_SURFACE('',#3605,5.5E-1);
#3607=ORIENTED_EDGE('',*,*,#3463,.T.);
#3609=ORIENTED_EDGE('',*,*,#3608,.F.);
#3610=ORIENTED_EDGE('',*,*,#3560,.T.);
#3611=ORIENTED_EDGE('',*,*,#3595,.F.);
#3612=EDGE_LOOP('',(#3607,#3609,#3610,#3611));
#3613=FACE_OUTER_BOUND('',#3612,.F.);
#3615=CARTESIAN_POINT('',(7.E0,-1.21E0,-4.948996751252E0));
#3616=DIRECTION('',(0.E0,-1.E0,0.E0));
#3617=DIRECTION('',(0.E0,0.E0,1.E0));
#3618=AXIS2_PLACEMENT_3D('',#3615,#3616,#3617);
#3619=PLANE('',#3618);
#3620=ORIENTED_EDGE('',*,*,#3562,.T.);
#3621=ORIENTED_EDGE('',*,*,#3608,.T.);
#3622=ORIENTED_EDGE('',*,*,#3461,.T.);
#3624=ORIENTED_EDGE('',*,*,#3623,.F.);
#3626=ORIENTED_EDGE('',*,*,#3625,.F.);
#3627=EDGE_LOOP('',(#3620,#3621,#3622,#3624,#3626));
#3628=FACE_OUTER_BOUND('',#3627,.F.);
#3630=CARTESIAN_POINT('',(5.5E0,-6.6E-1,-5.56E0));
#3631=DIRECTION('',(0.E0,1.E0,0.E0));
#3632=DIRECTION('',(0.E0,0.E0,-1.E0));
#3633=AXIS2_PLACEMENT_3D('',#3630,#3631,#3632);
#3634=CYLINDRICAL_SURFACE('',#3633,1.5E0);
#3635=ORIENTED_EDGE('',*,*,#3623,.T.);
#3636=ORIENTED_EDGE('',*,*,#3459,.F.);
#3638=ORIENTED_EDGE('',*,*,#3637,.T.);
#3640=ORIENTED_EDGE('',*,*,#3639,.T.);
#3641=EDGE_LOOP('',(#3635,#3636,#3638,#3640));
#3642=FACE_OUTER_BOUND('',#3641,.F.);
#3644=CARTESIAN_POINT('',(7.E0,-9.6E-1,-4.948996751252E0));
#3645=DIRECTION('',(0.E0,-1.E0,0.E0));
#3646=DIRECTION('',(0.E0,0.E0,1.E0));
#3647=AXIS2_PLACEMENT_3D('',#3644,#3645,#3646);
#3648=PLANE('',#3647);
#3650=ORIENTED_EDGE('',*,*,#3649,.T.);
#3651=ORIENTED_EDGE('',*,*,#3566,.F.);
#3653=ORIENTED_EDGE('',*,*,#3652,.F.);
#3654=ORIENTED_EDGE('',*,*,#3637,.F.);
#3655=ORIENTED_EDGE('',*,*,#3457,.F.);
#3656=EDGE_LOOP('',(#3650,#3651,#3653,#3654,#3655));
#3657=FACE_OUTER_BOUND('',#3656,.F.);
#3659=CARTESIAN_POINT('',(7.E0,-6.6E-1,-4.948996751252E0));
#3660=DIRECTION('',(-1.E0,0.E0,0.E0));
#3661=DIRECTION('',(0.E0,0.E0,1.E0));
#3662=AXIS2_PLACEMENT_3D('',#3659,#3660,#3661);
#3663=CYLINDRICAL_SURFACE('',#3662,3.E-1);
#3665=ORIENTED_EDGE('',*,*,#3664,.F.);
#3666=ORIENTED_EDGE('',*,*,#3568,.T.);
#3667=ORIENTED_EDGE('',*,*,#3649,.F.);
#3668=ORIENTED_EDGE('',*,*,#3455,.T.);
#3669=EDGE_LOOP('',(#3665,#3666,#3667,#3668));
#3670=FACE_OUTER_BOUND('',#3669,.F.);
#3672=CARTESIAN_POINT('',(7.E0,1.731040838927E0,-1.664529113551E-2));
#3673=DIRECTION('',(0.E0,-8.746197071394E-1,4.848096202463E-1));
#3674=DIRECTION('',(0.E0,4.848096202463E-1,8.746197071394E-1));
#3675=AXIS2_PLACEMENT_3D('',#3672,#3673,#3674);
#3676=PLANE('',#3675);
#3677=ORIENTED_EDGE('',*,*,#3440,.T.);
#3678=ORIENTED_EDGE('',*,*,#3570,.T.);
#3679=ORIENTED_EDGE('',*,*,#3664,.T.);
#3680=ORIENTED_EDGE('',*,*,#3453,.T.);
#3681=EDGE_LOOP('',(#3677,#3678,#3679,#3680));
#3682=FACE_OUTER_BOUND('',#3681,.F.);
#3684=CARTESIAN_POINT('',(5.5E0,-6.6E-1,-5.56E0));
#3685=DIRECTION('',(0.E0,1.E0,0.E0));
#3686=DIRECTION('',(0.E0,0.E0,-1.E0));
#3687=AXIS2_PLACEMENT_3D('',#3684,#3685,#3686);
#3688=CYLINDRICAL_SURFACE('',#3687,1.5E0);
#3689=ORIENTED_EDGE('',*,*,#3639,.F.);
#3690=ORIENTED_EDGE('',*,*,#3652,.T.);
#3691=ORIENTED_EDGE('',*,*,#3564,.F.);
#3692=ORIENTED_EDGE('',*,*,#3625,.T.);
#3693=EDGE_LOOP('',(#3689,#3690,#3691,#3692));
#3694=FACE_OUTER_BOUND('',#3693,.F.);
#3696=CARTESIAN_POINT('',(1.27E0,1.7E0,-1.12E1));
#3697=DIRECTION('',(0.E0,0.E0,1.E0));
#3698=DIRECTION('',(1.E0,0.E0,0.E0));
#3699=AXIS2_PLACEMENT_3D('',#3696,#3697,#3698);
#3700=PLANE('',#3699);
#3702=ORIENTED_EDGE('',*,*,#3701,.F.);
#3703=ORIENTED_EDGE('',*,*,#2227,.F.);
#3705=ORIENTED_EDGE('',*,*,#3704,.T.);
#3707=ORIENTED_EDGE('',*,*,#3706,.F.);
#3708=EDGE_LOOP('',(#3702,#3703,#3705,#3707));
#3709=FACE_OUTER_BOUND('',#3708,.F.);
#3711=CARTESIAN_POINT('',(1.27E0,1.7E0,-1.16E1));
#3712=DIRECTION('',(1.E0,0.E0,0.E0));
#3713=DIRECTION('',(0.E0,0.E0,-1.E0));
#3714=AXIS2_PLACEMENT_3D('',#3711,#3712,#3713);
#3715=PLANE('',#3714);
#3717=ORIENTED_EDGE('',*,*,#3716,.F.);
#3718=ORIENTED_EDGE('',*,*,#2229,.F.);
#3719=ORIENTED_EDGE('',*,*,#3701,.T.);
#3721=ORIENTED_EDGE('',*,*,#3720,.F.);
#3722=EDGE_LOOP('',(#3717,#3718,#3719,#3721));
#3723=FACE_OUTER_BOUND('',#3722,.F.);
#3725=CARTESIAN_POINT('',(2.E-1,1.7E0,-1.16E1));
#3726=DIRECTION('',(0.E0,0.E0,-1.E0));
#3727=DIRECTION('',(-1.E0,0.E0,0.E0));
#3728=AXIS2_PLACEMENT_3D('',#3725,#3726,#3727);
#3729=PLANE('',#3728);
#3731=ORIENTED_EDGE('',*,*,#3730,.F.);
#3732=ORIENTED_EDGE('',*,*,#2231,.F.);
#3733=ORIENTED_EDGE('',*,*,#3716,.T.);
#3735=ORIENTED_EDGE('',*,*,#3734,.F.);
#3736=EDGE_LOOP('',(#3731,#3732,#3733,#3735));
#3737=FACE_OUTER_BOUND('',#3736,.F.);
#3739=CARTESIAN_POINT('',(2.E-1,1.7E0,-1.267E1));
#3740=DIRECTION('',(1.E0,0.E0,0.E0));
#3741=DIRECTION('',(0.E0,0.E0,-1.E0));
#3742=AXIS2_PLACEMENT_3D('',#3739,#3740,#3741);
#3743=PLANE('',#3742);
#3745=ORIENTED_EDGE('',*,*,#3744,.F.);
#3746=ORIENTED_EDGE('',*,*,#2233,.F.);
#3747=ORIENTED_EDGE('',*,*,#3730,.T.);
#3749=ORIENTED_EDGE('',*,*,#3748,.F.);
#3750=EDGE_LOOP('',(#3745,#3746,#3747,#3749));
#3751=FACE_OUTER_BOUND('',#3750,.F.);
#3753=CARTESIAN_POINT('',(-2.E-1,1.7E0,-1.267E1));
#3754=DIRECTION('',(0.E0,0.E0,-1.E0));
#3755=DIRECTION('',(-1.E0,0.E0,0.E0));
#3756=AXIS2_PLACEMENT_3D('',#3753,#3754,#3755);
#3757=PLANE('',#3756);
#3759=ORIENTED_EDGE('',*,*,#3758,.F.);
#3760=ORIENTED_EDGE('',*,*,#2235,.F.);
#3761=ORIENTED_EDGE('',*,*,#3744,.T.);
#3763=ORIENTED_EDGE('',*,*,#3762,.F.);
#3764=EDGE_LOOP('',(#3759,#3760,#3761,#3763));
#3765=FACE_OUTER_BOUND('',#3764,.F.);
#3767=CARTESIAN_POINT('',(-2.E-1,1.7E0,-1.267E1));
#3768=DIRECTION('',(-1.E0,0.E0,0.E0));
#3769=DIRECTION('',(0.E0,0.E0,1.E0));
#3770=AXIS2_PLACEMENT_3D('',#3767,#3768,#3769);
#3771=PLANE('',#3770);
#3773=ORIENTED_EDGE('',*,*,#3772,.F.);
#3774=ORIENTED_EDGE('',*,*,#2237,.F.);
#3775=ORIENTED_EDGE('',*,*,#3758,.T.);
#3777=ORIENTED_EDGE('',*,*,#3776,.F.);
#3778=EDGE_LOOP('',(#3773,#3774,#3775,#3777));
#3779=FACE_OUTER_BOUND('',#3778,.F.);
#3781=CARTESIAN_POINT('',(-2.E-1,1.7E0,-1.16E1));
#3782=DIRECTION('',(0.E0,0.E0,-1.E0));
#3783=DIRECTION('',(-1.E0,0.E0,0.E0));
#3784=AXIS2_PLACEMENT_3D('',#3781,#3782,#3783);
#3785=PLANE('',#3784);
#3787=ORIENTED_EDGE('',*,*,#3786,.F.);
#3788=ORIENTED_EDGE('',*,*,#2239,.F.);
#3789=ORIENTED_EDGE('',*,*,#3772,.T.);
#3791=ORIENTED_EDGE('',*,*,#3790,.F.);
#3792=EDGE_LOOP('',(#3787,#3788,#3789,#3791));
#3793=FACE_OUTER_BOUND('',#3792,.F.);
#3795=CARTESIAN_POINT('',(-1.27E0,1.7E0,-1.16E1));
#3796=DIRECTION('',(-1.E0,0.E0,0.E0));
#3797=DIRECTION('',(0.E0,0.E0,1.E0));
#3798=AXIS2_PLACEMENT_3D('',#3795,#3796,#3797);
#3799=PLANE('',#3798);
#3801=ORIENTED_EDGE('',*,*,#3800,.F.);
#3802=ORIENTED_EDGE('',*,*,#2241,.F.);
#3803=ORIENTED_EDGE('',*,*,#3786,.T.);
#3805=ORIENTED_EDGE('',*,*,#3804,.F.);
#3806=EDGE_LOOP('',(#3801,#3802,#3803,#3805));
#3807=FACE_OUTER_BOUND('',#3806,.F.);
#3809=CARTESIAN_POINT('',(-1.27E0,1.7E0,-1.12E1));
#3810=DIRECTION('',(0.E0,0.E0,1.E0));
#3811=DIRECTION('',(1.E0,0.E0,0.E0));
#3812=AXIS2_PLACEMENT_3D('',#3809,#3810,#3811);
#3813=PLANE('',#3812);
#3815=ORIENTED_EDGE('',*,*,#3814,.F.);
#3816=ORIENTED_EDGE('',*,*,#2243,.F.);
#3817=ORIENTED_EDGE('',*,*,#3800,.T.);
#3819=ORIENTED_EDGE('',*,*,#3818,.F.);
#3820=EDGE_LOOP('',(#3815,#3816,#3817,#3819));
#3821=FACE_OUTER_BOUND('',#3820,.F.);
#3823=CARTESIAN_POINT('',(-2.E-1,1.7E0,-1.12E1));
#3824=DIRECTION('',(-1.E0,0.E0,0.E0));
#3825=DIRECTION('',(0.E0,0.E0,1.E0));
#3826=AXIS2_PLACEMENT_3D('',#3823,#3824,#3825);
#3827=PLANE('',#3826);
#3829=ORIENTED_EDGE('',*,*,#3828,.F.);
#3830=ORIENTED_EDGE('',*,*,#2245,.F.);
#3831=ORIENTED_EDGE('',*,*,#3814,.T.);
#3833=ORIENTED_EDGE('',*,*,#3832,.F.);
#3834=EDGE_LOOP('',(#3829,#3830,#3831,#3833));
#3835=FACE_OUTER_BOUND('',#3834,.F.);
#3837=CARTESIAN_POINT('',(2.E-1,1.7E0,-1.013E1));
#3838=DIRECTION('',(0.E0,0.E0,1.E0));
#3839=DIRECTION('',(1.E0,0.E0,0.E0));
#3840=AXIS2_PLACEMENT_3D('',#3837,#3838,#3839);
#3841=PLANE('',#3840);
#3842=ORIENTED_EDGE('',*,*,#3828,.T.);
#3844=ORIENTED_EDGE('',*,*,#3843,.F.);
#3846=ORIENTED_EDGE('',*,*,#3845,.T.);
#3847=ORIENTED_EDGE('',*,*,#2247,.F.);
#3848=EDGE_LOOP('',(#3842,#3844,#3846,#3847));
#3849=FACE_OUTER_BOUND('',#3848,.F.);
#3851=CARTESIAN_POINT('',(0.E0,1.7E0,-3.65E0));
#3852=DIRECTION('',(0.E0,1.E0,0.E0));
#3853=DIRECTION('',(0.E0,0.E0,-1.E0));
#3854=AXIS2_PLACEMENT_3D('',#3851,#3852,#3853);
#3855=PLANE('',#3854);
#3856=ORIENTED_EDGE('',*,*,#3734,.T.);
#3857=ORIENTED_EDGE('',*,*,#3720,.T.);
#3858=ORIENTED_EDGE('',*,*,#3706,.T.);
#3860=ORIENTED_EDGE('',*,*,#3859,.T.);
#3861=ORIENTED_EDGE('',*,*,#3843,.T.);
#3862=ORIENTED_EDGE('',*,*,#3832,.T.);
#3863=ORIENTED_EDGE('',*,*,#3818,.T.);
#3864=ORIENTED_EDGE('',*,*,#3804,.T.);
#3865=ORIENTED_EDGE('',*,*,#3790,.T.);
#3866=ORIENTED_EDGE('',*,*,#3776,.T.);
#3867=ORIENTED_EDGE('',*,*,#3762,.T.);
#3868=ORIENTED_EDGE('',*,*,#3748,.T.);
#3869=EDGE_LOOP('',(#3856,#3857,#3858,#3860,#3861,#3862,#3863,#3864,#3865,#3866,
#3867,#3868));
#3870=FACE_OUTER_BOUND('',#3869,.F.);
#3872=CARTESIAN_POINT('',(2.E-1,1.7E0,-1.12E1));
#3873=DIRECTION('',(1.E0,0.E0,0.E0));
#3874=DIRECTION('',(0.E0,0.E0,-1.E0));
#3875=AXIS2_PLACEMENT_3D('',#3872,#3873,#3874);
#3876=PLANE('',#3875);
#3877=ORIENTED_EDGE('',*,*,#3704,.F.);
#3878=ORIENTED_EDGE('',*,*,#2249,.F.);
#3879=ORIENTED_EDGE('',*,*,#3845,.F.);
#3880=ORIENTED_EDGE('',*,*,#3859,.F.);
#3881=EDGE_LOOP('',(#3877,#3878,#3879,#3880));
#3882=FACE_OUTER_BOUND('',#3881,.F.);
#3888=PLANE_ANGLE_MEASURE_WITH_UNIT(PLANE_ANGLE_MEASURE(1.745329251994E-2),
#3887);
#3889=(CONVERSION_BASED_UNIT('DEGREE',#3888)NAMED_UNIT(*)PLANE_ANGLE_UNIT());
#3891=UNCERTAINTY_MEASURE_WITH_UNIT(LENGTH_MEASURE(1.E-3),#3886,
'distance_accuracy_value',
'Maximum model space distance between geometric entities at asserted connectivities');
#3894=APPLICATION_CONTEXT('automotive_design');
#3895=APPLICATION_PROTOCOL_DEFINITION('international standard',
'automotive_design',2001,#3894);
#3896=PRODUCT_DEFINITION_CONTEXT('part definition',#3894,'design');
#3897=PRODUCT_CONTEXT('',#3894,'mechanical');
#3898=PRODUCT('C-BAT-HLD-005-THM','C-BAT-HLD-005-THM','NOT SPECIFIED',(#3897));
#3899=PRODUCT_DEFINITION_FORMATION('1','LAST_VERSION',#3898);
#3907=DERIVED_UNIT_ELEMENT(#3906,2.E0);
#3908=DERIVED_UNIT((#3907));
#3909=MEASURE_REPRESENTATION_ITEM('surface area measure',AREA_MEASURE(
8.463944232876E2),#3908);
#3914=DERIVED_UNIT_ELEMENT(#3913,3.E0);
#3915=DERIVED_UNIT((#3914));
#3916=MEASURE_REPRESENTATION_ITEM('volume measure',VOLUME_MEASURE(
9.951387308076E1),#3915);
#3920=CARTESIAN_POINT('centre point',(-3.537123577081E-8,9.795881314748E-1,
-4.141425739867E0));
#3925=DERIVED_UNIT_ELEMENT(#3924,2.E0);
#3926=DERIVED_UNIT((#3925));
#3927=MEASURE_REPRESENTATION_ITEM('surface area measure',AREA_MEASURE(
8.463944232876E2),#3926);
#3932=DERIVED_UNIT_ELEMENT(#3931,3.E0);
#3933=DERIVED_UNIT((#3932));
#3934=MEASURE_REPRESENTATION_ITEM('volume measure',VOLUME_MEASURE(
9.951387308076E1),#3933);
#3938=CARTESIAN_POINT('centre point',(-3.537123577081E-8,9.795881314748E-1,
-4.141425739867E0));
#3943=PRODUCT_RELATED_PRODUCT_CATEGORY('part','',(#3898));
#1=COLOUR_RGB('',8.784E-1,9.49E-1,1.E0);
#10=CIRCLE('',#9,5.E-2);
#23=CIRCLE('',#22,5.E-2);
#36=CIRCLE('',#35,2.995671761282E0);
#41=CIRCLE('',#40,2.995671761282E0);
#46=CIRCLE('',#45,8.35E0);
#51=CIRCLE('',#50,8.35E0);
#56=CIRCLE('',#55,2.995671761282E0);
#61=CIRCLE('',#60,2.995671761282E0);
#74=CIRCLE('',#73,5.E-2);
#87=CIRCLE('',#86,5.E-2);
#112=CIRCLE('',#111,3.1E0);
#117=CIRCLE('',#116,3.1E0);
#146=CIRCLE('',#145,3.1E0);
#151=CIRCLE('',#150,3.1E0);
#168=CIRCLE('',#167,6.E-1);
#173=CIRCLE('',#172,3.5E-1);
#198=CIRCLE('',#197,3.5E-1);
#203=CIRCLE('',#202,6.E-1);
#240=CIRCLE('',#239,5.E-2);
#253=CIRCLE('',#252,5.E-2);
#262=CIRCLE('',#261,2.995671761282E0);
#267=CIRCLE('',#266,2.995671761282E0);
#272=CIRCLE('',#271,8.35E0);
#277=CIRCLE('',#276,8.35E0);
#282=CIRCLE('',#281,2.995671761282E0);
#287=CIRCLE('',#286,2.995671761282E0);
#296=CIRCLE('',#295,5.E-2);
#309=CIRCLE('',#308,5.E-2);
#318=CIRCLE('',#317,3.1E0);
#323=CIRCLE('',#322,3.1E0);
#328=CIRCLE('',#327,3.1E0);
#333=CIRCLE('',#332,3.1E0);
#358=CIRCLE('',#357,2.5E-1);
#363=CIRCLE('',#362,5.E-1);
#376=CIRCLE('',#375,5.E-1);
#385=CIRCLE('',#384,2.5E-1);
#442=CIRCLE('',#441,2.5E-1);
#451=CIRCLE('',#450,5.E-1);
#468=CIRCLE('',#467,3.E-1);
#481=CIRCLE('',#480,3.E-1);
#502=CIRCLE('',#501,5.E-1);
#507=CIRCLE('',#506,2.5E-1);
#520=CIRCLE('',#519,3.E-1);
#529=CIRCLE('',#528,3.E-1);
#550=CIRCLE('',#549,7.5E-1);
#559=CIRCLE('',#558,4.5E-1);
#564=CIRCLE('',#563,4.5E-1);
#581=CIRCLE('',#580,7.E-1);
#586=CIRCLE('',#585,7.E-1);
#595=CIRCLE('',#594,5.E-1);
#612=CIRCLE('',#611,5.E-1);
#621=CIRCLE('',#620,7.E-1);
#626=CIRCLE('',#625,7.E-1);
#643=CIRCLE('',#642,4.5E-1);
#648=CIRCLE('',#647,4.5E-1);
#657=CIRCLE('',#656,7.5E-1);
#674=CIRCLE('',#673,8.E-1);
#679=CIRCLE('',#678,8.E-1);
#684=CIRCLE('',#683,8.E-1);
#689=CIRCLE('',#688,8.E-1);
#730=CIRCLE('',#729,3.E-1);
#739=CIRCLE('',#738,3.E-1);
#756=CIRCLE('',#755,5.E-1);
#765=CIRCLE('',#764,7.E-1);
#770=CIRCLE('',#769,7.E-1);
#787=CIRCLE('',#786,4.5E-1);
#792=CIRCLE('',#791,4.5E-1);
#801=CIRCLE('',#800,7.5E-1);
#818=CIRCLE('',#817,7.5E-1);
#827=CIRCLE('',#826,4.5E-1);
#832=CIRCLE('',#831,4.5E-1);
#849=CIRCLE('',#848,7.E-1);
#854=CIRCLE('',#853,7.E-1);
#863=CIRCLE('',#862,5.E-1);
#888=CIRCLE('',#887,3.E-1);
#901=CIRCLE('',#900,3.E-1);
#934=CIRCLE('',#933,8.E-1);
#939=CIRCLE('',#938,8.E-1);
#944=CIRCLE('',#943,8.E-1);
#949=CIRCLE('',#948,8.E-1);
#982=CIRCLE('',#981,3.E-1);
#991=CIRCLE('',#990,5.5E-1);
#1000=CIRCLE('',#999,3.E-1);
#1009=CIRCLE('',#1008,5.5E-1);
#1022=CIRCLE('',#1021,5.5E-1);
#1031=CIRCLE('',#1030,3.E-1);
#1040=CIRCLE('',#1039,5.5E-1);
#1049=CIRCLE('',#1048,3.E-1);
#1098=CIRCLE('',#1097,1.5E0);
#1103=CIRCLE('',#1102,1.5E0);
#1128=CIRCLE('',#1127,1.5E0);
#1133=CIRCLE('',#1132,1.5E0);
#1154=CIRCLE('',#1153,5.5E-1);
#1163=CIRCLE('',#1162,3.E-1);
#1172=CIRCLE('',#1171,5.5E-1);
#1181=CIRCLE('',#1180,3.E-1);
#1230=CIRCLE('',#1229,3.E-1);
#1239=CIRCLE('',#1238,5.5E-1);
#1248=CIRCLE('',#1247,3.E-1);
#1257=CIRCLE('',#1256,5.5E-1);
#1278=CIRCLE('',#1277,1.5E0);
#1283=CIRCLE('',#1282,1.5E0);
#1296=CIRCLE('',#1295,1.5E0);
#1301=CIRCLE('',#1300,1.5E0);
#1923=EDGE_CURVE('',#1695,#1763,#5,.T.);
#1925=EDGE_CURVE('',#1496,#1695,#10,.T.);
#1927=EDGE_CURVE('',#1592,#1496,#14,.T.);
#1929=EDGE_CURVE('',#1592,#1593,#459,.T.);
#1931=EDGE_CURVE('',#1629,#1593,#18,.T.);
#1933=EDGE_CURVE('',#1512,#1629,#23,.T.);
#1935=EDGE_CURVE('',#1517,#1512,#27,.T.);
#1937=EDGE_CURVE('',#1516,#1517,#31,.T.);
#1939=EDGE_CURVE('',#1811,#1516,#36,.T.);
#1941=EDGE_CURVE('',#1813,#1811,#41,.T.);
#1943=EDGE_CURVE('',#1649,#1813,#46,.T.);
#1945=EDGE_CURVE('',#1777,#1649,#51,.T.);
#1947=EDGE_CURVE('',#1776,#1777,#56,.T.);
#1949=EDGE_CURVE('',#1779,#1776,#61,.T.);
#1951=EDGE_CURVE('',#1829,#1779,#65,.T.);
#1953=EDGE_CURVE('',#1577,#1829,#69,.T.);
#1955=EDGE_CURVE('',#1564,#1577,#74,.T.);
#1957=EDGE_CURVE('',#1717,#1564,#78,.T.);
#1959=EDGE_CURVE('',#1717,#1757,#367,.T.);
#1961=EDGE_CURVE('',#1699,#1757,#82,.T.);
#1963=EDGE_CURVE('',#1713,#1699,#87,.T.);
#1965=EDGE_CURVE('',#1712,#1713,#91,.T.);
#1967=EDGE_CURVE('',#1520,#1712,#95,.T.);
#1969=EDGE_CURVE('',#1520,#1675,#189,.T.);
#1971=EDGE_CURVE('',#1763,#1675,#99,.T.);
#1975=EDGE_CURVE('',#1760,#1727,#1013,.T.);
#1977=EDGE_CURVE('',#1651,#1727,#103,.T.);
#1979=EDGE_CURVE('',#1703,#1651,#107,.T.);
#1981=EDGE_CURVE('',#1853,#1703,#112,.T.);
#1983=EDGE_CURVE('',#1739,#1853,#117,.T.);
#1985=EDGE_CURVE('',#1738,#1739,#121,.T.);
#1987=EDGE_CURVE('',#1760,#1738,#125,.T.);
#1991=EDGE_CURVE('',#1785,#1575,#129,.T.);
#1993=EDGE_CURVE('',#1734,#1785,#133,.T.);
#1995=EDGE_CURVE('',#1734,#1735,#1265,.T.);
#1997=EDGE_CURVE('',#1469,#1735,#137,.T.);
#1999=EDGE_CURVE('',#1673,#1469,#141,.T.);
#2001=EDGE_CURVE('',#1863,#1673,#146,.T.);
#2003=EDGE_CURVE('',#1575,#1863,#151,.T.);
#2007=ADVANCED_FACE('',(#1974,#1990,#2006),#1922,.F.);
#2013=EDGE_CURVE('',#1637,#1763,#155,.T.);
#2015=EDGE_CURVE('',#1636,#1637,#159,.T.);
#2017=EDGE_CURVE('',#1636,#1695,#713,.T.);
#2022=ADVANCED_FACE('',(#2021),#2012,.F.);
#2028=EDGE_CURVE('',#1851,#1675,#163,.T.);
#2030=EDGE_CURVE('',#1851,#1637,#313,.T.);
#2036=ADVANCED_FACE('',(#2035),#2027,.T.);
#2042=EDGE_CURVE('',#1783,#1772,#177,.T.);
#2044=EDGE_CURVE('',#1772,#1705,#223,.T.);
#2046=EDGE_CURVE('',#1705,#1569,#207,.T.);
#2048=EDGE_CURVE('',#1851,#1569,#168,.T.);
#2051=EDGE_CURVE('',#1783,#1675,#173,.T.);
#2055=ADVANCED_FACE('',(#2054),#2041,.T.);
#2062=EDGE_CURVE('',#1783,#1521,#193,.T.);
#2064=EDGE_CURVE('',#1773,#1521,#181,.T.);
#2066=EDGE_CURVE('',#1772,#1773,#185,.T.);
#2070=ADVANCED_FACE('',(#2069),#2060,.F.);
#2078=EDGE_CURVE('',#1520,#1521,#198,.T.);
#2083=ADVANCED_FACE('',(#2082),#2075,.F.);
#2089=EDGE_CURVE('',#1568,#1801,#211,.T.);
#2091=EDGE_CURVE('',#1801,#1773,#215,.T.);
#2095=EDGE_CURVE('',#1520,#1769,#337,.T.);
#2097=EDGE_CURVE('',#1568,#1769,#203,.T.);
#2101=ADVANCED_FACE('',(#2100),#2088,.T.);
#2108=EDGE_CURVE('',#1705,#1801,#219,.T.);
#2111=EDGE_CURVE('',#1568,#1569,#231,.T.);
#2115=ADVANCED_FACE('',(#2114),#2106,.T.);
#2127=ADVANCED_FACE('',(#2126),#2120,.F.);
#2133=EDGE_CURVE('',#1851,#1769,#227,.T.);
#2140=ADVANCED_FACE('',(#2139),#2132,.T.);
#2147=EDGE_CURVE('',#1871,#1769,#235,.T.);
#2149=EDGE_CURVE('',#1871,#1859,#341,.T.);
#2151=EDGE_CURVE('',#1535,#1859,#240,.T.);
#2153=EDGE_CURVE('',#1534,#1535,#244,.T.);
#2155=EDGE_CURVE('',#1534,#1605,#725,.T.);
#2157=EDGE_CURVE('',#1565,#1605,#248,.T.);
#2159=EDGE_CURVE('',#1781,#1565,#253,.T.);
#2161=EDGE_CURVE('',#1781,#1828,#401,.T.);
#2163=EDGE_CURVE('',#1837,#1828,#257,.T.);
#2165=EDGE_CURVE('',#1867,#1837,#262,.T.);
#2167=EDGE_CURVE('',#1869,#1867,#267,.T.);
#2169=EDGE_CURVE('',#1648,#1869,#272,.T.);
#2171=EDGE_CURVE('',#1857,#1648,#277,.T.);
#2173=EDGE_CURVE('',#1891,#1857,#282,.T.);
#2175=EDGE_CURVE('',#1625,#1891,#287,.T.);
#2177=EDGE_CURVE('',#1624,#1625,#291,.T.);
#2179=EDGE_CURVE('',#1624,#1513,#425,.T.);
#2181=EDGE_CURVE('',#1628,#1513,#296,.T.);
#2183=EDGE_CURVE('',#1530,#1628,#300,.T.);
#2185=EDGE_CURVE('',#1530,#1603,#511,.T.);
#2187=EDGE_CURVE('',#1497,#1603,#304,.T.);
#2189=EDGE_CURVE('',#1636,#1497,#309,.T.);
#2195=EDGE_CURVE('',#1484,#1508,#965,.T.);
#2197=EDGE_CURVE('',#1508,#1509,#973,.T.);
#2199=EDGE_CURVE('',#1509,#1841,#1085,.T.);
#2201=EDGE_CURVE('',#1841,#1861,#1053,.T.);
#2203=EDGE_CURVE('',#1861,#1765,#1065,.T.);
#2205=EDGE_CURVE('',#1485,#1765,#318,.T.);
#2207=EDGE_CURVE('',#1484,#1485,#323,.T.);
#2211=EDGE_CURVE('',#1693,#1664,#1145,.T.);
#2213=EDGE_CURVE('',#1664,#1665,#1189,.T.);
#2215=EDGE_CURVE('',#1665,#1559,#1197,.T.);
#2217=EDGE_CURVE('',#1558,#1559,#328,.T.);
#2219=EDGE_CURVE('',#1672,#1558,#333,.T.);
#2221=EDGE_CURVE('',#1672,#1468,#1217,.T.);
#2223=EDGE_CURVE('',#1468,#1693,#1225,.T.);
#2227=EDGE_CURVE('',#1668,#1669,#1329,.T.);
#2229=EDGE_CURVE('',#1669,#1755,#1341,.T.);
#2231=EDGE_CURVE('',#1755,#1849,#1353,.T.);
#2233=EDGE_CURVE('',#1849,#1709,#1365,.T.);
#2235=EDGE_CURVE('',#1709,#1659,#1377,.T.);
#2237=EDGE_CURVE('',#1659,#1561,#1389,.T.);
#2239=EDGE_CURVE('',#1561,#1542,#1401,.T.);
#2241=EDGE_CURVE('',#1542,#1685,#1413,.T.);
#2243=EDGE_CURVE('',#1685,#1821,#1425,.T.);
#2245=EDGE_CURVE('',#1821,#1745,#1437,.T.);
#2247=EDGE_CURVE('',#1745,#1767,#1449,.T.);
#2249=EDGE_CURVE('',#1767,#1668,#1457,.T.);
#2253=ADVANCED_FACE('',(#2194,#2210,#2226,#2252),#2145,.T.);
#2261=EDGE_CURVE('',#1712,#1871,#345,.T.);
#2266=ADVANCED_FACE('',(#2265),#2258,.T.);
#2272=EDGE_CURVE('',#1713,#1859,#349,.T.);
#2279=ADVANCED_FACE('',(#2278),#2271,.F.);
#2288=EDGE_CURVE('',#1535,#1699,#353,.T.);
#2292=ADVANCED_FACE('',(#2291),#2284,.F.);
#2301=EDGE_CURVE('',#1678,#1757,#358,.T.);
#2303=EDGE_CURVE('',#1678,#1683,#892,.T.);
#2305=EDGE_CURVE('',#1683,#1655,#879,.T.);
#2307=EDGE_CURVE('',#1655,#1581,#734,.T.);
#2309=EDGE_CURVE('',#1534,#1581,#363,.T.);
#2313=ADVANCED_FACE('',(#2312),#2297,.T.);
#2320=EDGE_CURVE('',#1717,#1679,#385,.T.);
#2322=EDGE_CURVE('',#1678,#1679,#371,.T.);
#2327=ADVANCED_FACE('',(#2326),#2318,.F.);
#2334=EDGE_CURVE('',#1564,#1565,#393,.T.);
#2337=EDGE_CURVE('',#1580,#1605,#376,.T.);
#2339=EDGE_CURVE('',#1805,#1580,#380,.T.);
#2341=EDGE_CURVE('',#1805,#1707,#905,.T.);
#2343=EDGE_CURVE('',#1707,#1679,#896,.T.);
#2348=ADVANCED_FACE('',(#2347),#2332,.T.);
#2355=EDGE_CURVE('',#1781,#1577,#389,.T.);
#2361=ADVANCED_FACE('',(#2360),#2353,.F.);
#2368=EDGE_CURVE('',#1828,#1829,#397,.T.);
#2374=ADVANCED_FACE('',(#2373),#2366,.F.);
#2380=EDGE_CURVE('',#1779,#1837,#405,.T.);
#2387=ADVANCED_FACE('',(#2386),#2379,.T.);
#2394=EDGE_CURVE('',#1777,#1869,#413,.T.);
#2402=ADVANCED_FACE('',(#2401),#2392,.T.);
#2408=EDGE_CURVE('',#1648,#1649,#409,.T.);
#2415=ADVANCED_FACE('',(#2414),#2407,.F.);
#2422=EDGE_CURVE('',#1857,#1813,#417,.T.);
#2428=ADVANCED_FACE('',(#2427),#2420,.F.);
#2435=EDGE_CURVE('',#1625,#1516,#421,.T.);
#2443=ADVANCED_FACE('',(#2442),#2433,.T.);
#2451=EDGE_CURVE('',#1517,#1624,#429,.T.);
#2456=ADVANCED_FACE('',(#2455),#2448,.T.);
#2465=EDGE_CURVE('',#1512,#1513,#433,.T.);
#2469=ADVANCED_FACE('',(#2468),#2461,.F.);
#2478=EDGE_CURVE('',#1628,#1629,#437,.T.);
#2482=ADVANCED_FACE('',(#2481),#2474,.F.);
#2491=EDGE_CURVE('',#1620,#1593,#442,.T.);
#2493=EDGE_CURVE('',#1620,#1621,#472,.T.);
#2495=EDGE_CURVE('',#1621,#1701,#709,.T.);
#2497=EDGE_CURVE('',#1531,#1701,#446,.T.);
#2499=EDGE_CURVE('',#1530,#1531,#451,.T.);
#2503=ADVANCED_FACE('',(#2502),#2487,.T.);
#2509=EDGE_CURVE('',#1620,#1595,#455,.T.);
#2513=EDGE_CURVE('',#1592,#1595,#507,.T.);
#2517=ADVANCED_FACE('',(#2516),#2508,.F.);
#2523=EDGE_CURVE('',#1476,#1793,#463,.T.);
#2525=EDGE_CURVE('',#1621,#1793,#468,.T.);
#2529=EDGE_CURVE('',#1585,#1595,#476,.T.);
#2531=EDGE_CURVE('',#1476,#1585,#481,.T.);
#2535=ADVANCED_FACE('',(#2534),#2522,.F.);
#2542=EDGE_CURVE('',#1476,#1477,#497,.T.);
#2544=EDGE_CURVE('',#1477,#1917,#485,.T.);
#2546=EDGE_CURVE('',#1913,#1917,#661,.T.);
#2548=EDGE_CURVE('',#1913,#1911,#599,.T.);
#2550=EDGE_CURVE('',#1911,#1909,#545,.T.);
#2552=EDGE_CURVE('',#1909,#1715,#489,.T.);
#2554=EDGE_CURVE('',#1715,#1793,#705,.T.);
#2558=ADVANCED_FACE('',(#2557),#2540,.T.);
#2565=EDGE_CURVE('',#1584,#1585,#493,.T.);
#2567=EDGE_CURVE('',#1584,#1477,#520,.T.);
#2572=ADVANCED_FACE('',(#2571),#2563,.T.);
#2579=EDGE_CURVE('',#1803,#1603,#502,.T.);
#2581=EDGE_CURVE('',#1803,#1584,#524,.T.);
#2587=EDGE_CURVE('',#1496,#1497,#717,.T.);
#2591=ADVANCED_FACE('',(#2590),#2577,.T.);
#2600=EDGE_CURVE('',#1803,#1531,#515,.T.);
#2604=ADVANCED_FACE('',(#2603),#2596,.T.);
#2610=EDGE_CURVE('',#1908,#1916,#533,.T.);
#2612=EDGE_CURVE('',#1916,#1917,#607,.T.);
#2619=EDGE_CURVE('',#1715,#1701,#529,.T.);
#2622=EDGE_CURVE('',#1908,#1909,#541,.T.);
#2626=ADVANCED_FACE('',(#2625),#2609,.T.);
#2633=EDGE_CURVE('',#1908,#1893,#595,.T.);
#2635=EDGE_CURVE('',#1819,#1893,#537,.T.);
#2637=EDGE_CURVE('',#1819,#1916,#612,.T.);
#2641=ADVANCED_FACE('',(#2640),#2631,.F.);
#2649=EDGE_CURVE('',#1752,#1911,#550,.T.);
#2651=EDGE_CURVE('',#1493,#1752,#554,.T.);
#2653=EDGE_CURVE('',#1845,#1493,#559,.T.);
#2655=EDGE_CURVE('',#1689,#1845,#564,.T.);
#2657=EDGE_CURVE('',#1688,#1689,#568,.T.);
#2659=EDGE_CURVE('',#1719,#1688,#572,.T.);
#2661=EDGE_CURVE('',#1527,#1719,#576,.T.);
#2663=EDGE_CURVE('',#1525,#1527,#581,.T.);
#2665=EDGE_CURVE('',#1524,#1525,#586,.T.);
#2667=EDGE_CURVE('',#1893,#1524,#590,.T.);
#2672=ADVANCED_FACE('',(#2671),#2646,.T.);
#2679=EDGE_CURVE('',#1913,#1753,#657,.T.);
#2681=EDGE_CURVE('',#1752,#1753,#603,.T.);
#2686=ADVANCED_FACE('',(#2685),#2677,.T.);
#2694=EDGE_CURVE('',#1818,#1819,#616,.T.);
#2696=EDGE_CURVE('',#1881,#1818,#621,.T.);
#2698=EDGE_CURVE('',#1657,#1881,#626,.T.);
#2700=EDGE_CURVE('',#1473,#1657,#630,.T.);
#2702=EDGE_CURVE('',#1472,#1473,#634,.T.);
#2704=EDGE_CURVE('',#1555,#1472,#638,.T.);
#2706=EDGE_CURVE('',#1847,#1555,#643,.T.);
#2708=EDGE_CURVE('',#1492,#1847,#648,.T.);
#2710=EDGE_CURVE('',#1753,#1492,#652,.T.);
#2716=ADVANCED_FACE('',(#2715),#2691,.T.);
#2725=EDGE_CURVE('',#1524,#1818,#665,.T.);
#2729=ADVANCED_FACE('',(#2728),#2721,.T.);
#2739=EDGE_CURVE('',#1657,#1527,#669,.T.);
#2744=ADVANCED_FACE('',(#2743),#2734,.T.);
#2752=EDGE_CURVE('',#1539,#1719,#674,.T.);
#2754=EDGE_CURVE('',#1473,#1539,#679,.T.);
#2759=ADVANCED_FACE('',(#2758),#2749,.T.);
#2767=EDGE_CURVE('',#1688,#1538,#689,.T.);
#2769=EDGE_CURVE('',#1538,#1539,#693,.T.);
#2773=ADVANCED_FACE('',(#2772),#2764,.T.);
#2779=EDGE_CURVE('',#1538,#1472,#684,.T.);
#2783=EDGE_CURVE('',#1689,#1555,#697,.T.);
#2788=ADVANCED_FACE('',(#2787),#2778,.F.);
#2800=ADVANCED_FACE('',(#2799),#2793,.T.);
#2809=EDGE_CURVE('',#1492,#1493,#701,.T.);
#2815=ADVANCED_FACE('',(#2814),#2805,.F.);
#2827=ADVANCED_FACE('',(#2826),#2820,.F.);
#2839=ADVANCED_FACE('',(#2838),#2832,.T.);
#2851=ADVANCED_FACE('',(#2850),#2844,.F.);
#2858=EDGE_CURVE('',#1580,#1581,#721,.T.);
#2864=ADVANCED_FACE('',(#2863),#2856,.T.);
#2870=EDGE_CURVE('',#1900,#1904,#743,.T.);
#2872=EDGE_CURVE('',#1904,#1905,#751,.T.);
#2874=EDGE_CURVE('',#1749,#1905,#871,.T.);
#2876=EDGE_CURVE('',#1805,#1749,#730,.T.);
#2881=EDGE_CURVE('',#1815,#1655,#739,.T.);
#2883=EDGE_CURVE('',#1901,#1815,#867,.T.);
#2885=EDGE_CURVE('',#1900,#1901,#809,.T.);
#2889=ADVANCED_FACE('',(#2888),#2869,.T.);
#2895=EDGE_CURVE('',#1743,#1904,#756,.T.);
#2898=EDGE_CURVE('',#1900,#1889,#863,.T.);
#2900=EDGE_CURVE('',#1743,#1889,#747,.T.);
#2904=ADVANCED_FACE('',(#2903),#2894,.F.);
#2912=EDGE_CURVE('',#1742,#1743,#760,.T.);
#2914=EDGE_CURVE('',#1589,#1742,#765,.T.);
#2916=EDGE_CURVE('',#1607,#1589,#770,.T.);
#2918=EDGE_CURVE('',#1885,#1607,#774,.T.);
#2920=EDGE_CURVE('',#1639,#1885,#778,.T.);
#2922=EDGE_CURVE('',#1553,#1639,#782,.T.);
#2924=EDGE_CURVE('',#1552,#1553,#787,.T.);
#2926=EDGE_CURVE('',#1645,#1552,#792,.T.);
#2928=EDGE_CURVE('',#1644,#1645,#796,.T.);
#2930=EDGE_CURVE('',#1897,#1644,#801,.T.);
#2932=EDGE_CURVE('',#1897,#1905,#805,.T.);
#2936=ADVANCED_FACE('',(#2935),#2909,.T.);
#2942=EDGE_CURVE('',#1889,#1877,#858,.T.);
#2944=EDGE_CURVE('',#1877,#1742,#961,.T.);
#2950=ADVANCED_FACE('',(#2949),#2941,.T.);
#2957=EDGE_CURVE('',#1896,#1901,#813,.T.);
#2959=EDGE_CURVE('',#1501,#1896,#818,.T.);
#2961=EDGE_CURVE('',#1500,#1501,#822,.T.);
#2963=EDGE_CURVE('',#1831,#1500,#827,.T.);
#2965=EDGE_CURVE('',#1601,#1831,#832,.T.);
#2967=EDGE_CURVE('',#1505,#1601,#836,.T.);
#2969=EDGE_CURVE('',#1504,#1505,#840,.T.);
#2971=EDGE_CURVE('',#1573,#1504,#844,.T.);
#2973=EDGE_CURVE('',#1572,#1573,#849,.T.);
#2975=EDGE_CURVE('',#1877,#1572,#854,.T.);
#2981=ADVANCED_FACE('',(#2980),#2955,.T.);
#2988=EDGE_CURVE('',#1815,#1697,#875,.T.);
#2990=EDGE_CURVE('',#1748,#1697,#883,.T.);
#2992=EDGE_CURVE('',#1748,#1749,#909,.T.);
#2996=EDGE_CURVE('',#1896,#1897,#913,.T.);
#3001=ADVANCED_FACE('',(#3000),#2986,.T.);
#3007=EDGE_CURVE('',#1683,#1697,#888,.T.);
#3014=ADVANCED_FACE('',(#3013),#3006,.T.);
#3025=EDGE_CURVE('',#1748,#1707,#901,.T.);
#3029=ADVANCED_FACE('',(#3028),#3019,.F.);
#3041=ADVANCED_FACE('',(#3040),#3034,.T.);
#3049=EDGE_CURVE('',#1501,#1644,#917,.T.);
#3054=ADVANCED_FACE('',(#3053),#3046,.T.);
#3062=EDGE_CURVE('',#1645,#1500,#921,.T.);
#3067=ADVANCED_FACE('',(#3066),#3059,.F.);
#3076=EDGE_CURVE('',#1552,#1831,#925,.T.);
#3080=ADVANCED_FACE('',(#3079),#3072,.F.);
#3088=EDGE_CURVE('',#1601,#1553,#929,.T.);
#3093=ADVANCED_FACE('',(#3092),#3085,.F.);
#3101=EDGE_CURVE('',#1879,#1639,#934,.T.);
#3103=EDGE_CURVE('',#1505,#1879,#939,.T.);
#3108=ADVANCED_FACE('',(#3107),#3098,.F.);
#3118=EDGE_CURVE('',#1885,#1883,#949,.T.);
#3120=EDGE_CURVE('',#1883,#1504,#944,.T.);
#3124=ADVANCED_FACE('',(#3123),#3113,.T.);
#3131=EDGE_CURVE('',#1607,#1573,#953,.T.);
#3138=ADVANCED_FACE('',(#3137),#3129,.T.);
#3147=EDGE_CURVE('',#1589,#1572,#957,.T.);
#3151=ADVANCED_FACE('',(#3150),#3143,.T.);
#3163=ADVANCED_FACE('',(#3162),#3156,.T.);
#3169=EDGE_CURVE('',#1651,#1508,#977,.T.);
#3172=EDGE_CURVE('',#1484,#1703,#1077,.T.);
#3177=ADVANCED_FACE('',(#3176),#3168,.F.);
#3183=EDGE_CURVE('',#1509,#1727,#969,.T.);
#3190=ADVANCED_FACE('',(#3189),#3182,.F.);
#3197=EDGE_CURVE('',#1726,#1727,#982,.T.);
#3199=EDGE_CURVE('',#1599,#1726,#986,.T.);
#3201=EDGE_CURVE('',#1641,#1599,#991,.T.);
#3203=EDGE_CURVE('',#1873,#1641,#995,.T.);
#3205=EDGE_CURVE('',#1873,#1887,#1119,.T.);
#3207=EDGE_CURVE('',#1887,#1835,#1111,.T.);
#3209=EDGE_CURVE('',#1824,#1835,#1000,.T.);
#3211=EDGE_CURVE('',#1653,#1824,#1004,.T.);
#3213=EDGE_CURVE('',#1509,#1653,#1009,.T.);
#3217=ADVANCED_FACE('',(#3216),#3195,.T.);
#3224=EDGE_CURVE('',#1760,#1761,#1049,.T.);
#3226=EDGE_CURVE('',#1726,#1761,#1017,.T.);
#3231=ADVANCED_FACE('',(#3230),#3222,.F.);
#3237=EDGE_CURVE('',#1760,#1841,#1057,.T.);
#3239=EDGE_CURVE('',#1865,#1841,#1022,.T.);
#3241=EDGE_CURVE('',#1825,#1865,#1026,.T.);
#3243=EDGE_CURVE('',#1834,#1825,#1031,.T.);
#3245=EDGE_CURVE('',#1834,#1661,#1107,.T.);
#3247=EDGE_CURVE('',#1661,#1489,#1123,.T.);
#3249=EDGE_CURVE('',#1613,#1489,#1035,.T.);
#3251=EDGE_CURVE('',#1598,#1613,#1040,.T.);
#3253=EDGE_CURVE('',#1761,#1598,#1044,.T.);
#3258=ADVANCED_FACE('',(#3257),#3236,.T.);
#3267=EDGE_CURVE('',#1861,#1738,#1061,.T.);
#3271=ADVANCED_FACE('',(#3270),#3263,.F.);
#3277=EDGE_CURVE('',#1739,#1765,#1073,.T.);
#3284=ADVANCED_FACE('',(#3283),#3276,.F.);
#3290=EDGE_CURVE('',#1485,#1853,#1069,.T.);
#3297=ADVANCED_FACE('',(#3296),#3289,.F.);
#3309=ADVANCED_FACE('',(#3308),#3302,.F.);
#3316=EDGE_CURVE('',#1865,#1653,#1081,.T.);
#3322=ADVANCED_FACE('',(#3321),#3314,.T.);
#3328=EDGE_CURVE('',#1824,#1825,#1093,.T.);
#3335=ADVANCED_FACE('',(#3334),#3327,.F.);
#3341=EDGE_CURVE('',#1834,#1835,#1089,.T.);
#3348=ADVANCED_FACE('',(#3347),#3340,.F.);
#3354=EDGE_CURVE('',#1843,#1887,#1098,.T.);
#3356=EDGE_CURVE('',#1661,#1843,#1103,.T.);
#3363=ADVANCED_FACE('',(#3362),#3353,.F.);
#3369=EDGE_CURVE('',#1843,#1488,#1115,.T.);
#3373=EDGE_CURVE('',#1873,#1488,#1133,.T.);
#3377=ADVANCED_FACE('',(#3376),#3368,.T.);
#3383=EDGE_CURVE('',#1488,#1489,#1128,.T.);
#3390=ADVANCED_FACE('',(#3389),#3382,.T.);
#3396=EDGE_CURVE('',#1641,#1613,#1141,.T.);
#3404=ADVANCED_FACE('',(#3403),#3395,.T.);
#3411=EDGE_CURVE('',#1598,#1599,#1137,.T.);
#3417=ADVANCED_FACE('',(#3416),#3409,.T.);
#3429=ADVANCED_FACE('',(#3428),#3422,.T.);
#3435=EDGE_CURVE('',#1723,#1664,#1154,.T.);
#3438=EDGE_CURVE('',#1693,#1788,#1257,.T.);
#3440=EDGE_CURVE('',#1723,#1788,#1149,.T.);
#3444=ADVANCED_FACE('',(#3443),#3434,.T.);
#3450=EDGE_CURVE('',#1734,#1664,#1193,.T.);
#3453=EDGE_CURVE('',#1722,#1723,#1158,.T.);
#3455=EDGE_CURVE('',#1616,#1722,#1163,.T.);
#3457=EDGE_CURVE('',#1616,#1875,#1305,.T.);
#3459=EDGE_CURVE('',#1875,#1731,#1287,.T.);
#3461=EDGE_CURVE('',#1809,#1731,#1167,.T.);
#3463=EDGE_CURVE('',#1808,#1809,#1172,.T.);
#3465=EDGE_CURVE('',#1839,#1808,#1176,.T.);
#3467=EDGE_CURVE('',#1734,#1839,#1181,.T.);
#3471=ADVANCED_FACE('',(#3470),#3449,.T.);
#3477=EDGE_CURVE('',#1665,#1785,#1185,.T.);
#3484=ADVANCED_FACE('',(#3483),#3476,.F.);
#3490=EDGE_CURVE('',#1575,#1559,#1205,.T.);
#3497=ADVANCED_FACE('',(#3496),#3489,.F.);
#3503=EDGE_CURVE('',#1558,#1863,#1201,.T.);
#3510=ADVANCED_FACE('',(#3509),#3502,.F.);
#3517=EDGE_CURVE('',#1672,#1673,#1209,.T.);
#3523=ADVANCED_FACE('',(#3522),#3515,.F.);
#3529=EDGE_CURVE('',#1468,#1469,#1213,.T.);
#3536=ADVANCED_FACE('',(#3535),#3528,.F.);
#3543=EDGE_CURVE('',#1693,#1735,#1221,.T.);
#3549=ADVANCED_FACE('',(#3548),#3541,.F.);
#3556=EDGE_CURVE('',#1681,#1735,#1230,.T.);
#3558=EDGE_CURVE('',#1549,#1681,#1234,.T.);
#3560=EDGE_CURVE('',#1548,#1549,#1239,.T.);
#3562=EDGE_CURVE('',#1855,#1548,#1243,.T.);
#3564=EDGE_CURVE('',#1855,#1799,#1321,.T.);
#3566=EDGE_CURVE('',#1799,#1617,#1291,.T.);
#3568=EDGE_CURVE('',#1789,#1617,#1248,.T.);
#3570=EDGE_CURVE('',#1788,#1789,#1252,.T.);
#3575=ADVANCED_FACE('',(#3574),#3554,.T.);
#3581=EDGE_CURVE('',#1681,#1839,#1261,.T.);
#3588=ADVANCED_FACE('',(#3587),#3580,.F.);
#3595=EDGE_CURVE('',#1808,#1549,#1273,.T.);
#3601=ADVANCED_FACE('',(#3600),#3593,.T.);
#3608=EDGE_CURVE('',#1548,#1809,#1269,.T.);
#3614=ADVANCED_FACE('',(#3613),#3606,.T.);
#3623=EDGE_CURVE('',#1730,#1731,#1278,.T.);
#3625=EDGE_CURVE('',#1855,#1730,#1283,.T.);
#3629=ADVANCED_FACE('',(#3628),#3619,.T.);
#3637=EDGE_CURVE('',#1875,#1798,#1301,.T.);
#3639=EDGE_CURVE('',#1798,#1730,#1317,.T.);
#3643=ADVANCED_FACE('',(#3642),#3634,.T.);
#3649=EDGE_CURVE('',#1616,#1617,#1313,.T.);
#3652=EDGE_CURVE('',#1798,#1799,#1296,.T.);
#3658=ADVANCED_FACE('',(#3657),#3648,.F.);
#3664=EDGE_CURVE('',#1789,#1722,#1309,.T.);
#3671=ADVANCED_FACE('',(#3670),#3663,.F.);
#3683=ADVANCED_FACE('',(#3682),#3676,.F.);
#3695=ADVANCED_FACE('',(#3694),#3688,.T.);
#3701=EDGE_CURVE('',#1669,#1633,#1325,.T.);
#3704=EDGE_CURVE('',#1668,#1791,#1453,.T.);
#3706=EDGE_CURVE('',#1633,#1791,#1333,.T.);
#3710=ADVANCED_FACE('',(#3709),#3700,.F.);
#3716=EDGE_CURVE('',#1755,#1632,#1337,.T.);
#3720=EDGE_CURVE('',#1632,#1633,#1345,.T.);
#3724=ADVANCED_FACE('',(#3723),#3715,.F.);
#3730=EDGE_CURVE('',#1849,#1481,#1349,.T.);
#3734=EDGE_CURVE('',#1481,#1632,#1357,.T.);
#3738=ADVANCED_FACE('',(#3737),#3729,.F.);
#3744=EDGE_CURVE('',#1709,#1480,#1361,.T.);
#3748=EDGE_CURVE('',#1480,#1481,#1369,.T.);
#3752=ADVANCED_FACE('',(#3751),#3743,.F.);
#3758=EDGE_CURVE('',#1659,#1587,#1373,.T.);
#3762=EDGE_CURVE('',#1587,#1480,#1381,.T.);
#3766=ADVANCED_FACE('',(#3765),#3757,.F.);
#3772=EDGE_CURVE('',#1561,#1545,#1385,.T.);
#3776=EDGE_CURVE('',#1545,#1587,#1393,.T.);
#3780=ADVANCED_FACE('',(#3779),#3771,.F.);
#3786=EDGE_CURVE('',#1542,#1543,#1397,.T.);
#3790=EDGE_CURVE('',#1543,#1545,#1405,.T.);
#3794=ADVANCED_FACE('',(#3793),#3785,.F.);
#3800=EDGE_CURVE('',#1685,#1795,#1409,.T.);
#3804=EDGE_CURVE('',#1795,#1543,#1417,.T.);
#3808=ADVANCED_FACE('',(#3807),#3799,.F.);
#3814=EDGE_CURVE('',#1821,#1691,#1421,.T.);
#3818=EDGE_CURVE('',#1691,#1795,#1429,.T.);
#3822=ADVANCED_FACE('',(#3821),#3813,.F.);
#3828=EDGE_CURVE('',#1745,#1611,#1433,.T.);
#3832=EDGE_CURVE('',#1611,#1691,#1441,.T.);
#3836=ADVANCED_FACE('',(#3835),#3827,.F.);
#3843=EDGE_CURVE('',#1610,#1611,#1445,.T.);
#3845=EDGE_CURVE('',#1610,#1767,#1461,.T.);
#3850=ADVANCED_FACE('',(#3849),#3841,.F.);
#3859=EDGE_CURVE('',#1791,#1610,#1465,.T.);
#3871=ADVANCED_FACE('',(#3870),#3855,.T.);
#3883=ADVANCED_FACE('',(#3882),#3876,.F.);
#3884=CLOSED_SHELL('',(#2007,#2022,#2036,#2055,#2070,#2083,#2101,#2115,#2127,
#2140,#2253,#2266,#2279,#2292,#2313,#2327,#2348,#2361,#2374,#2387,#2402,#2415,
#2428,#2443,#2456,#2469,#2482,#2503,#2517,#2535,#2558,#2572,#2591,#2604,#2626,
#2641,#2672,#2686,#2716,#2729,#2744,#2759,#2773,#2788,#2800,#2815,#2827,#2839,
#2851,#2864,#2889,#2904,#2936,#2950,#2981,#3001,#3014,#3029,#3041,#3054,#3067,
#3080,#3093,#3108,#3124,#3138,#3151,#3163,#3177,#3190,#3217,#3231,#3258,#3271,
#3284,#3297,#3309,#3322,#3335,#3348,#3363,#3377,#3390,#3404,#3417,#3429,#3444,
#3471,#3484,#3497,#3510,#3523,#3536,#3549,#3575,#3588,#3601,#3614,#3629,#3643,
#3658,#3671,#3683,#3695,#3710,#3724,#3738,#3752,#3766,#3780,#3794,#3808,#3822,
#3836,#3850,#3871,#3883));
#3885=MANIFOLD_SOLID_BREP('',#3884);
#3886=(LENGTH_UNIT()NAMED_UNIT(*)SI_UNIT(.MILLI.,.METRE.));
#3887=(NAMED_UNIT(*)PLANE_ANGLE_UNIT()SI_UNIT($,.RADIAN.));
#3890=(NAMED_UNIT(*)SI_UNIT($,.STERADIAN.)SOLID_ANGLE_UNIT());
#3892=(GEOMETRIC_REPRESENTATION_CONTEXT(3)GLOBAL_UNCERTAINTY_ASSIGNED_CONTEXT((
#3891))GLOBAL_UNIT_ASSIGNED_CONTEXT((#3886,#3889,#3890))REPRESENTATION_CONTEXT(
'ID1','3'));
#3893=ADVANCED_BREP_SHAPE_REPRESENTATION('',(#3885),#3892);
#3900=PRODUCT_DEFINITION('part definition','',#3899,#3896);
#3901=PRODUCT_DEFINITION_SHAPE('','SHAPE FOR C-BAT-HLD-005-THM.',#3900);
#3902=SHAPE_ASPECT('','solid data associated with C-BAT-HLD-005-THM',#3901,.F.);
#3903=PROPERTY_DEFINITION('',
'shape for solid data with which properties are associated',#3902);
#3904=SHAPE_REPRESENTATION('',(#3885),#3892);
#3905=SHAPE_DEFINITION_REPRESENTATION(#3903,#3904);
#3906=(LENGTH_UNIT()NAMED_UNIT(*)SI_UNIT(.MILLI.,.METRE.));
#3910=PROPERTY_DEFINITION('geometric validation property',
'area of C-BAT-HLD-005-THM',#3902);
#3911=REPRESENTATION('surface area',(#3909),#3892);
#3912=PROPERTY_DEFINITION_REPRESENTATION(#3910,#3911);
#3913=(LENGTH_UNIT()NAMED_UNIT(*)SI_UNIT(.MILLI.,.METRE.));
#3917=PROPERTY_DEFINITION('geometric validation property',
'volume of C-BAT-HLD-005-THM',#3902);
#3918=REPRESENTATION('volume',(#3916),#3892);
#3919=PROPERTY_DEFINITION_REPRESENTATION(#3917,#3918);
#3921=PROPERTY_DEFINITION('geometric validation property',
'centroid of C-BAT-HLD-005-THM',#3902);
#3922=REPRESENTATION('centroid',(#3920),#3892);
#3923=PROPERTY_DEFINITION_REPRESENTATION(#3921,#3922);
#3924=(LENGTH_UNIT()NAMED_UNIT(*)SI_UNIT(.MILLI.,.METRE.));
#3928=PROPERTY_DEFINITION('geometric validation property',
'area of C-BAT-HLD-005-THM',#3901);
#3929=REPRESENTATION('surface area',(#3927),#3892);
#3930=PROPERTY_DEFINITION_REPRESENTATION(#3928,#3929);
#3931=(LENGTH_UNIT()NAMED_UNIT(*)SI_UNIT(.MILLI.,.METRE.));
#3935=PROPERTY_DEFINITION('geometric validation property',
'volume of C-BAT-HLD-005-THM',#3901);
#3936=REPRESENTATION('volume',(#3934),#3892);
#3937=PROPERTY_DEFINITION_REPRESENTATION(#3935,#3936);
#3939=PROPERTY_DEFINITION('geometric validation property',
'centroid of C-BAT-HLD-005-THM',#3901);
#3940=REPRESENTATION('centroid',(#3938),#3892);
#3941=PROPERTY_DEFINITION_REPRESENTATION(#3939,#3940);
#3942=SHAPE_DEFINITION_REPRESENTATION(#3901,#3893);
ENDSEC;
END-ISO-10303-21;
