ISO-10303-21;
HEADER;
FILE_DESCRIPTION (( 'STEP AP214' ),
    '1' );
FILE_NAME ('G6DN-1A DC24.STEP',
    '2022-11-03T17:12:04',
    ( '' ),
    ( '' ),
    'SwSTEP 2.0',
    'SolidWorks 2022',
    '' );
FILE_SCHEMA (( 'AUTOMOTIVE_DESIGN' ));
ENDSEC;

DATA;
#1 = SURFACE_STYLE_USAGE ( .BOTH. , #1111 ) ;
#2 =( NAMED_UNIT ( * ) SI_UNIT ( $, .STERADIAN. ) SOLID_ANGLE_UNIT ( ) );
#3 = VECTOR ( 'NONE', #2056, 1000.000000000000000 ) ;
#4 = EDGE_CURVE ( 'NONE', #250, #1481, #666, .T. ) ;
#5 = CARTESIAN_POINT ( 'NONE',  ( -5.024012443320954091, -2.525000000000016787, 0.000000000000000000 ) ) ;
#6 = ORIENTED_EDGE ( 'NONE', *, *, #624, .F. ) ;
#7 = ORIENTED_EDGE ( 'NONE', *, *, #623, .F. ) ;
#8 = VERTEX_POINT ( 'NONE', #485 ) ;
#9 = UNCERTAINTY_MEASURE_WITH_UNIT (LENGTH_MEASURE( 1.000000000000000082E-05 ), #1026, 'distance_accuracy_value', 'NONE');
#10 =( NAMED_UNIT ( * ) PLANE_ANGLE_UNIT ( ) SI_UNIT ( $, .RADIAN. ) );
#11 = LINE ( 'NONE', #752, #2007 ) ;
#12 = ADVANCED_FACE ( 'NONE', ( #1746 ), #1406, .F. ) ;
#13 = PLANE ( 'NONE',  #1883 ) ;
#14 = SURFACE_STYLE_FILL_AREA ( #1855 ) ;
#15 = ORIENTED_EDGE ( 'NONE', *, *, #1752, .F. ) ;
#16 =( LENGTH_UNIT ( ) NAMED_UNIT ( * ) SI_UNIT ( .MILLI., .METRE. ) );
#17 = ADVANCED_BREP_SHAPE_REPRESENTATION ( 'G6DN-1A DC24', ( #1830, #1779, #1816, #1791, #1086, #2117 ), #944 ) ;
#18 = DIRECTION ( 'NONE',  ( 0.000000000000000000, 0.000000000000000000, -1.000000000000000000 ) ) ;
#19 = ORIENTED_EDGE ( 'NONE', *, *, #1364, .F. ) ;
#20 = COLOUR_RGB ( '',0.8039215686274510109, 0.8039215686274510109, 0.8039215686274510109 ) ;
#21 = DIRECTION ( 'NONE',  ( -0.000000000000000000, -1.000000000000000000, -0.000000000000000000 ) ) ;
#22 = DIRECTION ( 'NONE',  ( 0.000000000000000000, 0.000000000000000000, -1.000000000000000000 ) ) ;
#23 = VECTOR ( 'NONE', #1622, 1000.000000000000000 ) ;
#24 = EDGE_CURVE ( 'NONE', #1987, #2006, #1044, .T. ) ;
#25 = VECTOR ( 'NONE', #1224, 1000.000000000000000 ) ;
#26 = PRESENTATION_STYLE_ASSIGNMENT (( #1251 ) ) ;
#27 = VECTOR ( 'NONE', #862, 1000.000000000000000 ) ;
#28 = FILL_AREA_STYLE_COLOUR ( '', #1125 ) ;
#29 = UNCERTAINTY_MEASURE_WITH_UNIT (LENGTH_MEASURE( 1.000000000000000082E-05 ), #852, 'distance_accuracy_value', 'NONE');
#30 = CIRCLE ( 'NONE', #358, 0.2000000000000005107 ) ;
#31 = AXIS2_PLACEMENT_3D ( 'NONE', #406, #785, #1316 ) ;
#32 = FILL_AREA_STYLE_COLOUR ( '', #636 ) ;
#33 =( GEOMETRIC_REPRESENTATION_CONTEXT ( 3 ) GLOBAL_UNCERTAINTY_ASSIGNED_CONTEXT ( ( #1694 ) ) GLOBAL_UNIT_ASSIGNED_CONTEXT ( ( #1376, #1794, #713 ) ) REPRESENTATION_CONTEXT ( 'NONE', 'WORKASPACE' ) );
#34 = STYLED_ITEM ( 'NONE', ( #380 ), #1779 ) ;
#35 = ORIENTED_EDGE ( 'NONE', *, *, #2275, .F. ) ;
#36 = DIRECTION ( 'NONE',  ( -0.000000000000000000, -0.000000000000000000, 1.000000000000000000 ) ) ;
#37 = DIRECTION ( 'NONE',  ( 1.000000000000000000, -0.000000000000000000, 0.000000000000000000 ) ) ;
#38 = SURFACE_SIDE_STYLE ('',( #1139 ) ) ;
#39 = MECHANICAL_DESIGN_GEOMETRIC_PRESENTATION_REPRESENTATION (  '', ( #499 ), #2034 ) ;
#40 = PRESENTATION_STYLE_ASSIGNMENT (( #2032 ) ) ;
#41 = COLOUR_RGB ( '',0.9607843137254902244, 0.9607843137254902244, 0.9607843137254902244 ) ;
#42 = PRESENTATION_LAYER_ASSIGNMENT (  '', '', ( #2080 ) ) ;
#43 = PRESENTATION_STYLE_ASSIGNMENT (( #1517 ) ) ;
#44 = CARTESIAN_POINT ( 'NONE',  ( -8.821775633615938972, -1.000000000000001776, 12.49000000000000199 ) ) ;
#45 = PLANE ( 'NONE',  #1484 ) ;
#46 = ORIENTED_EDGE ( 'NONE', *, *, #418, .T. ) ;
#47 = FACE_OUTER_BOUND ( 'NONE', #873, .T. ) ;
#48 = FILL_AREA_STYLE_COLOUR ( '', #1235 ) ;
#49 = VERTEX_POINT ( 'NONE', #686 ) ;
#50 = CARTESIAN_POINT ( 'NONE',  ( 8.264999999999997016, 1.114999999999999991, -3.299999999999999822 ) ) ;
#51 = CARTESIAN_POINT ( 'NONE',  ( -8.821775633615938972, -1.000000000000001776, 12.49000000000000199 ) ) ;
#52 = UNCERTAINTY_MEASURE_WITH_UNIT (LENGTH_MEASURE( 1.000000000000000082E-05 ), #89, 'distance_accuracy_value', 'NONE');
#53 = DIRECTION ( 'NONE',  ( 0.000000000000000000, 0.000000000000000000, -1.000000000000000000 ) ) ;
#54 = EDGE_CURVE ( 'NONE', #1280, #2074, #978, .T. ) ;
#55 = DIRECTION ( 'NONE',  ( 0.000000000000000000, 1.000000000000000000, 0.000000000000000000 ) ) ;
#56 =( NAMED_UNIT ( * ) PLANE_ANGLE_UNIT ( ) SI_UNIT ( $, .RADIAN. ) );
#57 = EDGE_LOOP ( 'NONE', ( #224, #1209, #1180, #1556 ) ) ;
#58 = ORIENTED_EDGE ( 'NONE', *, *, #586, .F. ) ;
#59 = AXIS2_PLACEMENT_3D ( 'NONE', #1486, #1896, #84 ) ;
#60 = SURFACE_SIDE_STYLE ('',( #2233 ) ) ;
#61 = SURFACE_SIDE_STYLE ('',( #2199 ) ) ;
#62 = EDGE_CURVE ( 'NONE', #1729, #360, #1966, .T. ) ;
#63 = MECHANICAL_DESIGN_GEOMETRIC_PRESENTATION_REPRESENTATION (  '', ( #1188 ), #2279 ) ;
#64 =( LENGTH_UNIT ( ) NAMED_UNIT ( * ) SI_UNIT ( .MILLI., .METRE. ) );
#65 =( GEOMETRIC_REPRESENTATION_CONTEXT ( 3 ) GLOBAL_UNCERTAINTY_ASSIGNED_CONTEXT ( ( #276 ) ) GLOBAL_UNIT_ASSIGNED_CONTEXT ( ( #450, #1980, #501 ) ) REPRESENTATION_CONTEXT ( 'NONE', 'WORKASPACE' ) );
#66 = FILL_AREA_STYLE ('',( #846 ) ) ;
#67 = MECHANICAL_DESIGN_GEOMETRIC_PRESENTATION_REPRESENTATION (  '', ( #2073 ), #354 ) ;
#68 = EDGE_LOOP ( 'NONE', ( #2231, #1856, #166, #338 ) ) ;
#69 = AXIS2_PLACEMENT_3D ( 'NONE', #661, #91, #1363 ) ;
#70 = ORIENTED_EDGE ( 'NONE', *, *, #116, .F. ) ;
#71 = VECTOR ( 'NONE', #722, 1000.000000000000000 ) ;
#72 =( NAMED_UNIT ( * ) SI_UNIT ( $, .STERADIAN. ) SOLID_ANGLE_UNIT ( ) );
#73 = MECHANICAL_DESIGN_GEOMETRIC_PRESENTATION_REPRESENTATION (  '', ( #1386 ), #33 ) ;
#74 = DIRECTION ( 'NONE',  ( 1.000000000000000000, 0.000000000000000000, 0.000000000000000000 ) ) ;
#75 =( GEOMETRIC_REPRESENTATION_CONTEXT ( 3 ) GLOBAL_UNCERTAINTY_ASSIGNED_CONTEXT ( ( #29 ) ) GLOBAL_UNIT_ASSIGNED_CONTEXT ( ( #852, #1526, #671 ) ) REPRESENTATION_CONTEXT ( 'NONE', 'WORKASPACE' ) );
#76 =( NAMED_UNIT ( * ) SI_UNIT ( $, .STERADIAN. ) SOLID_ANGLE_UNIT ( ) );
#77 =( LENGTH_UNIT ( ) NAMED_UNIT ( * ) SI_UNIT ( .MILLI., .METRE. ) );
#78 = CLOSED_SHELL ( 'NONE', ( #1278, #957, #2106, #1978, #1518, #202, #1605, #128, #770, #2186, #1598, #1751, #2184, #2323, #409, #1440, #244, #332, #1628, #261, #1434, #295, #1905, #896, #1907, #888, #1084, #1595, #533, #408, #208, #1392 ) ) ;
#79 = DIRECTION ( 'NONE',  ( -0.000000000000000000, -0.000000000000000000, 1.000000000000000000 ) ) ;
#80 = FACE_BOUND ( 'NONE', #1960, .T. ) ;
#81 = UNCERTAINTY_MEASURE_WITH_UNIT (LENGTH_MEASURE( 1.000000000000000082E-05 ), #1991, 'distance_accuracy_value', 'NONE');
#82 =( NAMED_UNIT ( * ) PLANE_ANGLE_UNIT ( ) SI_UNIT ( $, .RADIAN. ) );
#83 = PLANE ( 'NONE',  #571 ) ;
#84 = DIRECTION ( 'NONE',  ( -1.000000000000000000, 0.000000000000000000, 0.000000000000000000 ) ) ;
#85 = CARTESIAN_POINT ( 'NONE',  ( -9.984999999999997655, 2.524999999999999467, 0.2500000000000000000 ) ) ;
#86 = PRESENTATION_STYLE_ASSIGNMENT (( #1725 ) ) ;
#87 = ORIENTED_EDGE ( 'NONE', *, *, #2049, .F. ) ;
#88 = SURFACE_SIDE_STYLE ('',( #268 ) ) ;
#89 =( LENGTH_UNIT ( ) NAMED_UNIT ( * ) SI_UNIT ( .MILLI., .METRE. ) );
#90 = EDGE_CURVE ( 'NONE', #906, #629, #1220, .T. ) ;
#91 = DIRECTION ( 'NONE',  ( -0.000000000000000000, -0.000000000000000000, 1.000000000000000000 ) ) ;
#92 = FILL_AREA_STYLE ('',( #1199 ) ) ;
#93 = PRESENTATION_STYLE_ASSIGNMENT (( #841 ) ) ;
#94 = EDGE_CURVE ( 'NONE', #351, #2159, #700, .T. ) ;
#95 = FILL_AREA_STYLE_COLOUR ( '', #1717 ) ;
#96 = DIRECTION ( 'NONE',  ( -1.000000000000000000, 0.000000000000000000, 0.000000000000000000 ) ) ;
#97 = VERTEX_POINT ( 'NONE', #737 ) ;
#98 = PRESENTATION_STYLE_ASSIGNMENT (( #1525 ) ) ;
#99 = SURFACE_SIDE_STYLE ('',( #2072 ) ) ;
#100 = ORIENTED_EDGE ( 'NONE', *, *, #1979, .T. ) ;
#101 = ORIENTED_EDGE ( 'NONE', *, *, #1851, .F. ) ;
#102 = COLOUR_RGB ( '',0.2862745098039215508, 0.2862745098039215508, 0.2862745098039215508 ) ;
#103 = CARTESIAN_POINT ( 'NONE',  ( -8.274012443320955867, -2.524999999999999023, 0.2500000000000000000 ) ) ;
#104 = STYLED_ITEM ( 'NONE', ( #1368 ), #1440 ) ;
#105 = CARTESIAN_POINT ( 'NONE',  ( -7.524012443320954979, -2.524999999999999467, 0.000000000000000000 ) ) ;
#106 = EDGE_LOOP ( 'NONE', ( #2151, #777 ) ) ;
#107 = SURFACE_SIDE_STYLE ('',( #2257 ) ) ;
#108 = PRESENTATION_LAYER_ASSIGNMENT (  '', '', ( #227 ) ) ;
#109 =( GEOMETRIC_REPRESENTATION_CONTEXT ( 3 ) GLOBAL_UNCERTAINTY_ASSIGNED_CONTEXT ( ( #540 ) ) GLOBAL_UNIT_ASSIGNED_CONTEXT ( ( #2079, #1895, #1519 ) ) REPRESENTATION_CONTEXT ( 'NONE', 'WORKASPACE' ) );
#110 = ORIENTED_EDGE ( 'NONE', *, *, #789, .F. ) ;
#111 = AXIS2_PLACEMENT_3D ( 'NONE', #1072, #150, #2326 ) ;
#112 = FILL_AREA_STYLE ('',( #1716 ) ) ;
#113 = EDGE_LOOP ( 'NONE', ( #2092, #657, #917, #1273 ) ) ;
#114 = FILL_AREA_STYLE ('',( #1872 ) ) ;
#115 = EDGE_CURVE ( 'NONE', #736, #2163, #1884, .T. ) ;
#116 = EDGE_CURVE ( 'NONE', #1679, #1871, #1400, .T. ) ;
#117 = SURFACE_STYLE_USAGE ( .BOTH. , #61 ) ;
#118 = FILL_AREA_STYLE ('',( #865 ) ) ;
#119 = FACE_OUTER_BOUND ( 'NONE', #588, .T. ) ;
#120 = DIRECTION ( 'NONE',  ( 0.000000000000000000, -1.000000000000000000, 0.000000000000000000 ) ) ;
#121 = CARTESIAN_POINT ( 'NONE',  ( -8.915000000000002700, 1.245000000000018092, -3.299999999999999822 ) ) ;
#122 = CARTESIAN_POINT ( 'NONE',  ( -7.524012443320954979, -2.524999999999999467, 0.000000000000000000 ) ) ;
#123 = SURFACE_SIDE_STYLE ('',( #322 ) ) ;
#124 = CARTESIAN_POINT ( 'NONE',  ( 1.444999999999996954, 1.145000000000000240, -3.299999999999999822 ) ) ;
#125 = EDGE_LOOP ( 'NONE', ( #931, #213, #2256, #2063 ) ) ;
#126 = DIRECTION ( 'NONE',  ( -0.000000000000000000, -0.000000000000000000, 1.000000000000000000 ) ) ;
#127 = CARTESIAN_POINT ( 'NONE',  ( -9.984999999999997655, -2.525000000000000355, 0.2500000000000000000 ) ) ;
#128 = ADVANCED_FACE ( 'NONE', ( #1429 ), #507, .F. ) ;
#129 = ORIENTED_EDGE ( 'NONE', *, *, #217, .T. ) ;
#130 = FILL_AREA_STYLE_COLOUR ( '', #1844 ) ;
#131 = APPLICATION_CONTEXT ( 'automotive_design' ) ;
#132 = ORIENTED_EDGE ( 'NONE', *, *, #962, .F. ) ;
#133 = DIRECTION ( 'NONE',  ( 0.000000000000000000, 1.000000000000000000, 0.000000000000000000 ) ) ;
#134 = CYLINDRICAL_SURFACE ( 'NONE', #226, 0.2999999999999999334 ) ;
#135 = CARTESIAN_POINT ( 'NONE',  ( 9.064999999999995950, 1.375000000000000000, -3.299999999999999822 ) ) ;
#136 = CARTESIAN_POINT ( 'NONE',  ( -9.984999999999997655, 2.524999999999999467, 0.2500000000000000000 ) ) ;
#137 = SURFACE_SIDE_STYLE ('',( #506 ) ) ;
#138 = PLANE ( 'NONE',  #2243 ) ;
#139 = CARTESIAN_POINT ( 'NONE',  ( 0.000000000000000000, 0.000000000000000000, 12.15000000000000036 ) ) ;
#140 = FILL_AREA_STYLE_COLOUR ( '', #395 ) ;
#141 = SURFACE_STYLE_USAGE ( .BOTH. , #2100 ) ;
#142 = DIRECTION ( 'NONE',  ( -0.000000000000000000, 0.000000000000000000, 1.000000000000000000 ) ) ;
#143 = SURFACE_STYLE_FILL_AREA ( #334 ) ;
#144 = CARTESIAN_POINT ( 'NONE',  ( 1.444999999999996954, 1.145000000000000240, -3.299999999999999822 ) ) ;
#145 = LINE ( 'NONE', #1268, #871 ) ;
#146 = VECTOR ( 'NONE', #650, 1000.000000000000000 ) ;
#147 =( NAMED_UNIT ( * ) SI_UNIT ( $, .STERADIAN. ) SOLID_ANGLE_UNIT ( ) );
#148 = PRESENTATION_LAYER_ASSIGNMENT (  '', '', ( #1270 ) ) ;
#149 = EDGE_LOOP ( 'NONE', ( #1018, #1589, #2312, #1555 ) ) ;
#150 = DIRECTION ( 'NONE',  ( 0.000000000000000000, 0.000000000000000000, 1.000000000000000000 ) ) ;
#151 = STYLED_ITEM ( 'NONE', ( #159 ), #591 ) ;
#152 = MECHANICAL_DESIGN_GEOMETRIC_PRESENTATION_REPRESENTATION (  '', ( #2025 ), #2108 ) ;
#153 = VERTEX_POINT ( 'NONE', #121 ) ;
#154 = UNCERTAINTY_MEASURE_WITH_UNIT (LENGTH_MEASURE( 1.000000000000000082E-05 ), #77, 'distance_accuracy_value', 'NONE');
#155 = SURFACE_STYLE_USAGE ( .BOTH. , #2115 ) ;
#156 = VECTOR ( 'NONE', #1107, 1000.000000000000000 ) ;
#157 = SURFACE_STYLE_FILL_AREA ( #2276 ) ;
#158 = VECTOR ( 'NONE', #758, 1000.000000000000000 ) ;
#159 = PRESENTATION_STYLE_ASSIGNMENT (( #868 ) ) ;
#160 = DIRECTION ( 'NONE',  ( 0.000000000000000000, 1.000000000000000000, 0.000000000000000000 ) ) ;
#161 = SURFACE_STYLE_USAGE ( .BOTH. , #1207 ) ;
#162 = SURFACE_STYLE_USAGE ( .BOTH. , #1246 ) ;
#163 = PRESENTATION_LAYER_ASSIGNMENT (  '', '', ( #982 ) ) ;
#164 = PRODUCT_RELATED_PRODUCT_CATEGORY ( 'part', '', ( #553 ) ) ;
#165 = LINE ( 'NONE', #383, #314 ) ;
#166 = ORIENTED_EDGE ( 'NONE', *, *, #1141, .T. ) ;
#167 = DIRECTION ( 'NONE',  ( -1.000000000000000000, -2.171661837727600753E-17, -0.000000000000000000 ) ) ;
#168 = SURFACE_STYLE_FILL_AREA ( #1593 ) ;
#169 = EDGE_CURVE ( 'NONE', #413, #1882, #1181, .T. ) ;
#170 = LINE ( 'NONE', #1604, #27 ) ;
#171 = SURFACE_STYLE_FILL_AREA ( #1926 ) ;
#172 = DIRECTION ( 'NONE',  ( -0.000000000000000000, -0.000000000000000000, -1.000000000000000000 ) ) ;
#173 = DIRECTION ( 'NONE',  ( -1.000000000000000000, 0.000000000000000000, 0.000000000000000000 ) ) ;
#174 = DIRECTION ( 'NONE',  ( -1.000000000000000000, 0.000000000000000000, 0.000000000000000000 ) ) ;
#175 = DIRECTION ( 'NONE',  ( 0.000000000000000000, -1.000000000000000000, 0.000000000000000000 ) ) ;
#176 = ORIENTED_EDGE ( 'NONE', *, *, #1348, .T. ) ;
#177 = LINE ( 'NONE', #1427, #2249 ) ;
#178 = ORIENTED_EDGE ( 'NONE', *, *, #1933, .F. ) ;
#179 = CARTESIAN_POINT ( 'NONE',  ( -9.184999999999996945, -2.025000000000000799, 12.50000000000000000 ) ) ;
#180 = SURFACE_STYLE_USAGE ( .BOTH. , #355 ) ;
#181 = UNCERTAINTY_MEASURE_WITH_UNIT (LENGTH_MEASURE( 1.000000000000000082E-05 ), #1811, 'distance_accuracy_value', 'NONE');
#182 = UNCERTAINTY_MEASURE_WITH_UNIT (LENGTH_MEASURE( 1.000000000000000082E-05 ), #696, 'distance_accuracy_value', 'NONE');
#183 =( NAMED_UNIT ( * ) SI_UNIT ( $, .STERADIAN. ) SOLID_ANGLE_UNIT ( ) );
#184 = DIRECTION ( 'NONE',  ( 1.000000000000000000, 8.686647350910403012E-17, 0.000000000000000000 ) ) ;
#185 = DIRECTION ( 'NONE',  ( 0.000000000000000000, 0.000000000000000000, -1.000000000000000000 ) ) ;
#186 = EDGE_LOOP ( 'NONE', ( #1002, #772, #2127, #949 ) ) ;
#187 = DIRECTION ( 'NONE',  ( -0.000000000000000000, -0.000000000000000000, 1.000000000000000000 ) ) ;
#188 = MECHANICAL_DESIGN_GEOMETRIC_PRESENTATION_REPRESENTATION (  '', ( #1713 ), #2330 ) ;
#189 = ORIENTED_EDGE ( 'NONE', *, *, #1776, .T. ) ;
#190 = PRESENTATION_LAYER_ASSIGNMENT (  '', '', ( #528 ) ) ;
#191 = VECTOR ( 'NONE', #745, 1000.000000000000000 ) ;
#192 = PRESENTATION_LAYER_ASSIGNMENT (  '', '', ( #904 ) ) ;
#193 = CIRCLE ( 'NONE', #262, 0.2000000000000005107 ) ;
#194 = VECTOR ( 'NONE', #2157, 1000.000000000000000 ) ;
#195 = MECHANICAL_DESIGN_GEOMETRIC_PRESENTATION_REPRESENTATION (  '', ( #1650 ), #398 ) ;
#196 =( NAMED_UNIT ( * ) SI_UNIT ( $, .STERADIAN. ) SOLID_ANGLE_UNIT ( ) );
#197 = STYLED_ITEM ( 'NONE', ( #352 ), #339 ) ;
#198 = FACE_OUTER_BOUND ( 'NONE', #2048, .T. ) ;
#199 = SURFACE_STYLE_USAGE ( .BOTH. , #1478 ) ;
#200 =( GEOMETRIC_REPRESENTATION_CONTEXT ( 3 ) GLOBAL_UNCERTAINTY_ASSIGNED_CONTEXT ( ( #2171 ) ) GLOBAL_UNIT_ASSIGNED_CONTEXT ( ( #479, #1711, #183 ) ) REPRESENTATION_CONTEXT ( 'NONE', 'WORKASPACE' ) );
#201 = FACE_OUTER_BOUND ( 'NONE', #2266, .T. ) ;
#202 = ADVANCED_FACE ( 'NONE', ( #1322 ), #1509, .T. ) ;
#203 = ORIENTED_EDGE ( 'NONE', *, *, #1021, .F. ) ;
#204 = PLANE ( 'NONE',  #1877 ) ;
#205 =( NAMED_UNIT ( * ) SI_UNIT ( $, .STERADIAN. ) SOLID_ANGLE_UNIT ( ) );
#206 =( NAMED_UNIT ( * ) SI_UNIT ( $, .STERADIAN. ) SOLID_ANGLE_UNIT ( ) );
#207 = UNCERTAINTY_MEASURE_WITH_UNIT (LENGTH_MEASURE( 1.000000000000000082E-05 ), #64, 'distance_accuracy_value', 'NONE');
#208 = ADVANCED_FACE ( 'NONE', ( #2196 ), #1831, .F. ) ;
#209 =( NAMED_UNIT ( * ) PLANE_ANGLE_UNIT ( ) SI_UNIT ( $, .RADIAN. ) );
#210 =( NAMED_UNIT ( * ) PLANE_ANGLE_UNIT ( ) SI_UNIT ( $, .RADIAN. ) );
#211 = ORIENTED_EDGE ( 'NONE', *, *, #257, .T. ) ;
#212 = CARTESIAN_POINT ( 'NONE',  ( 4.225987556679045021, -2.525000000000086064, 0.000000000000000000 ) ) ;
#213 = ORIENTED_EDGE ( 'NONE', *, *, #960, .T. ) ;
#214 = CARTESIAN_POINT ( 'NONE',  ( -7.524012443320954979, -2.524999999999999467, 0.2500000000000000000 ) ) ;
#215 = EDGE_CURVE ( 'NONE', #351, #820, #778, .T. ) ;
#216 = CARTESIAN_POINT ( 'NONE',  ( -5.774012443320954979, 2.524999999999982148, 0.000000000000000000 ) ) ;
#217 = EDGE_CURVE ( 'NONE', #1036, #568, #1536, .T. ) ;
#218 = ORIENTED_EDGE ( 'NONE', *, *, #1732, .T. ) ;
#219 = EDGE_LOOP ( 'NONE', ( #2016, #309, #1573, #2010 ) ) ;
#220 =( LENGTH_UNIT ( ) NAMED_UNIT ( * ) SI_UNIT ( .MILLI., .METRE. ) );
#221 = ORIENTED_EDGE ( 'NONE', *, *, #1373, .T. ) ;
#222 = LINE ( 'NONE', #1627, #1231 ) ;
#223 = FILL_AREA_STYLE ('',( #424 ) ) ;
#224 = ORIENTED_EDGE ( 'NONE', *, *, #2302, .T. ) ;
#225 = AXIS2_PLACEMENT_3D ( 'NONE', #1126, #638, #1706 ) ;
#226 = AXIS2_PLACEMENT_3D ( 'NONE', #1351, #1001, #307 ) ;
#227 = STYLED_ITEM ( 'NONE', ( #1632 ), #1527 ) ;
#228 = AXIS2_PLACEMENT_3D ( 'NONE', #1585, #1079, #870 ) ;
#229 = DIRECTION ( 'NONE',  ( 1.000000000000000000, 0.000000000000000000, 0.000000000000000000 ) ) ;
#230 = UNCERTAINTY_MEASURE_WITH_UNIT (LENGTH_MEASURE( 1.000000000000000082E-05 ), #1913, 'distance_accuracy_value', 'NONE');
#231 = VECTOR ( 'NONE', #1057, 1000.000000000000000 ) ;
#232 =( GEOMETRIC_REPRESENTATION_CONTEXT ( 3 ) GLOBAL_UNCERTAINTY_ASSIGNED_CONTEXT ( ( #954 ) ) GLOBAL_UNIT_ASSIGNED_CONTEXT ( ( #834, #1738, #856 ) ) REPRESENTATION_CONTEXT ( 'NONE', 'WORKASPACE' ) );
#233 = STYLED_ITEM ( 'NONE', ( #1260 ), #1258 ) ;
#234 = PRESENTATION_LAYER_ASSIGNMENT (  '', '', ( #34 ) ) ;
#235 = LINE ( 'NONE', #1310, #1992 ) ;
#236 = VECTOR ( 'NONE', #1174, 1000.000000000000000 ) ;
#237 = FILL_AREA_STYLE_COLOUR ( '', #431 ) ;
#238 = ORIENTED_EDGE ( 'NONE', *, *, #790, .F. ) ;
#239 = LINE ( 'NONE', #2175, #1307 ) ;
#240 = ORIENTED_EDGE ( 'NONE', *, *, #2109, .T. ) ;
#241 = CARTESIAN_POINT ( 'NONE',  ( 0.6449999999999969091, 1.145000000000000018, -3.299999999999999822 ) ) ;
#242 = ORIENTED_EDGE ( 'NONE', *, *, #2200, .F. ) ;
#243 = SURFACE_SIDE_STYLE ('',( #1328 ) ) ;
#244 = ADVANCED_FACE ( 'NONE', ( #1714 ), #1148, .F. ) ;
#245 =( NAMED_UNIT ( * ) SI_UNIT ( $, .STERADIAN. ) SOLID_ANGLE_UNIT ( ) );
#246 = ORIENTED_EDGE ( 'NONE', *, *, #1744, .F. ) ;
#247 = SURFACE_STYLE_USAGE ( .BOTH. , #923 ) ;
#248 = VERTEX_POINT ( 'NONE', #824 ) ;
#249 = DIRECTION ( 'NONE',  ( -1.000000000000000000, 0.000000000000000000, -0.000000000000000000 ) ) ;
#250 = VERTEX_POINT ( 'NONE', #124 ) ;
#251 = PLANE ( 'NONE',  #2285 ) ;
#252 = FILL_AREA_STYLE ('',( #1110 ) ) ;
#253 = LINE ( 'NONE', #2235, #2331 ) ;
#254 = CARTESIAN_POINT ( 'NONE',  ( -9.484999999999997655, -2.025000000000000799, 12.50000000000000000 ) ) ;
#255 =( LENGTH_UNIT ( ) NAMED_UNIT ( * ) SI_UNIT ( .MILLI., .METRE. ) );
#256 =( LENGTH_UNIT ( ) NAMED_UNIT ( * ) SI_UNIT ( .MILLI., .METRE. ) );
#257 = EDGE_CURVE ( 'NONE', #1242, #827, #1881, .T. ) ;
#258 = PRESENTATION_LAYER_ASSIGNMENT (  '', '', ( #1713 ) ) ;
#259 = SURFACE_STYLE_FILL_AREA ( #1344 ) ;
#260 = COLOUR_RGB ( '',0.8039215686274510109, 0.8039215686274510109, 0.8039215686274510109 ) ;
#261 = ADVANCED_FACE ( 'NONE', ( #670 ), #1889, .F. ) ;
#262 = AXIS2_PLACEMENT_3D ( 'NONE', #2089, #1158, #96 ) ;
#263 = VECTOR ( 'NONE', #480, 1000.000000000000000 ) ;
#264 = DIRECTION ( 'NONE',  ( 0.000000000000000000, -0.000000000000000000, -1.000000000000000000 ) ) ;
#265 = VECTOR ( 'NONE', #938, 1000.000000000000000 ) ;
#266 = VERTEX_POINT ( 'NONE', #1458 ) ;
#267 = AXIS2_PLACEMENT_3D ( 'NONE', #2132, #1944, #1241 ) ;
#268 = SURFACE_STYLE_FILL_AREA ( #821 ) ;
#269 =( NAMED_UNIT ( * ) SI_UNIT ( $, .STERADIAN. ) SOLID_ANGLE_UNIT ( ) );
#270 = CIRCLE ( 'NONE', #1803, 0.2999999999999999334 ) ;
#271 = MECHANICAL_DESIGN_GEOMETRIC_PRESENTATION_REPRESENTATION (  '', ( #1923 ), #608 ) ;
#272 = VERTEX_POINT ( 'NONE', #2043 ) ;
#273 = COLOUR_RGB ( '',0.2862745098039215508, 0.2862745098039215508, 0.2862745098039215508 ) ;
#274 = COLOUR_RGB ( '',0.8039215686274510109, 0.8039215686274510109, 0.8039215686274510109 ) ;
#275 = FACE_OUTER_BOUND ( 'NONE', #286, .T. ) ;
#276 = UNCERTAINTY_MEASURE_WITH_UNIT (LENGTH_MEASURE( 1.000000000000000082E-05 ), #450, 'distance_accuracy_value', 'NONE');
#277 =( NAMED_UNIT ( * ) SI_UNIT ( $, .STERADIAN. ) SOLID_ANGLE_UNIT ( ) );
#278 = EDGE_CURVE ( 'NONE', #1003, #560, #239, .T. ) ;
#279 = CARTESIAN_POINT ( 'NONE',  ( -8.984999999999997655, -2.025000000000000799, 12.15000000000000036 ) ) ;
#280 = FILL_AREA_STYLE_COLOUR ( '', #863 ) ;
#281 = FILL_AREA_STYLE ('',( #1487 ) ) ;
#282 = ORIENTED_EDGE ( 'NONE', *, *, #2116, .T. ) ;
#283 = CARTESIAN_POINT ( 'NONE',  ( 9.064999999999995950, 1.114999999999999991, 0.2500000000000000000 ) ) ;
#284 =( LENGTH_UNIT ( ) NAMED_UNIT ( * ) SI_UNIT ( .MILLI., .METRE. ) );
#285 = SURFACE_SIDE_STYLE ('',( #632 ) ) ;
#286 = EDGE_LOOP ( 'NONE', ( #2234, #301, #890, #1013, #1921 ) ) ;
#287 = CARTESIAN_POINT ( 'NONE',  ( -8.821775633615938972, -1.000000000000001776, 12.50000000000000000 ) ) ;
#288 = VERTEX_POINT ( 'NONE', #773 ) ;
#289 = CARTESIAN_POINT ( 'NONE',  ( 4.975987556679045909, -2.524999999999999023, 0.2500000000000000000 ) ) ;
#290 = EDGE_LOOP ( 'NONE', ( #511, #178, #1276, #1204 ) ) ;
#291 = DIRECTION ( 'NONE',  ( -0.000000000000000000, -0.000000000000000000, 1.000000000000000000 ) ) ;
#292 = FACE_BOUND ( 'NONE', #697, .T. ) ;
#293 = DIRECTION ( 'NONE',  ( 1.000000000000000000, 2.171661837727600753E-17, 0.000000000000000000 ) ) ;
#294 = FILL_AREA_STYLE_COLOUR ( '', #973 ) ;
#295 = ADVANCED_FACE ( 'NONE', ( #1865 ), #1471, .F. ) ;
#296 = LINE ( 'NONE', #1553, #602 ) ;
#297 = ORIENTED_EDGE ( 'NONE', *, *, #1809, .F. ) ;
#298 = PLANE ( 'NONE',  #1688 ) ;
#299 = VECTOR ( 'NONE', #640, 1000.000000000000000 ) ;
#300 = FILL_AREA_STYLE ('',( #1909 ) ) ;
#301 = ORIENTED_EDGE ( 'NONE', *, *, #94, .T. ) ;
#302 = VECTOR ( 'NONE', #1644, 1000.000000000000000 ) ;
#303 =( GEOMETRIC_REPRESENTATION_CONTEXT ( 3 ) GLOBAL_UNCERTAINTY_ASSIGNED_CONTEXT ( ( #1894 ) ) GLOBAL_UNIT_ASSIGNED_CONTEXT ( ( #1825, #1298, #1102 ) ) REPRESENTATION_CONTEXT ( 'NONE', 'WORKASPACE' ) );
#304 = COLOUR_RGB ( '',0.2862745098039215508, 0.2862745098039215508, 0.2862745098039215508 ) ;
#305 = ORIENTED_EDGE ( 'NONE', *, *, #1373, .F. ) ;
#306 = FILL_AREA_STYLE_COLOUR ( '', #2140 ) ;
#307 = DIRECTION ( 'NONE',  ( -1.000000000000000000, 0.000000000000000000, 0.000000000000000000 ) ) ;
#308 =( GEOMETRIC_REPRESENTATION_CONTEXT ( 3 ) GLOBAL_UNCERTAINTY_ASSIGNED_CONTEXT ( ( #704 ) ) GLOBAL_UNIT_ASSIGNED_CONTEXT ( ( #1708, #1864, #655 ) ) REPRESENTATION_CONTEXT ( 'NONE', 'WORKASPACE' ) );
#309 = ORIENTED_EDGE ( 'NONE', *, *, #1796, .F. ) ;
#310 = VECTOR ( 'NONE', #1201, 1000.000000000000000 ) ;
#311 = AXIS2_PLACEMENT_3D ( 'NONE', #781, #36, #2191 ) ;
#312 = FILL_AREA_STYLE_COLOUR ( '', #1914 ) ;
#313 = ORIENTED_EDGE ( 'NONE', *, *, #2150, .F. ) ;
#314 = VECTOR ( 'NONE', #1082, 1000.000000000000000 ) ;
#315 = CARTESIAN_POINT ( 'NONE',  ( -9.484999999999997655, -1.525000000000001910, 12.50000000000000000 ) ) ;
#316 = PRESENTATION_LAYER_ASSIGNMENT (  '', '', ( #688 ) ) ;
#317 = MECHANICAL_DESIGN_GEOMETRIC_PRESENTATION_REPRESENTATION (  '', ( #368 ), #200 ) ;
#318 = DIRECTION ( 'NONE',  ( -0.000000000000000000, -1.000000000000000000, -0.000000000000000000 ) ) ;
#319 = LINE ( 'NONE', #2118, #359 ) ;
#320 = EDGE_LOOP ( 'NONE', ( #100, #7, #1965, #1681 ) ) ;
#321 =( NAMED_UNIT ( * ) SI_UNIT ( $, .STERADIAN. ) SOLID_ANGLE_UNIT ( ) );
#322 = SURFACE_STYLE_FILL_AREA ( #1731 ) ;
#323 = PRESENTATION_LAYER_ASSIGNMENT (  '', '', ( #2123 ) ) ;
#324 = SURFACE_SIDE_STYLE ('',( #1930 ) ) ;
#325 = FILL_AREA_STYLE_COLOUR ( '', #1501 ) ;
#326 = SURFACE_STYLE_USAGE ( .BOTH. , #2128 ) ;
#327 = CARTESIAN_POINT ( 'NONE',  ( 8.264999999999997016, 1.375000000000000000, -3.299999999999999822 ) ) ;
#328 = DIRECTION ( 'NONE',  ( -0.000000000000000000, -0.000000000000000000, 1.000000000000000000 ) ) ;
#329 = CARTESIAN_POINT ( 'NONE',  ( -7.524012443320954979, 2.524999999999999911, 0.000000000000000000 ) ) ;
#330 = DIRECTION ( 'NONE',  ( 1.000000000000000000, 0.000000000000000000, 0.000000000000000000 ) ) ;
#331 = DIRECTION ( 'NONE',  ( -1.000000000000000000, 0.000000000000000000, 0.000000000000000000 ) ) ;
#332 = ADVANCED_FACE ( 'NONE', ( #1335 ), #298, .F. ) ;
#333 = FACE_OUTER_BOUND ( 'NONE', #2119, .T. ) ;
#334 = FILL_AREA_STYLE ('',( #130 ) ) ;
#335 = FILL_AREA_STYLE_COLOUR ( '', #832 ) ;
#336 = FILL_AREA_STYLE_COLOUR ( '', #350 ) ;
#337 =( LENGTH_UNIT ( ) NAMED_UNIT ( * ) SI_UNIT ( .MILLI., .METRE. ) );
#338 = ORIENTED_EDGE ( 'NONE', *, *, #24, .F. ) ;
#339 = ADVANCED_FACE ( 'NONE', ( #201 ), #1070, .F. ) ;
#340 = FILL_AREA_STYLE_COLOUR ( '', #2289 ) ;
#341 = DIRECTION ( 'NONE',  ( 0.000000000000000000, 0.000000000000000000, 1.000000000000000000 ) ) ;
#342 = LINE ( 'NONE', #2248, #146 ) ;
#343 = ORIENTED_EDGE ( 'NONE', *, *, #1744, .T. ) ;
#344 = EDGE_CURVE ( 'NONE', #1537, #1563, #165, .T. ) ;
#345 = PRESENTATION_LAYER_ASSIGNMENT (  '', '', ( #1942 ) ) ;
#346 = EDGE_CURVE ( 'NONE', #1871, #1214, #881, .T. ) ;
#347 = LINE ( 'NONE', #1055, #1647 ) ;
#348 = VECTOR ( 'NONE', #2227, 1000.000000000000000 ) ;
#349 =( NAMED_UNIT ( * ) PLANE_ANGLE_UNIT ( ) SI_UNIT ( $, .RADIAN. ) );
#350 = COLOUR_RGB ( '',0.8039215686274510109, 0.8039215686274510109, 0.8039215686274510109 ) ;
#351 = VERTEX_POINT ( 'NONE', #711 ) ;
#352 = PRESENTATION_STYLE_ASSIGNMENT (( #2325 ) ) ;
#353 = ORIENTED_EDGE ( 'NONE', *, *, #407, .T. ) ;
#354 =( GEOMETRIC_REPRESENTATION_CONTEXT ( 3 ) GLOBAL_UNCERTAINTY_ASSIGNED_CONTEXT ( ( #473 ) ) GLOBAL_UNIT_ASSIGNED_CONTEXT ( ( #1408, #1943, #2131 ) ) REPRESENTATION_CONTEXT ( 'NONE', 'WORKASPACE' ) );
#355 = SURFACE_SIDE_STYLE ('',( #2304 ) ) ;
#356 = PLANE ( 'NONE',  #1756 ) ;
#357 = MECHANICAL_DESIGN_GEOMETRIC_PRESENTATION_REPRESENTATION (  '', ( #2023 ), #308 ) ;
#358 = AXIS2_PLACEMENT_3D ( 'NONE', #1967, #761, #392 ) ;
#359 = VECTOR ( 'NONE', #503, 1000.000000000000000 ) ;
#360 = VERTEX_POINT ( 'NONE', #1411 ) ;
#361 = MECHANICAL_DESIGN_GEOMETRIC_PRESENTATION_REPRESENTATION (  '', ( #1760 ), #1847 ) ;
#362 = PLANE ( 'NONE',  #1720 ) ;
#363 = UNCERTAINTY_MEASURE_WITH_UNIT (LENGTH_MEASURE( 1.000000000000000082E-05 ), #768, 'distance_accuracy_value', 'NONE');
#364 =( LENGTH_UNIT ( ) NAMED_UNIT ( * ) SI_UNIT ( .MILLI., .METRE. ) );
#365 =( GEOMETRIC_REPRESENTATION_CONTEXT ( 3 ) GLOBAL_UNCERTAINTY_ASSIGNED_CONTEXT ( ( #2039 ) ) GLOBAL_UNIT_ASSIGNED_CONTEXT ( ( #1365, #1183, #1326 ) ) REPRESENTATION_CONTEXT ( 'NONE', 'WORKASPACE' ) );
#366 = COLOUR_RGB ( '',0.7921568627450980005, 0.8196078431372548767, 0.9333333333333333481 ) ;
#367 = SURFACE_SIDE_STYLE ('',( #2125 ) ) ;
#369 = ORIENTED_EDGE ( 'NONE', *, *, #2086, .T. ) ;
#368 = STYLED_ITEM ( 'NONE', ( #1533 ), #533 ) ;
#370 = SURFACE_STYLE_FILL_AREA ( #1961 ) ;
#371 = EDGE_CURVE ( 'NONE', #97, #664, #2134, .T. ) ;
#372 = DIRECTION ( 'NONE',  ( 1.000000000000000000, 0.000000000000000000, 0.000000000000000000 ) ) ;
#373 = CARTESIAN_POINT ( 'NONE',  ( -5.774012443320954979, -2.525000000000016342, 0.2500000000000000000 ) ) ;
#374 = ORIENTED_EDGE ( 'NONE', *, *, #1032, .T. ) ;
#375 = DIRECTION ( 'NONE',  ( -1.000000000000000000, 0.000000000000000000, 0.000000000000000000 ) ) ;
#376 =( LENGTH_UNIT ( ) NAMED_UNIT ( * ) SI_UNIT ( .MILLI., .METRE. ) );
#377 = ORIENTED_EDGE ( 'NONE', *, *, #790, .T. ) ;
#378 = LINE ( 'NONE', #1186, #601 ) ;
#379 = EDGE_CURVE ( 'NONE', #1138, #1508, #177, .T. ) ;
#380 = PRESENTATION_STYLE_ASSIGNMENT (( #1038 ) ) ;
#381 =( LENGTH_UNIT ( ) NAMED_UNIT ( * ) SI_UNIT ( .MILLI., .METRE. ) );
#382 = DIRECTION ( 'NONE',  ( -0.000000000000000000, -0.000000000000000000, 1.000000000000000000 ) ) ;
#383 = CARTESIAN_POINT ( 'NONE',  ( -9.984999999999997655, -2.525000000000000355, 0.2500000000000000000 ) ) ;
#384 = ORIENTED_EDGE ( 'NONE', *, *, #371, .F. ) ;
#385 = PRESENTATION_STYLE_ASSIGNMENT (( #1976 ) ) ;
#386 = UNCERTAINTY_MEASURE_WITH_UNIT (LENGTH_MEASURE( 1.000000000000000082E-05 ), #1137, 'distance_accuracy_value', 'NONE');
#387 = SURFACE_STYLE_USAGE ( .BOTH. , #1451 ) ;
#388 =( NAMED_UNIT ( * ) PLANE_ANGLE_UNIT ( ) SI_UNIT ( $, .RADIAN. ) );
#389 = LINE ( 'NONE', #542, #1619 ) ;
#390 = ORIENTED_EDGE ( 'NONE', *, *, #1032, .F. ) ;
#391 = MECHANICAL_DESIGN_GEOMETRIC_PRESENTATION_REPRESENTATION (  '', ( #1798 ), #968 ) ;
#392 = DIRECTION ( 'NONE',  ( -1.000000000000000000, 0.000000000000000000, 0.000000000000000000 ) ) ;
#393 = VERTEX_POINT ( 'NONE', #5 ) ;
#394 = MECHANICAL_DESIGN_GEOMETRIC_PRESENTATION_REPRESENTATION (  '', ( #1838 ), #2026 ) ;
#395 = COLOUR_RGB ( '',0.2862745098039215508, 0.2862745098039215508, 0.2862745098039215508 ) ;
#396 = VECTOR ( 'NONE', #414, 1000.000000000000000 ) ;
#397 = AXIS2_PLACEMENT_3D ( 'NONE', #433, #1436, #1646 ) ;
#398 =( GEOMETRIC_REPRESENTATION_CONTEXT ( 3 ) GLOBAL_UNCERTAINTY_ASSIGNED_CONTEXT ( ( #1443 ) ) GLOBAL_UNIT_ASSIGNED_CONTEXT ( ( #2223, #1852, #959 ) ) REPRESENTATION_CONTEXT ( 'NONE', 'WORKASPACE' ) );
#399 = COLOUR_RGB ( '',0.7921568627450980005, 0.8196078431372548767, 0.9333333333333333481 ) ;
#400 = PRESENTATION_STYLE_ASSIGNMENT (( #879 ) ) ;
#401 = CARTESIAN_POINT ( 'NONE',  ( 4.225987556679045021, 2.524999999999912426, 0.000000000000000000 ) ) ;
#402 = ORIENTED_EDGE ( 'NONE', *, *, #1776, .F. ) ;
#403 = EDGE_CURVE ( 'NONE', #1043, #97, #1986, .T. ) ;
#404 = SURFACE_STYLE_USAGE ( .BOTH. , #726 ) ;
#405 = UNCERTAINTY_MEASURE_WITH_UNIT (LENGTH_MEASURE( 1.000000000000000082E-05 ), #1442, 'distance_accuracy_value', 'NONE');
#406 = CARTESIAN_POINT ( 'NONE',  ( 0.000000000000000000, 0.000000000000000000, 0.2500000000000000000 ) ) ;
#407 = EDGE_CURVE ( 'NONE', #464, #1237, #558, .T. ) ;
#408 = ADVANCED_FACE ( 'NONE', ( #47 ), #2192, .F. ) ;
#409 = ADVANCED_FACE ( 'NONE', ( #1311 ), #1841, .F. ) ;
#410 = LINE ( 'NONE', #1269, #2104 ) ;
#411 = ORIENTED_EDGE ( 'NONE', *, *, #1135, .F. ) ;
#412 = VERTEX_POINT ( 'NONE', #401 ) ;
#413 = VERTEX_POINT ( 'NONE', #2185 ) ;
#414 = DIRECTION ( 'NONE',  ( -0.000000000000000000, -0.000000000000000000, 1.000000000000000000 ) ) ;
#415 = SURFACE_SIDE_STYLE ('',( #2052 ) ) ;
#416 = FACE_OUTER_BOUND ( 'NONE', #1464, .T. ) ;
#417 = DIRECTION ( 'NONE',  ( -3.435095992033281961E-16, -1.000000000000000000, 0.000000000000000000 ) ) ;
#418 = EDGE_CURVE ( 'NONE', #8, #1488, #589, .T. ) ;
#419 = ORIENTED_EDGE ( 'NONE', *, *, #1035, .F. ) ;
#420 = DIRECTION ( 'NONE',  ( 0.000000000000000000, 0.000000000000000000, -1.000000000000000000 ) ) ;
#421 = ORIENTED_EDGE ( 'NONE', *, *, #1974, .F. ) ;
#422 = SURFACE_SIDE_STYLE ('',( #612 ) ) ;
#423 = CYLINDRICAL_SURFACE ( 'NONE', #1116, 0.2999999999999999334 ) ;
#424 = FILL_AREA_STYLE_COLOUR ( '', #763 ) ;
#425 = EDGE_LOOP ( 'NONE', ( #991, #441, #242, #343, #1397, #384, #1147, #582 ) ) ;
#426 = VECTOR ( 'NONE', #1664, 1000.000000000000000 ) ;
#427 = PRESENTATION_LAYER_ASSIGNMENT (  '', '', ( #2280 ) ) ;
#428 = PRESENTATION_LAYER_ASSIGNMENT (  '', '', ( #1271 ) ) ;
#429 =( NAMED_UNIT ( * ) PLANE_ANGLE_UNIT ( ) SI_UNIT ( $, .RADIAN. ) );
#430 =( GEOMETRIC_REPRESENTATION_CONTEXT ( 3 ) GLOBAL_UNCERTAINTY_ASSIGNED_CONTEXT ( ( #653 ) ) GLOBAL_UNIT_ASSIGNED_CONTEXT ( ( #1421, #667, #2101 ) ) REPRESENTATION_CONTEXT ( 'NONE', 'WORKASPACE' ) );
#431 = COLOUR_RGB ( '',0.2862745098039215508, 0.2862745098039215508, 0.2862745098039215508 ) ;
#432 =( GEOMETRIC_REPRESENTATION_CONTEXT ( 3 ) GLOBAL_UNCERTAINTY_ASSIGNED_CONTEXT ( ( #1874 ) ) GLOBAL_UNIT_ASSIGNED_CONTEXT ( ( #1438, #2281, #147 ) ) REPRESENTATION_CONTEXT ( 'NONE', 'WORKASPACE' ) );
#433 = CARTESIAN_POINT ( 'NONE',  ( -7.524012443320954979, -2.524999999999999467, 0.000000000000000000 ) ) ;
#434 = VECTOR ( 'NONE', #2124, 1000.000000000000000 ) ;
#435 = ORIENTED_EDGE ( 'NONE', *, *, #1284, .T. ) ;
#436 = SURFACE_STYLE_USAGE ( .BOTH. , #1680 ) ;
#437 = ORIENTED_EDGE ( 'NONE', *, *, #1741, .F. ) ;
#438 = DIRECTION ( 'NONE',  ( 0.000000000000000000, 0.000000000000000000, -1.000000000000000000 ) ) ;
#439 =( NAMED_UNIT ( * ) PLANE_ANGLE_UNIT ( ) SI_UNIT ( $, .RADIAN. ) );
#440 = AXIS2_PLACEMENT_3D ( 'NONE', #645, #999, #1929 ) ;
#441 = ORIENTED_EDGE ( 'NONE', *, *, #883, .T. ) ;
#442 = LINE ( 'NONE', #2260, #310 ) ;
#443 = PRESENTATION_STYLE_ASSIGNMENT (( #1853 ) ) ;
#444 = DIRECTION ( 'NONE',  ( 0.000000000000000000, 0.000000000000000000, -1.000000000000000000 ) ) ;
#445 = ORIENTED_EDGE ( 'NONE', *, *, #1405, .F. ) ;
#446 = SURFACE_STYLE_USAGE ( .BOTH. , #38 ) ;
#447 = FILL_AREA_STYLE_COLOUR ( '', #273 ) ;
#448 = CARTESIAN_POINT ( 'NONE',  ( -6.575000000000002842, 1.245000000000000329, -3.299999999999999822 ) ) ;
#449 = SURFACE_SIDE_STYLE ('',( #259 ) ) ;
#450 =( LENGTH_UNIT ( ) NAMED_UNIT ( * ) SI_UNIT ( .MILLI., .METRE. ) );
#451 = CARTESIAN_POINT ( 'NONE',  ( -8.984999999999997655, -2.525000000000000355, 12.15000000000000036 ) ) ;
#452 = PRESENTATION_STYLE_ASSIGNMENT (( #1696 ) ) ;
#453 = EDGE_CURVE ( 'NONE', #1288, #288, #2176, .T. ) ;
#454 = PLANE ( 'NONE',  #1554 ) ;
#455 = DIRECTION ( 'NONE',  ( -1.000000000000000000, 0.000000000000000000, 0.000000000000000000 ) ) ;
#456 = ORIENTED_EDGE ( 'NONE', *, *, #1021, .T. ) ;
#457 = DIRECTION ( 'NONE',  ( -1.000000000000000000, 0.000000000000000000, 0.000000000000000000 ) ) ;
#458 = VECTOR ( 'NONE', #2254, 1000.000000000000000 ) ;
#459 = CARTESIAN_POINT ( 'NONE',  ( -9.984999999999997655, -2.525000000000000355, 0.2500000000000000000 ) ) ;
#460 = ORIENTED_EDGE ( 'NONE', *, *, #2224, .T. ) ;
#461 = VECTOR ( 'NONE', #683, 1000.000000000000000 ) ;
#462 = DIRECTION ( 'NONE',  ( -1.000000000000000000, 0.000000000000000000, 0.000000000000000000 ) ) ;
#463 = CARTESIAN_POINT ( 'NONE',  ( 8.264999999999997016, 1.375000000000000000, 0.2500000000000000000 ) ) ;
#464 = VERTEX_POINT ( 'NONE', #283 ) ;
#465 = MECHANICAL_DESIGN_GEOMETRIC_PRESENTATION_REPRESENTATION (  '', ( #1058 ), #232 ) ;
#466 = VECTOR ( 'NONE', #167, 1000.000000000000000 ) ;
#467 = SURFACE_STYLE_USAGE ( .BOTH. , #99 ) ;
#468 =( GEOMETRIC_REPRESENTATION_CONTEXT ( 3 ) GLOBAL_UNCERTAINTY_ASSIGNED_CONTEXT ( ( #2291 ) ) GLOBAL_UNIT_ASSIGNED_CONTEXT ( ( #1659, #731, #742 ) ) REPRESENTATION_CONTEXT ( 'NONE', 'WORKASPACE' ) );
#469 = SURFACE_SIDE_STYLE ('',( #859 ) ) ;
#470 = ORIENTED_EDGE ( 'NONE', *, *, #1109, .T. ) ;
#471 = CARTESIAN_POINT ( 'NONE',  ( 0.000000000000000000, 0.000000000000000000, 0.2500000000000000000 ) ) ;
#472 = CARTESIAN_POINT ( 'NONE',  ( -5.024012443320954091, 2.524999999999982592, 0.2500000000000000000 ) ) ;
#473 = UNCERTAINTY_MEASURE_WITH_UNIT (LENGTH_MEASURE( 1.000000000000000082E-05 ), #1408, 'distance_accuracy_value', 'NONE');
#474 = ORIENTED_EDGE ( 'NONE', *, *, #1284, .F. ) ;
#475 = EDGE_CURVE ( 'NONE', #2159, #995, #2230, .T. ) ;
#476 = CARTESIAN_POINT ( 'NONE',  ( -8.984999999999997655, -2.025000000000000799, 12.50000000000000000 ) ) ;
#477 = LINE ( 'NONE', #105, #1535 ) ;
#478 = VERTEX_POINT ( 'NONE', #1321 ) ;
#479 =( LENGTH_UNIT ( ) NAMED_UNIT ( * ) SI_UNIT ( .MILLI., .METRE. ) );
#480 = DIRECTION ( 'NONE',  ( -0.000000000000000000, -1.000000000000000000, -0.000000000000000000 ) ) ;
#481 = EDGE_LOOP ( 'NONE', ( #1931, #1130, #1781, #1081, #1625, #35, #1027, #2107, #1327 ) ) ;
#482 = EDGE_LOOP ( 'NONE', ( #1928, #1439 ) ) ;
#483 =( NAMED_UNIT ( * ) PLANE_ANGLE_UNIT ( ) SI_UNIT ( $, .RADIAN. ) );
#484 = CARTESIAN_POINT ( 'NONE',  ( 9.984999999999999432, 2.524999999999999911, 0.2500000000000000000 ) ) ;
#485 = CARTESIAN_POINT ( 'NONE',  ( 4.975987556679045909, -2.525000000000086509, 0.000000000000000000 ) ) ;
#486 = CARTESIAN_POINT ( 'NONE',  ( -9.321775633615940748, 0.9999999999999981126, 12.50000000000000000 ) ) ;
#487 = ORIENTED_EDGE ( 'NONE', *, *, #2302, .F. ) ;
#488 =( NAMED_UNIT ( * ) SI_UNIT ( $, .STERADIAN. ) SOLID_ANGLE_UNIT ( ) );
#489 = EDGE_CURVE ( 'NONE', #1508, #1488, #810, .T. ) ;
#490 = UNCERTAINTY_MEASURE_WITH_UNIT (LENGTH_MEASURE( 1.000000000000000082E-05 ), #16, 'distance_accuracy_value', 'NONE');
#491 = CARTESIAN_POINT ( 'NONE',  ( -9.984999999999997655, 2.524999999999999467, 0.2500000000000000000 ) ) ;
#492 = PRESENTATION_STYLE_ASSIGNMENT (( #141 ) ) ;
#493 = STYLED_ITEM ( 'NONE', ( #2308 ), #2221 ) ;
#494 = ORIENTED_EDGE ( 'NONE', *, *, #257, .F. ) ;
#495 = FILL_AREA_STYLE_COLOUR ( '', #1770 ) ;
#496 = PLANE ( 'NONE',  #397 ) ;
#497 = DIRECTION ( 'NONE',  ( -0.000000000000000000, 0.000000000000000000, 1.000000000000000000 ) ) ;
#498 = STYLED_ITEM ( 'NONE', ( #1252 ), #1816 ) ;
#499 = STYLED_ITEM ( 'NONE', ( #1004 ), #2323 ) ;
#500 = CLOSED_SHELL ( 'NONE', ( #562, #1168, #837, #1549, #1613, #339 ) ) ;
#501 =( NAMED_UNIT ( * ) SI_UNIT ( $, .STERADIAN. ) SOLID_ANGLE_UNIT ( ) );
#502 = PRESENTATION_STYLE_ASSIGNMENT (( #2293 ) ) ;
#503 = DIRECTION ( 'NONE',  ( -0.000000000000000000, -1.000000000000000000, -0.000000000000000000 ) ) ;
#504 = CARTESIAN_POINT ( 'NONE',  ( 9.064999999999995950, 1.114999999999999991, 0.2500000000000000000 ) ) ;
#505 =( LENGTH_UNIT ( ) NAMED_UNIT ( * ) SI_UNIT ( .MILLI., .METRE. ) );
#506 = SURFACE_STYLE_FILL_AREA ( #112 ) ;
#507 = PLANE ( 'NONE',  #1543 ) ;
#508 = LINE ( 'NONE', #327, #2000 ) ;
#509 = SURFACE_STYLE_USAGE ( .BOTH. , #675 ) ;
#510 = CARTESIAN_POINT ( 'NONE',  ( -8.915000000000002700, 1.245000000000018092, 0.2500000000000000000 ) ) ;
#511 = ORIENTED_EDGE ( 'NONE', *, *, #559, .F. ) ;
#512 =( NAMED_UNIT ( * ) SI_UNIT ( $, .STERADIAN. ) SOLID_ANGLE_UNIT ( ) );
#513 = FILL_AREA_STYLE_COLOUR ( '', #1127 ) ;
#514 = SURFACE_STYLE_FILL_AREA ( #2278 ) ;
#515 = DIRECTION ( 'NONE',  ( 0.000000000000000000, 0.000000000000000000, -1.000000000000000000 ) ) ;
#516 = ORIENTED_EDGE ( 'NONE', *, *, #115, .F. ) ;
#517 = PRESENTATION_STYLE_ASSIGNMENT (( #326 ) ) ;
#518 = CYLINDRICAL_SURFACE ( 'NONE', #720, 0.2000000000000005107 ) ;
#519 = DIRECTION ( 'NONE',  ( 0.000000000000000000, 0.000000000000000000, 1.000000000000000000 ) ) ;
#520 = EDGE_CURVE ( 'NONE', #2006, #629, #1394, .T. ) ;
#521 = FILL_AREA_STYLE ('',( #2130 ) ) ;
#522 = LINE ( 'NONE', #1370, #909 ) ;
#523 = FACE_OUTER_BOUND ( 'NONE', #106, .T. ) ;
#524 = VECTOR ( 'NONE', #784, 1000.000000000000000 ) ;
#525 = VECTOR ( 'NONE', #1677, 1000.000000000000000 ) ;
#526 = CARTESIAN_POINT ( 'NONE',  ( -6.575000000000002842, 1.245000000000000329, -3.299999999999999822 ) ) ;
#527 = CARTESIAN_POINT ( 'NONE',  ( -9.984999999999997655, -2.525000000000000355, 12.50000000000000000 ) ) ;
#528 = STYLED_ITEM ( 'NONE', ( #2253 ), #2186 ) ;
#529 = VERTEX_POINT ( 'NONE', #2093 ) ;
#530 =( GEOMETRIC_REPRESENTATION_CONTEXT ( 3 ) GLOBAL_UNCERTAINTY_ASSIGNED_CONTEXT ( ( #1774 ) ) GLOBAL_UNIT_ASSIGNED_CONTEXT ( ( #1940, #1249, #1045 ) ) REPRESENTATION_CONTEXT ( 'NONE', 'WORKASPACE' ) );
#531 = FILL_AREA_STYLE_COLOUR ( '', #274 ) ;
#532 = CARTESIAN_POINT ( 'NONE',  ( 0.000000000000000000, -1.525000000000001910, 12.15000000000000036 ) ) ;
#533 = ADVANCED_FACE ( 'NONE', ( #1900 ), #454, .F. ) ;
#534 = CARTESIAN_POINT ( 'NONE',  ( 4.225987556679045021, 2.524999999999912426, 0.2500000000000000000 ) ) ;
#535 = PRESENTATION_LAYER_ASSIGNMENT (  '', '', ( #1760 ) ) ;
#536 = VECTOR ( 'NONE', #1690, 1000.000000000000000 ) ;
#537 = FACE_OUTER_BOUND ( 'NONE', #762, .T. ) ;
#538 = MECHANICAL_DESIGN_GEOMETRIC_PRESENTATION_REPRESENTATION (  '', ( #1467 ), #2036 ) ;
#539 =( GEOMETRIC_REPRESENTATION_CONTEXT ( 3 ) GLOBAL_UNCERTAINTY_ASSIGNED_CONTEXT ( ( #1422 ) ) GLOBAL_UNIT_ASSIGNED_CONTEXT ( ( #220, #56, #1472 ) ) REPRESENTATION_CONTEXT ( 'NONE', 'WORKASPACE' ) );
#540 = UNCERTAINTY_MEASURE_WITH_UNIT (LENGTH_MEASURE( 1.000000000000000082E-05 ), #2079, 'distance_accuracy_value', 'NONE');
#541 =( NAMED_UNIT ( * ) PLANE_ANGLE_UNIT ( ) SI_UNIT ( $, .RADIAN. ) );
#542 = CARTESIAN_POINT ( 'NONE',  ( 4.225987556679045021, -2.525000000000086064, 0.2500000000000000000 ) ) ;
#543 = EDGE_CURVE ( 'NONE', #360, #721, #1078, .T. ) ;
#544 = PLANE ( 'NONE',  #267 ) ;
#545 = DIRECTION ( 'NONE',  ( 0.000000000000000000, 0.000000000000000000, -1.000000000000000000 ) ) ;
#546 = ORIENTED_EDGE ( 'NONE', *, *, #54, .T. ) ;
#547 = FILL_AREA_STYLE ('',( #340 ) ) ;
#548 = SURFACE_STYLE_USAGE ( .BOTH. , #725 ) ;
#549 =( LENGTH_UNIT ( ) NAMED_UNIT ( * ) SI_UNIT ( .MILLI., .METRE. ) );
#550 = CARTESIAN_POINT ( 'NONE',  ( 9.064999999999995950, 1.375000000000000000, 0.2500000000000000000 ) ) ;
#551 = SURFACE_SIDE_STYLE ('',( #730 ) ) ;
#552 = SURFACE_STYLE_FILL_AREA ( #2154 ) ;
#553 = PRODUCT ( 'G6DN-1A DC24', 'G6DN-1A DC24', '', ( #1019 ) ) ;
#554 =( NAMED_UNIT ( * ) SI_UNIT ( $, .STERADIAN. ) SOLID_ANGLE_UNIT ( ) );
#555 = DIRECTION ( 'NONE',  ( -1.000000000000000000, -8.686647350910403012E-17, 0.000000000000000000 ) ) ;
#556 =( LENGTH_UNIT ( ) NAMED_UNIT ( * ) SI_UNIT ( .MILLI., .METRE. ) );
#557 = PLANE ( 'NONE',  #1329 ) ;
#558 = LINE ( 'NONE', #782, #156 ) ;
#559 = EDGE_CURVE ( 'NONE', #1917, #464, #2296, .T. ) ;
#560 = VERTEX_POINT ( 'NONE', #2126 ) ;
#561 = SURFACE_STYLE_USAGE ( .BOTH. , #783 ) ;
#562 = ADVANCED_FACE ( 'NONE', ( #2336 ), #1936, .F. ) ;
#563 = CARTESIAN_POINT ( 'NONE',  ( 9.984999999999997655, -0.4999999999999981681, 12.50000000000000000 ) ) ;
#564 = VECTOR ( 'NONE', #291, 1000.000000000000000 ) ;
#565 = LINE ( 'NONE', #928, #2247 ) ;
#566 = CARTESIAN_POINT ( 'NONE',  ( -5.024012443320954091, -2.525000000000016787, 0.000000000000000000 ) ) ;
#567 = FILL_AREA_STYLE ('',( #237 ) ) ;
#568 = VERTEX_POINT ( 'NONE', #1629 ) ;
#569 = ORIENTED_EDGE ( 'NONE', *, *, #2210, .T. ) ;
#570 = EDGE_CURVE ( 'NONE', #989, #1171, #347, .T. ) ;
#571 = AXIS2_PLACEMENT_3D ( 'NONE', #1213, #1049, #519 ) ;
#572 = AXIS2_PLACEMENT_3D ( 'NONE', #1089, #710, #174 ) ;
#573 = VECTOR ( 'NONE', #1097, 1000.000000000000000 ) ;
#574 = VECTOR ( 'NONE', #1567, 1000.000000000000000 ) ;
#575 = VECTOR ( 'NONE', #735, 1000.000000000000000 ) ;
#576 = DIRECTION ( 'NONE',  ( -1.000000000000000000, 0.000000000000000000, -0.000000000000000000 ) ) ;
#577 = ORIENTED_EDGE ( 'NONE', *, *, #1042, .T. ) ;
#578 = ORIENTED_EDGE ( 'NONE', *, *, #2060, .T. ) ;
#579 =( LENGTH_UNIT ( ) NAMED_UNIT ( * ) SI_UNIT ( .MILLI., .METRE. ) );
#580 = VECTOR ( 'NONE', #1620, 1000.000000000000000 ) ;
#581 = SURFACE_SIDE_STYLE ('',( #919 ) ) ;
#582 = ORIENTED_EDGE ( 'NONE', *, *, #624, .T. ) ;
#583 = UNCERTAINTY_MEASURE_WITH_UNIT (LENGTH_MEASURE( 1.000000000000000082E-05 ), #1572, 'distance_accuracy_value', 'NONE');
#584 =( NAMED_UNIT ( * ) PLANE_ANGLE_UNIT ( ) SI_UNIT ( $, .RADIAN. ) );
#586 = EDGE_CURVE ( 'NONE', #97, #1649, #2321, .T. ) ;
#585 = LINE ( 'NONE', #44, #1384 ) ;
#587 = ORIENTED_EDGE ( 'NONE', *, *, #1339, .T. ) ;
#588 = EDGE_LOOP ( 'NONE', ( #2273, #15, #1196, #211 ) ) ;
#589 = LINE ( 'NONE', #1813, #158 ) ;
#590 = ORIENTED_EDGE ( 'NONE', *, *, #1375, .F. ) ;
#591 = ADVANCED_FACE ( 'NONE', ( #523 ), #915, .T. ) ;
#592 = DIRECTION ( 'NONE',  ( 3.435095992033281961E-16, 1.000000000000000000, -0.000000000000000000 ) ) ;
#593 = FILL_AREA_STYLE_COLOUR ( '', #1839 ) ;
#594 = DIRECTION ( 'NONE',  ( -0.000000000000000000, -0.000000000000000000, 1.000000000000000000 ) ) ;
#595 =( GEOMETRIC_REPRESENTATION_CONTEXT ( 3 ) GLOBAL_UNCERTAINTY_ASSIGNED_CONTEXT ( ( #1570 ) ) GLOBAL_UNIT_ASSIGNED_CONTEXT ( ( #1358, #2042, #2054 ) ) REPRESENTATION_CONTEXT ( 'NONE', 'WORKASPACE' ) );
#596 = DIRECTION ( 'NONE',  ( -0.000000000000000000, -0.000000000000000000, 1.000000000000000000 ) ) ;
#597 = DIRECTION ( 'NONE',  ( 1.000000000000000000, 0.000000000000000000, 0.000000000000000000 ) ) ;
#598 = DIRECTION ( 'NONE',  ( 1.000000000000000000, -0.000000000000000000, 0.000000000000000000 ) ) ;
#599 = DIRECTION ( 'NONE',  ( 0.000000000000000000, 0.000000000000000000, -1.000000000000000000 ) ) ;
#600 = ORIENTED_EDGE ( 'NONE', *, *, #1403, .T. ) ;
#601 = VECTOR ( 'NONE', #126, 1000.000000000000000 ) ;
#602 = VECTOR ( 'NONE', #74, 1000.000000000000000 ) ;
#603 = CARTESIAN_POINT ( 'NONE',  ( -9.984999999999997655, -2.525000000000000355, 12.50000000000000000 ) ) ;
#604 = MECHANICAL_DESIGN_GEOMETRIC_PRESENTATION_REPRESENTATION (  '', ( #1270 ), #530 ) ;
#605 = AXIS2_PLACEMENT_3D ( 'NONE', #144, #173, #1983 ) ;
#606 = AXIS2_PLACEMENT_3D ( 'NONE', #1766, #175, #1587 ) ;
#607 = PRESENTATION_LAYER_ASSIGNMENT (  '', '', ( #1058 ) ) ;
#608 =( GEOMETRIC_REPRESENTATION_CONTEXT ( 3 ) GLOBAL_UNCERTAINTY_ASSIGNED_CONTEXT ( ( #9 ) ) GLOBAL_UNIT_ASSIGNED_CONTEXT ( ( #1026, #1561, #1941 ) ) REPRESENTATION_CONTEXT ( 'NONE', 'WORKASPACE' ) );
#609 = STYLED_ITEM ( 'NONE', ( #1668 ), #295 ) ;
#610 = CARTESIAN_POINT ( 'NONE',  ( -9.984999999999997655, 2.524999999999999467, 12.50000000000000000 ) ) ;
#611 = ORIENTED_EDGE ( 'NONE', *, *, #1709, .T. ) ;
#612 = SURFACE_STYLE_FILL_AREA ( #2017 ) ;
#613 =( NAMED_UNIT ( * ) SI_UNIT ( $, .STERADIAN. ) SOLID_ANGLE_UNIT ( ) );
#614 = SURFACE_SIDE_STYLE ('',( #1568 ) ) ;
#615 = LINE ( 'NONE', #1544, #984 ) ;
#616 = CARTESIAN_POINT ( 'NONE',  ( 0.000000000000000000, 0.000000000000000000, 0.000000000000000000 ) ) ;
#617 = PRESENTATION_STYLE_ASSIGNMENT (( #1008 ) ) ;
#618 = CARTESIAN_POINT ( 'NONE',  ( -5.774012443320954979, 2.524999999999982148, 0.000000000000000000 ) ) ;
#619 = CARTESIAN_POINT ( 'NONE',  ( -9.984999999999997655, -1.525000000000001910, 12.15000000000000036 ) ) ;
#620 = ORIENTED_EDGE ( 'NONE', *, *, #1142, .T. ) ;
#621 = FILL_AREA_STYLE_COLOUR ( '', #634 ) ;
#622 = SURFACE_STYLE_USAGE ( .BOTH. , #469 ) ;
#623 = EDGE_CURVE ( 'NONE', #248, #1325, #585, .T. ) ;
#624 = EDGE_CURVE ( 'NONE', #1043, #736, #235, .T. ) ;
#625 = CARTESIAN_POINT ( 'NONE',  ( 0.000000000000000000, 0.000000000000000000, 0.2500000000000000000 ) ) ;
#626 = ORIENTED_EDGE ( 'NONE', *, *, #90, .F. ) ;
#627 = DIRECTION ( 'NONE',  ( -1.000000000000000000, 5.782411586589351722E-16, -0.000000000000000000 ) ) ;
#628 = DIRECTION ( 'NONE',  ( 1.000000000000000000, 0.000000000000000000, -0.000000000000000000 ) ) ;
#629 = VERTEX_POINT ( 'NONE', #2201 ) ;
#630 =( NAMED_UNIT ( * ) SI_UNIT ( $, .STERADIAN. ) SOLID_ANGLE_UNIT ( ) );
#631 = DIRECTION ( 'NONE',  ( -0.000000000000000000, -0.000000000000000000, -1.000000000000000000 ) ) ;
#632 = SURFACE_STYLE_FILL_AREA ( #92 ) ;
#633 = ADVANCED_FACE ( 'NONE', ( #743 ), #1660, .F. ) ;
#634 = COLOUR_RGB ( '',0.8039215686274510109, 0.8039215686274510109, 0.8039215686274510109 ) ;
#635 =( GEOMETRIC_REPRESENTATION_CONTEXT ( 3 ) GLOBAL_UNCERTAINTY_ASSIGNED_CONTEXT ( ( #1818 ) ) GLOBAL_UNIT_ASSIGNED_CONTEXT ( ( #549, #1807, #924 ) ) REPRESENTATION_CONTEXT ( 'NONE', 'WORKASPACE' ) );
#636 = COLOUR_RGB ( '',0.9607843137254902244, 0.9607843137254902244, 0.9607843137254902244 ) ;
#637 = STYLED_ITEM ( 'NONE', ( #1221 ), #1086 ) ;
#638 = DIRECTION ( 'NONE',  ( 0.000000000000000000, 0.000000000000000000, 1.000000000000000000 ) ) ;
#639 = DIRECTION ( 'NONE',  ( 0.000000000000000000, 0.000000000000000000, 1.000000000000000000 ) ) ;
#640 = DIRECTION ( 'NONE',  ( -1.000000000000000000, 5.782411586589351722E-16, -0.000000000000000000 ) ) ;
#641 = PRESENTATION_LAYER_ASSIGNMENT (  '', '', ( #233 ) ) ;
#642 = PRESENTATION_LAYER_ASSIGNMENT (  '', '', ( #1923 ) ) ;
#643 = MECHANICAL_DESIGN_GEOMETRIC_PRESENTATION_REPRESENTATION (  '', ( #1342 ), #939 ) ;
#644 = EDGE_LOOP ( 'NONE', ( #221, #1888, #189, #882 ) ) ;
#645 = CARTESIAN_POINT ( 'NONE',  ( -9.484999999999997655, -2.025000000000000799, 12.15000000000000036 ) ) ;
#646 = COLOUR_RGB ( '',0.7921568627450980005, 0.8196078431372548767, 0.9333333333333333481 ) ;
#647 = LINE ( 'NONE', #2085, #795 ) ;
#648 = ORIENTED_EDGE ( 'NONE', *, *, #1305, .F. ) ;
#649 = CLOSED_SHELL ( 'NONE', ( #1463, #1527, #591, #633 ) ) ;
#650 = DIRECTION ( 'NONE',  ( 0.000000000000000000, 1.000000000000000000, 0.000000000000000000 ) ) ;
#651 = EDGE_LOOP ( 'NONE', ( #1673, #1656, #1103, #546 ) ) ;
#652 = DIRECTION ( 'NONE',  ( 0.000000000000000000, 0.000000000000000000, -1.000000000000000000 ) ) ;
#653 = UNCERTAINTY_MEASURE_WITH_UNIT (LENGTH_MEASURE( 1.000000000000000082E-05 ), #1421, 'distance_accuracy_value', 'NONE');
#654 = SURFACE_STYLE_USAGE ( .BOTH. , #886 ) ;
#655 =( NAMED_UNIT ( * ) SI_UNIT ( $, .STERADIAN. ) SOLID_ANGLE_UNIT ( ) );
#656 = EDGE_CURVE ( 'NONE', #49, #2229, #193, .T. ) ;
#657 = ORIENTED_EDGE ( 'NONE', *, *, #1069, .F. ) ;
#658 =( NAMED_UNIT ( * ) PLANE_ANGLE_UNIT ( ) SI_UNIT ( $, .RADIAN. ) );
#659 = SURFACE_STYLE_FILL_AREA ( #1172 ) ;
#660 = CARTESIAN_POINT ( 'NONE',  ( -8.821775633615938972, 0.9999999999999983347, 12.49000000000000199 ) ) ;
#661 = CARTESIAN_POINT ( 'NONE',  ( -9.115000000000003766, 1.245000000000018092, -3.299999999999999822 ) ) ;
#662 =( NAMED_UNIT ( * ) SI_UNIT ( $, .STERADIAN. ) SOLID_ANGLE_UNIT ( ) );
#663 = LINE ( 'NONE', #1539, #2334 ) ;
#664 = VERTEX_POINT ( 'NONE', #484 ) ;
#665 = DIRECTION ( 'NONE',  ( 1.000000000000000000, 0.000000000000000000, 0.000000000000000000 ) ) ;
#666 = LINE ( 'NONE', #1705, #876 ) ;
#667 =( NAMED_UNIT ( * ) PLANE_ANGLE_UNIT ( ) SI_UNIT ( $, .RADIAN. ) );
#668 = ORIENTED_EDGE ( 'NONE', *, *, #520, .F. ) ;
#669 = LINE ( 'NONE', #1534, #263 ) ;
#670 = FACE_OUTER_BOUND ( 'NONE', #918, .T. ) ;
#671 =( NAMED_UNIT ( * ) SI_UNIT ( $, .STERADIAN. ) SOLID_ANGLE_UNIT ( ) );
#672 = VERTEX_POINT ( 'NONE', #279 ) ;
#673 = SURFACE_STYLE_FILL_AREA ( #1430 ) ;
#674 = CARTESIAN_POINT ( 'NONE',  ( 9.064999999999995950, 1.114999999999999991, -3.299999999999999822 ) ) ;
#675 = SURFACE_SIDE_STYLE ('',( #1033 ) ) ;
#676 = CARTESIAN_POINT ( 'NONE',  ( -6.375000000000001776, 1.245000000000000329, -3.299999999999999822 ) ) ;
#677 = SURFACE_STYLE_FILL_AREA ( #118 ) ;
#678 = STYLED_ITEM ( 'NONE', ( #1114 ), #888 ) ;
#679 = EDGE_LOOP ( 'NONE', ( #1603, #1459, #101, #707 ) ) ;
#680 = SURFACE_STYLE_FILL_AREA ( #1789 ) ;
#681 = PRESENTATION_LAYER_ASSIGNMENT (  '', '', ( #1683 ) ) ;
#682 = VECTOR ( 'NONE', #2297, 1000.000000000000000 ) ;
#683 = DIRECTION ( 'NONE',  ( -0.000000000000000000, -1.000000000000000000, -0.000000000000000000 ) ) ;
#684 = COLOUR_RGB ( '',0.2862745098039215508, 0.2862745098039215508, 0.2862745098039215508 ) ;
#685 =( GEOMETRIC_REPRESENTATION_CONTEXT ( 3 ) GLOBAL_UNCERTAINTY_ASSIGNED_CONTEXT ( ( #52 ) ) GLOBAL_UNIT_ASSIGNED_CONTEXT ( ( #89, #658, #488 ) ) REPRESENTATION_CONTEXT ( 'NONE', 'WORKASPACE' ) );
#686 = CARTESIAN_POINT ( 'NONE',  ( -9.315000000000003055, 1.245000000000018092, 0.2500000000000000000 ) ) ;
#687 = CARTESIAN_POINT ( 'NONE',  ( -9.484999999999997655, -2.025000000000000799, 12.15000000000000036 ) ) ;
#688 = STYLED_ITEM ( 'NONE', ( #1150 ), #17 ) ;
#689 = CARTESIAN_POINT ( 'NONE',  ( 9.984999999999997655, -2.524999999999998579, 0.2500000000000000000 ) ) ;
#690 = CARTESIAN_POINT ( 'NONE',  ( 0.6449999999999969091, 1.145000000000000018, 0.2500000000000000000 ) ) ;
#691 =( NAMED_UNIT ( * ) PLANE_ANGLE_UNIT ( ) SI_UNIT ( $, .RADIAN. ) );
#692 = SURFACE_STYLE_USAGE ( .BOTH. , #367 ) ;
#693 = APPLICATION_PROTOCOL_DEFINITION ( 'draft international standard', 'automotive_design', 1998, #131 ) ;
#694 = ORIENTED_EDGE ( 'NONE', *, *, #2147, .F. ) ;
#695 = LINE ( 'NONE', #732, #1996 ) ;
#696 =( LENGTH_UNIT ( ) NAMED_UNIT ( * ) SI_UNIT ( .MILLI., .METRE. ) );
#697 = EDGE_LOOP ( 'NONE', ( #1945, #1128, #648, #1637 ) ) ;
#698 = CARTESIAN_POINT ( 'NONE',  ( 0.000000000000000000, 0.000000000000000000, 0.2500000000000000000 ) ) ;
#699 = EDGE_LOOP ( 'NONE', ( #569, #893, #87, #1387 ) ) ;
#700 = LINE ( 'NONE', #532, #1684 ) ;
#701 = CARTESIAN_POINT ( 'NONE',  ( -9.484999999999997655, -2.025000000000000799, 12.15000000000000036 ) ) ;
#702 = DIRECTION ( 'NONE',  ( 0.000000000000000000, 1.000000000000000000, 0.000000000000000000 ) ) ;
#703 =( LENGTH_UNIT ( ) NAMED_UNIT ( * ) SI_UNIT ( .MILLI., .METRE. ) );
#704 = UNCERTAINTY_MEASURE_WITH_UNIT (LENGTH_MEASURE( 1.000000000000000082E-05 ), #1708, 'distance_accuracy_value', 'NONE');
#705 =( NAMED_UNIT ( * ) SI_UNIT ( $, .STERADIAN. ) SOLID_ANGLE_UNIT ( ) );
#706 = CARTESIAN_POINT ( 'NONE',  ( -8.274012443320955867, 2.524999999999999467, 0.2500000000000000000 ) ) ;
#707 = ORIENTED_EDGE ( 'NONE', *, *, #1109, .F. ) ;
#708 = CARTESIAN_POINT ( 'NONE',  ( -6.575000000000002842, 1.245000000000000329, 0.2500000000000000000 ) ) ;
#709 = DIRECTION ( 'NONE',  ( -1.000000000000000000, 5.782411586589351722E-16, -0.000000000000000000 ) ) ;
#710 = DIRECTION ( 'NONE',  ( 0.000000000000000000, 0.000000000000000000, -1.000000000000000000 ) ) ;
#711 = CARTESIAN_POINT ( 'NONE',  ( -9.484999999999997655, -1.525000000000001910, 12.15000000000000036 ) ) ;
#712 = ORIENTED_EDGE ( 'NONE', *, *, #278, .T. ) ;
#713 =( NAMED_UNIT ( * ) SI_UNIT ( $, .STERADIAN. ) SOLID_ANGLE_UNIT ( ) );
#714 = CARTESIAN_POINT ( 'NONE',  ( -8.821775633615938972, 0.9999999999999983347, 12.49000000000000199 ) ) ;
#715 = SURFACE_STYLE_USAGE ( .BOTH. , #2320 ) ;
#716 = ADVANCED_FACE ( 'NONE', ( #1674 ), #83, .F. ) ;
#717 = CARTESIAN_POINT ( 'NONE',  ( -5.774012443320954979, -2.525000000000016342, 0.2500000000000000000 ) ) ;
#718 = CARTESIAN_POINT ( 'NONE',  ( -9.984999999999997655, -2.525000000000000355, 12.50000000000000000 ) ) ;
#719 = COLOUR_RGB ( '',0.2862745098039215508, 0.2862745098039215508, 0.2862745098039215508 ) ;
#720 = AXIS2_PLACEMENT_3D ( 'NONE', #1226, #1737, #1953 ) ;
#721 = VERTEX_POINT ( 'NONE', #1956 ) ;
#722 = DIRECTION ( 'NONE',  ( -0.000000000000000000, -0.000000000000000000, 1.000000000000000000 ) ) ;
#723 = PRESENTATION_LAYER_ASSIGNMENT (  '', '', ( #1719 ) ) ;
#724 = DIRECTION ( 'NONE',  ( 1.000000000000000000, 0.000000000000000000, 0.000000000000000000 ) ) ;
#725 = SURFACE_SIDE_STYLE ('',( #168 ) ) ;
#726 = SURFACE_SIDE_STYLE ('',( #748 ) ) ;
#727 = PRESENTATION_LAYER_ASSIGNMENT (  '', '', ( #2141 ) ) ;
#728 = CIRCLE ( 'NONE', #1197, 0.4999999999999987232 ) ;
#729 = COLOUR_RGB ( '',0.2862745098039215508, 0.2862745098039215508, 0.2862745098039215508 ) ;
#730 = SURFACE_STYLE_FILL_AREA ( #1832 ) ;
#731 =( NAMED_UNIT ( * ) PLANE_ANGLE_UNIT ( ) SI_UNIT ( $, .RADIAN. ) );
#732 = CARTESIAN_POINT ( 'NONE',  ( -9.321775633615940748, 0.9999999999999981126, 12.49000000000000199 ) ) ;
#733 = PRESENTATION_STYLE_ASSIGNMENT (( #1 ) ) ;
#734 = SURFACE_STYLE_USAGE ( .BOTH. , #2161 ) ;
#735 = DIRECTION ( 'NONE',  ( 3.435095992033281961E-16, 1.000000000000000000, 0.000000000000000000 ) ) ;
#736 = VERTEX_POINT ( 'NONE', #2309 ) ;
#737 = CARTESIAN_POINT ( 'NONE',  ( 9.984999999999999432, 2.524999999999999911, 12.50000000000000000 ) ) ;
#738 = CARTESIAN_POINT ( 'NONE',  ( -5.024012443320954091, -2.524999999999999911, 0.2500000000000000000 ) ) ;
#739 = PRESENTATION_STYLE_ASSIGNMENT (( #404 ) ) ;
#740 = CARTESIAN_POINT ( 'NONE',  ( -9.321775633615940748, -1.000000000000001554, 12.49000000000000199 ) ) ;
#741 = CARTESIAN_POINT ( 'NONE',  ( 8.264999999999997016, 1.114999999999999991, -3.299999999999999822 ) ) ;
#742 =( NAMED_UNIT ( * ) SI_UNIT ( $, .STERADIAN. ) SOLID_ANGLE_UNIT ( ) );
#743 = FACE_OUTER_BOUND ( 'NONE', #482, .T. ) ;
#744 = CARTESIAN_POINT ( 'NONE',  ( -5.774012443320954979, 2.524999999999982148, 0.2500000000000000000 ) ) ;
#745 = DIRECTION ( 'NONE',  ( -0.000000000000000000, -0.000000000000000000, 1.000000000000000000 ) ) ;
#746 = VERTEX_POINT ( 'NONE', #1934 ) ;
#747 = CARTESIAN_POINT ( 'NONE',  ( -8.274012443320955867, -2.524999999999999023, 0.000000000000000000 ) ) ;
#748 = SURFACE_STYLE_FILL_AREA ( #1020 ) ;
#749 = ORIENTED_EDGE ( 'NONE', *, *, #1039, .T. ) ;
#750 = UNCERTAINTY_MEASURE_WITH_UNIT (LENGTH_MEASURE( 1.000000000000000082E-05 ), #1178, 'distance_accuracy_value', 'NONE');
#751 =( GEOMETRIC_REPRESENTATION_CONTEXT ( 3 ) GLOBAL_UNCERTAINTY_ASSIGNED_CONTEXT ( ( #2319 ) ) GLOBAL_UNIT_ASSIGNED_CONTEXT ( ( #2001, #210, #1636 ) ) REPRESENTATION_CONTEXT ( 'NONE', 'WORKASPACE' ) );
#752 = CARTESIAN_POINT ( 'NONE',  ( 0.6449999999999969091, 1.344999999999999973, -3.299999999999999822 ) ) ;
#753 = UNCERTAINTY_MEASURE_WITH_UNIT (LENGTH_MEASURE( 1.000000000000000082E-05 ), #1916, 'distance_accuracy_value', 'NONE');
#754 = CARTESIAN_POINT ( 'NONE',  ( -9.984999999999997655, -1.525000000000001910, 12.15000000000000036 ) ) ;
#755 = PRESENTATION_STYLE_ASSIGNMENT (( #734 ) ) ;
#756 = CIRCLE ( 'NONE', #826, 0.2000000000000005107 ) ;
#757 = VERTEX_POINT ( 'NONE', #706 ) ;
#758 = DIRECTION ( 'NONE',  ( -0.000000000000000000, -0.000000000000000000, 1.000000000000000000 ) ) ;
#759 = ORIENTED_EDGE ( 'NONE', *, *, #1732, .F. ) ;
#760 = CARTESIAN_POINT ( 'NONE',  ( 9.984999999999997655, -0.4999999999999981681, 12.15000000000000036 ) ) ;
#761 = DIRECTION ( 'NONE',  ( 0.000000000000000000, 0.000000000000000000, -1.000000000000000000 ) ) ;
#762 = EDGE_LOOP ( 'NONE', ( #1784, #2287, #759, #132 ) ) ;
#763 = COLOUR_RGB ( '',0.2862745098039215508, 0.2862745098039215508, 0.2862745098039215508 ) ;
#764 = ORIENTED_EDGE ( 'NONE', *, *, #1034, .T. ) ;
#765 = PRESENTATION_LAYER_ASSIGNMENT (  '', '', ( #1721 ) ) ;
#766 =( LENGTH_UNIT ( ) NAMED_UNIT ( * ) SI_UNIT ( .MILLI., .METRE. ) );
#767 = VECTOR ( 'NONE', #709, 1000.000000000000000 ) ;
#768 =( LENGTH_UNIT ( ) NAMED_UNIT ( * ) SI_UNIT ( .MILLI., .METRE. ) );
#769 = DIRECTION ( 'NONE',  ( 1.000000000000000000, 0.000000000000000000, 0.000000000000000000 ) ) ;
#770 = ADVANCED_FACE ( 'NONE', ( #333 ), #1745, .F. ) ;
#771 = SURFACE_STYLE_FILL_AREA ( #1445 ) ;
#772 = ORIENTED_EDGE ( 'NONE', *, *, #1075, .F. ) ;
#773 = CARTESIAN_POINT ( 'NONE',  ( 0.6449999999999969091, 1.344999999999999973, -3.299999999999999822 ) ) ;
#774 = DIRECTION ( 'NONE',  ( 0.000000000000000000, 0.000000000000000000, -1.000000000000000000 ) ) ;
#775 = ORIENTED_EDGE ( 'NONE', *, *, #1366, .T. ) ;
#776 = LINE ( 'NONE', #760, #1754 ) ;
#777 = ORIENTED_EDGE ( 'NONE', *, *, #1035, .T. ) ;
#778 = LINE ( 'NONE', #2087, #574 ) ;
#779 = CARTESIAN_POINT ( 'NONE',  ( 0.000000000000000000, 0.000000000000000000, 0.2500000000000000000 ) ) ;
#780 = FILL_AREA_STYLE ('',( #1093 ) ) ;
#781 = CARTESIAN_POINT ( 'NONE',  ( -9.484999999999997655, -2.025000000000000799, 12.15000000000000036 ) ) ;
#782 = CARTESIAN_POINT ( 'NONE',  ( 8.264999999999997016, 1.114999999999999991, 0.2500000000000000000 ) ) ;
#783 = SURFACE_SIDE_STYLE ('',( #1449 ) ) ;
#784 = DIRECTION ( 'NONE',  ( -1.000000000000000000, -0.000000000000000000, -0.000000000000000000 ) ) ;
#785 = DIRECTION ( 'NONE',  ( 0.000000000000000000, 0.000000000000000000, -1.000000000000000000 ) ) ;
#786 =( NAMED_UNIT ( * ) PLANE_ANGLE_UNIT ( ) SI_UNIT ( $, .RADIAN. ) );
#787 = EDGE_CURVE ( 'NONE', #1359, #664, #1755, .T. ) ;
#788 = EDGE_LOOP ( 'NONE', ( #1210, #2033, #1975, #1697 ) ) ;
#789 = EDGE_CURVE ( 'NONE', #1814, #2057, #1022, .T. ) ;
#790 = EDGE_CURVE ( 'NONE', #1577, #1507, #1402, .T. ) ;
#791 = VECTOR ( 'NONE', #328, 1000.000000000000000 ) ;
#792 = MECHANICAL_DESIGN_GEOMETRIC_PRESENTATION_REPRESENTATION (  '', ( #493 ), #1453 ) ;
#793 = AXIS2_PLACEMENT_3D ( 'NONE', #708, #1560, #1233 ) ;
#794 = PRODUCT_DEFINITION_CONTEXT ( 'detailed design', #131, 'design' ) ;
#795 = VECTOR ( 'NONE', #1314, 1000.000000000000000 ) ;
#796 = AXIS2_PLACEMENT_3D ( 'NONE', #1662, #1482, #2193 ) ;
#797 = PRESENTATION_LAYER_ASSIGNMENT (  '', '', ( #1650 ) ) ;
#798 = SURFACE_STYLE_FILL_AREA ( #964 ) ;
#799 =( GEOMETRIC_REPRESENTATION_CONTEXT ( 3 ) GLOBAL_UNCERTAINTY_ASSIGNED_CONTEXT ( ( #953 ) ) GLOBAL_UNIT_ASSIGNED_CONTEXT ( ( #2050, #483, #1515 ) ) REPRESENTATION_CONTEXT ( 'NONE', 'WORKASPACE' ) );
#800 = VERTEX_POINT ( 'NONE', #1932 ) ;
#801 = FACE_OUTER_BOUND ( 'NONE', #125, .T. ) ;
#802 = CLOSED_SHELL ( 'NONE', ( #716, #12, #1826, #2097, #1514, #1357 ) ) ;
#803 = EDGE_CURVE ( 'NONE', #1601, #1634, #1380, .T. ) ;
#804 = DIRECTION ( 'NONE',  ( 0.000000000000000000, 0.000000000000000000, -1.000000000000000000 ) ) ;
#805 = CARTESIAN_POINT ( 'NONE',  ( 1.444999999999996954, 1.145000000000000240, 0.2500000000000000000 ) ) ;
#806 = FACE_OUTER_BOUND ( 'NONE', #679, .T. ) ;
#807 =( NAMED_UNIT ( * ) SI_UNIT ( $, .STERADIAN. ) SOLID_ANGLE_UNIT ( ) );
#808 = CARTESIAN_POINT ( 'NONE',  ( -6.575000000000002842, 1.245000000000000329, 0.2500000000000000000 ) ) ;
#809 = EDGE_LOOP ( 'NONE', ( #2011, #411, #110, #176 ) ) ;
#810 = LINE ( 'NONE', #2103, #3 ) ;
#811 = FILL_AREA_STYLE ('',( #1845 ) ) ;
#812 = FILL_AREA_STYLE ('',( #325 ) ) ;
#813 = ORIENTED_EDGE ( 'NONE', *, *, #1842, .F. ) ;
#814 = DIRECTION ( 'NONE',  ( 0.000000000000000000, -0.000000000000000000, 1.000000000000000000 ) ) ;
#815 = EDGE_CURVE ( 'NONE', #413, #1563, #378, .T. ) ;
#816 = DIRECTION ( 'NONE',  ( 0.000000000000000000, 0.000000000000000000, 1.000000000000000000 ) ) ;
#817 = SURFACE_STYLE_USAGE ( .BOTH. , #243 ) ;
#818 = UNCERTAINTY_MEASURE_WITH_UNIT (LENGTH_MEASURE( 1.000000000000000082E-05 ), #1857, 'distance_accuracy_value', 'NONE');
#819 = EDGE_LOOP ( 'NONE', ( #516, #6, #2298, #935 ) ) ;
#820 = VERTEX_POINT ( 'NONE', #315 ) ;
#821 = FILL_AREA_STYLE ('',( #495 ) ) ;
#822 = CARTESIAN_POINT ( 'NONE',  ( -6.775000000000003020, 1.245000000000000329, -3.299999999999999822 ) ) ;
#823 = FILL_AREA_STYLE_COLOUR ( '', #2111 ) ;
#824 = CARTESIAN_POINT ( 'NONE',  ( -8.821775633615938972, -1.000000000000001776, 12.49000000000000199 ) ) ;
#825 =( NAMED_UNIT ( * ) PLANE_ANGLE_UNIT ( ) SI_UNIT ( $, .RADIAN. ) );
#826 = AXIS2_PLACEMENT_3D ( 'NONE', #808, #1330, #462 ) ;
#827 = VERTEX_POINT ( 'NONE', #854 ) ;
#828 = VECTOR ( 'NONE', #120, 1000.000000000000000 ) ;
#829 = EDGE_CURVE ( 'NONE', #1171, #568, #1569, .T. ) ;
#830 = DIRECTION ( 'NONE',  ( 3.435095992033281961E-16, 1.000000000000000000, 0.000000000000000000 ) ) ;
#831 =( GEOMETRIC_REPRESENTATION_CONTEXT ( 3 ) GLOBAL_UNCERTAINTY_ASSIGNED_CONTEXT ( ( #972 ) ) GLOBAL_UNIT_ASSIGNED_CONTEXT ( ( #2040, #1134, #277 ) ) REPRESENTATION_CONTEXT ( 'NONE', 'WORKASPACE' ) );
#832 = COLOUR_RGB ( '',0.8039215686274510109, 0.8039215686274510109, 0.8039215686274510109 ) ;
#833 =( GEOMETRIC_REPRESENTATION_CONTEXT ( 3 ) GLOBAL_UNCERTAINTY_ASSIGNED_CONTEXT ( ( #2061 ) ) GLOBAL_UNIT_ASSIGNED_CONTEXT ( ( #1040, #2094, #630 ) ) REPRESENTATION_CONTEXT ( 'NONE', 'WORKASPACE' ) );
#834 =( LENGTH_UNIT ( ) NAMED_UNIT ( * ) SI_UNIT ( .MILLI., .METRE. ) );
#835 = PLANE ( 'NONE',  #2166 ) ;
#836 = STYLED_ITEM ( 'NONE', ( #1265 ), #1791 ) ;
#837 = ADVANCED_FACE ( 'NONE', ( #1473 ), #1671, .F. ) ;
#838 = ORIENTED_EDGE ( 'NONE', *, *, #62, .F. ) ;
#839 = MECHANICAL_DESIGN_GEOMETRIC_PRESENTATION_REPRESENTATION (  '', ( #2246 ), #432 ) ;
#840 = FILL_AREA_STYLE_COLOUR ( '', #304 ) ;
#841 = SURFACE_STYLE_USAGE ( .BOTH. , #137 ) ;
#842 = FACE_OUTER_BOUND ( 'NONE', #1867, .T. ) ;
#843 = ORIENTED_EDGE ( 'NONE', *, *, #1808, .F. ) ;
#844 = ORIENTED_EDGE ( 'NONE', *, *, #1842, .T. ) ;
#845 = LINE ( 'NONE', #1234, #1952 ) ;
#846 = FILL_AREA_STYLE_COLOUR ( '', #2197 ) ;
#847 = ORIENTED_EDGE ( 'NONE', *, *, #489, .T. ) ;
#848 = FILL_AREA_STYLE ('',( #306 ) ) ;
#849 = PLANE ( 'NONE',  #1385 ) ;
#850 = SURFACE_STYLE_USAGE ( .BOTH. , #123 ) ;
#851 = ORIENTED_EDGE ( 'NONE', *, *, #2179, .T. ) ;
#852 =( LENGTH_UNIT ( ) NAMED_UNIT ( * ) SI_UNIT ( .MILLI., .METRE. ) );
#853 = APPLICATION_PROTOCOL_DEFINITION ( 'draft international standard', 'automotive_design', 1998, #1052 ) ;
#854 = CARTESIAN_POINT ( 'NONE',  ( -8.274012443320955867, -2.525000000000000355, 0.2500000000000000000 ) ) ;
#855 = FILL_AREA_STYLE ('',( #2290 ) ) ;
#856 =( NAMED_UNIT ( * ) SI_UNIT ( $, .STERADIAN. ) SOLID_ANGLE_UNIT ( ) );
#857 = ORIENTED_EDGE ( 'NONE', *, *, #1817, .F. ) ;
#858 = PRESENTATION_STYLE_ASSIGNMENT (( #1030 ) ) ;
#859 = SURFACE_STYLE_FILL_AREA ( #812 ) ;
#860 = DIRECTION ( 'NONE',  ( 1.000000000000000000, 0.000000000000000000, 0.000000000000000000 ) ) ;
#861 = DIRECTION ( 'NONE',  ( -0.000000000000000000, 0.000000000000000000, 1.000000000000000000 ) ) ;
#862 = DIRECTION ( 'NONE',  ( -1.000000000000000000, 0.000000000000000000, 0.000000000000000000 ) ) ;
#863 = COLOUR_RGB ( '',0.2862745098039215508, 0.2862745098039215508, 0.2862745098039215508 ) ;
#864 = AXIS2_PLACEMENT_3D ( 'NONE', #448, #804, #1500 ) ;
#865 = FILL_AREA_STYLE_COLOUR ( '', #1578 ) ;
#866 = CARTESIAN_POINT ( 'NONE',  ( -8.274012443320955867, -2.524999999999999023, 0.000000000000000000 ) ) ;
#867 = MECHANICAL_DESIGN_GEOMETRIC_PRESENTATION_REPRESENTATION (  '', ( #678 ), #1836 ) ;
#868 = SURFACE_STYLE_USAGE ( .BOTH. , #1388 ) ;
#869 = CIRCLE ( 'NONE', #2170, 0.2999999999999999334 ) ;
#870 = DIRECTION ( 'NONE',  ( -1.000000000000000000, 0.000000000000000000, 0.000000000000000000 ) ) ;
#871 = VECTOR ( 'NONE', #184, 1000.000000000000000 ) ;
#872 =( NAMED_UNIT ( * ) SI_UNIT ( $, .STERADIAN. ) SOLID_ANGLE_UNIT ( ) );
#873 = EDGE_LOOP ( 'NONE', ( #577, #2277, #474, #1290 ) ) ;
#874 = CARTESIAN_POINT ( 'NONE',  ( -9.984999999999997655, 2.524999999999999467, 0.2500000000000000000 ) ) ;
#875 = ORIENTED_EDGE ( 'NONE', *, *, #1141, .F. ) ;
#876 = VECTOR ( 'NONE', #2310, 1000.000000000000000 ) ;
#877 = AXIS2_PLACEMENT_3D ( 'NONE', #698, #515, #1973 ) ;
#878 = ORIENTED_EDGE ( 'NONE', *, *, #475, .F. ) ;
#879 = SURFACE_STYLE_USAGE ( .BOTH. , #2311 ) ;
#880 = PRESENTATION_STYLE_ASSIGNMENT (( #162 ) ) ;
#881 = LINE ( 'NONE', #1600, #1588 ) ;
#882 = ORIENTED_EDGE ( 'NONE', *, *, #169, .T. ) ;
#883 = EDGE_CURVE ( 'NONE', #2163, #1969, #776, .T. ) ;
#884 = DIRECTION ( 'NONE',  ( -0.000000000000000000, 0.000000000000000000, 1.000000000000000000 ) ) ;
#885 =( NAMED_UNIT ( * ) PLANE_ANGLE_UNIT ( ) SI_UNIT ( $, .RADIAN. ) );
#886 = SURFACE_SIDE_STYLE ('',( #171 ) ) ;
#887 = LINE ( 'NONE', #1995, #911 ) ;
#888 = ADVANCED_FACE ( 'NONE', ( #1131 ), #1868, .F. ) ;
#889 =( LENGTH_UNIT ( ) NAMED_UNIT ( * ) SI_UNIT ( .MILLI., .METRE. ) );
#890 = ORIENTED_EDGE ( 'NONE', *, *, #475, .T. ) ;
#891 = ORIENTED_EDGE ( 'NONE', *, *, #656, .T. ) ;
#892 = SURFACE_STYLE_FILL_AREA ( #1218 ) ;
#893 = ORIENTED_EDGE ( 'NONE', *, *, #2015, .F. ) ;
#894 = DIRECTION ( 'NONE',  ( 1.000000000000000000, 0.000000000000000000, 0.000000000000000000 ) ) ;
#895 = CARTESIAN_POINT ( 'NONE',  ( 0.000000000000000000, 0.000000000000000000, -3.299999999999999822 ) ) ;
#896 = ADVANCED_FACE ( 'NONE', ( #1297 ), #134, .T. ) ;
#897 = AXIS2_PLACEMENT_3D ( 'NONE', #2204, #639, #628 ) ;
#898 = SURFACE_STYLE_USAGE ( .BOTH. , #1834 ) ;
#899 = DIRECTION ( 'NONE',  ( -4.336808689942014285E-16, 1.000000000000000000, 0.000000000000000000 ) ) ;
#900 = PRESENTATION_LAYER_ASSIGNMENT (  '', '', ( #1623 ) ) ;
#901 = LINE ( 'NONE', #2322, #194 ) ;
#902 = LINE ( 'NONE', #216, #302 ) ;
#903 = MECHANICAL_DESIGN_GEOMETRIC_PRESENTATION_REPRESENTATION (  '', ( #2280 ), #1005 ) ;
#904 = STYLED_ITEM ( 'NONE', ( #1712 ), #957 ) ;
#905 = CARTESIAN_POINT ( 'NONE',  ( 9.984999999999997655, -2.524999999999998579, 12.50000000000000000 ) ) ;
#906 = VERTEX_POINT ( 'NONE', #1730 ) ;
#907 = MECHANICAL_DESIGN_GEOMETRIC_PRESENTATION_REPRESENTATION (  '', ( #151 ), #1424 ) ;
#908 = AXIS2_PLACEMENT_3D ( 'NONE', #1011, #1108, #1170 ) ;
#909 = VECTOR ( 'NONE', #1571, 1000.000000000000000 ) ;
#910 = ORIENTED_EDGE ( 'NONE', *, *, #94, .F. ) ;
#911 = VECTOR ( 'NONE', #1098, 1000.000000000000000 ) ;
#912 =( GEOMETRIC_REPRESENTATION_CONTEXT ( 3 ) GLOBAL_UNCERTAINTY_ASSIGNED_CONTEXT ( ( #929 ) ) GLOBAL_UNIT_ASSIGNED_CONTEXT ( ( #337, #2299, #872 ) ) REPRESENTATION_CONTEXT ( 'NONE', 'WORKASPACE' ) );
#913 = EDGE_CURVE ( 'NONE', #1171, #947, #669, .T. ) ;
#914 = UNCERTAINTY_MEASURE_WITH_UNIT (LENGTH_MEASURE( 1.000000000000000082E-05 ), #889, 'distance_accuracy_value', 'NONE');
#915 = PLANE ( 'NONE',  #2283 ) ;
#916 = PLANE ( 'NONE',  #59 ) ;
#917 = ORIENTED_EDGE ( 'NONE', *, *, #344, .F. ) ;
#918 = EDGE_LOOP ( 'NONE', ( #620, #1428, #1414, #920 ) ) ;
#919 = SURFACE_STYLE_FILL_AREA ( #1475 ) ;
#920 = ORIENTED_EDGE ( 'NONE', *, *, #1796, .T. ) ;
#921 = ORIENTED_EDGE ( 'NONE', *, *, #2090, .F. ) ;
#922 = DIRECTION ( 'NONE',  ( 1.000000000000000000, 0.000000000000000000, 0.000000000000000000 ) ) ;
#923 = SURFACE_SIDE_STYLE ('',( #1129 ) ) ;
#924 =( NAMED_UNIT ( * ) SI_UNIT ( $, .STERADIAN. ) SOLID_ANGLE_UNIT ( ) );
#925 = UNCERTAINTY_MEASURE_WITH_UNIT (LENGTH_MEASURE( 1.000000000000000082E-05 ), #505, 'distance_accuracy_value', 'NONE');
#926 = PRESENTATION_STYLE_ASSIGNMENT (( #1819 ) ) ;
#927 = MECHANICAL_DESIGN_GEOMETRIC_PRESENTATION_REPRESENTATION (  '', ( #1942 ), #2272 ) ;
#928 = CARTESIAN_POINT ( 'NONE',  ( -8.984999999999997655, -2.025000000000000799, 12.15000000000000036 ) ) ;
#929 = UNCERTAINTY_MEASURE_WITH_UNIT (LENGTH_MEASURE( 1.000000000000000082E-05 ), #337, 'distance_accuracy_value', 'NONE');
#930 = CARTESIAN_POINT ( 'NONE',  ( 4.225987556679045021, -2.525000000000086064, 0.000000000000000000 ) ) ;
#931 = ORIENTED_EDGE ( 'NONE', *, *, #1034, .F. ) ;
#932 = PRESENTATION_LAYER_ASSIGNMENT (  '', '', ( #2025 ) ) ;
#933 = COLOUR_RGB ( '',0.2862745098039215508, 0.2862745098039215508, 0.2862745098039215508 ) ;
#934 = PRESENTATION_LAYER_ASSIGNMENT (  '', '', ( #1838 ) ) ;
#935 = ORIENTED_EDGE ( 'NONE', *, *, #883, .F. ) ;
#936 = PRESENTATION_LAYER_ASSIGNMENT (  '', '', ( #637 ) ) ;
#937 = VECTOR ( 'NONE', #1626, 1000.000000000000000 ) ;
#938 = DIRECTION ( 'NONE',  ( 1.000000000000000000, 0.000000000000000000, 0.000000000000000000 ) ) ;
#939 =( GEOMETRIC_REPRESENTATION_CONTEXT ( 3 ) GLOBAL_UNCERTAINTY_ASSIGNED_CONTEXT ( ( #1395 ) ) GLOBAL_UNIT_ASSIGNED_CONTEXT ( ( #1046, #2318, #1908 ) ) REPRESENTATION_CONTEXT ( 'NONE', 'WORKASPACE' ) );
#940 =( GEOMETRIC_REPRESENTATION_CONTEXT ( 3 ) GLOBAL_UNCERTAINTY_ASSIGNED_CONTEXT ( ( #1277 ) ) GLOBAL_UNIT_ASSIGNED_CONTEXT ( ( #1080, #349, #2 ) ) REPRESENTATION_CONTEXT ( 'NONE', 'WORKASPACE' ) );
#941 = FILL_AREA_STYLE_COLOUR ( '', #1347 ) ;
#942 = PRESENTATION_LAYER_ASSIGNMENT (  '', '', ( #498 ) ) ;
#943 = VECTOR ( 'NONE', #1256, 1000.000000000000000 ) ;
#944 =( GEOMETRIC_REPRESENTATION_CONTEXT ( 3 ) GLOBAL_UNCERTAINTY_ASSIGNED_CONTEXT ( ( #2232 ) ) GLOBAL_UNIT_ASSIGNED_CONTEXT ( ( #1528, #2244, #662 ) ) REPRESENTATION_CONTEXT ( 'NONE', 'WORKASPACE' ) );
#945 = DIRECTION ( 'NONE',  ( 0.000000000000000000, 0.000000000000000000, -1.000000000000000000 ) ) ;
#946 = ORIENTED_EDGE ( 'NONE', *, *, #787, .F. ) ;
#947 = VERTEX_POINT ( 'NONE', #122 ) ;
#948 = FILL_AREA_STYLE_COLOUR ( '', #41 ) ;
#949 = ORIENTED_EDGE ( 'NONE', *, *, #116, .T. ) ;
#950 = PRESENTATION_LAYER_ASSIGNMENT (  '', '', ( #2181 ) ) ;
#951 = DIRECTION ( 'NONE',  ( -1.000000000000000000, 0.000000000000000000, -0.000000000000000000 ) ) ;
#952 = CARTESIAN_POINT ( 'NONE',  ( 8.264999999999997016, 1.375000000000000000, -3.299999999999999822 ) ) ;
#953 = UNCERTAINTY_MEASURE_WITH_UNIT (LENGTH_MEASURE( 1.000000000000000082E-05 ), #2050, 'distance_accuracy_value', 'NONE');
#954 = UNCERTAINTY_MEASURE_WITH_UNIT (LENGTH_MEASURE( 1.000000000000000082E-05 ), #834, 'distance_accuracy_value', 'NONE');
#955 = FACE_OUTER_BOUND ( 'NONE', #425, .T. ) ;
#956 =( NAMED_UNIT ( * ) SI_UNIT ( $, .STERADIAN. ) SOLID_ANGLE_UNIT ( ) );
#957 = ADVANCED_FACE ( 'NONE', ( #1206 ), #849, .F. ) ;
#958 = LINE ( 'NONE', #1476, #2198 ) ;
#959 =( NAMED_UNIT ( * ) SI_UNIT ( $, .STERADIAN. ) SOLID_ANGLE_UNIT ( ) );
#960 = EDGE_CURVE ( 'NONE', #1287, #2074, #1607, .T. ) ;
#961 = FILL_AREA_STYLE ('',( #95 ) ) ;
#962 = EDGE_CURVE ( 'NONE', #560, #1184, #389, .T. ) ;
#963 = DIRECTION ( 'NONE',  ( -0.000000000000000000, -1.000000000000000000, -0.000000000000000000 ) ) ;
#964 = FILL_AREA_STYLE ('',( #1911 ) ) ;
#965 = ORIENTED_EDGE ( 'NONE', *, *, #1262, .T. ) ;
#966 = CARTESIAN_POINT ( 'NONE',  ( -8.821775633615938972, 0.9999999999999983347, 12.49000000000000199 ) ) ;
#967 =( NAMED_UNIT ( * ) PLANE_ANGLE_UNIT ( ) SI_UNIT ( $, .RADIAN. ) );
#968 =( GEOMETRIC_REPRESENTATION_CONTEXT ( 3 ) GLOBAL_UNCERTAINTY_ASSIGNED_CONTEXT ( ( #750 ) ) GLOBAL_UNIT_ASSIGNED_CONTEXT ( ( #1178, #691, #512 ) ) REPRESENTATION_CONTEXT ( 'NONE', 'WORKASPACE' ) );
#969 = EDGE_CURVE ( 'NONE', #1237, #2165, #2338, .T. ) ;
#970 = VECTOR ( 'NONE', #2095, 1000.000000000000000 ) ;
#971 = PRESENTATION_STYLE_ASSIGNMENT (( #817 ) ) ;
#972 = UNCERTAINTY_MEASURE_WITH_UNIT (LENGTH_MEASURE( 1.000000000000000082E-05 ), #2040, 'distance_accuracy_value', 'NONE');
#973 = COLOUR_RGB ( '',0.2862745098039215508, 0.2862745098039215508, 0.2862745098039215508 ) ;
#974 = PRESENTATION_LAYER_ASSIGNMENT (  '', '', ( #1006 ) ) ;
#975 = VECTOR ( 'NONE', #1398, 1000.000000000000000 ) ;
#976 = UNCERTAINTY_MEASURE_WITH_UNIT (LENGTH_MEASURE( 1.000000000000000082E-05 ), #381, 'distance_accuracy_value', 'NONE');
#977 = PLANE ( 'NONE',  #2138 ) ;
#978 = CIRCLE ( 'NONE', #2333, 0.2000000000000005107 ) ;
#979 = PRESENTATION_STYLE_ASSIGNMENT (( #1910 ) ) ;
#980 = FACE_OUTER_BOUND ( 'NONE', #1710, .T. ) ;
#981 = ORIENTED_EDGE ( 'NONE', *, *, #1566, .F. ) ;
#982 = STYLED_ITEM ( 'NONE', ( #1244 ), #562 ) ;
#983 = CARTESIAN_POINT ( 'NONE',  ( 0.000000000000000000, 0.000000000000000000, 0.000000000000000000 ) ) ;
#984 = VECTOR ( 'NONE', #2251, 1000.000000000000000 ) ;
#985 = SURFACE_STYLE_USAGE ( .BOTH. , #60 ) ;
#986 = PRESENTATION_STYLE_ASSIGNMENT (( #2263 ) ) ;
#987 = SURFACE_STYLE_FILL_AREA ( #281 ) ;
#988 = CARTESIAN_POINT ( 'NONE',  ( 9.984999999999997655, -0.4999999999999982792, 12.15000000000000036 ) ) ;
#989 = VERTEX_POINT ( 'NONE', #1066 ) ;
#990 = DIRECTION ( 'NONE',  ( 0.000000000000000000, -1.000000000000000000, 0.000000000000000000 ) ) ;
#991 = ORIENTED_EDGE ( 'NONE', *, *, #2027, .F. ) ;
#992 = SURFACE_SIDE_STYLE ('',( #1175 ) ) ;
#993 = ORIENTED_EDGE ( 'NONE', *, *, #54, .F. ) ;
#994 = FILL_AREA_STYLE ('',( #1723 ) ) ;
#995 = VERTEX_POINT ( 'NONE', #1972 ) ;
#996 = CARTESIAN_POINT ( 'NONE',  ( -8.984999999999997655, 0.000000000000000000, 12.15000000000000036 ) ) ;
#997 = LINE ( 'NONE', #486, #828 ) ;
#998 = EDGE_LOOP ( 'NONE', ( #419, #1782, #891, #1165 ) ) ;
#999 = DIRECTION ( 'NONE',  ( 0.000000000000000000, 0.000000000000000000, 1.000000000000000000 ) ) ;
#1000 = CARTESIAN_POINT ( 'NONE',  ( -5.774012443320954979, -2.525000000000016342, 0.000000000000000000 ) ) ;
#1001 = DIRECTION ( 'NONE',  ( -0.000000000000000000, -0.000000000000000000, -1.000000000000000000 ) ) ;
#1002 = ORIENTED_EDGE ( 'NONE', *, *, #346, .T. ) ;
#1003 = VERTEX_POINT ( 'NONE', #1765 ) ;
#1004 = PRESENTATION_STYLE_ASSIGNMENT (( #2075 ) ) ;
#1005 =( GEOMETRIC_REPRESENTATION_CONTEXT ( 3 ) GLOBAL_UNCERTAINTY_ASSIGNED_CONTEXT ( ( #182 ) ) GLOBAL_UNIT_ASSIGNED_CONTEXT ( ( #696, #1937, #1608 ) ) REPRESENTATION_CONTEXT ( 'NONE', 'WORKASPACE' ) );
#1006 = STYLED_ITEM ( 'NONE', ( #1502 ), #1905 ) ;
#1007 = MECHANICAL_DESIGN_GEOMETRIC_PRESENTATION_REPRESENTATION (  '', ( #1719 ), #65 ) ;
#1008 = SURFACE_STYLE_USAGE ( .BOTH. , #2214 ) ;
#1009 = PRESENTATION_LAYER_ASSIGNMENT (  '', '', ( #1193 ) ) ;
#1010 = LINE ( 'NONE', #103, #1792 ) ;
#1011 = CARTESIAN_POINT ( 'NONE',  ( 0.000000000000000000, 0.000000000000000000, 12.50000000000000000 ) ) ;
#1012 = VECTOR ( 'NONE', #592, 1000.000000000000000 ) ;
#1013 = ORIENTED_EDGE ( 'NONE', *, *, #1892, .T. ) ;
#1014 = MECHANICAL_DESIGN_GEOMETRIC_PRESENTATION_REPRESENTATION (  '', ( #2141 ), #751 ) ;
#1015 = STYLED_ITEM ( 'NONE', ( #93 ), #332 ) ;
#1016 = DIRECTION ( 'NONE',  ( 0.000000000000000000, 0.000000000000000000, 1.000000000000000000 ) ) ;
#1017 = DIRECTION ( 'NONE',  ( 0.000000000000000000, 1.000000000000000000, 0.000000000000000000 ) ) ;
#1018 = ORIENTED_EDGE ( 'NONE', *, *, #1069, .T. ) ;
#1019 = PRODUCT_CONTEXT ( 'NONE', #1052, 'mechanical' ) ;
#1020 = FILL_AREA_STYLE ('',( #312 ) ) ;
#1021 = EDGE_CURVE ( 'NONE', #1488, #1359, #145, .T. ) ;
#1022 = LINE ( 'NONE', #2317, #2070 ) ;
#1023 =( NAMED_UNIT ( * ) PLANE_ANGLE_UNIT ( ) SI_UNIT ( $, .RADIAN. ) );
#1024 = CARTESIAN_POINT ( 'NONE',  ( 0.6449999999999969091, 1.145000000000000018, 0.2500000000000000000 ) ) ;
#1025 = FACE_OUTER_BOUND ( 'NONE', #2206, .T. ) ;
#1026 =( LENGTH_UNIT ( ) NAMED_UNIT ( * ) SI_UNIT ( .MILLI., .METRE. ) );
#1027 = ORIENTED_EDGE ( 'NONE', *, *, #1142, .F. ) ;
#1028 = CARTESIAN_POINT ( 'NONE',  ( -9.984999999999997655, 0.000000000000000000, 12.15000000000000036 ) ) ;
#1029 = FILL_AREA_STYLE ('',( #840 ) ) ;
#1030 = SURFACE_STYLE_USAGE ( .BOTH. , #324 ) ;
#1031 = DIRECTION ( 'NONE',  ( -0.000000000000000000, -0.000000000000000000, 1.000000000000000000 ) ) ;
#1032 = EDGE_CURVE ( 'NONE', #2084, #1312, #695, .T. ) ;
#1033 = SURFACE_STYLE_FILL_AREA ( #855 ) ;
#1034 = EDGE_CURVE ( 'NONE', #1287, #2316, #1191, .T. ) ;
#1035 = EDGE_CURVE ( 'NONE', #272, #153, #1236, .T. ) ;
#1036 = VERTEX_POINT ( 'NONE', #744 ) ;
#1037 = DIRECTION ( 'NONE',  ( -1.000000000000000000, 0.000000000000000000, -0.000000000000000000 ) ) ;
#1038 = SURFACE_STYLE_USAGE ( .BOTH. , #1739 ) ;
#1039 = EDGE_CURVE ( 'NONE', #478, #827, #901, .T. ) ;
#1040 =( LENGTH_UNIT ( ) NAMED_UNIT ( * ) SI_UNIT ( .MILLI., .METRE. ) );
#1041 =( LENGTH_UNIT ( ) NAMED_UNIT ( * ) SI_UNIT ( .MILLI., .METRE. ) );
#1042 = EDGE_CURVE ( 'NONE', #1325, #1634, #1790, .T. ) ;
#1043 = VERTEX_POINT ( 'NONE', #1599 ) ;
#1044 = LINE ( 'NONE', #1610, #2114 ) ;
#1045 =( NAMED_UNIT ( * ) SI_UNIT ( $, .STERADIAN. ) SOLID_ANGLE_UNIT ( ) );
#1046 =( LENGTH_UNIT ( ) NAMED_UNIT ( * ) SI_UNIT ( .MILLI., .METRE. ) );
#1047 = FILL_AREA_STYLE_COLOUR ( '', #260 ) ;
#1048 = VECTOR ( 'NONE', #1735, 1000.000000000000000 ) ;
#1049 = DIRECTION ( 'NONE',  ( -1.000000000000000000, 0.000000000000000000, 0.000000000000000000 ) ) ;
#1050 = VECTOR ( 'NONE', #594, 1000.000000000000000 ) ;
#1051 = LINE ( 'NONE', #1935, #767 ) ;
#1052 = APPLICATION_CONTEXT ( 'automotive_design' ) ;
#1053 =( GEOMETRIC_REPRESENTATION_CONTEXT ( 3 ) GLOBAL_UNCERTAINTY_ASSIGNED_CONTEXT ( ( #81 ) ) GLOBAL_UNIT_ASSIGNED_CONTEXT ( ( #1991, #786, #205 ) ) REPRESENTATION_CONTEXT ( 'NONE', 'WORKASPACE' ) );
#1054 = ORIENTED_EDGE ( 'NONE', *, *, #2158, .T. ) ;
#1055 = CARTESIAN_POINT ( 'NONE',  ( -8.274012443320955867, 2.524999999999999467, 0.000000000000000000 ) ) ;
#1056 = MECHANICAL_DESIGN_GEOMETRIC_PRESENTATION_REPRESENTATION (  '', ( #34 ), #430 ) ;
#1057 = DIRECTION ( 'NONE',  ( -0.000000000000000000, -0.000000000000000000, -1.000000000000000000 ) ) ;
#1058 = STYLED_ITEM ( 'NONE', ( #492 ), #12 ) ;
#1059 = DIRECTION ( 'NONE',  ( 1.000000000000000000, -0.000000000000000000, 0.000000000000000000 ) ) ;
#1060 = PRESENTATION_LAYER_ASSIGNMENT (  '', '', ( #1386 ) ) ;
#1061 = ORIENTED_EDGE ( 'NONE', *, *, #815, .F. ) ;
#1062 = CARTESIAN_POINT ( 'NONE',  ( -9.321775633615940748, 0.9999999999999981126, 12.49000000000000199 ) ) ;
#1063 = MECHANICAL_DESIGN_GEOMETRIC_PRESENTATION_REPRESENTATION (  '', ( #609 ), #1160 ) ;
#1064 = DIRECTION ( 'NONE',  ( -0.000000000000000000, -0.000000000000000000, 1.000000000000000000 ) ) ;
#1065 = CARTESIAN_POINT ( 'NONE',  ( -8.984999999999997655, 0.000000000000000000, 12.15000000000000036 ) ) ;
#1066 = CARTESIAN_POINT ( 'NONE',  ( -8.274012443320955867, 2.524999999999999467, 0.000000000000000000 ) ) ;
#1067 = LINE ( 'NONE', #718, #461 ) ;
#1068 = ORIENTED_EDGE ( 'NONE', *, *, #1590, .T. ) ;
#1069 = EDGE_CURVE ( 'NONE', #1563, #1036, #1254, .T. ) ;
#1070 = PLANE ( 'NONE',  #877 ) ;
#1071 = ORIENTED_EDGE ( 'NONE', *, *, #1375, .T. ) ;
#1072 = CARTESIAN_POINT ( 'NONE',  ( 9.984999999999997655, 8.673617379884035472E-16, 12.15000000000000036 ) ) ;
#1073 = CARTESIAN_POINT ( 'NONE',  ( 4.975987556679045909, 2.524999999999912870, 0.2500000000000000000 ) ) ;
#1074 = UNCERTAINTY_MEASURE_WITH_UNIT (LENGTH_MEASURE( 1.000000000000000082E-05 ), #703, 'distance_accuracy_value', 'NONE');
#1075 = EDGE_CURVE ( 'NONE', #393, #1214, #1984, .T. ) ;
#1076 =( NAMED_UNIT ( * ) PLANE_ANGLE_UNIT ( ) SI_UNIT ( $, .RADIAN. ) );
#1077 = UNCERTAINTY_MEASURE_WITH_UNIT (LENGTH_MEASURE( 1.000000000000000082E-05 ), #284, 'distance_accuracy_value', 'NONE');
#1078 = LINE ( 'NONE', #1205, #1202 ) ;
#1079 = DIRECTION ( 'NONE',  ( 0.000000000000000000, 0.000000000000000000, -1.000000000000000000 ) ) ;
#1080 =( LENGTH_UNIT ( ) NAMED_UNIT ( * ) SI_UNIT ( .MILLI., .METRE. ) );
#1081 = ORIENTED_EDGE ( 'NONE', *, *, #586, .T. ) ;
#1082 = DIRECTION ( 'NONE',  ( 1.000000000000000000, 8.686647350910403012E-17, 0.000000000000000000 ) ) ;
#1083 = EDGE_LOOP ( 'NONE', ( #1350, #1257, #1200, #1866 ) ) ;
#1084 = ADVANCED_FACE ( 'NONE', ( #198 ), #13, .T. ) ;
#1085 = ORIENTED_EDGE ( 'NONE', *, *, #1339, .F. ) ;
#1086 = MANIFOLD_SOLID_BREP ( 'Cut-Extrude3', #78 ) ;
#1087 =( GEOMETRIC_REPRESENTATION_CONTEXT ( 3 ) GLOBAL_UNCERTAINTY_ASSIGNED_CONTEXT ( ( #1253 ) ) GLOBAL_UNIT_ASSIGNED_CONTEXT ( ( #556, #1255, #807 ) ) REPRESENTATION_CONTEXT ( 'NONE', 'WORKASPACE' ) );
#1088 = CARTESIAN_POINT ( 'NONE',  ( -9.984999999999997655, 2.524999999999999467, 12.50000000000000000 ) ) ;
#1089 = CARTESIAN_POINT ( 'NONE',  ( -6.575000000000002842, 1.245000000000000329, -3.299999999999999822 ) ) ;
#1090 = AXIS2_PLACEMENT_3D ( 'NONE', #616, #1176, #2053 ) ;
#1091 = LINE ( 'NONE', #754, #1050 ) ;
#1092 = VECTOR ( 'NONE', #1343, 1000.000000000000000 ) ;
#1093 = FILL_AREA_STYLE_COLOUR ( '', #20 ) ;
#1094 = AXIS2_PLACEMENT_3D ( 'NONE', #526, #1240, #372 ) ;
#1095 = ORIENTED_EDGE ( 'NONE', *, *, #570, .T. ) ;
#1096 = AXIS2_PLACEMENT_3D ( 'NONE', #701, #884, #724 ) ;
#1097 = DIRECTION ( 'NONE',  ( -0.000000000000000000, -0.000000000000000000, -1.000000000000000000 ) ) ;
#1098 = DIRECTION ( 'NONE',  ( -0.000000000000000000, -0.000000000000000000, 1.000000000000000000 ) ) ;
#1099 = CARTESIAN_POINT ( 'NONE',  ( 9.984999999999997655, 8.673617379884035472E-16, 12.15000000000000036 ) ) ;
#1100 = SURFACE_STYLE_FILL_AREA ( #1489 ) ;
#1101 = ORIENTED_EDGE ( 'NONE', *, *, #115, .T. ) ;
#1102 =( NAMED_UNIT ( * ) SI_UNIT ( $, .STERADIAN. ) SOLID_ANGLE_UNIT ( ) );
#1103 = ORIENTED_EDGE ( 'NONE', *, *, #2083, .T. ) ;
#1104 =( NAMED_UNIT ( * ) SI_UNIT ( $, .STERADIAN. ) SOLID_ANGLE_UNIT ( ) );
#1105 = DIRECTION ( 'NONE',  ( -0.000000000000000000, -0.000000000000000000, 1.000000000000000000 ) ) ;
#1106 = SURFACE_STYLE_FILL_AREA ( #567 ) ;
#1107 = DIRECTION ( 'NONE',  ( -1.000000000000000000, -0.000000000000000000, -0.000000000000000000 ) ) ;
#1108 = DIRECTION ( 'NONE',  ( 0.000000000000000000, 0.000000000000000000, -1.000000000000000000 ) ) ;
#1109 = EDGE_CURVE ( 'NONE', #757, #1596, #1771, .T. ) ;
#1110 = FILL_AREA_STYLE_COLOUR ( '', #2071 ) ;
#1111 = SURFACE_SIDE_STYLE ('',( #771 ) ) ;
#1112 = ORIENTED_EDGE ( 'NONE', *, *, #1851, .T. ) ;
#1113 = PRESENTATION_STYLE_ASSIGNMENT (( #436 ) ) ;
#1114 = PRESENTATION_STYLE_ASSIGNMENT (( #1313 ) ) ;
#1115 = COLOUR_RGB ( '',0.2862745098039215508, 0.2862745098039215508, 0.2862745098039215508 ) ;
#1116 = AXIS2_PLACEMENT_3D ( 'NONE', #2242, #631, #455 ) ;
#1117 = SURFACE_SIDE_STYLE ('',( #2005 ) ) ;
#1118 = STYLED_ITEM ( 'NONE', ( #26 ), #1463 ) ;
#1119 = AXIS2_PLACEMENT_3D ( 'NONE', #2226, #1177, #1925 ) ;
#1120 = PRESENTATION_LAYER_ASSIGNMENT (  '', '', ( #2139 ) ) ;
#1121 = AXIS2_PLACEMENT_3D ( 'NONE', #866, #1958, #1927 ) ;
#1122 = DIRECTION ( 'NONE',  ( -1.000000000000000000, 0.000000000000000000, -0.000000000000000000 ) ) ;
#1123 = PRESENTATION_LAYER_ASSIGNMENT (  '', '', ( #1342 ) ) ;
#1124 = VECTOR ( 'NONE', #990, 1000.000000000000000 ) ;
#1125 = COLOUR_RGB ( '',0.8039215686274510109, 0.8039215686274510109, 0.8039215686274510109 ) ;
#1126 = CARTESIAN_POINT ( 'NONE',  ( -9.484999999999997655, -2.025000000000000799, 12.50000000000000000 ) ) ;
#1127 = COLOUR_RGB ( '',0.8039215686274510109, 0.8039215686274510109, 0.8039215686274510109 ) ;
#1128 = ORIENTED_EDGE ( 'NONE', *, *, #2179, .F. ) ;
#1129 = SURFACE_STYLE_FILL_AREA ( #1824 ) ;
#1130 = ORIENTED_EDGE ( 'NONE', *, *, #2301, .F. ) ;
#1131 = FACE_OUTER_BOUND ( 'NONE', #819, .T. ) ;
#1132 = LINE ( 'NONE', #2188, #1092 ) ;
#1133 = CARTESIAN_POINT ( 'NONE',  ( -5.774012443320954979, 2.524999999999982148, 0.000000000000000000 ) ) ;
#1134 =( NAMED_UNIT ( * ) PLANE_ANGLE_UNIT ( ) SI_UNIT ( $, .RADIAN. ) );
#1135 = EDGE_CURVE ( 'NONE', #2057, #2165, #508, .T. ) ;
#1136 = PRESENTATION_STYLE_ASSIGNMENT (( #2041 ) ) ;
#1137 =( LENGTH_UNIT ( ) NAMED_UNIT ( * ) SI_UNIT ( .MILLI., .METRE. ) );
#1138 = VERTEX_POINT ( 'NONE', #1787 ) ;
#1139 = SURFACE_STYLE_FILL_AREA ( #1323 ) ;
#1140 = CARTESIAN_POINT ( 'NONE',  ( -7.524012443320954979, -2.525000000000000355, 0.2500000000000000000 ) ) ;
#1141 = EDGE_CURVE ( 'NONE', #629, #2006, #270, .T. ) ;
#1142 = EDGE_CURVE ( 'NONE', #1631, #820, #1685, .T. ) ;
#1143 = EDGE_CURVE ( 'NONE', #672, #351, #2174, .T. ) ;
#1144 =( NAMED_UNIT ( * ) SI_UNIT ( $, .STERADIAN. ) SOLID_ANGLE_UNIT ( ) );
#1145 = FILL_AREA_STYLE_COLOUR ( '', #1810 ) ;
#1146 =( NAMED_UNIT ( * ) SI_UNIT ( $, .STERADIAN. ) SOLID_ANGLE_UNIT ( ) );
#1147 = ORIENTED_EDGE ( 'NONE', *, *, #403, .F. ) ;
#1148 = PLANE ( 'NONE',  #1657 ) ;
#1149 = VECTOR ( 'NONE', #1291, 1000.000000000000000 ) ;
#1150 = PRESENTATION_STYLE_ASSIGNMENT (( #2259 ) ) ;
#1151 = VECTOR ( 'NONE', #830, 1000.000000000000000 ) ;
#1152 = COLOUR_RGB ( '',0.8039215686274510109, 0.8039215686274510109, 0.8039215686274510109 ) ;
#1153 = AXIS2_PLACEMENT_3D ( 'NONE', #603, #922, #18 ) ;
#1154 = CIRCLE ( 'NONE', #1457, 0.2000000000000005107 ) ;
#1155 = LINE ( 'NONE', #1687, #1419 ) ;
#1156 = UNCERTAINTY_MEASURE_WITH_UNIT (LENGTH_MEASURE( 1.000000000000000082E-05 ), #376, 'distance_accuracy_value', 'NONE');
#1157 = DIRECTION ( 'NONE',  ( -1.000000000000000000, 0.000000000000000000, -0.000000000000000000 ) ) ;
#1158 = DIRECTION ( 'NONE',  ( 0.000000000000000000, 0.000000000000000000, -1.000000000000000000 ) ) ;
#1159 = MECHANICAL_DESIGN_GEOMETRIC_PRESENTATION_REPRESENTATION (  '', ( #1724 ), #365 ) ;
#1161 = ORIENTED_EDGE ( 'NONE', *, *, #1809, .T. ) ;
#1160 =( GEOMETRIC_REPRESENTATION_CONTEXT ( 3 ) GLOBAL_UNCERTAINTY_ASSIGNED_CONTEXT ( ( #753 ) ) GLOBAL_UNIT_ASSIGNED_CONTEXT ( ( #1916, #2282, #2088 ) ) REPRESENTATION_CONTEXT ( 'NONE', 'WORKASPACE' ) );
#1162 = AXIS2_PLACEMENT_3D ( 'NONE', #212, #37, #774 ) ;
#1163 = CARTESIAN_POINT ( 'NONE',  ( -5.024012443320954091, -2.525000000000016787, 0.000000000000000000 ) ) ;
#1164 =( NAMED_UNIT ( * ) SI_UNIT ( $, .STERADIAN. ) SOLID_ANGLE_UNIT ( ) );
#1165 = ORIENTED_EDGE ( 'NONE', *, *, #1369, .F. ) ;
#1166 = CARTESIAN_POINT ( 'NONE',  ( 0.6449999999999969091, 1.344999999999999973, 0.2500000000000000000 ) ) ;
#1167 = SURFACE_SIDE_STYLE ('',( #2024 ) ) ;
#1168 = ADVANCED_FACE ( 'NONE', ( #2129 ), #138, .F. ) ;
#1169 = CARTESIAN_POINT ( 'NONE',  ( -8.821775633615938972, 0.9999999999999983347, 12.50000000000000000 ) ) ;
#1170 = DIRECTION ( 'NONE',  ( -1.000000000000000000, 0.000000000000000000, -0.000000000000000000 ) ) ;
#1171 = VERTEX_POINT ( 'NONE', #2136 ) ;
#1172 = FILL_AREA_STYLE ('',( #294 ) ) ;
#1173 = CARTESIAN_POINT ( 'NONE',  ( -6.375000000000001776, 1.245000000000000329, 0.2500000000000000000 ) ) ;
#1174 = DIRECTION ( 'NONE',  ( -1.000000000000000000, -2.171661837727600753E-17, -0.000000000000000000 ) ) ;
#1175 = SURFACE_STYLE_FILL_AREA ( #1701 ) ;
#1176 = DIRECTION ( 'NONE',  ( 0.000000000000000000, 0.000000000000000000, -1.000000000000000000 ) ) ;
#1177 = DIRECTION ( 'NONE',  ( 0.000000000000000000, 0.000000000000000000, -1.000000000000000000 ) ) ;
#1178 =( LENGTH_UNIT ( ) NAMED_UNIT ( * ) SI_UNIT ( .MILLI., .METRE. ) );
#1179 = PLANE ( 'NONE',  #1090 ) ;
#1180 = ORIENTED_EDGE ( 'NONE', *, *, #1672, .F. ) ;
#1181 = LINE ( 'NONE', #1000, #1194 ) ;
#1182 = FACE_OUTER_BOUND ( 'NONE', #1336, .T. ) ;
#1183 =( NAMED_UNIT ( * ) PLANE_ANGLE_UNIT ( ) SI_UNIT ( $, .RADIAN. ) );
#1184 = VERTEX_POINT ( 'NONE', #534 ) ;
#1185 = EDGE_CURVE ( 'NONE', #2229, #49, #30, .T. ) ;
#1186 = CARTESIAN_POINT ( 'NONE',  ( -5.774012443320954979, -2.525000000000016342, 0.000000000000000000 ) ) ;
#1187 = AXIS2_PLACEMENT_3D ( 'NONE', #779, #185, #576 ) ;
#1188 = STYLED_ITEM ( 'NONE', ( #1565 ), #1357 ) ;
#1189 = DIRECTION ( 'NONE',  ( -1.000000000000000000, -2.171661837727600753E-17, -0.000000000000000000 ) ) ;
#1190 =( GEOMETRIC_REPRESENTATION_CONTEXT ( 3 ) GLOBAL_UNCERTAINTY_ASSIGNED_CONTEXT ( ( #490 ) ) GLOBAL_UNIT_ASSIGNED_CONTEXT ( ( #16, #2164, #1275 ) ) REPRESENTATION_CONTEXT ( 'NONE', 'WORKASPACE' ) );
#1191 = CIRCLE ( 'NONE', #572, 0.2000000000000005107 ) ;
#1192 = FACE_OUTER_BOUND ( 'NONE', #1372, .T. ) ;
#1193 = STYLED_ITEM ( 'NONE', ( #1699 ), #1549 ) ;
#1194 = VECTOR ( 'NONE', #1524, 1000.000000000000000 ) ;
#1195 =( GEOMETRIC_REPRESENTATION_CONTEXT ( 3 ) GLOBAL_UNCERTAINTY_ASSIGNED_CONTEXT ( ( #1156 ) ) GLOBAL_UNIT_ASSIGNED_CONTEXT ( ( #376, #2327, #2110 ) ) REPRESENTATION_CONTEXT ( 'NONE', 'WORKASPACE' ) );
#1196 = ORIENTED_EDGE ( 'NONE', *, *, #1469, .F. ) ;
#1197 = AXIS2_PLACEMENT_3D ( 'NONE', #2262, #1924, #665 ) ;
#1198 = FACE_OUTER_BOUND ( 'NONE', #2240, .T. ) ;
#1199 = FILL_AREA_STYLE_COLOUR ( '', #1959 ) ;
#1200 = ORIENTED_EDGE ( 'NONE', *, *, #1369, .T. ) ;
#1201 = DIRECTION ( 'NONE',  ( 0.000000000000000000, -1.000000000000000000, 0.000000000000000000 ) ) ;
#1202 = VECTOR ( 'NONE', #1238, 1000.000000000000000 ) ;
#1203 = CARTESIAN_POINT ( 'NONE',  ( 4.225987556679045021, 2.524999999999912426, 0.000000000000000000 ) ) ;
#1204 = ORIENTED_EDGE ( 'NONE', *, *, #407, .F. ) ;
#1205 = CARTESIAN_POINT ( 'NONE',  ( -9.984999999999997655, -2.525000000000000355, 12.50000000000000000 ) ) ;
#1206 = FACE_OUTER_BOUND ( 'NONE', #2217, .T. ) ;
#1207 = SURFACE_SIDE_STYLE ('',( #514 ) ) ;
#1208 = FILL_AREA_STYLE ('',( #1963 ) ) ;
#1209 = ORIENTED_EDGE ( 'NONE', *, *, #4, .F. ) ;
#1210 = ORIENTED_EDGE ( 'NONE', *, *, #1672, .T. ) ;
#1211 = CARTESIAN_POINT ( 'NONE',  ( 9.064999999999995950, 1.114999999999999991, -3.299999999999999822 ) ) ;
#1212 = DIRECTION ( 'NONE',  ( -1.000000000000000000, -2.710505431213761578E-16, -0.000000000000000000 ) ) ;
#1213 = CARTESIAN_POINT ( 'NONE',  ( 9.064999999999995950, 1.114999999999999991, -3.299999999999999822 ) ) ;
#1214 = VERTEX_POINT ( 'NONE', #738 ) ;
#1215 = SURFACE_SIDE_STYLE ('',( #370 ) ) ;
#1216 = PRESENTATION_STYLE_ASSIGNMENT (( #161 ) ) ;
#1217 = FILL_AREA_STYLE_COLOUR ( '', #1497 ) ;
#1218 = FILL_AREA_STYLE ('',( #531 ) ) ;
#1219 = ORIENTED_EDGE ( 'NONE', *, *, #913, .T. ) ;
#1220 = LINE ( 'NONE', #179, #1955 ) ;
#1221 = PRESENTATION_STYLE_ASSIGNMENT (( #180 ) ) ;
#1222 = STYLED_ITEM ( 'NONE', ( #979 ), #1628 ) ;
#1223 = ORIENTED_EDGE ( 'NONE', *, *, #371, .T. ) ;
#1224 = DIRECTION ( 'NONE',  ( -0.000000000000000000, -1.000000000000000000, -0.000000000000000000 ) ) ;
#1225 = FACE_OUTER_BOUND ( 'NONE', #1552, .T. ) ;
#1226 = CARTESIAN_POINT ( 'NONE',  ( -6.575000000000002842, 1.245000000000000329, -3.299999999999999822 ) ) ;
#1227 = MECHANICAL_DESIGN_GEOMETRIC_PRESENTATION_REPRESENTATION (  '', ( #2328 ), #1951 ) ;
#1228 = MECHANICAL_DESIGN_GEOMETRIC_PRESENTATION_REPRESENTATION (  '', ( #1623 ), #635 ) ;
#1229 = VECTOR ( 'NONE', #1531, 1000.000000000000000 ) ;
#1230 = SURFACE_STYLE_FILL_AREA ( #1404 ) ;
#1231 = VECTOR ( 'NONE', #1663, 1000.000000000000000 ) ;
#1232 = SURFACE_STYLE_FILL_AREA ( #521 ) ;
#1233 = DIRECTION ( 'NONE',  ( -1.000000000000000000, 0.000000000000000000, -0.000000000000000000 ) ) ;
#1234 = CARTESIAN_POINT ( 'NONE',  ( 9.984999999999997655, -2.524999999999998579, 12.50000000000000000 ) ) ;
#1235 = COLOUR_RGB ( '',0.8039215686274510109, 0.8039215686274510109, 0.8039215686274510109 ) ;
#1236 = CIRCLE ( 'NONE', #228, 0.2000000000000005107 ) ;
#1237 = VERTEX_POINT ( 'NONE', #1461 ) ;
#1238 = DIRECTION ( 'NONE',  ( 1.000000000000000000, 8.686647350910403012E-17, 0.000000000000000000 ) ) ;
#1239 = DIRECTION ( 'NONE',  ( -8.686647350910403012E-17, 1.000000000000000000, 0.000000000000000000 ) ) ;
#1240 = DIRECTION ( 'NONE',  ( -0.000000000000000000, -0.000000000000000000, 1.000000000000000000 ) ) ;
#1241 = DIRECTION ( 'NONE',  ( -0.000000000000000000, 0.000000000000000000, 1.000000000000000000 ) ) ;
#1242 = VERTEX_POINT ( 'NONE', #747 ) ;
#1243 = ORIENTED_EDGE ( 'NONE', *, *, #1075, .T. ) ;
#1244 = PRESENTATION_STYLE_ASSIGNMENT (( #2143 ) ) ;
#1245 = CARTESIAN_POINT ( 'NONE',  ( 8.264999999999997016, 1.114999999999999991, 0.2500000000000000000 ) ) ;
#1246 = SURFACE_SIDE_STYLE ('',( #1409 ) ) ;
#1247 = ORIENTED_EDGE ( 'NONE', *, *, #1752, .T. ) ;
#1248 = FILL_AREA_STYLE_COLOUR ( '', #1584 ) ;
#1249 =( NAMED_UNIT ( * ) PLANE_ANGLE_UNIT ( ) SI_UNIT ( $, .RADIAN. ) );
#1250 = LINE ( 'NONE', #1829, #265 ) ;
#1251 = SURFACE_STYLE_USAGE ( .BOTH. , #551 ) ;
#1252 = PRESENTATION_STYLE_ASSIGNMENT (( #898 ) ) ;
#1253 = UNCERTAINTY_MEASURE_WITH_UNIT (LENGTH_MEASURE( 1.000000000000000082E-05 ), #556, 'distance_accuracy_value', 'NONE');
#1254 = LINE ( 'NONE', #717, #975 ) ;
#1255 =( NAMED_UNIT ( * ) PLANE_ANGLE_UNIT ( ) SI_UNIT ( $, .RADIAN. ) );
#1256 = DIRECTION ( 'NONE',  ( -0.000000000000000000, -0.000000000000000000, -1.000000000000000000 ) ) ;
#1257 = ORIENTED_EDGE ( 'NONE', *, *, #2236, .F. ) ;
#1258 = ADVANCED_FACE ( 'NONE', ( #2018 ), #1815, .T. ) ;
#1259 = SURFACE_STYLE_FILL_AREA ( #547 ) ;
#1260 = PRESENTATION_STYLE_ASSIGNMENT (( #561 ) ) ;
#1261 = EDGE_LOOP ( 'NONE', ( #851, #1379, #2133, #374 ) ) ;
#1262 = EDGE_CURVE ( 'NONE', #568, #1537, #1638, .T. ) ;
#1263 = ORIENTED_EDGE ( 'NONE', *, *, #1364, .T. ) ;
#1264 = VECTOR ( 'NONE', #963, 1000.000000000000000 ) ;
#1265 = PRESENTATION_STYLE_ASSIGNMENT (( #2189 ) ) ;
#1266 = EDGE_CURVE ( 'NONE', #1679, #393, #222, .T. ) ;
#1267 = CIRCLE ( 'NONE', #864, 0.2000000000000005107 ) ;
#1268 = CARTESIAN_POINT ( 'NONE',  ( -9.984999999999997655, -2.525000000000000355, 0.2500000000000000000 ) ) ;
#1269 = CARTESIAN_POINT ( 'NONE',  ( 9.064999999999995950, 1.114999999999999991, -3.299999999999999822 ) ) ;
#1270 = STYLED_ITEM ( 'NONE', ( #1988 ), #1514 ) ;
#1271 = STYLED_ITEM ( 'NONE', ( #986 ), #633 ) ;
#1272 = ORIENTED_EDGE ( 'NONE', *, *, #1785, .F. ) ;
#1273 = ORIENTED_EDGE ( 'NONE', *, *, #1262, .F. ) ;
#1274 = PRESENTATION_LAYER_ASSIGNMENT (  '', '', ( #2073 ) ) ;
#1275 =( NAMED_UNIT ( * ) SI_UNIT ( $, .STERADIAN. ) SOLID_ANGLE_UNIT ( ) );
#1276 = ORIENTED_EDGE ( 'NONE', *, *, #969, .F. ) ;
#1277 = UNCERTAINTY_MEASURE_WITH_UNIT (LENGTH_MEASURE( 1.000000000000000082E-05 ), #1080, 'distance_accuracy_value', 'NONE');
#1278 = ADVANCED_FACE ( 'NONE', ( #1653 ), #423, .T. ) ;
#1279 = CARTESIAN_POINT ( 'NONE',  ( 0.000000000000000000, 0.000000000000000000, 0.000000000000000000 ) ) ;
#1280 = VERTEX_POINT ( 'NONE', #1173 ) ;
#1281 = LINE ( 'NONE', #740, #396 ) ;
#1282 =( NAMED_UNIT ( * ) SI_UNIT ( $, .STERADIAN. ) SOLID_ANGLE_UNIT ( ) );
#1283 = PRESENTATION_STYLE_ASSIGNMENT (( #387 ) ) ;
#1284 = EDGE_CURVE ( 'NONE', #248, #1601, #1698, .T. ) ;
#1285 = CARTESIAN_POINT ( 'NONE',  ( -8.915000000000002700, 1.245000000000018092, -3.299999999999999822 ) ) ;
#1286 = FACE_OUTER_BOUND ( 'NONE', #788, .T. ) ;
#1287 = VERTEX_POINT ( 'NONE', #822 ) ;
#1288 = VERTEX_POINT ( 'NONE', #2069 ) ;
#1289 = PRESENTATION_STYLE_ASSIGNMENT (( #446 ) ) ;
#1290 = ORIENTED_EDGE ( 'NONE', *, *, #623, .T. ) ;
#1291 = DIRECTION ( 'NONE',  ( -1.000000000000000000, -2.710505431213761578E-16, -0.000000000000000000 ) ) ;
#1292 = UNCERTAINTY_MEASURE_WITH_UNIT (LENGTH_MEASURE( 1.000000000000000082E-05 ), #1891, 'distance_accuracy_value', 'NONE');
#1293 = FILL_AREA_STYLE ('',( #941 ) ) ;
#1294 =( NAMED_UNIT ( * ) PLANE_ANGLE_UNIT ( ) SI_UNIT ( $, .RADIAN. ) );
#1295 = FILL_AREA_STYLE ('',( #593 ) ) ;
#1296 = FILL_AREA_STYLE_COLOUR ( '', #1624 ) ;
#1297 = FACE_OUTER_BOUND ( 'NONE', #1733, .T. ) ;
#1298 =( NAMED_UNIT ( * ) PLANE_ANGLE_UNIT ( ) SI_UNIT ( $, .RADIAN. ) );
#1299 = AXIS2_PLACEMENT_3D ( 'NONE', #1510, #598, #438 ) ;
#1300 = MECHANICAL_DESIGN_GEOMETRIC_PRESENTATION_REPRESENTATION (  '', ( #1006 ), #1493 ) ;
#1301 =( GEOMETRIC_REPRESENTATION_CONTEXT ( 3 ) GLOBAL_UNCERTAINTY_ASSIGNED_CONTEXT ( ( #363 ) ) GLOBAL_UNIT_ASSIGNED_CONTEXT ( ( #768, #1420, #1144 ) ) REPRESENTATION_CONTEXT ( 'NONE', 'WORKASPACE' ) );
#1302 = VECTOR ( 'NONE', #1435, 1000.000000000000000 ) ;
#1303 = VECTOR ( 'NONE', #1189, 1000.000000000000000 ) ;
#1304 = PRESENTATION_LAYER_ASSIGNMENT (  '', '', ( #2023 ) ) ;
#1305 = EDGE_CURVE ( 'NONE', #1634, #1312, #647, .T. ) ;
#1306 = AXIS2_PLACEMENT_3D ( 'NONE', #741, #1450, #1981 ) ;
#1307 = VECTOR ( 'NONE', #596, 1000.000000000000000 ) ;
#1308 = CARTESIAN_POINT ( 'NONE',  ( 0.6449999999999969091, 1.344999999999999973, -3.299999999999999822 ) ) ;
#1309 = MECHANICAL_DESIGN_GEOMETRIC_PRESENTATION_REPRESENTATION (  '', ( #197 ), #912 ) ;
#1310 = CARTESIAN_POINT ( 'NONE',  ( 9.984999999999997655, 0.4999999999999998890, 12.15000000000000036 ) ) ;
#1311 = FACE_OUTER_BOUND ( 'NONE', #1812, .T. ) ;
#1312 = VERTEX_POINT ( 'NONE', #2047 ) ;
#1313 = SURFACE_STYLE_USAGE ( .BOTH. , #422 ) ;
#1314 = DIRECTION ( 'NONE',  ( -1.000000000000000000, -4.336808689942013792E-16, 0.000000000000000000 ) ) ;
#1315 =( LENGTH_UNIT ( ) NAMED_UNIT ( * ) SI_UNIT ( .MILLI., .METRE. ) );
#1316 = DIRECTION ( 'NONE',  ( -1.000000000000000000, 0.000000000000000000, -0.000000000000000000 ) ) ;
#1317 = DIRECTION ( 'NONE',  ( -0.000000000000000000, -0.000000000000000000, 1.000000000000000000 ) ) ;
#1318 =( NAMED_UNIT ( * ) PLANE_ANGLE_UNIT ( ) SI_UNIT ( $, .RADIAN. ) );
#1319 = SURFACE_SIDE_STYLE ('',( #2228 ) ) ;
#1320 = EDGE_LOOP ( 'NONE', ( #1750, #2295, #1085, #1494 ) ) ;
#1321 = CARTESIAN_POINT ( 'NONE',  ( -9.984999999999997655, -2.525000000000000355, 0.2500000000000000000 ) ) ;
#1322 = FACE_OUTER_BOUND ( 'NONE', #2055, .T. ) ;
#1323 = FILL_AREA_STYLE ('',( #621 ) ) ;
#1324 = CARTESIAN_POINT ( 'NONE',  ( 8.264999999999997016, 1.114999999999999991, -3.299999999999999822 ) ) ;
#1325 = VERTEX_POINT ( 'NONE', #1903 ) ;
#1326 =( NAMED_UNIT ( * ) SI_UNIT ( $, .STERADIAN. ) SOLID_ANGLE_UNIT ( ) );
#1327 = ORIENTED_EDGE ( 'NONE', *, *, #543, .T. ) ;
#1328 = SURFACE_STYLE_FILL_AREA ( #2021 ) ;
#1329 = AXIS2_PLACEMENT_3D ( 'NONE', #1455, #2183, #417 ) ;
#1330 = DIRECTION ( 'NONE',  ( 0.000000000000000000, 0.000000000000000000, -1.000000000000000000 ) ) ;
#1331 = ORIENTED_EDGE ( 'NONE', *, *, #379, .T. ) ;
#1332 = PLANE ( 'NONE',  #606 ) ;
#1333 = DIRECTION ( 'NONE',  ( -1.000000000000000000, 0.000000000000000000, 0.000000000000000000 ) ) ;
#1334 = STYLED_ITEM ( 'NONE', ( #733 ), #1392 ) ;
#1335 = FACE_OUTER_BOUND ( 'NONE', #149, .T. ) ;
#1336 = EDGE_LOOP ( 'NONE', ( #1161, #843, #857, #844 ) ) ;
#1337 =( GEOMETRIC_REPRESENTATION_CONTEXT ( 3 ) GLOBAL_UNCERTAINTY_ASSIGNED_CONTEXT ( ( #1077 ) ) GLOBAL_UNIT_ASSIGNED_CONTEXT ( ( #284, #2207, #613 ) ) REPRESENTATION_CONTEXT ( 'NONE', 'WORKASPACE' ) );
#1338 = DIRECTION ( 'NONE',  ( 1.000000000000000000, 0.000000000000000000, 0.000000000000000000 ) ) ;
#1339 = EDGE_CURVE ( 'NONE', #2057, #1577, #296, .T. ) ;
#1340 = COLOUR_RGB ( '',0.8039215686274510109, 0.8039215686274510109, 0.8039215686274510109 ) ;
#1341 = COLOUR_RGB ( '',0.8039215686274510109, 0.8039215686274510109, 0.8039215686274510109 ) ;
#1342 = STYLED_ITEM ( 'NONE', ( #1773 ), #1907 ) ;
#1343 = DIRECTION ( 'NONE',  ( 0.000000000000000000, 1.000000000000000000, 0.000000000000000000 ) ) ;
#1344 = FILL_AREA_STYLE ('',( #1145 ) ) ;
#1345 = UNCERTAINTY_MEASURE_WITH_UNIT (LENGTH_MEASURE( 1.000000000000000082E-05 ), #255, 'distance_accuracy_value', 'NONE');
#1346 = LINE ( 'NONE', #2078, #1151 ) ;
#1347 = COLOUR_RGB ( '',0.9607843137254902244, 0.9607843137254902244, 0.9607843137254902244 ) ;
#1348 = EDGE_CURVE ( 'NONE', #1814, #1237, #2258, .T. ) ;
#1349 = DIRECTION ( 'NONE',  ( -1.000000000000000000, 0.000000000000000000, -0.000000000000000000 ) ) ;
#1350 = ORIENTED_EDGE ( 'NONE', *, *, #1499, .F. ) ;
#1351 = CARTESIAN_POINT ( 'NONE',  ( -9.484999999999997655, -2.025000000000000799, 12.50000000000000000 ) ) ;
#1352 = SURFACE_STYLE_FILL_AREA ( #811 ) ;
#1353 = ORIENTED_EDGE ( 'NONE', *, *, #829, .F. ) ;
#1354 = ADVANCED_FACE ( 'NONE', ( #801 ), #1511, .T. ) ;
#1355 = ORIENTED_EDGE ( 'NONE', *, *, #1785, .T. ) ;
#1356 =( GEOMETRIC_REPRESENTATION_CONTEXT ( 3 ) GLOBAL_UNCERTAINTY_ASSIGNED_CONTEXT ( ( #1970 ) ) GLOBAL_UNIT_ASSIGNED_CONTEXT ( ( #2225, #429, #1529 ) ) REPRESENTATION_CONTEXT ( 'NONE', 'WORKASPACE' ) );
#1357 = ADVANCED_FACE ( 'NONE', ( #1390 ), #2324, .F. ) ;
#1358 =( LENGTH_UNIT ( ) NAMED_UNIT ( * ) SI_UNIT ( .MILLI., .METRE. ) );
#1359 = VERTEX_POINT ( 'NONE', #1985 ) ;
#1360 = CARTESIAN_POINT ( 'NONE',  ( -9.984999999999997655, 2.524999999999999467, 12.50000000000000000 ) ) ;
#1361 = SURFACE_STYLE_USAGE ( .BOTH. , #1902 ) ;
#1362 = DIRECTION ( 'NONE',  ( -0.000000000000000000, 1.000000000000000000, -0.000000000000000000 ) ) ;
#1363 = DIRECTION ( 'NONE',  ( 1.000000000000000000, 0.000000000000000000, 0.000000000000000000 ) ) ;
#1364 = EDGE_CURVE ( 'NONE', #1507, #464, #410, .T. ) ;
#1365 =( LENGTH_UNIT ( ) NAMED_UNIT ( * ) SI_UNIT ( .MILLI., .METRE. ) );
#1366 = EDGE_CURVE ( 'NONE', #2159, #1912, #1091, .T. ) ;
#1367 = LINE ( 'NONE', #2099, #1586 ) ;
#1368 = PRESENTATION_STYLE_ASSIGNMENT (( #654 ) ) ;
#1369 = EDGE_CURVE ( 'NONE', #153, #2229, #2182, .T. ) ;
#1370 = CARTESIAN_POINT ( 'NONE',  ( -8.274012443320955867, 2.524999999999999467, 0.000000000000000000 ) ) ;
#1371 = CARTESIAN_POINT ( 'NONE',  ( 8.264999999999997016, 1.375000000000000000, -3.299999999999999822 ) ) ;
#1372 = EDGE_LOOP ( 'NONE', ( #1355, #2268, #1071, #1410 ) ) ;
#1373 = EDGE_CURVE ( 'NONE', #1882, #1679, #902, .T. ) ;
#1374 = ORIENTED_EDGE ( 'NONE', *, *, #1348, .F. ) ;
#1375 = EDGE_CURVE ( 'NONE', #1003, #412, #1999, .T. ) ;
#1376 =( LENGTH_UNIT ( ) NAMED_UNIT ( * ) SI_UNIT ( .MILLI., .METRE. ) );
#1377 = LINE ( 'NONE', #2098, #791 ) ;
#1378 = CIRCLE ( 'NONE', #225, 0.2999999999999999334 ) ;
#1379 = ORIENTED_EDGE ( 'NONE', *, *, #1918, .F. ) ;
#1380 = LINE ( 'NONE', #714, #1048 ) ;
#1381 = VECTOR ( 'NONE', #1968, 1000.000000000000000 ) ;
#1382 = MECHANICAL_DESIGN_GEOMETRIC_PRESENTATION_REPRESENTATION (  '', ( #1538 ), #1337 ) ;
#1383 = LINE ( 'NONE', #1203, #1718 ) ;
#1384 = VECTOR ( 'NONE', #1835, 1000.000000000000000 ) ;
#1385 = AXIS2_PLACEMENT_3D ( 'NONE', #1425, #1239, #555 ) ;
#1386 = STYLED_ITEM ( 'NONE', ( #385 ), #1168 ) ;
#1387 = ORIENTED_EDGE ( 'NONE', *, *, #4, .T. ) ;
#1388 = SURFACE_SIDE_STYLE ('',( #680 ) ) ;
#1389 = MECHANICAL_DESIGN_GEOMETRIC_PRESENTATION_REPRESENTATION (  '', ( #1998 ), #1686 ) ;
#1390 = FACE_OUTER_BOUND ( 'NONE', #290, .T. ) ;
#1391 = FILL_AREA_STYLE ('',( #1217 ) ) ;
#1392 = ADVANCED_FACE ( 'NONE', ( #416 ), #916, .F. ) ;
#1393 = EDGE_CURVE ( 'NONE', #672, #1729, #2081, .T. ) ;
#1394 = CIRCLE ( 'NONE', #440, 0.2999999999999999334 ) ;
#1395 = UNCERTAINTY_MEASURE_WITH_UNIT (LENGTH_MEASURE( 1.000000000000000082E-05 ), #1046, 'distance_accuracy_value', 'NONE');
#1396 = DIRECTION ( 'NONE',  ( 0.000000000000000000, 0.000000000000000000, -1.000000000000000000 ) ) ;
#1397 = ORIENTED_EDGE ( 'NONE', *, *, #787, .T. ) ;
#1398 = DIRECTION ( 'NONE',  ( 0.000000000000000000, 1.000000000000000000, 0.000000000000000000 ) ) ;
#1399 = ORIENTED_EDGE ( 'NONE', *, *, #559, .T. ) ;
#1400 = LINE ( 'NONE', #1742, #71 ) ;
#1401 = CARTESIAN_POINT ( 'NONE',  ( -9.484999999999997655, -2.025000000000000799, 12.50000000000000000 ) ) ;
#1402 = LINE ( 'NONE', #674, #25 ) ;
#1403 = EDGE_CURVE ( 'NONE', #947, #1242, #253, .T. ) ;
#1404 = FILL_AREA_STYLE ('',( #140 ) ) ;
#1405 = EDGE_CURVE ( 'NONE', #1987, #906, #1378, .T. ) ;
#1406 = PLANE ( 'NONE',  #1306 ) ;
#1407 = ORIENTED_EDGE ( 'NONE', *, *, #2224, .F. ) ;
#1408 =( LENGTH_UNIT ( ) NAMED_UNIT ( * ) SI_UNIT ( .MILLI., .METRE. ) );
#1409 = SURFACE_STYLE_FILL_AREA ( #1391 ) ;
#1410 = ORIENTED_EDGE ( 'NONE', *, *, #1727, .T. ) ;
#1411 = CARTESIAN_POINT ( 'NONE',  ( -8.984999999999997655, -2.525000000000000355, 12.50000000000000000 ) ) ;
#1412 = ORIENTED_EDGE ( 'NONE', *, *, #344, .T. ) ;
#1413 = CARTESIAN_POINT ( 'NONE',  ( -9.315000000000003055, 1.245000000000018092, -3.299999999999999822 ) ) ;
#1414 = ORIENTED_EDGE ( 'NONE', *, *, #1143, .F. ) ;
#1415 = CARTESIAN_POINT ( 'NONE',  ( -9.984999999999997655, 2.524999999999999467, 12.50000000000000000 ) ) ;
#1416 = PRESENTATION_STYLE_ASSIGNMENT (( #715 ) ) ;
#1417 = PRESENTATION_LAYER_ASSIGNMENT (  '', '', ( #104 ) ) ;
#1418 = VECTOR ( 'NONE', #1362, 1000.000000000000000 ) ;
#1419 = VECTOR ( 'NONE', #1885, 1000.000000000000000 ) ;
#1420 =( NAMED_UNIT ( * ) PLANE_ANGLE_UNIT ( ) SI_UNIT ( $, .RADIAN. ) );
#1421 =( LENGTH_UNIT ( ) NAMED_UNIT ( * ) SI_UNIT ( .MILLI., .METRE. ) );
#1422 = UNCERTAINTY_MEASURE_WITH_UNIT (LENGTH_MEASURE( 1.000000000000000082E-05 ), #220, 'distance_accuracy_value', 'NONE');
#1423 = MECHANICAL_DESIGN_GEOMETRIC_PRESENTATION_REPRESENTATION (  '', ( #227 ), #1190 ) ;
#1424 =( GEOMETRIC_REPRESENTATION_CONTEXT ( 3 ) GLOBAL_UNCERTAINTY_ASSIGNED_CONTEXT ( ( #914 ) ) GLOBAL_UNIT_ASSIGNED_CONTEXT ( ( #889, #541, #1104 ) ) REPRESENTATION_CONTEXT ( 'NONE', 'WORKASPACE' ) );
#1425 = CARTESIAN_POINT ( 'NONE',  ( -9.984999999999997655, -2.525000000000000355, 12.50000000000000000 ) ) ;
#1426 = MECHANICAL_DESIGN_GEOMETRIC_PRESENTATION_REPRESENTATION (  '', ( #1954 ), #940 ) ;
#1427 = CARTESIAN_POINT ( 'NONE',  ( 4.975987556679045909, 2.524999999999912870, 0.000000000000000000 ) ) ;
#1428 = ORIENTED_EDGE ( 'NONE', *, *, #215, .F. ) ;
#1429 = FACE_OUTER_BOUND ( 'NONE', #1704, .T. ) ;
#1430 = FILL_AREA_STYLE ('',( #1248 ) ) ;
#1431 = ORIENTED_EDGE ( 'NONE', *, *, #1305, .T. ) ;
#1432 =( GEOMETRIC_REPRESENTATION_CONTEXT ( 3 ) GLOBAL_UNCERTAINTY_ASSIGNED_CONTEXT ( ( #1466 ) ) GLOBAL_UNIT_ASSIGNED_CONTEXT ( ( #2169, #1294, #196 ) ) REPRESENTATION_CONTEXT ( 'NONE', 'WORKASPACE' ) );
#1433 = CARTESIAN_POINT ( 'NONE',  ( 0.6449999999999969091, 1.344999999999999973, 0.2500000000000000000 ) ) ;
#1434 = ADVANCED_FACE ( 'NONE', ( #1504 ), #835, .T. ) ;
#1435 = DIRECTION ( 'NONE',  ( -0.000000000000000000, -0.000000000000000000, 1.000000000000000000 ) ) ;
#1436 = DIRECTION ( 'NONE',  ( -1.000000000000000000, 0.000000000000000000, 0.000000000000000000 ) ) ;
#1437 = ADVANCED_FACE ( 'NONE', ( #1025 ), #2274, .F. ) ;
#1438 =( LENGTH_UNIT ( ) NAMED_UNIT ( * ) SI_UNIT ( .MILLI., .METRE. ) );
#1439 = ORIENTED_EDGE ( 'NONE', *, *, #656, .F. ) ;
#1440 = ADVANCED_FACE ( 'NONE', ( #1192 ), #1777, .T. ) ;
#1441 = DIRECTION ( 'NONE',  ( 0.000000000000000000, 0.000000000000000000, -1.000000000000000000 ) ) ;
#1442 =( LENGTH_UNIT ( ) NAMED_UNIT ( * ) SI_UNIT ( .MILLI., .METRE. ) );
#1443 = UNCERTAINTY_MEASURE_WITH_UNIT (LENGTH_MEASURE( 1.000000000000000082E-05 ), #2223, 'distance_accuracy_value', 'NONE');
#1444 = FILL_AREA_STYLE ('',( #1997 ) ) ;
#1445 = FILL_AREA_STYLE ('',( #32 ) ) ;
#1446 = CARTESIAN_POINT ( 'NONE',  ( -8.821775633615938972, 0.9999999999999983347, 12.49000000000000199 ) ) ;
#1447 = SURFACE_SIDE_STYLE ('',( #14 ) ) ;
#1448 = ORIENTED_EDGE ( 'NONE', *, *, #962, .T. ) ;
#1449 = SURFACE_STYLE_FILL_AREA ( #1806 ) ;
#1450 = DIRECTION ( 'NONE',  ( -0.000000000000000000, 1.000000000000000000, 0.000000000000000000 ) ) ;
#1451 = SURFACE_SIDE_STYLE ('',( #1470 ) ) ;
#1452 = DIRECTION ( 'NONE',  ( 0.000000000000000000, 0.000000000000000000, 1.000000000000000000 ) ) ;
#1453 =( GEOMETRIC_REPRESENTATION_CONTEXT ( 3 ) GLOBAL_UNCERTAINTY_ASSIGNED_CONTEXT ( ( #1850 ) ) GLOBAL_UNIT_ASSIGNED_CONTEXT ( ( #364, #885, #705 ) ) REPRESENTATION_CONTEXT ( 'NONE', 'WORKASPACE' ) );
#1454 =( GEOMETRIC_REPRESENTATION_CONTEXT ( 3 ) GLOBAL_UNCERTAINTY_ASSIGNED_CONTEXT ( ( #181 ) ) GLOBAL_UNIT_ASSIGNED_CONTEXT ( ( #1811, #10, #1282 ) ) REPRESENTATION_CONTEXT ( 'NONE', 'WORKASPACE' ) );
#1455 = CARTESIAN_POINT ( 'NONE',  ( 9.984999999999997655, -2.524999999999998579, 12.50000000000000000 ) ) ;
#1456 = EDGE_LOOP ( 'NONE', ( #1479, #764 ) ) ;
#1457 = AXIS2_PLACEMENT_3D ( 'NONE', #1775, #1396, #331 ) ;
#1458 = CARTESIAN_POINT ( 'NONE',  ( 1.444999999999996954, 1.344999999999999973, -3.299999999999999822 ) ) ;
#1459 = ORIENTED_EDGE ( 'NONE', *, *, #1039, .F. ) ;
#1460 = PRESENTATION_STYLE_ASSIGNMENT (( #247 ) ) ;
#1461 = CARTESIAN_POINT ( 'NONE',  ( 8.264999999999997016, 1.114999999999999991, 0.2500000000000000000 ) ) ;
#1462 = PLANE ( 'NONE',  #2241 ) ;
#1463 = ADVANCED_FACE ( 'NONE', ( #2335 ), #2009, .T. ) ;
#1464 = EDGE_LOOP ( 'NONE', ( #578, #1054, #435, #282 ) ) ;
#1465 = PRESENTATION_LAYER_ASSIGNMENT (  '', '', ( #1998 ) ) ;
#1466 = UNCERTAINTY_MEASURE_WITH_UNIT (LENGTH_MEASURE( 1.000000000000000082E-05 ), #2169, 'distance_accuracy_value', 'NONE');
#1467 = STYLED_ITEM ( 'NONE', ( #1460 ), #408 ) ;
#1468 = VECTOR ( 'NONE', #133, 1000.000000000000000 ) ;
#1469 = EDGE_CURVE ( 'NONE', #1242, #989, #1132, .T. ) ;
#1470 = SURFACE_STYLE_FILL_AREA ( #1982 ) ;
#1471 = PLANE ( 'NONE',  #2144 ) ;
#1472 =( NAMED_UNIT ( * ) SI_UNIT ( $, .STERADIAN. ) SOLID_ANGLE_UNIT ( ) );
#1473 = FACE_OUTER_BOUND ( 'NONE', #1938, .T. ) ;
#1474 = FILL_AREA_STYLE_COLOUR ( '', #1652 ) ;
#1475 = FILL_AREA_STYLE ('',( #48 ) ) ;
#1476 = CARTESIAN_POINT ( 'NONE',  ( 0.6449999999999969091, 1.145000000000000018, -3.299999999999999822 ) ) ;
#1477 = CARTESIAN_POINT ( 'NONE',  ( 8.264999999999997016, 1.114999999999999991, -3.299999999999999822 ) ) ;
#1478 = SURFACE_SIDE_STYLE ('',( #1804 ) ) ;
#1479 = ORIENTED_EDGE ( 'NONE', *, *, #1994, .T. ) ;
#1480 =( NAMED_UNIT ( * ) PLANE_ANGLE_UNIT ( ) SI_UNIT ( $, .RADIAN. ) );
#1481 = VERTEX_POINT ( 'NONE', #805 ) ;
#1482 = DIRECTION ( 'NONE',  ( -0.000000000000000000, -0.000000000000000000, 1.000000000000000000 ) ) ;
#1483 =( NAMED_UNIT ( * ) PLANE_ANGLE_UNIT ( ) SI_UNIT ( $, .RADIAN. ) );
#1484 = AXIS2_PLACEMENT_3D ( 'NONE', #1520, #444, #1349 ) ;
#1485 = DIRECTION ( 'NONE',  ( -1.000000000000000000, 0.000000000000000000, -0.000000000000000000 ) ) ;
#1486 = CARTESIAN_POINT ( 'NONE',  ( 0.000000000000000000, 0.000000000000000000, 12.49000000000000199 ) ) ;
#1487 = FILL_AREA_STYLE_COLOUR ( '', #102 ) ;
#1488 = VERTEX_POINT ( 'NONE', #289 ) ;
#1489 = FILL_AREA_STYLE ('',( #2028 ) ) ;
#1490 = VECTOR ( 'NONE', #1212, 1000.000000000000000 ) ;
#1491 = SURFACE_SIDE_STYLE ('',( #1352 ) ) ;
#1492 = DIRECTION ( 'NONE',  ( -1.000000000000000000, 0.000000000000000000, -0.000000000000000000 ) ) ;
#1493 =( GEOMETRIC_REPRESENTATION_CONTEXT ( 3 ) GLOBAL_UNCERTAINTY_ASSIGNED_CONTEXT ( ( #1074 ) ) GLOBAL_UNIT_ASSIGNED_CONTEXT ( ( #703, #1023, #1736 ) ) REPRESENTATION_CONTEXT ( 'NONE', 'WORKASPACE' ) );
#1494 = ORIENTED_EDGE ( 'NONE', *, *, #1135, .T. ) ;
#1495 = MECHANICAL_DESIGN_GEOMETRIC_PRESENTATION_REPRESENTATION (  '', ( #1271 ), #109 ) ;
#1496 = VECTOR ( 'NONE', #1801, 1000.000000000000000 ) ;
#1497 = COLOUR_RGB ( '',0.9607843137254902244, 0.9607843137254902244, 0.9607843137254902244 ) ;
#1498 = AXIS2_PLACEMENT_3D ( 'NONE', #1401, #497, #860 ) ;
#1499 = EDGE_CURVE ( 'NONE', #272, #49, #2305, .T. ) ;
#1500 = DIRECTION ( 'NONE',  ( -1.000000000000000000, 0.000000000000000000, 0.000000000000000000 ) ) ;
#1501 = COLOUR_RGB ( '',0.2862745098039215508, 0.2862745098039215508, 0.2862745098039215508 ) ;
#1502 = PRESENTATION_STYLE_ASSIGNMENT (( #985 ) ) ;
#1503 = SURFACE_STYLE_FILL_AREA ( #300 ) ;
#1504 = FACE_OUTER_BOUND ( 'NONE', #219, .T. ) ;
#1505 = CARTESIAN_POINT ( 'NONE',  ( -5.024012443320954091, 2.524999999999982592, 0.000000000000000000 ) ) ;
#1506 = MECHANICAL_DESIGN_GEOMETRIC_PRESENTATION_REPRESENTATION (  '', ( #982 ), #1540 ) ;
#1507 = VERTEX_POINT ( 'NONE', #1211 ) ;
#1508 = VERTEX_POINT ( 'NONE', #1073 ) ;
#1509 = PLANE ( 'NONE',  #31 ) ;
#1510 = CARTESIAN_POINT ( 'NONE',  ( 0.6449999999999969091, 1.145000000000000018, -3.299999999999999822 ) ) ;
#1511 = CYLINDRICAL_SURFACE ( 'NONE', #1094, 0.2000000000000005107 ) ;
#1512 =( GEOMETRIC_REPRESENTATION_CONTEXT ( 3 ) GLOBAL_UNCERTAINTY_ASSIGNED_CONTEXT ( ( #405 ) ) GLOBAL_UNIT_ASSIGNED_CONTEXT ( ( #1442, #1076, #206 ) ) REPRESENTATION_CONTEXT ( 'NONE', 'WORKASPACE' ) );
#1513 = ORIENTED_EDGE ( 'NONE', *, *, #1892, .F. ) ;
#1514 = ADVANCED_FACE ( 'NONE', ( #1795 ), #356, .T. ) ;
#1515 =( NAMED_UNIT ( * ) SI_UNIT ( $, .STERADIAN. ) SOLID_ANGLE_UNIT ( ) );
#1516 = DIRECTION ( 'NONE',  ( -0.000000000000000000, -0.000000000000000000, 1.000000000000000000 ) ) ;
#1517 = SURFACE_STYLE_USAGE ( .BOTH. , #2045 ) ;
#1518 = ADVANCED_FACE ( 'NONE', ( #2019 ), #1462, .T. ) ;
#1519 =( NAMED_UNIT ( * ) SI_UNIT ( $, .STERADIAN. ) SOLID_ANGLE_UNIT ( ) );
#1520 = CARTESIAN_POINT ( 'NONE',  ( 0.000000000000000000, 0.000000000000000000, -3.299999999999999822 ) ) ;
#1521 = LINE ( 'NONE', #2239, #299 ) ;
#1522 = ORIENTED_EDGE ( 'NONE', *, *, #1590, .F. ) ;
#1523 = SURFACE_STYLE_USAGE ( .BOTH. , #88 ) ;
#1524 = DIRECTION ( 'NONE',  ( 0.000000000000000000, 1.000000000000000000, 0.000000000000000000 ) ) ;
#1525 = SURFACE_STYLE_USAGE ( .BOTH. , #107 ) ;
#1526 =( NAMED_UNIT ( * ) PLANE_ANGLE_UNIT ( ) SI_UNIT ( $, .RADIAN. ) );
#1527 = ADVANCED_FACE ( 'NONE', ( #1859 ), #1654, .T. ) ;
#1528 =( LENGTH_UNIT ( ) NAMED_UNIT ( * ) SI_UNIT ( .MILLI., .METRE. ) );
#1529 =( NAMED_UNIT ( * ) SI_UNIT ( $, .STERADIAN. ) SOLID_ANGLE_UNIT ( ) );
#1530 = PRESENTATION_LAYER_ASSIGNMENT (  '', '', ( #1222 ) ) ;
#1531 = DIRECTION ( 'NONE',  ( -1.000000000000000000, -4.336808689942013792E-16, 0.000000000000000000 ) ) ;
#1532 = ORIENTED_EDGE ( 'NONE', *, *, #1974, .T. ) ;
#1533 = PRESENTATION_STYLE_ASSIGNMENT (( #1523 ) ) ;
#1534 = CARTESIAN_POINT ( 'NONE',  ( -7.524012443320954979, -2.524999999999999467, 0.000000000000000000 ) ) ;
#1535 = VECTOR ( 'NONE', #2091, 1000.000000000000000 ) ;
#1536 = LINE ( 'NONE', #136, #236 ) ;
#1537 = VERTEX_POINT ( 'NONE', #1140 ) ;
#1538 = STYLED_ITEM ( 'NONE', ( #1869 ), #1278 ) ;
#1539 = CARTESIAN_POINT ( 'NONE',  ( -6.375000000000001776, 1.245000000000000329, -3.299999999999999822 ) ) ;
#1540 =( GEOMETRIC_REPRESENTATION_CONTEXT ( 3 ) GLOBAL_UNCERTAINTY_ASSIGNED_CONTEXT ( ( #976 ) ) GLOBAL_UNIT_ASSIGNED_CONTEXT ( ( #381, #388, #554 ) ) REPRESENTATION_CONTEXT ( 'NONE', 'WORKASPACE' ) );
#1541 = MECHANICAL_DESIGN_GEOMETRIC_PRESENTATION_REPRESENTATION (  '', ( #637 ), #1195 ) ;
#1542 = PRESENTATION_LAYER_ASSIGNMENT (  '', '', ( #1954 ) ) ;
#1543 = AXIS2_PLACEMENT_3D ( 'NONE', #1360, #1901, #293 ) ;
#1544 = CARTESIAN_POINT ( 'NONE',  ( -8.984999999999997655, 0.000000000000000000, 12.50000000000000000 ) ) ;
#1545 = LINE ( 'NONE', #690, #1490 ) ;
#1546 = PRESENTATION_LAYER_ASSIGNMENT (  '', '', ( #2246 ) ) ;
#1547 = FILL_AREA_STYLE ('',( #280 ) ) ;
#1548 = DIRECTION ( 'NONE',  ( 1.000000000000000000, 5.782411586589351722E-16, 0.000000000000000000 ) ) ;
#1549 = ADVANCED_FACE ( 'NONE', ( #1182 ), #1332, .F. ) ;
#1550 = FACE_OUTER_BOUND ( 'NONE', #481, .T. ) ;
#1551 = CLOSED_SHELL ( 'NONE', ( #1354, #2221, #1258, #1437 ) ) ;
#1552 = EDGE_LOOP ( 'NONE', ( #2004, #240 ) ) ;
#1553 = CARTESIAN_POINT ( 'NONE',  ( 8.264999999999997016, 1.375000000000000000, -3.299999999999999822 ) ) ;
#1554 = AXIS2_PLACEMENT_3D ( 'NONE', #1971, #899, #1778 ) ;
#1555 = ORIENTED_EDGE ( 'NONE', *, *, #815, .T. ) ;
#1556 = ORIENTED_EDGE ( 'NONE', *, *, #1808, .T. ) ;
#1557 = EDGE_LOOP ( 'NONE', ( #377, #2220, #1648, #587 ) ) ;
#1558 = CARTESIAN_POINT ( 'NONE',  ( -9.484999999999997655, -2.025000000000000799, 12.50000000000000000 ) ) ;
#1559 = LINE ( 'NONE', #127, #434 ) ;
#1560 = DIRECTION ( 'NONE',  ( 0.000000000000000000, 0.000000000000000000, -1.000000000000000000 ) ) ;
#1561 =( NAMED_UNIT ( * ) PLANE_ANGLE_UNIT ( ) SI_UNIT ( $, .RADIAN. ) );
#1562 = LINE ( 'NONE', #1887, #1229 ) ;
#1563 = VERTEX_POINT ( 'NONE', #373 ) ;
#1564 = SURFACE_STYLE_FILL_AREA ( #848 ) ;
#1565 = PRESENTATION_STYLE_ASSIGNMENT (( #850 ) ) ;
#1566 = EDGE_CURVE ( 'NONE', #1649, #1912, #1067, .T. ) ;
#1567 = DIRECTION ( 'NONE',  ( -0.000000000000000000, -0.000000000000000000, 1.000000000000000000 ) ) ;
#1568 = SURFACE_STYLE_FILL_AREA ( #114 ) ;
#1569 = LINE ( 'NONE', #329, #1640 ) ;
#1570 = UNCERTAINTY_MEASURE_WITH_UNIT (LENGTH_MEASURE( 1.000000000000000082E-05 ), #1358, 'distance_accuracy_value', 'NONE');
#1571 = DIRECTION ( 'NONE',  ( -0.000000000000000000, -0.000000000000000000, 1.000000000000000000 ) ) ;
#1572 =( LENGTH_UNIT ( ) NAMED_UNIT ( * ) SI_UNIT ( .MILLI., .METRE. ) );
#1573 = ORIENTED_EDGE ( 'NONE', *, *, #1393, .T. ) ;
#1574 = CARTESIAN_POINT ( 'NONE',  ( -9.984999999999997655, 2.524999999999999467, 0.2500000000000000000 ) ) ;
#1575 = VECTOR ( 'NONE', #1548, 1000.000000000000000 ) ;
#1576 = CARTESIAN_POINT ( 'NONE',  ( 0.6449999999999969091, 1.145000000000000018, -3.299999999999999822 ) ) ;
#1577 = VERTEX_POINT ( 'NONE', #135 ) ;
#1578 = COLOUR_RGB ( '',0.8039215686274510109, 0.8039215686274510109, 0.8039215686274510109 ) ;
#1579 =( GEOMETRIC_REPRESENTATION_CONTEXT ( 3 ) GLOBAL_UNCERTAINTY_ASSIGNED_CONTEXT ( ( #154 ) ) GLOBAL_UNIT_ASSIGNED_CONTEXT ( ( #77, #1483, #1164 ) ) REPRESENTATION_CONTEXT ( 'NONE', 'WORKASPACE' ) );
#1580 = COLOUR_RGB ( '',0.8039215686274510109, 0.8039215686274510109, 0.8039215686274510109 ) ;
#1581 = FILL_AREA_STYLE ('',( #1047 ) ) ;
#1582 = SURFACE_SIDE_STYLE ('',( #677 ) ) ;
#1583 = SURFACE_SIDE_STYLE ('',( #143 ) ) ;
#1584 = COLOUR_RGB ( '',0.8039215686274510109, 0.8039215686274510109, 0.8039215686274510109 ) ;
#1585 = CARTESIAN_POINT ( 'NONE',  ( -9.115000000000003766, 1.245000000000018092, -3.299999999999999822 ) ) ;
#1586 = VECTOR ( 'NONE', #318, 1000.000000000000000 ) ;
#1587 = DIRECTION ( 'NONE',  ( 0.000000000000000000, -0.000000000000000000, -1.000000000000000000 ) ) ;
#1588 = VECTOR ( 'NONE', #2313, 1000.000000000000000 ) ;
#1589 = ORIENTED_EDGE ( 'NONE', *, *, #1709, .F. ) ;
#1590 = EDGE_CURVE ( 'NONE', #995, #478, #2146, .T. ) ;
#1591 = ORIENTED_EDGE ( 'NONE', *, *, #520, .T. ) ;
#1592 = MECHANICAL_DESIGN_GEOMETRIC_PRESENTATION_REPRESENTATION (  '', ( #2080 ), #539 ) ;
#1593 = FILL_AREA_STYLE ('',( #2329 ) ) ;
#1594 = FACE_OUTER_BOUND ( 'NONE', #651, .T. ) ;
#1595 = ADVANCED_FACE ( 'NONE', ( #1749 ), #544, .F. ) ;
#1596 = VERTEX_POINT ( 'NONE', #1574 ) ;
#1597 = SHAPE_DEFINITION_REPRESENTATION ( #1618, #17 ) ;
#1598 = ADVANCED_FACE ( 'NONE', ( #1198 ), #496, .F. ) ;
#1599 = CARTESIAN_POINT ( 'NONE',  ( 9.984999999999997655, 0.4999999999999998890, 12.50000000000000000 ) ) ;
#1600 = CARTESIAN_POINT ( 'NONE',  ( -5.024012443320954091, -2.525000000000016787, 0.2500000000000000000 ) ) ;
#1601 = VERTEX_POINT ( 'NONE', #1446 ) ;
#1602 = DIRECTION ( 'NONE',  ( -1.000000000000000000, -2.710505431213762071E-16, 0.000000000000000000 ) ) ;
#1603 = ORIENTED_EDGE ( 'NONE', *, *, #1633, .F. ) ;
#1604 = CARTESIAN_POINT ( 'NONE',  ( -0.000000000000000000, -1.525000000000001910, 12.50000000000000000 ) ) ;
#1605 = ADVANCED_FACE ( 'NONE', ( #955 ), #557, .F. ) ;
#1606 = PRESENTATION_STYLE_ASSIGNMENT (( #692 ) ) ;
#1607 = LINE ( 'NONE', #2145, #1302 ) ;
#1608 =( NAMED_UNIT ( * ) SI_UNIT ( $, .STERADIAN. ) SOLID_ANGLE_UNIT ( ) );
#1609 = ORIENTED_EDGE ( 'NONE', *, *, #570, .F. ) ;
#1610 = CARTESIAN_POINT ( 'NONE',  ( -9.784999999999996589, -2.025000000000000799, 12.50000000000000000 ) ) ;
#1611 = MECHANICAL_DESIGN_GEOMETRIC_PRESENTATION_REPRESENTATION (  '', ( #1222 ), #595 ) ;
#1612 = ORIENTED_EDGE ( 'NONE', *, *, #2150, .T. ) ;
#1613 = ADVANCED_FACE ( 'NONE', ( #1286 ), #45, .T. ) ;
#1614 = UNCERTAINTY_MEASURE_WITH_UNIT (LENGTH_MEASURE( 1.000000000000000082E-05 ), #256, 'distance_accuracy_value', 'NONE');
#1615 = PRODUCT_DEFINITION ( 'UNKNOWN', '', #2250, #794 ) ;
#1616 = VECTOR ( 'NONE', #21, 1000.000000000000000 ) ;
#1617 = FACE_OUTER_BOUND ( 'NONE', #809, .T. ) ;
#1618 = PRODUCT_DEFINITION_SHAPE ( 'NONE', 'NONE',  #1615 ) ;
#1619 = VECTOR ( 'NONE', #160, 1000.000000000000000 ) ;
#1620 = DIRECTION ( 'NONE',  ( -0.000000000000000000, -1.000000000000000000, -0.000000000000000000 ) ) ;
#1621 = CARTESIAN_POINT ( 'NONE',  ( -8.821775633615938972, 0.9999999999999983347, 12.50000000000000000 ) ) ;
#1622 = DIRECTION ( 'NONE',  ( 0.000000000000000000, 1.000000000000000000, 0.000000000000000000 ) ) ;
#1623 = STYLED_ITEM ( 'NONE', ( #739 ), #2097 ) ;
#1624 = COLOUR_RGB ( '',0.2862745098039215508, 0.2862745098039215508, 0.2862745098039215508 ) ;
#1625 = ORIENTED_EDGE ( 'NONE', *, *, #1566, .T. ) ;
#1626 = DIRECTION ( 'NONE',  ( -0.000000000000000000, -0.000000000000000000, 1.000000000000000000 ) ) ;
#1627 = CARTESIAN_POINT ( 'NONE',  ( -5.024012443320954091, -2.525000000000016787, 0.000000000000000000 ) ) ;
#1628 = ADVANCED_FACE ( 'NONE', ( #1886 ), #2237, .F. ) ;
#1629 = CARTESIAN_POINT ( 'NONE',  ( -7.524012443320954979, 2.524999999999999467, 0.2500000000000000000 ) ) ;
#1630 = DIRECTION ( 'NONE',  ( -0.000000000000000000, 1.000000000000000000, -0.000000000000000000 ) ) ;
#1631 = VERTEX_POINT ( 'NONE', #476 ) ;
#1632 = PRESENTATION_STYLE_ASSIGNMENT (( #1846 ) ) ;
#1633 = EDGE_CURVE ( 'NONE', #827, #757, #1010, .T. ) ;
#1634 = VERTEX_POINT ( 'NONE', #1169 ) ;
#1635 = LINE ( 'NONE', #1433, #1655 ) ;
#1636 =( NAMED_UNIT ( * ) SI_UNIT ( $, .STERADIAN. ) SOLID_ANGLE_UNIT ( ) );
#1637 = ORIENTED_EDGE ( 'NONE', *, *, #1042, .F. ) ;
#1638 = LINE ( 'NONE', #214, #1616 ) ;
#1639 = ORIENTED_EDGE ( 'NONE', *, *, #913, .F. ) ;
#1640 = VECTOR ( 'NONE', #2046, 1000.000000000000000 ) ;
#1641 = PLANE ( 'NONE',  #2008 ) ;
#1642 = PRESENTATION_LAYER_ASSIGNMENT (  '', '', ( #2137 ) ) ;
#1643 = PRESENTATION_LAYER_ASSIGNMENT (  '', '', ( #1188 ) ) ;
#1644 = DIRECTION ( 'NONE',  ( 1.000000000000000000, 5.782411586589351722E-16, 0.000000000000000000 ) ) ;
#1645 = MECHANICAL_DESIGN_GEOMETRIC_PRESENTATION_REPRESENTATION (  '', ( #1118 ), #1301 ) ;
#1646 = DIRECTION ( 'NONE',  ( 0.000000000000000000, 0.000000000000000000, 1.000000000000000000 ) ) ;
#1647 = VECTOR ( 'NONE', #2156, 1000.000000000000000 ) ;
#1648 = ORIENTED_EDGE ( 'NONE', *, *, #789, .T. ) ;
#1649 = VERTEX_POINT ( 'NONE', #610 ) ;
#1650 = STYLED_ITEM ( 'NONE', ( #43 ), #202 ) ;
#1651 =( NAMED_UNIT ( * ) PLANE_ANGLE_UNIT ( ) SI_UNIT ( $, .RADIAN. ) );
#1652 = COLOUR_RGB ( '',0.8039215686274510109, 0.8039215686274510109, 0.8039215686274510109 ) ;
#1653 = FACE_OUTER_BOUND ( 'NONE', #68, .T. ) ;
#1654 = CYLINDRICAL_SURFACE ( 'NONE', #69, 0.2000000000000005107 ) ;
#1655 = VECTOR ( 'NONE', #229, 1000.000000000000000 ) ;
#1656 = ORIENTED_EDGE ( 'NONE', *, *, #1994, .F. ) ;
#1657 = AXIS2_PLACEMENT_3D ( 'NONE', #1163, #1333, #1016 ) ;
#1658 = DIRECTION ( 'NONE',  ( 1.000000000000000000, -4.336808689942014285E-16, 0.000000000000000000 ) ) ;
#1659 =( LENGTH_UNIT ( ) NAMED_UNIT ( * ) SI_UNIT ( .MILLI., .METRE. ) );
#1660 = PLANE ( 'NONE',  #1119 ) ;
#1661 = ORIENTED_EDGE ( 'NONE', *, *, #2270, .F. ) ;
#1662 = CARTESIAN_POINT ( 'NONE',  ( 9.984999999999997655, 8.673617379884035472E-16, 12.15000000000000036 ) ) ;
#1663 = DIRECTION ( 'NONE',  ( -0.000000000000000000, -1.000000000000000000, -0.000000000000000000 ) ) ;
#1664 = DIRECTION ( 'NONE',  ( 1.000000000000000000, -4.336808689942013792E-16, -0.000000000000000000 ) ) ;
#1665 = DIRECTION ( 'NONE',  ( 1.000000000000000000, -0.000000000000000000, 0.000000000000000000 ) ) ;
#1666 = CARTESIAN_POINT ( 'NONE',  ( -9.115000000000003766, 1.245000000000018092, -3.299999999999999822 ) ) ;
#1667 =( NAMED_UNIT ( * ) PLANE_ANGLE_UNIT ( ) SI_UNIT ( $, .RADIAN. ) );
#1668 = PRESENTATION_STYLE_ASSIGNMENT (( #2002 ) ) ;
#1669 = ORIENTED_EDGE ( 'NONE', *, *, #278, .F. ) ;
#1670 =( NAMED_UNIT ( * ) SI_UNIT ( $, .STERADIAN. ) SOLID_ANGLE_UNIT ( ) );
#1671 = PLANE ( 'NONE',  #1299 ) ;
#1672 = EDGE_CURVE ( 'NONE', #266, #250, #1897, .T. ) ;
#1673 = ORIENTED_EDGE ( 'NONE', *, *, #960, .F. ) ;
#1674 = FACE_OUTER_BOUND ( 'NONE', #1946, .T. ) ;
#1675 = LINE ( 'NONE', #1707, #1575 ) ;
#1676 = MECHANICAL_DESIGN_GEOMETRIC_PRESENTATION_REPRESENTATION (  '', ( #1334 ), #1087 ) ;
#1677 = DIRECTION ( 'NONE',  ( 1.000000000000000000, -4.336808689942013792E-16, -0.000000000000000000 ) ) ;
#1678 = AXIS2_PLACEMENT_3D ( 'NONE', #1371, #2255, #264 ) ;
#1679 = VERTEX_POINT ( 'NONE', #1505 ) ;
#1680 = SURFACE_SIDE_STYLE ('',( #1100 ) ) ;
#1681 = ORIENTED_EDGE ( 'NONE', *, *, #1918, .T. ) ;
#1682 = MECHANICAL_DESIGN_GEOMETRIC_PRESENTATION_REPRESENTATION (  '', ( #1683 ), #1053 ) ;
#1683 = STYLED_ITEM ( 'NONE', ( #1416 ), #770 ) ;
#1684 = VECTOR ( 'NONE', #375, 1000.000000000000000 ) ;
#1685 = CIRCLE ( 'NONE', #1498, 0.4999999999999987232 ) ;
#1686 =( GEOMETRIC_REPRESENTATION_CONTEXT ( 3 ) GLOBAL_UNCERTAINTY_ASSIGNED_CONTEXT ( ( #2213 ) ) GLOBAL_UNIT_ASSIGNED_CONTEXT ( ( #766, #584, #2022 ) ) REPRESENTATION_CONTEXT ( 'NONE', 'WORKASPACE' ) );
#1687 = CARTESIAN_POINT ( 'NONE',  ( 2.193378456104876452E-16, -2.524999999999999467, 12.15000000000000036 ) ) ;
#1688 = AXIS2_PLACEMENT_3D ( 'NONE', #2148, #1059, #545 ) ;
#1689 =( NAMED_UNIT ( * ) SI_UNIT ( $, .STERADIAN. ) SOLID_ANGLE_UNIT ( ) );
#1690 = DIRECTION ( 'NONE',  ( -0.000000000000000000, -0.000000000000000000, 1.000000000000000000 ) ) ;
#1691 = ORIENTED_EDGE ( 'NONE', *, *, #24, .T. ) ;
#1692 = DIRECTION ( 'NONE',  ( 0.000000000000000000, 0.000000000000000000, 1.000000000000000000 ) ) ;
#1693 = DIRECTION ( 'NONE',  ( 1.000000000000000000, 0.000000000000000000, 0.000000000000000000 ) ) ;
#1694 = UNCERTAINTY_MEASURE_WITH_UNIT (LENGTH_MEASURE( 1.000000000000000082E-05 ), #1376, 'distance_accuracy_value', 'NONE');
#1695 = SURFACE_SIDE_STYLE ('',( #987 ) ) ;
#1696 = SURFACE_STYLE_USAGE ( .BOTH. , #1319 ) ;
#1697 = ORIENTED_EDGE ( 'NONE', *, *, #1817, .T. ) ;
#1698 = LINE ( 'NONE', #660, #1418 ) ;
#1699 = PRESENTATION_STYLE_ASSIGNMENT (( #467 ) ) ;
#1700 = SURFACE_STYLE_USAGE ( .BOTH. , #285 ) ;
#1701 = FILL_AREA_STYLE ('',( #447 ) ) ;
#1702 = CARTESIAN_POINT ( 'NONE',  ( -9.784999999999996589, -2.025000000000000799, 12.15000000000000036 ) ) ;
#1703 = CARTESIAN_POINT ( 'NONE',  ( 8.264999999999997016, 1.114999999999999991, -3.299999999999999822 ) ) ;
#1704 = EDGE_LOOP ( 'NONE', ( #1899, #1772, #2300, #460, #218, #70, #305, #611, #129, #1353, #1609, #1247, #470, #421, #58, #1223 ) ) ;
#1705 = CARTESIAN_POINT ( 'NONE',  ( 1.444999999999996954, 1.145000000000000240, -3.299999999999999822 ) ) ;
#1706 = DIRECTION ( 'NONE',  ( 1.000000000000000000, 0.000000000000000000, 0.000000000000000000 ) ) ;
#1707 = CARTESIAN_POINT ( 'NONE',  ( 4.225987556679045021, 2.524999999999912426, 0.000000000000000000 ) ) ;
#1708 =( LENGTH_UNIT ( ) NAMED_UNIT ( * ) SI_UNIT ( .MILLI., .METRE. ) );
#1709 = EDGE_CURVE ( 'NONE', #1882, #1036, #2215, .T. ) ;
#1710 = EDGE_LOOP ( 'NONE', ( #1219, #600, #1822, #1095 ) ) ;
#1711 =( NAMED_UNIT ( * ) PLANE_ANGLE_UNIT ( ) SI_UNIT ( $, .RADIAN. ) );
#1712 = PRESENTATION_STYLE_ASSIGNMENT (( #1361 ) ) ;
#1713 = STYLED_ITEM ( 'NONE', ( #452 ), #2184 ) ;
#1714 = FACE_OUTER_BOUND ( 'NONE', #186, .T. ) ;
#1715 = MECHANICAL_DESIGN_GEOMETRIC_PRESENTATION_REPRESENTATION (  '', ( #104 ), #1454 ) ;
#1716 = FILL_AREA_STYLE_COLOUR ( '', #729 ) ;
#1717 = COLOUR_RGB ( '',0.2862745098039215508, 0.2862745098039215508, 0.2862745098039215508 ) ;
#1718 = VECTOR ( 'NONE', #1064, 1000.000000000000000 ) ;
#1719 = STYLED_ITEM ( 'NONE', ( #617 ), #716 ) ;
#1720 = AXIS2_PLACEMENT_3D ( 'NONE', #1558, #2261, #2180 ) ;
#1721 = STYLED_ITEM ( 'NONE', ( #517 ), #128 ) ;
#1722 = PRESENTATION_LAYER_ASSIGNMENT (  '', '', ( #836 ) ) ;
#1723 = FILL_AREA_STYLE_COLOUR ( '', #933 ) ;
#1724 = STYLED_ITEM ( 'NONE', ( #2219 ), #244 ) ;
#1725 = SURFACE_STYLE_USAGE ( .BOTH. , #2216 ) ;
#1726 = MECHANICAL_DESIGN_GEOMETRIC_PRESENTATION_REPRESENTATION (  '', ( #688 ), #799 ) ;
#1727 = EDGE_CURVE ( 'NONE', #412, #1138, #1675, .T. ) ;
#1729 = VERTEX_POINT ( 'NONE', #451 ) ;
#1728 = PRESENTATION_LAYER_ASSIGNMENT (  '', '', ( #368 ) ) ;
#1730 = CARTESIAN_POINT ( 'NONE',  ( -9.184999999999996945, -2.025000000000000799, 12.50000000000000000 ) ) ;
#1731 = FILL_AREA_STYLE ('',( #336 ) ) ;
#1732 = EDGE_CURVE ( 'NONE', #1184, #1871, #1875, .T. ) ;
#1733 = EDGE_LOOP ( 'NONE', ( #626, #445, #1691, #1591 ) ) ;
#1734 = FACE_OUTER_BOUND ( 'NONE', #1320, .T. ) ;
#1735 = DIRECTION ( 'NONE',  ( -0.000000000000000000, -0.000000000000000000, 1.000000000000000000 ) ) ;
#1736 =( NAMED_UNIT ( * ) SI_UNIT ( $, .STERADIAN. ) SOLID_ANGLE_UNIT ( ) );
#1737 = DIRECTION ( 'NONE',  ( -0.000000000000000000, -0.000000000000000000, 1.000000000000000000 ) ) ;
#1738 =( NAMED_UNIT ( * ) PLANE_ANGLE_UNIT ( ) SI_UNIT ( $, .RADIAN. ) );
#1739 = SURFACE_SIDE_STYLE ('',( #157 ) ) ;
#1740 = ORIENTED_EDGE ( 'NONE', *, *, #2116, .F. ) ;
#1741 = EDGE_CURVE ( 'NONE', #2074, #1280, #756, .T. ) ;
#1742 = CARTESIAN_POINT ( 'NONE',  ( -5.024012443320954091, 2.524999999999982592, 0.000000000000000000 ) ) ;
#1743 = SURFACE_SIDE_STYLE ('',( #673 ) ) ;
#1744 = EDGE_CURVE ( 'NONE', #721, #1359, #845, .T. ) ;
#1745 = PLANE ( 'NONE',  #1153 ) ;
#1746 = FACE_OUTER_BOUND ( 'NONE', #1769, .T. ) ;
#1747 =( NAMED_UNIT ( * ) SI_UNIT ( $, .STERADIAN. ) SOLID_ANGLE_UNIT ( ) );
#1748 = FILL_AREA_STYLE ('',( #2142 ) ) ;
#1749 = FACE_OUTER_BOUND ( 'NONE', #1261, .T. ) ;
#1750 = ORIENTED_EDGE ( 'NONE', *, *, #1933, .T. ) ;
#1751 = ADVANCED_FACE ( 'NONE', ( #119 ), #2294, .F. ) ;
#1752 = EDGE_CURVE ( 'NONE', #989, #757, #522, .T. ) ;
#1753 = PRESENTATION_LAYER_ASSIGNMENT (  '', '', ( #1538 ) ) ;
#1754 = VECTOR ( 'NONE', #2177, 1000.000000000000000 ) ;
#1755 = LINE ( 'NONE', #689, #1757 ) ;
#1756 = AXIS2_PLACEMENT_3D ( 'NONE', #895, #599, #1492 ) ;
#1757 = VECTOR ( 'NONE', #2307, 1000.000000000000000 ) ;
#1758 = SURFACE_STYLE_FILL_AREA ( #1581 ) ;
#1759 = MECHANICAL_DESIGN_GEOMETRIC_PRESENTATION_REPRESENTATION (  '', ( #1193 ), #2113 ) ;
#1760 = STYLED_ITEM ( 'NONE', ( #858 ), #1598 ) ;
#1761 = FILL_AREA_STYLE_COLOUR ( '', #399 ) ;
#1762 = COLOUR_RGB ( '',0.2862745098039215508, 0.2862745098039215508, 0.2862745098039215508 ) ;
#1763 = DIRECTION ( 'NONE',  ( -1.000000000000000000, -2.171661837727600753E-17, -0.000000000000000000 ) ) ;
#1764 = PRESENTATION_LAYER_ASSIGNMENT (  '', '', ( #1724 ) ) ;
#1765 = CARTESIAN_POINT ( 'NONE',  ( 4.225987556679045021, -2.525000000000086064, 0.000000000000000000 ) ) ;
#1766 = CARTESIAN_POINT ( 'NONE',  ( 0.6449999999999969091, 1.344999999999999973, -3.299999999999999822 ) ) ;
#1767 = PRESENTATION_LAYER_ASSIGNMENT (  '', '', ( #1467 ) ) ;
#1768 = SURFACE_SIDE_STYLE ('',( #892 ) ) ;
#1769 = EDGE_LOOP ( 'NONE', ( #353, #1374, #2044, #1263 ) ) ;
#1770 = COLOUR_RGB ( '',0.9607843137254902244, 0.9607843137254902244, 0.9607843137254902244 ) ;
#1771 = LINE ( 'NONE', #874, #466 ) ;
#1772 = ORIENTED_EDGE ( 'NONE', *, *, #379, .F. ) ;
#1773 = PRESENTATION_STYLE_ASSIGNMENT (( #509 ) ) ;
#1774 = UNCERTAINTY_MEASURE_WITH_UNIT (LENGTH_MEASURE( 1.000000000000000082E-05 ), #1940, 'distance_accuracy_value', 'NONE');
#1775 = CARTESIAN_POINT ( 'NONE',  ( -9.115000000000003766, 1.245000000000018092, -3.299999999999999822 ) ) ;
#1776 = EDGE_CURVE ( 'NONE', #393, #413, #1051, .T. ) ;
#1777 = PLANE ( 'NONE',  #2168 ) ;
#1778 = DIRECTION ( 'NONE',  ( -1.000000000000000000, -4.336808689942014285E-16, 0.000000000000000000 ) ) ;
#1779 = MANIFOLD_SOLID_BREP ( 'Boss-Extrude2[2]', #1551 ) ;
#1780 =( NAMED_UNIT ( * ) PLANE_ANGLE_UNIT ( ) SI_UNIT ( $, .RADIAN. ) );
#1781 = ORIENTED_EDGE ( 'NONE', *, *, #403, .T. ) ;
#1782 = ORIENTED_EDGE ( 'NONE', *, *, #1499, .T. ) ;
#1783 = CARTESIAN_POINT ( 'NONE',  ( 9.984999999999999432, 2.524999999999999911, 12.50000000000000000 ) ) ;
#1784 = ORIENTED_EDGE ( 'NONE', *, *, #2288, .F. ) ;
#1785 = EDGE_CURVE ( 'NONE', #1138, #8, #319, .T. ) ;
#1786 = CARTESIAN_POINT ( 'NONE',  ( -6.575000000000002842, 1.245000000000000329, 0.2500000000000000000 ) ) ;
#1787 = CARTESIAN_POINT ( 'NONE',  ( 4.975987556679045909, 2.524999999999912870, 0.000000000000000000 ) ) ;
#1788 = DIRECTION ( 'NONE',  ( -0.000000000000000000, -0.000000000000000000, 1.000000000000000000 ) ) ;
#1789 = FILL_AREA_STYLE ('',( #335 ) ) ;
#1790 = LINE ( 'NONE', #1621, #2172 ) ;
#1791 = MANIFOLD_SOLID_BREP ( 'Boss-Extrude2[4]', #802 ) ;
#1792 = VECTOR ( 'NONE', #55, 1000.000000000000000 ) ;
#1793 = PRESENTATION_STYLE_ASSIGNMENT (( #1700 ) ) ;
#1794 =( NAMED_UNIT ( * ) PLANE_ANGLE_UNIT ( ) SI_UNIT ( $, .RADIAN. ) );
#1795 = FACE_OUTER_BOUND ( 'NONE', #1557, .T. ) ;
#1796 = EDGE_CURVE ( 'NONE', #672, #1631, #565, .T. ) ;
#1797 = PRESENTATION_LAYER_ASSIGNMENT (  '', '', ( #493 ) ) ;
#1798 = STYLED_ITEM ( 'NONE', ( #502 ), #1437 ) ;
#1799 = PRESENTATION_LAYER_ASSIGNMENT (  '', '', ( #151 ) ) ;
#1800 = COLOUR_RGB ( '',0.2862745098039215508, 0.2862745098039215508, 0.2862745098039215508 ) ;
#1801 = DIRECTION ( 'NONE',  ( -0.000000000000000000, -0.000000000000000000, 1.000000000000000000 ) ) ;
#1802 =( NAMED_UNIT ( * ) SI_UNIT ( $, .STERADIAN. ) SOLID_ANGLE_UNIT ( ) );
#1803 = AXIS2_PLACEMENT_3D ( 'NONE', #687, #341, #894 ) ;
#1804 = SURFACE_STYLE_FILL_AREA ( #780 ) ;
#1805 = ORIENTED_EDGE ( 'NONE', *, *, #489, .F. ) ;
#1806 = FILL_AREA_STYLE ('',( #1474 ) ) ;
#1807 =( NAMED_UNIT ( * ) PLANE_ANGLE_UNIT ( ) SI_UNIT ( $, .RADIAN. ) );
#1808 = EDGE_CURVE ( 'NONE', #266, #800, #887, .T. ) ;
#1809 = EDGE_CURVE ( 'NONE', #1843, #800, #1635, .T. ) ;
#1810 = COLOUR_RGB ( '',0.7921568627450980005, 0.8196078431372548767, 0.9333333333333333481 ) ;
#1811 =( LENGTH_UNIT ( ) NAMED_UNIT ( * ) SI_UNIT ( .MILLI., .METRE. ) );
#1812 = EDGE_LOOP ( 'NONE', ( #1448, #1407, #590, #712 ) ) ;
#1813 = CARTESIAN_POINT ( 'NONE',  ( 4.975987556679045909, -2.525000000000086509, 0.000000000000000000 ) ) ;
#1814 = VERTEX_POINT ( 'NONE', #1477 ) ;
#1815 = PLANE ( 'NONE',  #1990 ) ;
#1816 = MANIFOLD_SOLID_BREP ( 'Boss-Extrude2[3]', #500 ) ;
#1817 = EDGE_CURVE ( 'NONE', #288, #266, #11, .T. ) ;
#1818 = UNCERTAINTY_MEASURE_WITH_UNIT (LENGTH_MEASURE( 1.000000000000000082E-05 ), #549, 'distance_accuracy_value', 'NONE');
#1819 = SURFACE_STYLE_USAGE ( .BOTH. , #415 ) ;
#1820 = FILL_AREA_STYLE_COLOUR ( '', #1152 ) ;
#1821 = FILL_AREA_STYLE_COLOUR ( '', #646 ) ;
#1822 = ORIENTED_EDGE ( 'NONE', *, *, #1469, .T. ) ;
#1823 = ORIENTED_EDGE ( 'NONE', *, *, #2275, .T. ) ;
#1824 = FILL_AREA_STYLE ('',( #948 ) ) ;
#1825 =( LENGTH_UNIT ( ) NAMED_UNIT ( * ) SI_UNIT ( .MILLI., .METRE. ) );
#1826 = ADVANCED_FACE ( 'NONE', ( #1617 ), #1641, .F. ) ;
#1827 = ORIENTED_EDGE ( 'NONE', *, *, #2090, .T. ) ;
#1828 = EDGE_CURVE ( 'NONE', #1631, #360, #615, .T. ) ;
#1829 = CARTESIAN_POINT ( 'NONE',  ( 8.264999999999997016, 1.375000000000000000, 0.2500000000000000000 ) ) ;
#1830 = MANIFOLD_SOLID_BREP ( 'Boss-Extrude2[1]', #649 ) ;
#1831 = PLANE ( 'NONE',  #2003 ) ;
#1832 = FILL_AREA_STYLE ('',( #1820 ) ) ;
#1833 = COLOUR_RGB ( '',0.2862745098039215508, 0.2862745098039215508, 0.2862745098039215508 ) ;
#1834 = SURFACE_SIDE_STYLE ('',( #552 ) ) ;
#1835 = DIRECTION ( 'NONE',  ( -0.000000000000000000, -0.000000000000000000, 1.000000000000000000 ) ) ;
#1836 =( GEOMETRIC_REPRESENTATION_CONTEXT ( 3 ) GLOBAL_UNCERTAINTY_ASSIGNED_CONTEXT ( ( #1345 ) ) GLOBAL_UNIT_ASSIGNED_CONTEXT ( ( #255, #967, #72 ) ) REPRESENTATION_CONTEXT ( 'NONE', 'WORKASPACE' ) );
#1837 = MECHANICAL_DESIGN_GEOMETRIC_PRESENTATION_REPRESENTATION (  '', ( #528 ), #831 ) ;
#1838 = STYLED_ITEM ( 'NONE', ( #40 ), #1518 ) ;
#1839 = COLOUR_RGB ( '',0.8039215686274510109, 0.8039215686274510109, 0.8039215686274510109 ) ;
#1840 = ORIENTED_EDGE ( 'NONE', *, *, #418, .F. ) ;
#1841 = PLANE ( 'NONE',  #1162 ) ;
#1842 = EDGE_CURVE ( 'NONE', #288, #1843, #2077, .T. ) ;
#1843 = VERTEX_POINT ( 'NONE', #1166 ) ;
#1844 = COLOUR_RGB ( '',0.7921568627450980005, 0.8196078431372548767, 0.9333333333333333481 ) ;
#1845 = FILL_AREA_STYLE_COLOUR ( '', #719 ) ;
#1846 = SURFACE_STYLE_USAGE ( .BOTH. , #581 ) ;
#1847 =( GEOMETRIC_REPRESENTATION_CONTEXT ( 3 ) GLOBAL_UNCERTAINTY_ASSIGNED_CONTEXT ( ( #925 ) ) GLOBAL_UNIT_ASSIGNED_CONTEXT ( ( #505, #1667, #245 ) ) REPRESENTATION_CONTEXT ( 'NONE', 'WORKASPACE' ) );
#1848 = MECHANICAL_DESIGN_GEOMETRIC_PRESENTATION_REPRESENTATION (  '', ( #498 ), #1432 ) ;
#1849 = CARTESIAN_POINT ( 'NONE',  ( 0.6449999999999969091, 1.145000000000000018, -3.299999999999999822 ) ) ;
#1850 = UNCERTAINTY_MEASURE_WITH_UNIT (LENGTH_MEASURE( 1.000000000000000082E-05 ), #364, 'distance_accuracy_value', 'NONE');
#1851 = EDGE_CURVE ( 'NONE', #1596, #478, #2038, .T. ) ;
#1852 =( NAMED_UNIT ( * ) PLANE_ANGLE_UNIT ( ) SI_UNIT ( $, .RADIAN. ) );
#1853 = SURFACE_STYLE_USAGE ( .BOTH. , #449 ) ;
#1854 = SURFACE_STYLE_FILL_AREA ( #1547 ) ;
#1855 = FILL_AREA_STYLE ('',( #1296 ) ) ;
#1856 = ORIENTED_EDGE ( 'NONE', *, *, #90, .T. ) ;
#1857 =( LENGTH_UNIT ( ) NAMED_UNIT ( * ) SI_UNIT ( .MILLI., .METRE. ) );
#1858 = CARTESIAN_POINT ( 'NONE',  ( -6.575000000000002842, 1.245000000000000329, -3.299999999999999822 ) ) ;
#1859 = FACE_OUTER_BOUND ( 'NONE', #1083, .T. ) ;
#1860 = ORIENTED_EDGE ( 'NONE', *, *, #215, .T. ) ;
#1861 = CARTESIAN_POINT ( 'NONE',  ( -9.784999999999996589, -2.025000000000000799, 12.50000000000000000 ) ) ;
#1862 = DIRECTION ( 'NONE',  ( -0.000000000000000000, -1.000000000000000000, -0.000000000000000000 ) ) ;
#1863 = CARTESIAN_POINT ( 'NONE',  ( 1.444999999999996954, 1.145000000000000240, -3.299999999999999822 ) ) ;
#1864 =( NAMED_UNIT ( * ) PLANE_ANGLE_UNIT ( ) SI_UNIT ( $, .RADIAN. ) );
#1865 = FACE_OUTER_BOUND ( 'NONE', #2208, .T. ) ;
#1866 = ORIENTED_EDGE ( 'NONE', *, *, #1185, .T. ) ;
#1867 = EDGE_LOOP ( 'NONE', ( #847, #1840, #1272, #1331 ) ) ;
#1868 = CYLINDRICAL_SURFACE ( 'NONE', #796, 0.4999999999999987232 ) ;
#1869 = PRESENTATION_STYLE_ASSIGNMENT (( #1879 ) ) ;
#1870 = FILL_AREA_STYLE ('',( #823 ) ) ;
#1871 = VERTEX_POINT ( 'NONE', #472 ) ;
#1872 = FILL_AREA_STYLE_COLOUR ( '', #366 ) ;
#1873 = CARTESIAN_POINT ( 'NONE',  ( -9.115000000000003766, 1.245000000000018092, -3.299999999999999822 ) ) ;
#1874 = UNCERTAINTY_MEASURE_WITH_UNIT (LENGTH_MEASURE( 1.000000000000000082E-05 ), #1438, 'distance_accuracy_value', 'NONE');
#1875 = LINE ( 'NONE', #85, #458 ) ;
#1876 = PRESENTATION_LAYER_ASSIGNMENT (  '', '', ( #1334 ) ) ;
#1877 = AXIS2_PLACEMENT_3D ( 'NONE', #471, #1893, #1122 ) ;
#1878 = ORIENTED_EDGE ( 'NONE', *, *, #2027, .T. ) ;
#1879 = SURFACE_STYLE_USAGE ( .BOTH. , #1491 ) ;
#1880 = COLOUR_RGB ( '',0.2862745098039215508, 0.2862745098039215508, 0.2862745098039215508 ) ;
#1881 = LINE ( 'NONE', #2267, #536 ) ;
#1882 = VERTEX_POINT ( 'NONE', #1133 ) ;
#1883 = AXIS2_PLACEMENT_3D ( 'NONE', #1099, #1452, #2173 ) ;
#1884 = CIRCLE ( 'NONE', #111, 0.4999999999999987232 ) ;
#1885 = DIRECTION ( 'NONE',  ( 1.000000000000000000, 8.686647350910404244E-17, 0.000000000000000000 ) ) ;
#1886 = FACE_OUTER_BOUND ( 'NONE', #644, .T. ) ;
#1887 = CARTESIAN_POINT ( 'NONE',  ( -8.821775633615938972, 0.9999999999999983347, 12.49000000000000199 ) ) ;
#1888 = ORIENTED_EDGE ( 'NONE', *, *, #1266, .T. ) ;
#1889 = CYLINDRICAL_SURFACE ( 'NONE', #311, 0.4999999999999987232 ) ;
#1890 = EDGE_LOOP ( 'NONE', ( #1431, #390, #1740, #2029 ) ) ;
#1891 =( LENGTH_UNIT ( ) NAMED_UNIT ( * ) SI_UNIT ( .MILLI., .METRE. ) );
#1892 = EDGE_CURVE ( 'NONE', #995, #1729, #1155, .T. ) ;
#1893 = DIRECTION ( 'NONE',  ( 0.000000000000000000, 0.000000000000000000, -1.000000000000000000 ) ) ;
#1894 = UNCERTAINTY_MEASURE_WITH_UNIT (LENGTH_MEASURE( 1.000000000000000082E-05 ), #1825, 'distance_accuracy_value', 'NONE');
#1895 =( NAMED_UNIT ( * ) PLANE_ANGLE_UNIT ( ) SI_UNIT ( $, .RADIAN. ) );
#1896 = DIRECTION ( 'NONE',  ( -0.000000000000000000, 0.000000000000000000, -1.000000000000000000 ) ) ;
#1897 = LINE ( 'NONE', #1863, #1264 ) ;
#1898 = LINE ( 'NONE', #2065, #525 ) ;
#1899 = ORIENTED_EDGE ( 'NONE', *, *, #2270, .T. ) ;
#1900 = FACE_OUTER_BOUND ( 'NONE', #1890, .T. ) ;
#1901 = DIRECTION ( 'NONE',  ( 2.171661837727600753E-17, -1.000000000000000000, 0.000000000000000000 ) ) ;
#1902 = SURFACE_SIDE_STYLE ('',( #659 ) ) ;
#1903 = CARTESIAN_POINT ( 'NONE',  ( -8.821775633615938972, -1.000000000000001776, 12.50000000000000000 ) ) ;
#1904 = ORIENTED_EDGE ( 'NONE', *, *, #543, .F. ) ;
#1905 = ADVANCED_FACE ( 'NONE', ( #80, #275 ), #251, .T. ) ;
#1906 = PLANE ( 'NONE',  #2292 ) ;
#1907 = ADVANCED_FACE ( 'NONE', ( #1225 ), #362, .T. ) ;
#1908 =( NAMED_UNIT ( * ) SI_UNIT ( $, .STERADIAN. ) SOLID_ANGLE_UNIT ( ) );
#1909 = FILL_AREA_STYLE_COLOUR ( '', #1580 ) ;
#1910 = SURFACE_STYLE_USAGE ( .BOTH. , #1695 ) ;
#1911 = FILL_AREA_STYLE_COLOUR ( '', #1833 ) ;
#1912 = VERTEX_POINT ( 'NONE', #2153 ) ;
#1913 =( LENGTH_UNIT ( ) NAMED_UNIT ( * ) SI_UNIT ( .MILLI., .METRE. ) );
#1914 = COLOUR_RGB ( '',0.8039215686274510109, 0.8039215686274510109, 0.8039215686274510109 ) ;
#1915 = PRESENTATION_LAYER_ASSIGNMENT (  '', '', ( #1798 ) ) ;
#1916 =( LENGTH_UNIT ( ) NAMED_UNIT ( * ) SI_UNIT ( .MILLI., .METRE. ) );
#1917 = VERTEX_POINT ( 'NONE', #550 ) ;
#1918 = EDGE_CURVE ( 'NONE', #529, #746, #1281, .T. ) ;
#1919 = PLANE ( 'NONE',  #1678 ) ;
#1920 = VECTOR ( 'NONE', #1763, 1000.000000000000000 ) ;
#1921 = ORIENTED_EDGE ( 'NONE', *, *, #1393, .F. ) ;
#1922 = MECHANICAL_DESIGN_GEOMETRIC_PRESENTATION_REPRESENTATION (  '', ( #1721 ), #685 ) ;
#1923 = STYLED_ITEM ( 'NONE', ( #1606 ), #1751 ) ;
#1924 = DIRECTION ( 'NONE',  ( 0.000000000000000000, 0.000000000000000000, 1.000000000000000000 ) ) ;
#1925 = DIRECTION ( 'NONE',  ( -1.000000000000000000, 0.000000000000000000, -0.000000000000000000 ) ) ;
#1926 = FILL_AREA_STYLE ('',( #2264 ) ) ;
#1927 = DIRECTION ( 'NONE',  ( 0.000000000000000000, 0.000000000000000000, -1.000000000000000000 ) ) ;
#1928 = ORIENTED_EDGE ( 'NONE', *, *, #1185, .F. ) ;
#1929 = DIRECTION ( 'NONE',  ( 1.000000000000000000, 0.000000000000000000, 0.000000000000000000 ) ) ;
#1930 = SURFACE_STYLE_FILL_AREA ( #1208 ) ;
#1931 = ORIENTED_EDGE ( 'NONE', *, *, #2200, .T. ) ;
#1932 = CARTESIAN_POINT ( 'NONE',  ( 1.444999999999996954, 1.344999999999999973, 0.2500000000000000000 ) ) ;
#1933 = EDGE_CURVE ( 'NONE', #2165, #1917, #1250, .T. ) ;
#1934 = CARTESIAN_POINT ( 'NONE',  ( -9.321775633615940748, -1.000000000000001554, 12.50000000000000000 ) ) ;
#1935 = CARTESIAN_POINT ( 'NONE',  ( -5.774012443320954979, -2.525000000000016342, 0.000000000000000000 ) ) ;
#1936 = PLANE ( 'NONE',  #605 ) ;
#1937 =( NAMED_UNIT ( * ) PLANE_ANGLE_UNIT ( ) SI_UNIT ( $, .RADIAN. ) );
#1938 = EDGE_LOOP ( 'NONE', ( #1827, #813, #1939, #2020 ) ) ;
#1939 = ORIENTED_EDGE ( 'NONE', *, *, #453, .F. ) ;
#1940 =( LENGTH_UNIT ( ) NAMED_UNIT ( * ) SI_UNIT ( .MILLI., .METRE. ) );
#1941 =( NAMED_UNIT ( * ) SI_UNIT ( $, .STERADIAN. ) SOLID_ANGLE_UNIT ( ) );
#1942 = STYLED_ITEM ( 'NONE', ( #2190 ), #1613 ) ;
#1943 =( NAMED_UNIT ( * ) PLANE_ANGLE_UNIT ( ) SI_UNIT ( $, .RADIAN. ) );
#1944 = DIRECTION ( 'NONE',  ( -1.000000000000000000, 0.000000000000000000, -0.000000000000000000 ) ) ;
#1945 = ORIENTED_EDGE ( 'NONE', *, *, #1979, .F. ) ;
#1946 = EDGE_LOOP ( 'NONE', ( #1399, #19, #238, #369 ) ) ;
#1947 = DIRECTION ( 'NONE',  ( -0.000000000000000000, -0.000000000000000000, -1.000000000000000000 ) ) ;
#1948 = PRESENTATION_LAYER_ASSIGNMENT (  '', '', ( #2328 ) ) ;
#1949 = DIRECTION ( 'NONE',  ( -0.000000000000000000, -0.000000000000000000, 1.000000000000000000 ) ) ;
#1950 = MECHANICAL_DESIGN_GEOMETRIC_PRESENTATION_REPRESENTATION (  '', ( #2137 ), #2238 ) ;
#1951 =( GEOMETRIC_REPRESENTATION_CONTEXT ( 3 ) GLOBAL_UNCERTAINTY_ASSIGNED_CONTEXT ( ( #2014 ) ) GLOBAL_UNIT_ASSIGNED_CONTEXT ( ( #579, #1651, #269 ) ) REPRESENTATION_CONTEXT ( 'NONE', 'WORKASPACE' ) );
#1952 = VECTOR ( 'NONE', #172, 1000.000000000000000 ) ;
#1953 = DIRECTION ( 'NONE',  ( 1.000000000000000000, 0.000000000000000000, 0.000000000000000000 ) ) ;
#1954 = STYLED_ITEM ( 'NONE', ( #880 ), #1595 ) ;
#1955 = VECTOR ( 'NONE', #2135, 1000.000000000000000 ) ;
#1956 = CARTESIAN_POINT ( 'NONE',  ( 9.984999999999997655, -2.524999999999998579, 12.50000000000000000 ) ) ;
#1957 = MECHANICAL_DESIGN_GEOMETRIC_PRESENTATION_REPRESENTATION (  '', ( #233 ), #303 ) ;
#1958 = DIRECTION ( 'NONE',  ( 1.000000000000000000, -0.000000000000000000, 0.000000000000000000 ) ) ;
#1959 = COLOUR_RGB ( '',0.2862745098039215508, 0.2862745098039215508, 0.2862745098039215508 ) ;
#1960 = EDGE_LOOP ( 'NONE', ( #668, #875 ) ) ;
#1961 = FILL_AREA_STYLE ('',( #513 ) ) ;
#1962 = PRESENTATION_LAYER_ASSIGNMENT (  '', '', ( #1015 ) ) ;
#1963 = FILL_AREA_STYLE_COLOUR ( '', #2245 ) ;
#1964 = PRESENTATION_LAYER_ASSIGNMENT (  '', '', ( #197 ) ) ;
#1965 = ORIENTED_EDGE ( 'NONE', *, *, #2158, .F. ) ;
#1966 = LINE ( 'NONE', #2303, #937 ) ;
#1967 = CARTESIAN_POINT ( 'NONE',  ( -9.115000000000003766, 1.245000000000018092, 0.2500000000000000000 ) ) ;
#1968 = DIRECTION ( 'NONE',  ( -0.000000000000000000, -0.000000000000000000, 1.000000000000000000 ) ) ;
#1969 = VERTEX_POINT ( 'NONE', #563 ) ;
#1970 = UNCERTAINTY_MEASURE_WITH_UNIT (LENGTH_MEASURE( 1.000000000000000082E-05 ), #2225, 'distance_accuracy_value', 'NONE');
#1971 = CARTESIAN_POINT ( 'NONE',  ( -8.821775633615938972, 0.9999999999999983347, 12.49000000000000199 ) ) ;
#1972 = CARTESIAN_POINT ( 'NONE',  ( -9.984999999999997655, -2.525000000000000355, 12.15000000000000036 ) ) ;
#1973 = DIRECTION ( 'NONE',  ( -1.000000000000000000, 0.000000000000000000, -0.000000000000000000 ) ) ;
#1974 = EDGE_CURVE ( 'NONE', #1649, #1596, #1989, .T. ) ;
#1975 = ORIENTED_EDGE ( 'NONE', *, *, #453, .T. ) ;
#1976 = SURFACE_STYLE_USAGE ( .BOTH. , #1743 ) ;
#1977 = ORIENTED_EDGE ( 'NONE', *, *, #1366, .F. ) ;
#1978 = ADVANCED_FACE ( 'NONE', ( #537 ), #204, .T. ) ;
#1979 = EDGE_CURVE ( 'NONE', #746, #1325, #2051, .T. ) ;
#1980 =( NAMED_UNIT ( * ) PLANE_ANGLE_UNIT ( ) SI_UNIT ( $, .RADIAN. ) );
#1981 = DIRECTION ( 'NONE',  ( 0.000000000000000000, -0.000000000000000000, 1.000000000000000000 ) ) ;
#1982 = FILL_AREA_STYLE ('',( #28 ) ) ;
#1983 = DIRECTION ( 'NONE',  ( 0.000000000000000000, 0.000000000000000000, 1.000000000000000000 ) ) ;
#1984 = LINE ( 'NONE', #566, #1496 ) ;
#1985 = CARTESIAN_POINT ( 'NONE',  ( 9.984999999999997655, -2.524999999999998579, 0.2500000000000000000 ) ) ;
#1986 = LINE ( 'NONE', #905, #575 ) ;
#1987 = VERTEX_POINT ( 'NONE', #1861 ) ;
#1988 = PRESENTATION_STYLE_ASSIGNMENT (( #548 ) ) ;
#1989 = LINE ( 'NONE', #1415, #573 ) ;
#1990 = AXIS2_PLACEMENT_3D ( 'NONE', #1858, #2194, #249 ) ;
#1991 =( LENGTH_UNIT ( ) NAMED_UNIT ( * ) SI_UNIT ( .MILLI., .METRE. ) );
#1992 = VECTOR ( 'NONE', #945, 1000.000000000000000 ) ;
#1993 = VECTOR ( 'NONE', #1862, 1000.000000000000000 ) ;
#1994 = EDGE_CURVE ( 'NONE', #2316, #1287, #1267, .T. ) ;
#1995 = CARTESIAN_POINT ( 'NONE',  ( 1.444999999999996954, 1.344999999999999973, -3.299999999999999822 ) ) ;
#1996 = VECTOR ( 'NONE', #382, 1000.000000000000000 ) ;
#1997 = FILL_AREA_STYLE_COLOUR ( '', #1800 ) ;
#1998 = STYLED_ITEM ( 'NONE', ( #926 ), #208 ) ;
#1999 = LINE ( 'NONE', #930, #23 ) ;
#2000 = VECTOR ( 'NONE', #1031, 1000.000000000000000 ) ;
#2001 =( LENGTH_UNIT ( ) NAMED_UNIT ( * ) SI_UNIT ( .MILLI., .METRE. ) );
#2002 = SURFACE_STYLE_USAGE ( .BOTH. , #1447 ) ;
#2003 = AXIS2_PLACEMENT_3D ( 'NONE', #51, #2037, #1658 ) ;
#2004 = ORIENTED_EDGE ( 'NONE', *, *, #1405, .T. ) ;
#2005 = SURFACE_STYLE_FILL_AREA ( #223 ) ;
#2006 = VERTEX_POINT ( 'NONE', #1702 ) ;
#2007 = VECTOR ( 'NONE', #769, 1000.000000000000000 ) ;
#2008 = AXIS2_PLACEMENT_3D ( 'NONE', #1703, #1665, #652 ) ;
#2009 = CYLINDRICAL_SURFACE ( 'NONE', #2068, 0.2000000000000005107 ) ;
#2010 = ORIENTED_EDGE ( 'NONE', *, *, #62, .T. ) ;
#2011 = ORIENTED_EDGE ( 'NONE', *, *, #969, .T. ) ;
#2012 = CARTESIAN_POINT ( 'NONE',  ( 0.000000000000000000, 0.000000000000000000, 0.2500000000000000000 ) ) ;
#2013 = DIRECTION ( 'NONE',  ( -1.000000000000000000, 0.000000000000000000, -0.000000000000000000 ) ) ;
#2014 = UNCERTAINTY_MEASURE_WITH_UNIT (LENGTH_MEASURE( 1.000000000000000082E-05 ), #579, 'distance_accuracy_value', 'NONE');
#2015 = EDGE_CURVE ( 'NONE', #1288, #2314, #958, .T. ) ;
#2016 = ORIENTED_EDGE ( 'NONE', *, *, #1828, .F. ) ;
#2017 = FILL_AREA_STYLE ('',( #2030 ) ) ;
#2018 = FACE_OUTER_BOUND ( 'NONE', #1456, .T. ) ;
#2019 = FACE_OUTER_BOUND ( 'NONE', #113, .T. ) ;
#2020 = ORIENTED_EDGE ( 'NONE', *, *, #2015, .T. ) ;
#2021 = FILL_AREA_STYLE ('',( #2222 ) ) ;
#2022 =( NAMED_UNIT ( * ) SI_UNIT ( $, .STERADIAN. ) SOLID_ANGLE_UNIT ( ) );
#2023 = STYLED_ITEM ( 'NONE', ( #86 ), #2106 ) ;
#2024 = SURFACE_STYLE_FILL_AREA ( #1295 ) ;
#2025 = STYLED_ITEM ( 'NONE', ( #98 ), #896 ) ;
#2026 =( GEOMETRIC_REPRESENTATION_CONTEXT ( 3 ) GLOBAL_UNCERTAINTY_ASSIGNED_CONTEXT ( ( #2167 ) ) GLOBAL_UNIT_ASSIGNED_CONTEXT ( ( #1315, #439, #956 ) ) REPRESENTATION_CONTEXT ( 'NONE', 'WORKASPACE' ) );
#2027 = EDGE_CURVE ( 'NONE', #2163, #736, #2195, .T. ) ;
#2028 = FILL_AREA_STYLE_COLOUR ( '', #2252 ) ;
#2029 = ORIENTED_EDGE ( 'NONE', *, *, #803, .T. ) ;
#2030 = FILL_AREA_STYLE_COLOUR ( '', #1880 ) ;
#2031 = MECHANICAL_DESIGN_GEOMETRIC_PRESENTATION_REPRESENTATION (  '', ( #2139 ), #1579 ) ;
#2032 = SURFACE_STYLE_USAGE ( .BOTH. , #1117 ) ;
#2033 = ORIENTED_EDGE ( 'NONE', *, *, #2049, .T. ) ;
#2034 =( GEOMETRIC_REPRESENTATION_CONTEXT ( 3 ) GLOBAL_UNCERTAINTY_ASSIGNED_CONTEXT ( ( #1292 ) ) GLOBAL_UNIT_ASSIGNED_CONTEXT ( ( #1891, #825, #76 ) ) REPRESENTATION_CONTEXT ( 'NONE', 'WORKASPACE' ) );
#2035 = LINE ( 'NONE', #50, #524 ) ;
#2036 =( GEOMETRIC_REPRESENTATION_CONTEXT ( 3 ) GLOBAL_UNCERTAINTY_ASSIGNED_CONTEXT ( ( #818 ) ) GLOBAL_UNIT_ASSIGNED_CONTEXT ( ( #1857, #1480, #1670 ) ) REPRESENTATION_CONTEXT ( 'NONE', 'WORKASPACE' ) );
#2037 = DIRECTION ( 'NONE',  ( -4.336808689942014285E-16, -1.000000000000000000, 0.000000000000000000 ) ) ;
#2038 = LINE ( 'NONE', #459, #1993 ) ;
#2039 = UNCERTAINTY_MEASURE_WITH_UNIT (LENGTH_MEASURE( 1.000000000000000082E-05 ), #1365, 'distance_accuracy_value', 'NONE');
#2040 =( LENGTH_UNIT ( ) NAMED_UNIT ( * ) SI_UNIT ( .MILLI., .METRE. ) );
#2041 = SURFACE_STYLE_USAGE ( .BOTH. , #2203 ) ;
#2042 =( NAMED_UNIT ( * ) PLANE_ANGLE_UNIT ( ) SI_UNIT ( $, .RADIAN. ) );
#2043 = CARTESIAN_POINT ( 'NONE',  ( -9.315000000000003055, 1.245000000000018092, -3.299999999999999822 ) ) ;
#2044 = ORIENTED_EDGE ( 'NONE', *, *, #2059, .F. ) ;
#2045 = SURFACE_SIDE_STYLE ('',( #1564 ) ) ;
#2046 = DIRECTION ( 'NONE',  ( -0.000000000000000000, -0.000000000000000000, 1.000000000000000000 ) ) ;
#2047 = CARTESIAN_POINT ( 'NONE',  ( -9.321775633615940748, 0.9999999999999981126, 12.50000000000000000 ) ) ;
#2048 = EDGE_LOOP ( 'NONE', ( #1878, #1101 ) ) ;
#2049 = EDGE_CURVE ( 'NONE', #250, #1288, #2058, .T. ) ;
#2050 =( LENGTH_UNIT ( ) NAMED_UNIT ( * ) SI_UNIT ( .MILLI., .METRE. ) );
#2051 = LINE ( 'NONE', #287, #426 ) ;
#2052 = SURFACE_STYLE_FILL_AREA ( #1293 ) ;
#2053 = DIRECTION ( 'NONE',  ( -1.000000000000000000, 0.000000000000000000, -0.000000000000000000 ) ) ;
#2054 =( NAMED_UNIT ( * ) SI_UNIT ( $, .STERADIAN. ) SOLID_ANGLE_UNIT ( ) );
#2055 = EDGE_LOOP ( 'NONE', ( #203, #1805, #1661, #946 ) ) ;
#2056 = DIRECTION ( 'NONE',  ( -0.000000000000000000, -1.000000000000000000, -0.000000000000000000 ) ) ;
#2057 = VERTEX_POINT ( 'NONE', #952 ) ;
#2058 = LINE ( 'NONE', #1849, #1149 ) ;
#2059 = EDGE_CURVE ( 'NONE', #1507, #1814, #2035, .T. ) ;
#2060 = EDGE_CURVE ( 'NONE', #2084, #529, #442, .T. ) ;
#2061 = UNCERTAINTY_MEASURE_WITH_UNIT (LENGTH_MEASURE( 1.000000000000000082E-05 ), #1040, 'distance_accuracy_value', 'NONE');
#2062 = DIRECTION ( 'NONE',  ( 0.000000000000000000, 0.000000000000000000, -1.000000000000000000 ) ) ;
#2063 = ORIENTED_EDGE ( 'NONE', *, *, #2083, .F. ) ;
#2064 =( NAMED_UNIT ( * ) PLANE_ANGLE_UNIT ( ) SI_UNIT ( $, .RADIAN. ) );
#2065 = CARTESIAN_POINT ( 'NONE',  ( -8.821775633615938972, -1.000000000000001776, 12.49000000000000199 ) ) ;
#2066 = COLOUR_RGB ( '',0.8039215686274510109, 0.8039215686274510109, 0.8039215686274510109 ) ;
#2067 = ORIENTED_EDGE ( 'NONE', *, *, #2210, .F. ) ;
#2068 = AXIS2_PLACEMENT_3D ( 'NONE', #1873, #79, #1693 ) ;
#2069 = CARTESIAN_POINT ( 'NONE',  ( 0.6449999999999969091, 1.145000000000000018, -3.299999999999999822 ) ) ;
#2070 = VECTOR ( 'NONE', #702, 1000.000000000000000 ) ;
#2071 = COLOUR_RGB ( '',0.7921568627450980005, 0.8196078431372548767, 0.9333333333333333481 ) ;
#2072 = SURFACE_STYLE_FILL_AREA ( #1870 ) ;
#2073 = STYLED_ITEM ( 'NONE', ( #400 ), #1084 ) ;
#2074 = VERTEX_POINT ( 'NONE', #2269 ) ;
#2075 = SURFACE_STYLE_USAGE ( .BOTH. , #992 ) ;
#2076 = MECHANICAL_DESIGN_GEOMETRIC_PRESENTATION_REPRESENTATION (  '', ( #836 ), #468 ) ;
#2077 = LINE ( 'NONE', #1308, #2306 ) ;
#2078 = CARTESIAN_POINT ( 'NONE',  ( 9.984999999999997655, -2.524999999999998579, 12.50000000000000000 ) ) ;
#2079 =( LENGTH_UNIT ( ) NAMED_UNIT ( * ) SI_UNIT ( .MILLI., .METRE. ) );
#2080 = STYLED_ITEM ( 'NONE', ( #1113 ), #409 ) ;
#2081 = LINE ( 'NONE', #996, #348 ) ;
#2082 = DIRECTION ( 'NONE',  ( 0.000000000000000000, 0.000000000000000000, 1.000000000000000000 ) ) ;
#2083 = EDGE_CURVE ( 'NONE', #2316, #1280, #663, .T. ) ;
#2084 = VERTEX_POINT ( 'NONE', #1062 ) ;
#2085 = CARTESIAN_POINT ( 'NONE',  ( -8.821775633615938972, 0.9999999999999983347, 12.50000000000000000 ) ) ;
#2086 = EDGE_CURVE ( 'NONE', #1577, #1917, #1377, .T. ) ;
#2087 = CARTESIAN_POINT ( 'NONE',  ( -9.484999999999997655, -1.525000000000001910, 12.15000000000000036 ) ) ;
#2088 =( NAMED_UNIT ( * ) SI_UNIT ( $, .STERADIAN. ) SOLID_ANGLE_UNIT ( ) );
#2089 = CARTESIAN_POINT ( 'NONE',  ( -9.115000000000003766, 1.245000000000018092, 0.2500000000000000000 ) ) ;
#2090 = EDGE_CURVE ( 'NONE', #2314, #1843, #342, .T. ) ;
#2091 = DIRECTION ( 'NONE',  ( -0.000000000000000000, -0.000000000000000000, 1.000000000000000000 ) ) ;
#2092 = ORIENTED_EDGE ( 'NONE', *, *, #217, .F. ) ;
#2093 = CARTESIAN_POINT ( 'NONE',  ( -9.321775633615940748, -1.000000000000001554, 12.49000000000000199 ) ) ;
#2094 =( NAMED_UNIT ( * ) PLANE_ANGLE_UNIT ( ) SI_UNIT ( $, .RADIAN. ) );
#2095 = DIRECTION ( 'NONE',  ( -0.000000000000000000, -0.000000000000000000, 1.000000000000000000 ) ) ;
#2096 = CARTESIAN_POINT ( 'NONE',  ( 4.975987556679045909, -2.525000000000086509, 0.000000000000000000 ) ) ;
#2097 = ADVANCED_FACE ( 'NONE', ( #1734 ), #1919, .F. ) ;
#2098 = CARTESIAN_POINT ( 'NONE',  ( 9.064999999999995950, 1.375000000000000000, -3.299999999999999822 ) ) ;
#2099 = CARTESIAN_POINT ( 'NONE',  ( 1.444999999999996954, 1.145000000000000240, 0.2500000000000000000 ) ) ;
#2100 = SURFACE_SIDE_STYLE ('',( #1232 ) ) ;
#2101 =( NAMED_UNIT ( * ) SI_UNIT ( $, .STERADIAN. ) SOLID_ANGLE_UNIT ( ) );
#2102 = PLANE ( 'NONE',  #908 ) ;
#2103 = CARTESIAN_POINT ( 'NONE',  ( 4.975987556679045909, -2.525000000000086509, 0.2500000000000000000 ) ) ;
#2104 = VECTOR ( 'NONE', #1105, 1000.000000000000000 ) ;
#2105 =( NAMED_UNIT ( * ) SI_UNIT ( $, .STERADIAN. ) SOLID_ANGLE_UNIT ( ) );
#2106 = ADVANCED_FACE ( 'NONE', ( #292, #1550 ), #2102, .F. ) ;
#2107 = ORIENTED_EDGE ( 'NONE', *, *, #1828, .T. ) ;
#2108 =( GEOMETRIC_REPRESENTATION_CONTEXT ( 3 ) GLOBAL_UNCERTAINTY_ASSIGNED_CONTEXT ( ( #230 ) ) GLOBAL_UNIT_ASSIGNED_CONTEXT ( ( #1913, #2120, #321 ) ) REPRESENTATION_CONTEXT ( 'NONE', 'WORKASPACE' ) );
#2109 = EDGE_CURVE ( 'NONE', #906, #1987, #869, .T. ) ;
#2110 =( NAMED_UNIT ( * ) SI_UNIT ( $, .STERADIAN. ) SOLID_ANGLE_UNIT ( ) );
#2111 = COLOUR_RGB ( '',0.8039215686274510109, 0.8039215686274510109, 0.8039215686274510109 ) ;
#2112 = ORIENTED_EDGE ( 'NONE', *, *, #2288, .T. ) ;
#2113 =( GEOMETRIC_REPRESENTATION_CONTEXT ( 3 ) GLOBAL_UNCERTAINTY_ASSIGNED_CONTEXT ( ( #1614 ) ) GLOBAL_UNIT_ASSIGNED_CONTEXT ( ( #256, #1780, #2105 ) ) REPRESENTATION_CONTEXT ( 'NONE', 'WORKASPACE' ) );
#2114 = VECTOR ( 'NONE', #1947, 1000.000000000000000 ) ;
#2115 = SURFACE_SIDE_STYLE ('',( #1758 ) ) ;
#2116 = EDGE_CURVE ( 'NONE', #1601, #2084, #1562, .T. ) ;
#2117 = AXIS2_PLACEMENT_3D ( 'NONE', #983, #1692, #1338 ) ;
#2118 = CARTESIAN_POINT ( 'NONE',  ( 4.975987556679045909, -2.525000000000086509, 0.000000000000000000 ) ) ;
#2119 = EDGE_LOOP ( 'NONE', ( #878, #775, #981, #1532, #1112, #1522 ) ) ;
#2120 =( NAMED_UNIT ( * ) PLANE_ANGLE_UNIT ( ) SI_UNIT ( $, .RADIAN. ) );
#2121 = CARTESIAN_POINT ( 'NONE',  ( 0.000000000000000000, -1.525000000000001910, 12.15000000000000036 ) ) ;
#2122 = DIRECTION ( 'NONE',  ( 0.000000000000000000, 0.000000000000000000, -1.000000000000000000 ) ) ;
#2123 = STYLED_ITEM ( 'NONE', ( #443 ), #1830 ) ;
#2124 = DIRECTION ( 'NONE',  ( 1.000000000000000000, 8.686647350910403012E-17, 0.000000000000000000 ) ) ;
#2125 = SURFACE_STYLE_FILL_AREA ( #1748 ) ;
#2126 = CARTESIAN_POINT ( 'NONE',  ( 4.225987556679045021, -2.525000000000086064, 0.2500000000000000000 ) ) ;
#2127 = ORIENTED_EDGE ( 'NONE', *, *, #1266, .F. ) ;
#2128 = SURFACE_SIDE_STYLE ('',( #1259 ) ) ;
#2129 = FACE_OUTER_BOUND ( 'NONE', #699, .T. ) ;
#2130 = FILL_AREA_STYLE_COLOUR ( '', #1341 ) ;
#2131 =( NAMED_UNIT ( * ) SI_UNIT ( $, .STERADIAN. ) SOLID_ANGLE_UNIT ( ) );
#2132 = CARTESIAN_POINT ( 'NONE',  ( -9.321775633615940748, 0.9999999999999981126, 12.49000000000000199 ) ) ;
#2133 = ORIENTED_EDGE ( 'NONE', *, *, #2060, .F. ) ;
#2134 = LINE ( 'NONE', #1783, #943 ) ;
#2135 = DIRECTION ( 'NONE',  ( -0.000000000000000000, -0.000000000000000000, -1.000000000000000000 ) ) ;
#2136 = CARTESIAN_POINT ( 'NONE',  ( -7.524012443320954979, 2.524999999999999911, 0.000000000000000000 ) ) ;
#2137 = STYLED_ITEM ( 'NONE', ( #1136 ), #1434 ) ;
#2138 = AXIS2_PLACEMENT_3D ( 'NONE', #625, #2062, #1157 ) ;
#2139 = STYLED_ITEM ( 'NONE', ( #971 ), #1978 ) ;
#2140 = COLOUR_RGB ( '',0.2862745098039215508, 0.2862745098039215508, 0.2862745098039215508 ) ;
#2141 = STYLED_ITEM ( 'NONE', ( #755 ), #1605 ) ;
#2142 = FILL_AREA_STYLE_COLOUR ( '', #1762 ) ;
#2143 = SURFACE_STYLE_USAGE ( .BOTH. , #1215 ) ;
#2144 = AXIS2_PLACEMENT_3D ( 'NONE', #2121, #1017, #814 ) ;
#2145 = CARTESIAN_POINT ( 'NONE',  ( -6.775000000000003020, 1.245000000000000329, -3.299999999999999822 ) ) ;
#2146 = LINE ( 'NONE', #527, #231 ) ;
#2147 = EDGE_CURVE ( 'NONE', #8, #1003, #1521, .T. ) ;
#2148 = CARTESIAN_POINT ( 'NONE',  ( -5.774012443320954979, -2.525000000000016342, 0.000000000000000000 ) ) ;
#2149 = ORIENTED_EDGE ( 'NONE', *, *, #1403, .F. ) ;
#2150 = EDGE_CURVE ( 'NONE', #947, #1537, #477, .T. ) ;
#2151 = ORIENTED_EDGE ( 'NONE', *, *, #2236, .T. ) ;
#2152 = MECHANICAL_DESIGN_GEOMETRIC_PRESENTATION_REPRESENTATION (  '', ( #2123 ), #1356 ) ;
#2153 = CARTESIAN_POINT ( 'NONE',  ( -9.984999999999997655, -1.525000000000001910, 12.50000000000000000 ) ) ;
#2154 = FILL_AREA_STYLE ('',( #1821 ) ) ;
#2155 = UNCERTAINTY_MEASURE_WITH_UNIT (LENGTH_MEASURE( 1.000000000000000082E-05 ), #1041, 'distance_accuracy_value', 'NONE');
#2156 = DIRECTION ( 'NONE',  ( 1.000000000000000000, 5.782411586589351722E-16, 0.000000000000000000 ) ) ;
#2157 = DIRECTION ( 'NONE',  ( 1.000000000000000000, 8.686647350910403012E-17, 0.000000000000000000 ) ) ;
#2158 = EDGE_CURVE ( 'NONE', #529, #248, #1898, .T. ) ;
#2159 = VERTEX_POINT ( 'NONE', #619 ) ;
#2160 = SURFACE_STYLE_FILL_AREA ( #1444 ) ;
#2161 = SURFACE_SIDE_STYLE ('',( #1106 ) ) ;
#2162 = ORIENTED_EDGE ( 'NONE', *, *, #829, .T. ) ;
#2163 = VERTEX_POINT ( 'NONE', #988 ) ;
#2164 =( NAMED_UNIT ( * ) PLANE_ANGLE_UNIT ( ) SI_UNIT ( $, .RADIAN. ) );
#2165 = VERTEX_POINT ( 'NONE', #463 ) ;
#2166 = AXIS2_PLACEMENT_3D ( 'NONE', #1065, #1037, #142 ) ;
#2167 = UNCERTAINTY_MEASURE_WITH_UNIT (LENGTH_MEASURE( 1.000000000000000082E-05 ), #1315, 'distance_accuracy_value', 'NONE');
#2168 = AXIS2_PLACEMENT_3D ( 'NONE', #1279, #1441, #2013 ) ;
#2169 =( LENGTH_UNIT ( ) NAMED_UNIT ( * ) SI_UNIT ( .MILLI., .METRE. ) );
#2170 = AXIS2_PLACEMENT_3D ( 'NONE', #254, #2082, #2265 ) ;
#2171 = UNCERTAINTY_MEASURE_WITH_UNIT (LENGTH_MEASURE( 1.000000000000000082E-05 ), #479, 'distance_accuracy_value', 'NONE');
#2172 = VECTOR ( 'NONE', #1630, 1000.000000000000000 ) ;
#2173 = DIRECTION ( 'NONE',  ( 1.000000000000000000, 0.000000000000000000, -0.000000000000000000 ) ) ;
#2174 = CIRCLE ( 'NONE', #1096, 0.4999999999999987232 ) ;
#2175 = CARTESIAN_POINT ( 'NONE',  ( 4.225987556679045021, -2.525000000000086064, 0.000000000000000000 ) ) ;
#2176 = LINE ( 'NONE', #241, #1468 ) ;
#2177 = DIRECTION ( 'NONE',  ( -0.000000000000000000, -0.000000000000000000, 1.000000000000000000 ) ) ;
#2178 = PRESENTATION_LAYER_ASSIGNMENT (  '', '', ( #499 ) ) ;
#2179 = EDGE_CURVE ( 'NONE', #1312, #746, #997, .T. ) ;
#2180 = DIRECTION ( 'NONE',  ( 1.000000000000000000, 0.000000000000000000, -0.000000000000000000 ) ) ;
#2181 = STYLED_ITEM ( 'NONE', ( #1283 ), #1826 ) ;
#2182 = LINE ( 'NONE', #1285, #191 ) ;
#2183 = DIRECTION ( 'NONE',  ( -1.000000000000000000, 3.435095992033281961E-16, 0.000000000000000000 ) ) ;
#2184 = ADVANCED_FACE ( 'NONE', ( #980 ), #1179, .T. ) ;
#2185 = CARTESIAN_POINT ( 'NONE',  ( -5.774012443320954979, -2.525000000000016342, 0.000000000000000000 ) ) ;
#2186 = ADVANCED_FACE ( 'NONE', ( #806 ), #977, .T. ) ;
#2187 = CARTESIAN_POINT ( 'NONE',  ( 9.984999999999997655, -2.524999999999998579, 12.15000000000000036 ) ) ;
#2188 = CARTESIAN_POINT ( 'NONE',  ( -8.274012443320955867, -2.524999999999999023, 0.000000000000000000 ) ) ;
#2189 = SURFACE_STYLE_USAGE ( .BOTH. , #1583 ) ;
#2190 = PRESENTATION_STYLE_ASSIGNMENT (( #199 ) ) ;
#2191 = DIRECTION ( 'NONE',  ( 1.000000000000000000, 0.000000000000000000, 0.000000000000000000 ) ) ;
#2192 = PLANE ( 'NONE',  #2211 ) ;
#2193 = DIRECTION ( 'NONE',  ( 1.000000000000000000, 0.000000000000000000, 0.000000000000000000 ) ) ;
#2194 = DIRECTION ( 'NONE',  ( 0.000000000000000000, 0.000000000000000000, -1.000000000000000000 ) ) ;
#2195 = LINE ( 'NONE', #2187, #1012 ) ;
#2196 = FACE_OUTER_BOUND ( 'NONE', #320, .T. ) ;
#2197 = COLOUR_RGB ( '',0.2862745098039215508, 0.2862745098039215508, 0.2862745098039215508 ) ;
#2198 = VECTOR ( 'NONE', #1516, 1000.000000000000000 ) ;
#2199 = SURFACE_STYLE_FILL_AREA ( #994 ) ;
#2200 = EDGE_CURVE ( 'NONE', #721, #1969, #1346, .T. ) ;
#2201 = CARTESIAN_POINT ( 'NONE',  ( -9.184999999999996945, -2.025000000000000799, 12.15000000000000036 ) ) ;
#2202 = PRESENTATION_LAYER_ASSIGNMENT (  '', '', ( #678 ) ) ;
#2203 = SURFACE_SIDE_STYLE ('',( #1854 ) ) ;
#2204 = CARTESIAN_POINT ( 'NONE',  ( 0.000000000000000000, 0.000000000000000000, 0.000000000000000000 ) ) ;
#2205 = COLOUR_RGB ( '',0.2862745098039215508, 0.2862745098039215508, 0.2862745098039215508 ) ;
#2206 = EDGE_LOOP ( 'NONE', ( #993, #437 ) ) ;
#2207 =( NAMED_UNIT ( * ) PLANE_ANGLE_UNIT ( ) SI_UNIT ( $, .RADIAN. ) );
#2208 = EDGE_LOOP ( 'NONE', ( #1823, #1977, #910, #1860 ) ) ;
#2209 = PRESENTATION_LAYER_ASSIGNMENT (  '', '', ( #609 ) ) ;
#2210 = EDGE_CURVE ( 'NONE', #1481, #2314, #1545, .T. ) ;
#2211 = AXIS2_PLACEMENT_3D ( 'NONE', #966, #597, #420 ) ;
#2212 = MECHANICAL_DESIGN_GEOMETRIC_PRESENTATION_REPRESENTATION (  '', ( #2181 ), #1512 ) ;
#2213 = UNCERTAINTY_MEASURE_WITH_UNIT (LENGTH_MEASURE( 1.000000000000000082E-05 ), #766, 'distance_accuracy_value', 'NONE');
#2214 = SURFACE_SIDE_STYLE ('',( #1503 ) ) ;
#2215 = LINE ( 'NONE', #618, #564 ) ;
#2216 = SURFACE_SIDE_STYLE ('',( #798 ) ) ;
#2217 = EDGE_LOOP ( 'NONE', ( #838, #1513, #1068, #749, #494, #2149, #1612, #1412, #1061, #402, #1243, #2112, #1669, #694, #46, #456, #246, #1904 ) ) ;
#2218 = FILL_AREA_STYLE_COLOUR ( '', #2066 ) ;
#2219 = PRESENTATION_STYLE_ASSIGNMENT (( #622 ) ) ;
#2220 = ORIENTED_EDGE ( 'NONE', *, *, #2059, .T. ) ;
#2221 = ADVANCED_FACE ( 'NONE', ( #1594 ), #518, .T. ) ;
#2222 = FILL_AREA_STYLE_COLOUR ( '', #684 ) ;
#2223 =( LENGTH_UNIT ( ) NAMED_UNIT ( * ) SI_UNIT ( .MILLI., .METRE. ) );
#2224 = EDGE_CURVE ( 'NONE', #412, #1184, #1383, .T. ) ;
#2225 =( LENGTH_UNIT ( ) NAMED_UNIT ( * ) SI_UNIT ( .MILLI., .METRE. ) );
#2226 = CARTESIAN_POINT ( 'NONE',  ( -9.115000000000003766, 1.245000000000018092, 0.2500000000000000000 ) ) ;
#2227 = DIRECTION ( 'NONE',  ( 0.000000000000000000, -1.000000000000000000, 0.000000000000000000 ) ) ;
#2228 = SURFACE_STYLE_FILL_AREA ( #66 ) ;
#2229 = VERTEX_POINT ( 'NONE', #510 ) ;
#2230 = LINE ( 'NONE', #1028, #1124 ) ;
#2231 = ORIENTED_EDGE ( 'NONE', *, *, #2109, .F. ) ;
#2232 = UNCERTAINTY_MEASURE_WITH_UNIT (LENGTH_MEASURE( 1.000000000000000082E-05 ), #1528, 'distance_accuracy_value', 'NONE');
#2233 = SURFACE_STYLE_FILL_AREA ( #961 ) ;
#2234 = ORIENTED_EDGE ( 'NONE', *, *, #1143, .T. ) ;
#2235 = CARTESIAN_POINT ( 'NONE',  ( -8.274012443320955867, -2.524999999999999023, 0.000000000000000000 ) ) ;
#2236 = EDGE_CURVE ( 'NONE', #153, #272, #1154, .T. ) ;
#2237 = PLANE ( 'NONE',  #897 ) ;
#2238 =( GEOMETRIC_REPRESENTATION_CONTEXT ( 3 ) GLOBAL_UNCERTAINTY_ASSIGNED_CONTEXT ( ( #207 ) ) GLOBAL_UNIT_ASSIGNED_CONTEXT ( ( #64, #1318, #1747 ) ) REPRESENTATION_CONTEXT ( 'NONE', 'WORKASPACE' ) );
#2239 = CARTESIAN_POINT ( 'NONE',  ( 4.225987556679045021, -2.525000000000086064, 0.000000000000000000 ) ) ;
#2240 = EDGE_LOOP ( 'NONE', ( #965, #313, #1639, #2162 ) ) ;
#2241 = AXIS2_PLACEMENT_3D ( 'NONE', #2012, #22, #951 ) ;
#2242 = CARTESIAN_POINT ( 'NONE',  ( -9.484999999999997655, -2.025000000000000799, 12.50000000000000000 ) ) ;
#2243 = AXIS2_PLACEMENT_3D ( 'NONE', #1576, #2286, #1602 ) ;
#2244 =( NAMED_UNIT ( * ) PLANE_ANGLE_UNIT ( ) SI_UNIT ( $, .RADIAN. ) );
#2245 = COLOUR_RGB ( '',0.2862745098039215508, 0.2862745098039215508, 0.2862745098039215508 ) ;
#2246 = STYLED_ITEM ( 'NONE', ( #1793 ), #261 ) ;
#2247 = VECTOR ( 'NONE', #1788, 1000.000000000000000 ) ;
#2248 = CARTESIAN_POINT ( 'NONE',  ( 0.6449999999999969091, 1.145000000000000018, 0.2500000000000000000 ) ) ;
#2249 = VECTOR ( 'NONE', #187, 1000.000000000000000 ) ;
#2250 = PRODUCT_DEFINITION_FORMATION_WITH_SPECIFIED_SOURCE ( 'ANY', '', #553, .NOT_KNOWN. ) ;
#2251 = DIRECTION ( 'NONE',  ( 0.000000000000000000, -1.000000000000000000, 0.000000000000000000 ) ) ;
#2252 = COLOUR_RGB ( '',0.2862745098039215508, 0.2862745098039215508, 0.2862745098039215508 ) ;
#2253 = PRESENTATION_STYLE_ASSIGNMENT (( #117 ) ) ;
#2254 = DIRECTION ( 'NONE',  ( -1.000000000000000000, -2.171661837727600753E-17, -0.000000000000000000 ) ) ;
#2255 = DIRECTION ( 'NONE',  ( 0.000000000000000000, -1.000000000000000000, 0.000000000000000000 ) ) ;
#2256 = ORIENTED_EDGE ( 'NONE', *, *, #1741, .T. ) ;
#2257 = SURFACE_STYLE_FILL_AREA ( #1029 ) ;
#2258 = LINE ( 'NONE', #1324, #970 ) ;
#2259 = SURFACE_STYLE_USAGE ( .BOTH. , #614 ) ;
#2260 = CARTESIAN_POINT ( 'NONE',  ( -9.321775633615940748, 0.9999999999999981126, 12.49000000000000199 ) ) ;
#2261 = DIRECTION ( 'NONE',  ( 0.000000000000000000, 0.000000000000000000, 1.000000000000000000 ) ) ;
#2262 = CARTESIAN_POINT ( 'NONE',  ( 9.984999999999997655, 8.673617379884035472E-16, 12.50000000000000000 ) ) ;
#2263 = SURFACE_STYLE_USAGE ( .BOTH. , #1167 ) ;
#2264 = FILL_AREA_STYLE_COLOUR ( '', #1115 ) ;
#2265 = DIRECTION ( 'NONE',  ( 1.000000000000000000, 0.000000000000000000, 0.000000000000000000 ) ) ;
#2266 = EDGE_LOOP ( 'NONE', ( #487, #297, #921, #2067 ) ) ;
#2267 = CARTESIAN_POINT ( 'NONE',  ( -8.274012443320955867, -2.524999999999999023, 0.000000000000000000 ) ) ;
#2268 = ORIENTED_EDGE ( 'NONE', *, *, #2147, .T. ) ;
#2269 = CARTESIAN_POINT ( 'NONE',  ( -6.775000000000003020, 1.245000000000000329, 0.2500000000000000000 ) ) ;
#2270 = EDGE_CURVE ( 'NONE', #664, #1508, #2271, .T. ) ;
#2271 = LINE ( 'NONE', #491, #1303 ) ;
#2272 =( GEOMETRIC_REPRESENTATION_CONTEXT ( 3 ) GLOBAL_UNCERTAINTY_ASSIGNED_CONTEXT ( ( #386 ) ) GLOBAL_UNIT_ASSIGNED_CONTEXT ( ( #1137, #2064, #1689 ) ) REPRESENTATION_CONTEXT ( 'NONE', 'WORKASPACE' ) );
#2273 = ORIENTED_EDGE ( 'NONE', *, *, #1633, .T. ) ;
#2274 = PLANE ( 'NONE',  #793 ) ;
#2275 = EDGE_CURVE ( 'NONE', #820, #1912, #170, .T. ) ;
#2276 = FILL_AREA_STYLE ('',( #1761 ) ) ;
#2277 = ORIENTED_EDGE ( 'NONE', *, *, #803, .F. ) ;
#2278 = FILL_AREA_STYLE ('',( #2218 ) ) ;
#2279 =( GEOMETRIC_REPRESENTATION_CONTEXT ( 3 ) GLOBAL_UNCERTAINTY_ASSIGNED_CONTEXT ( ( #2155 ) ) GLOBAL_UNIT_ASSIGNED_CONTEXT ( ( #1041, #209, #1802 ) ) REPRESENTATION_CONTEXT ( 'NONE', 'WORKASPACE' ) );
#2280 = STYLED_ITEM ( 'NONE', ( #1216 ), #1354 ) ;
#2281 =( NAMED_UNIT ( * ) PLANE_ANGLE_UNIT ( ) SI_UNIT ( $, .RADIAN. ) );
#2282 =( NAMED_UNIT ( * ) PLANE_ANGLE_UNIT ( ) SI_UNIT ( $, .RADIAN. ) );
#2283 = AXIS2_PLACEMENT_3D ( 'NONE', #1666, #53, #1485 ) ;
#2284 = MECHANICAL_DESIGN_GEOMETRIC_PRESENTATION_REPRESENTATION (  '', ( #904 ), #833 ) ;
#2285 = AXIS2_PLACEMENT_3D ( 'NONE', #139, #861, #330 ) ;
#2286 = DIRECTION ( 'NONE',  ( -2.710505431213762071E-16, 1.000000000000000000, 0.000000000000000000 ) ) ;
#2287 = ORIENTED_EDGE ( 'NONE', *, *, #346, .F. ) ;
#2288 = EDGE_CURVE ( 'NONE', #1214, #560, #1559, .T. ) ;
#2289 = COLOUR_RGB ( '',0.2862745098039215508, 0.2862745098039215508, 0.2862745098039215508 ) ;
#2290 = FILL_AREA_STYLE_COLOUR ( '', #2205 ) ;
#2291 = UNCERTAINTY_MEASURE_WITH_UNIT (LENGTH_MEASURE( 1.000000000000000082E-05 ), #1659, 'distance_accuracy_value', 'NONE');
#2292 = AXIS2_PLACEMENT_3D ( 'NONE', #2096, #457, #816 ) ;
#2293 = SURFACE_STYLE_USAGE ( .BOTH. , #1582 ) ;
#2294 = PLANE ( 'NONE',  #1121 ) ;
#2295 = ORIENTED_EDGE ( 'NONE', *, *, #2086, .F. ) ;
#2296 = LINE ( 'NONE', #504, #580 ) ;
#2297 = DIRECTION ( 'NONE',  ( 0.000000000000000000, 1.000000000000000000, 0.000000000000000000 ) ) ;
#2298 = ORIENTED_EDGE ( 'NONE', *, *, #2301, .T. ) ;
#2299 =( NAMED_UNIT ( * ) PLANE_ANGLE_UNIT ( ) SI_UNIT ( $, .RADIAN. ) );
#2300 = ORIENTED_EDGE ( 'NONE', *, *, #1727, .F. ) ;
#2301 = EDGE_CURVE ( 'NONE', #1043, #1969, #728, .T. ) ;
#2302 = EDGE_CURVE ( 'NONE', #800, #1481, #1367, .T. ) ;
#2303 = CARTESIAN_POINT ( 'NONE',  ( -8.984999999999997655, -2.525000000000000355, 12.15000000000000036 ) ) ;
#2304 = SURFACE_STYLE_FILL_AREA ( #252 ) ;
#2305 = LINE ( 'NONE', #1413, #1381 ) ;
#2306 = VECTOR ( 'NONE', #1317, 1000.000000000000000 ) ;
#2307 = DIRECTION ( 'NONE',  ( 3.435095992033281961E-16, 1.000000000000000000, 0.000000000000000000 ) ) ;
#2308 = PRESENTATION_STYLE_ASSIGNMENT (( #155 ) ) ;
#2309 = CARTESIAN_POINT ( 'NONE',  ( 9.984999999999997655, 0.4999999999999998890, 12.15000000000000036 ) ) ;
#2310 = DIRECTION ( 'NONE',  ( -0.000000000000000000, -0.000000000000000000, 1.000000000000000000 ) ) ;
#2311 = SURFACE_SIDE_STYLE ('',( #2160 ) ) ;
#2312 = ORIENTED_EDGE ( 'NONE', *, *, #169, .F. ) ;
#2313 = DIRECTION ( 'NONE',  ( -0.000000000000000000, -1.000000000000000000, -0.000000000000000000 ) ) ;
#2314 = VERTEX_POINT ( 'NONE', #1024 ) ;
#2315 = DIRECTION ( 'NONE',  ( -1.000000000000000000, 0.000000000000000000, 0.000000000000000000 ) ) ;
#2316 = VERTEX_POINT ( 'NONE', #676 ) ;
#2317 = CARTESIAN_POINT ( 'NONE',  ( 8.264999999999997016, 1.114999999999999991, -3.299999999999999822 ) ) ;
#2318 =( NAMED_UNIT ( * ) PLANE_ANGLE_UNIT ( ) SI_UNIT ( $, .RADIAN. ) );
#2319 = UNCERTAINTY_MEASURE_WITH_UNIT (LENGTH_MEASURE( 1.000000000000000082E-05 ), #2001, 'distance_accuracy_value', 'NONE');
#2320 = SURFACE_SIDE_STYLE ('',( #1230 ) ) ;
#2321 = LINE ( 'NONE', #1088, #1920 ) ;
#2322 = CARTESIAN_POINT ( 'NONE',  ( -9.984999999999997655, -2.525000000000000355, 0.2500000000000000000 ) ) ;
#2323 = ADVANCED_FACE ( 'NONE', ( #842 ), #1906, .F. ) ;
#2324 = PLANE ( 'NONE',  #1187 ) ;
#2325 = SURFACE_STYLE_USAGE ( .BOTH. , #1768 ) ;
#2326 = DIRECTION ( 'NONE',  ( 1.000000000000000000, 0.000000000000000000, 0.000000000000000000 ) ) ;
#2327 =( NAMED_UNIT ( * ) PLANE_ANGLE_UNIT ( ) SI_UNIT ( $, .RADIAN. ) );
#2328 = STYLED_ITEM ( 'NONE', ( #1289 ), #837 ) ;
#2329 = FILL_AREA_STYLE_COLOUR ( '', #1340 ) ;
#2330 =( GEOMETRIC_REPRESENTATION_CONTEXT ( 3 ) GLOBAL_UNCERTAINTY_ASSIGNED_CONTEXT ( ( #583 ) ) GLOBAL_UNIT_ASSIGNED_CONTEXT ( ( #1572, #82, #1146 ) ) REPRESENTATION_CONTEXT ( 'NONE', 'WORKASPACE' ) );
#2331 = VECTOR ( 'NONE', #627, 1000.000000000000000 ) ;
#2332 = PRESENTATION_LAYER_ASSIGNMENT (  '', '', ( #1118 ) ) ;
#2333 = AXIS2_PLACEMENT_3D ( 'NONE', #1786, #2122, #2315 ) ;
#2334 = VECTOR ( 'NONE', #1949, 1000.000000000000000 ) ;
#2335 = FACE_OUTER_BOUND ( 'NONE', #998, .T. ) ;
#2336 = FACE_OUTER_BOUND ( 'NONE', #57, .T. ) ;
#2337 = MECHANICAL_DESIGN_GEOMETRIC_PRESENTATION_REPRESENTATION (  '', ( #1015 ), #75 ) ;
#2338 = LINE ( 'NONE', #1245, #682 ) ;
ENDSEC;
END-ISO-10303-21;
