ISO-10303-21;
HEADER;
FILE_DESCRIPTION (( 'STEP AP214' ),
    '1' );
FILE_NAME ('L150-18705024000H0.STEP',
    '2025-02-10T06:45:31',
    ( '' ),
    ( '' ),
    'SwSTEP 2.0',
    'SolidWorks 2024',
    '' );
FILE_SCHEMA (( 'AUTOMOTIVE_DESIGN' ));
ENDSEC;

DATA;
#1 =( NAMED_UNIT ( * ) SI_UNIT ( $, .STERADIAN. ) SOLID_ANGLE_UNIT ( ) );
#2 = DIRECTION ( 'NONE',  ( 1.000000000000000000, -0.000000000000000000, -0.000000000000000000 ) ) ;
#3 = CARTESIAN_POINT ( 'NONE',  ( 0.2999999999999997113, -2.009999999999999787, -0.7220000000000000862 ) ) ;
#4 = VERTEX_POINT ( 'NONE', #258 ) ;
#5 = DIRECTION ( 'NONE',  ( 0.000000000000000000, -1.000000000000000000, 0.000000000000000000 ) ) ;
#6 = EDGE_CURVE ( 'NONE', #1230, #403, #2065, .T. ) ;
#7 = VERTEX_POINT ( 'NONE', #643 ) ;
#8 = CIRCLE ( 'NONE', #77, 0.08999999999999980238 ) ;
#9 = SURFACE_SIDE_STYLE ('',( #1597 ) ) ;
#10 = DIRECTION ( 'NONE',  ( 1.000000000000000000, 0.000000000000000000, 0.000000000000000000 ) ) ;
#11 =( NAMED_UNIT ( * ) SI_UNIT ( $, .STERADIAN. ) SOLID_ANGLE_UNIT ( ) );
#12 = VERTEX_POINT ( 'NONE', #599 ) ;
#13 = DIRECTION ( 'NONE',  ( -0.000000000000000000, -0.000000000000000000, 1.000000000000000000 ) ) ;
#14 = FILL_AREA_STYLE_COLOUR ( '', #2251 ) ;
#15 = ORIENTED_EDGE ( 'NONE', *, *, #1991, .T. ) ;
#16 = PRESENTATION_LAYER_ASSIGNMENT (  '', '', ( #1011 ) ) ;
#17 = STYLED_ITEM ( 'NONE', ( #925 ), #1097 ) ;
#18 =( NAMED_UNIT ( * ) SI_UNIT ( $, .STERADIAN. ) SOLID_ANGLE_UNIT ( ) );
#19 =( NAMED_UNIT ( * ) SI_UNIT ( $, .STERADIAN. ) SOLID_ANGLE_UNIT ( ) );
#20 = AXIS2_PLACEMENT_3D ( 'NONE', #646, #433, #1300 ) ;
#21 =( GEOMETRIC_REPRESENTATION_CONTEXT ( 3 ) GLOBAL_UNCERTAINTY_ASSIGNED_CONTEXT ( ( #2232 ) ) GLOBAL_UNIT_ASSIGNED_CONTEXT ( ( #2059, #1696, #1141 ) ) REPRESENTATION_CONTEXT ( 'NONE', 'WORKASPACE' ) );
#22 = ORIENTED_EDGE ( 'NONE', *, *, #2125, .F. ) ;
#23 = PLANE ( 'NONE',  #414 ) ;
#24 = DIRECTION ( 'NONE',  ( 1.000000000000000000, 0.000000000000000000, 0.000000000000000000 ) ) ;
#25 =( LENGTH_UNIT ( ) NAMED_UNIT ( * ) SI_UNIT ( .MILLI., .METRE. ) );
#26 = EDGE_LOOP ( 'NONE', ( #1894, #2153, #374, #540 ) ) ;
#27 = EDGE_CURVE ( 'NONE', #955, #776, #654, .T. ) ;
#28 = STYLED_ITEM ( 'NONE', ( #1881 ), #1331 ) ;
#29 = LINE ( 'NONE', #1095, #70 ) ;
#30 = SURFACE_SIDE_STYLE ('',( #753 ) ) ;
#31 = ORIENTED_EDGE ( 'NONE', *, *, #1158, .F. ) ;
#32 = SURFACE_STYLE_USAGE ( .BOTH. , #1939 ) ;
#33 =( NAMED_UNIT ( * ) SI_UNIT ( $, .STERADIAN. ) SOLID_ANGLE_UNIT ( ) );
#34 = DIRECTION ( 'NONE',  ( -1.000000000000000000, 0.000000000000000000, 0.000000000000000000 ) ) ;
#35 = ORIENTED_EDGE ( 'NONE', *, *, #67, .F. ) ;
#36 = ADVANCED_FACE ( 'NONE', ( #1887 ), #799, .F. ) ;
#37 = ORIENTED_EDGE ( 'NONE', *, *, #360, .F. ) ;
#38 = PRESENTATION_LAYER_ASSIGNMENT (  '', '', ( #1559 ) ) ;
#39 =( NAMED_UNIT ( * ) PLANE_ANGLE_UNIT ( ) SI_UNIT ( $, .RADIAN. ) );
#40 =( NAMED_UNIT ( * ) SI_UNIT ( $, .STERADIAN. ) SOLID_ANGLE_UNIT ( ) );
#41 = ORIENTED_EDGE ( 'NONE', *, *, #1164, .T. ) ;
#42 = SURFACE_STYLE_USAGE ( .BOTH. , #1828 ) ;
#43 = FACE_OUTER_BOUND ( 'NONE', #329, .T. ) ;
#44 = EDGE_CURVE ( 'NONE', #2056, #981, #49, .T. ) ;
#45 = PLANE ( 'NONE',  #20 ) ;
#46 = EDGE_LOOP ( 'NONE', ( #658, #488, #933, #652 ) ) ;
#47 = CARTESIAN_POINT ( 'NONE',  ( -0.3899999999999996247, 0.3278719262151000291, -0.7220000000000000862 ) ) ;
#48 = MECHANICAL_DESIGN_GEOMETRIC_PRESENTATION_REPRESENTATION (  '', ( #742 ), #1143 ) ;
#49 = CIRCLE ( 'NONE', #1256, 0.08999999999999985789 ) ;
#50 = ORIENTED_EDGE ( 'NONE', *, *, #64, .F. ) ;
#51 = VECTOR ( 'NONE', #2085, 1000.000000000000000 ) ;
#52 =( GEOMETRIC_REPRESENTATION_CONTEXT ( 3 ) GLOBAL_UNCERTAINTY_ASSIGNED_CONTEXT ( ( #444 ) ) GLOBAL_UNIT_ASSIGNED_CONTEXT ( ( #1464, #1805, #1279 ) ) REPRESENTATION_CONTEXT ( 'NONE', 'WORKASPACE' ) );
#53 = DIRECTION ( 'NONE',  ( -0.000000000000000000, -1.000000000000000000, -0.000000000000000000 ) ) ;
#54 = EDGE_CURVE ( 'NONE', #1365, #897, #1572, .T. ) ;
#55 = ORIENTED_EDGE ( 'NONE', *, *, #1344, .F. ) ;
#56 = CARTESIAN_POINT ( 'NONE',  ( -2.250000000000000444, 1.749999999999996003, -0.1000000000000000056 ) ) ;
#57 =( GEOMETRIC_REPRESENTATION_CONTEXT ( 3 ) GLOBAL_UNCERTAINTY_ASSIGNED_CONTEXT ( ( #1902 ) ) GLOBAL_UNIT_ASSIGNED_CONTEXT ( ( #410, #768, #84 ) ) REPRESENTATION_CONTEXT ( 'NONE', 'WORKASPACE' ) );
#58 = FACE_OUTER_BOUND ( 'NONE', #1047, .T. ) ;
#59 = COLOUR_RGB ( '',0.6313725490196078205, 0.6588235294117646967, 0.6784313725490196401 ) ;
#60 = ORIENTED_EDGE ( 'NONE', *, *, #170, .T. ) ;
#61 = DIRECTION ( 'NONE',  ( 0.000000000000000000, 0.000000000000000000, -1.000000000000000000 ) ) ;
#62 = EDGE_CURVE ( 'NONE', #860, #897, #1698, .T. ) ;
#63 = STYLED_ITEM ( 'NONE', ( #1661 ), #36 ) ;
#64 = EDGE_CURVE ( 'NONE', #397, #248, #1715, .T. ) ;
#65 = CARTESIAN_POINT ( 'NONE',  ( 2.500000000000000000, -2.500000000000000000, -0.7200000000000000844 ) ) ;
#66 =( NAMED_UNIT ( * ) PLANE_ANGLE_UNIT ( ) SI_UNIT ( $, .RADIAN. ) );
#67 = EDGE_CURVE ( 'NONE', #1054, #2291, #79, .T. ) ;
#68 = ORIENTED_EDGE ( 'NONE', *, *, #1585, .T. ) ;
#69 = FACE_OUTER_BOUND ( 'NONE', #1172, .T. ) ;
#70 = VECTOR ( 'NONE', #713, 1000.000000000000000 ) ;
#71 = FACE_OUTER_BOUND ( 'NONE', #851, .T. ) ;
#72 = CARTESIAN_POINT ( 'NONE',  ( 0.3899999999999995692, 2.010000000000000675, -0.7220000000000000862 ) ) ;
#73 = VERTEX_POINT ( 'NONE', #90 ) ;
#74 = UNCERTAINTY_MEASURE_WITH_UNIT (LENGTH_MEASURE( 1.000000000000000082E-05 ), #25, 'distance_accuracy_value', 'NONE');
#75 = FILL_AREA_STYLE ('',( #949 ) ) ;
#76 = SURFACE_SIDE_STYLE ('',( #1120 ) ) ;
#77 = AXIS2_PLACEMENT_3D ( 'NONE', #735, #693, #1442 ) ;
#78 = COLOUR_RGB ( '',0.6313725490196078205, 0.6588235294117646967, 0.6784313725490196401 ) ;
#79 = LINE ( 'NONE', #1485, #1045 ) ;
#80 = LINE ( 'NONE', #1129, #1104 ) ;
#81 = AXIS2_PLACEMENT_3D ( 'NONE', #1531, #1134, #983 ) ;
#82 = FILL_AREA_STYLE ('',( #1701 ) ) ;
#83 = VERTEX_POINT ( 'NONE', #365 ) ;
#84 =( NAMED_UNIT ( * ) SI_UNIT ( $, .STERADIAN. ) SOLID_ANGLE_UNIT ( ) );
#85 = FILL_AREA_STYLE ('',( #1303 ) ) ;
#86 = DIRECTION ( 'NONE',  ( 0.000000000000000000, 0.000000000000000000, -1.000000000000000000 ) ) ;
#87 = DIRECTION ( 'NONE',  ( 1.000000000000000000, 0.000000000000000000, 0.000000000000000000 ) ) ;
#88 = FILL_AREA_STYLE_COLOUR ( '', #2008 ) ;
#89 = AXIS2_PLACEMENT_3D ( 'NONE', #1707, #970, #819 ) ;
#90 = CARTESIAN_POINT ( 'NONE',  ( -2.500000000000000000, -2.500000000000000000, -0.7200000000000000844 ) ) ;
#91 = PLANE ( 'NONE',  #1173 ) ;
#92 = DIRECTION ( 'NONE',  ( 1.000000000000000000, 0.000000000000000000, 0.000000000000000000 ) ) ;
#93 = COLOUR_RGB ( '',0.6313725490196078205, 0.6588235294117646967, 0.6784313725490196401 ) ;
#94 =( NAMED_UNIT ( * ) SI_UNIT ( $, .STERADIAN. ) SOLID_ANGLE_UNIT ( ) );
#95 = VECTOR ( 'NONE', #107, 1000.000000000000000 ) ;
#96 = ORIENTED_EDGE ( 'NONE', *, *, #308, .F. ) ;
#97 = FILL_AREA_STYLE ('',( #1302 ) ) ;
#98 = UNCERTAINTY_MEASURE_WITH_UNIT (LENGTH_MEASURE( 1.000000000000000082E-05 ), #587, 'distance_accuracy_value', 'NONE');
#99 = AXIS2_PLACEMENT_3D ( 'NONE', #1029, #2230, #1742 ) ;
#100 = LINE ( 'NONE', #1866, #392 ) ;
#101 = EDGE_CURVE ( 'NONE', #576, #1776, #699, .T. ) ;
#102 = EDGE_LOOP ( 'NONE', ( #1403, #2150, #1259, #1336 ) ) ;
#103 = DIRECTION ( 'NONE',  ( -0.000000000000000000, 0.000000000000000000, -1.000000000000000000 ) ) ;
#104 = EDGE_LOOP ( 'NONE', ( #60, #1650, #831, #2093 ) ) ;
#105 = DIRECTION ( 'NONE',  ( -0.000000000000000000, -0.000000000000000000, 1.000000000000000000 ) ) ;
#106 = FILL_AREA_STYLE ('',( #1324 ) ) ;
#107 = DIRECTION ( 'NONE',  ( 1.000000000000000000, 0.000000000000000000, 0.000000000000000000 ) ) ;
#108 = EDGE_LOOP ( 'NONE', ( #1330, #1616, #2176, #1146 ) ) ;
#109 = DIRECTION ( 'NONE',  ( -0.000000000000000000, -0.000000000000000000, 1.000000000000000000 ) ) ;
#110 = ORIENTED_EDGE ( 'NONE', *, *, #964, .T. ) ;
#111 = EDGE_CURVE ( 'NONE', #1098, #223, #561, .T. ) ;
#112 = CARTESIAN_POINT ( 'NONE',  ( -2.500000000000000000, -8.673617379884039416E-16, -0.09000000000000002442 ) ) ;
#113 = APPLICATION_PROTOCOL_DEFINITION ( 'draft international standard', 'automotive_design', 1998, #1729 ) ;
#114 = FILL_AREA_STYLE ('',( #2033 ) ) ;
#115 = LINE ( 'NONE', #1674, #454 ) ;
#116 =( GEOMETRIC_REPRESENTATION_CONTEXT ( 3 ) GLOBAL_UNCERTAINTY_ASSIGNED_CONTEXT ( ( #921 ) ) GLOBAL_UNIT_ASSIGNED_CONTEXT ( ( #1637, #752, #1278 ) ) REPRESENTATION_CONTEXT ( 'NONE', 'WORKASPACE' ) );
#117 = COLOUR_RGB ( '',0.6313725490196078205, 0.6588235294117646967, 0.6784313725490196401 ) ;
#118 = AXIS2_PLACEMENT_3D ( 'NONE', #1348, #1874, #1166 ) ;
#119 = DIRECTION ( 'NONE',  ( 1.000000000000000000, 0.000000000000000000, 0.000000000000000000 ) ) ;
#120 = ORIENTED_EDGE ( 'NONE', *, *, #458, .T. ) ;
#121 = DIRECTION ( 'NONE',  ( -1.000000000000000000, 0.000000000000000000, 0.000000000000000000 ) ) ;
#122 = ADVANCED_FACE ( 'NONE', ( #1919 ), #504, .F. ) ;
#123 = ORIENTED_EDGE ( 'NONE', *, *, #1447, .T. ) ;
#124 = CARTESIAN_POINT ( 'NONE',  ( -2.500000000000000000, 2.500000000000000000, -0.7200000000000000844 ) ) ;
#125 = FILL_AREA_STYLE_COLOUR ( '', #1521 ) ;
#126 = MECHANICAL_DESIGN_GEOMETRIC_PRESENTATION_REPRESENTATION (  '', ( #2124 ), #1724 ) ;
#127 = DIRECTION ( 'NONE',  ( -0.000000000000000000, -0.000000000000000000, 1.000000000000000000 ) ) ;
#128 = EDGE_CURVE ( 'NONE', #2110, #1548, #325, .T. ) ;
#129 = ORIENTED_EDGE ( 'NONE', *, *, #544, .F. ) ;
#130 =( LENGTH_UNIT ( ) NAMED_UNIT ( * ) SI_UNIT ( .MILLI., .METRE. ) );
#131 = ORIENTED_EDGE ( 'NONE', *, *, #2105, .T. ) ;
#132 = AXIS2_PLACEMENT_3D ( 'NONE', #72, #1615, #408 ) ;
#133 = VECTOR ( 'NONE', #974, 1000.000000000000000 ) ;
#134 = PRESENTATION_STYLE_ASSIGNMENT (( #1174 ) ) ;
#135 = PRESENTATION_STYLE_ASSIGNMENT (( #481 ) ) ;
#136 =( GEOMETRIC_REPRESENTATION_CONTEXT ( 3 ) GLOBAL_UNCERTAINTY_ASSIGNED_CONTEXT ( ( #1170 ) ) GLOBAL_UNIT_ASSIGNED_CONTEXT ( ( #1052, #891, #497 ) ) REPRESENTATION_CONTEXT ( 'NONE', 'WORKASPACE' ) );
#137 = CARTESIAN_POINT ( 'NONE',  ( -2.500000000000000000, -2.500000000000000000, -0.09000000000000002442 ) ) ;
#138 = DIRECTION ( 'NONE',  ( 0.000000000000000000, 0.000000000000000000, 1.000000000000000000 ) ) ;
#139 = ORIENTED_EDGE ( 'NONE', *, *, #2032, .T. ) ;
#140 = DIRECTION ( 'NONE',  ( 0.000000000000000000, 0.000000000000000000, -1.000000000000000000 ) ) ;
#141 = UNCERTAINTY_MEASURE_WITH_UNIT (LENGTH_MEASURE( 1.000000000000000082E-05 ), #323, 'distance_accuracy_value', 'NONE');
#142 = DIRECTION ( 'NONE',  ( 1.000000000000000000, 0.000000000000000000, 0.000000000000000000 ) ) ;
#143 = ORIENTED_EDGE ( 'NONE', *, *, #347, .T. ) ;
#144 =( NAMED_UNIT ( * ) PLANE_ANGLE_UNIT ( ) SI_UNIT ( $, .RADIAN. ) );
#145 = DIRECTION ( 'NONE',  ( 1.000000000000000000, 0.000000000000000000, -0.000000000000000000 ) ) ;
#146 = FACE_BOUND ( 'NONE', #621, .T. ) ;
#147 = VERTEX_POINT ( 'NONE', #1564 ) ;
#148 = LINE ( 'NONE', #681, #2097 ) ;
#149 = EDGE_CURVE ( 'NONE', #507, #1787, #1276, .T. ) ;
#150 = CARTESIAN_POINT ( 'NONE',  ( 1.539999999999999591, 2.010000000000000675, -0.7220000000000000862 ) ) ;
#151 = MECHANICAL_DESIGN_GEOMETRIC_PRESENTATION_REPRESENTATION (  '', ( #1559 ), #344 ) ;
#152 = CARTESIAN_POINT ( 'NONE',  ( -1.749999999999996891, -2.250000000000000444, -0.1000000000000000056 ) ) ;
#153 = VERTEX_POINT ( 'NONE', #1771 ) ;
#154 = MECHANICAL_DESIGN_GEOMETRIC_PRESENTATION_REPRESENTATION (  '', ( #1140 ), #1929 ) ;
#155 = CARTESIAN_POINT ( 'NONE',  ( -1.539999999999999147, -2.100000000000000089, -0.7220000000000000862 ) ) ;
#156 = VECTOR ( 'NONE', #2253, 1000.000000000000000 ) ;
#157 = DIRECTION ( 'NONE',  ( 1.000000000000000000, 0.000000000000000000, 0.000000000000000000 ) ) ;
#158 = LINE ( 'NONE', #1235, #1635 ) ;
#159 = STYLED_ITEM ( 'NONE', ( #797 ), #396 ) ;
#160 = VECTOR ( 'NONE', #1587, 1000.000000000000000 ) ;
#161 = ORIENTED_EDGE ( 'NONE', *, *, #2206, .T. ) ;
#162 =( NAMED_UNIT ( * ) PLANE_ANGLE_UNIT ( ) SI_UNIT ( $, .RADIAN. ) );
#163 = LINE ( 'NONE', #862, #515 ) ;
#164 = CARTESIAN_POINT ( 'NONE',  ( -2.500000000000000000, 0.000000000000000000, 0.000000000000000000 ) ) ;
#165 = VERTEX_POINT ( 'NONE', #171 ) ;
#166 = STYLED_ITEM ( 'NONE', ( #422 ), #1711 ) ;
#167 = DIRECTION ( 'NONE',  ( 0.000000000000000000, 0.000000000000000000, 1.000000000000000000 ) ) ;
#168 = MECHANICAL_DESIGN_GEOMETRIC_PRESENTATION_REPRESENTATION (  '', ( #320 ), #2058 ) ;
#169 = AXIS2_PLACEMENT_3D ( 'NONE', #1770, #1416, #879 ) ;
#170 = EDGE_CURVE ( 'NONE', #696, #1776, #290, .T. ) ;
#171 = CARTESIAN_POINT ( 'NONE',  ( -1.629999999999999671, 2.000000000000000444, -0.7220000000000000862 ) ) ;
#172 = FILL_AREA_STYLE_COLOUR ( '', #810 ) ;
#173 = DIRECTION ( 'NONE',  ( 1.203706215242021970E-31, 0.000000000000000000, -1.000000000000000000 ) ) ;
#174 = ORIENTED_EDGE ( 'NONE', *, *, #1951, .F. ) ;
#175 = LINE ( 'NONE', #1226, #978 ) ;
#176 = ORIENTED_EDGE ( 'NONE', *, *, #1461, .T. ) ;
#177 = AXIS2_PLACEMENT_3D ( 'NONE', #894, #1790, #2158 ) ;
#178 = CARTESIAN_POINT ( 'NONE',  ( 1.749999999999996003, -2.250000000000000444, 0.000000000000000000 ) ) ;
#179 = FILL_AREA_STYLE ('',( #1897 ) ) ;
#180 = CARTESIAN_POINT ( 'NONE',  ( -0.3900000000000002354, -2.100000000000000089, -0.7200000000000000844 ) ) ;
#181 = ORIENTED_EDGE ( 'NONE', *, *, #1714, .T. ) ;
#182 =( NAMED_UNIT ( * ) SI_UNIT ( $, .STERADIAN. ) SOLID_ANGLE_UNIT ( ) );
#183 = LINE ( 'NONE', #152, #907 ) ;
#184 = ORIENTED_EDGE ( 'NONE', *, *, #1050, .F. ) ;
#185 = VECTOR ( 'NONE', #1281, 1000.000000000000000 ) ;
#186 = MECHANICAL_DESIGN_GEOMETRIC_PRESENTATION_REPRESENTATION (  '', ( #585 ), #1481 ) ;
#187 = VECTOR ( 'NONE', #2268, 1000.000000000000000 ) ;
#188 =( NAMED_UNIT ( * ) PLANE_ANGLE_UNIT ( ) SI_UNIT ( $, .RADIAN. ) );
#189 = LINE ( 'NONE', #210, #2173 ) ;
#190 = LINE ( 'NONE', #1396, #1290 ) ;
#191 = STYLED_ITEM ( 'NONE', ( #548 ), #1075 ) ;
#192 = ORIENTED_EDGE ( 'NONE', *, *, #228, .T. ) ;
#193 = CARTESIAN_POINT ( 'NONE',  ( 1.629999999999999671, -2.009999999999999787, -0.7220000000000000862 ) ) ;
#194 = FILL_AREA_STYLE_COLOUR ( '', #1786 ) ;
#195 = SURFACE_STYLE_FILL_AREA ( #1238 ) ;
#196 = ORIENTED_EDGE ( 'NONE', *, *, #948, .F. ) ;
#197 =( GEOMETRIC_REPRESENTATION_CONTEXT ( 3 ) GLOBAL_UNCERTAINTY_ASSIGNED_CONTEXT ( ( #2205 ) ) GLOBAL_UNIT_ASSIGNED_CONTEXT ( ( #1043, #1586, #311 ) ) REPRESENTATION_CONTEXT ( 'NONE', 'WORKASPACE' ) );
#198 = AXIS2_PLACEMENT_3D ( 'NONE', #1672, #1686, #2060 ) ;
#199 = LINE ( 'NONE', #945, #1800 ) ;
#200 = AXIS2_PLACEMENT_3D ( 'NONE', #560, #1283, #1261 ) ;
#201 = DIRECTION ( 'NONE',  ( 1.000000000000000000, 0.000000000000000000, 0.000000000000000000 ) ) ;
#202 =( LENGTH_UNIT ( ) NAMED_UNIT ( * ) SI_UNIT ( .MILLI., .METRE. ) );
#203 = STYLED_ITEM ( 'NONE', ( #1925 ), #1813 ) ;
#204 = VECTOR ( 'NONE', #1253, 1000.000000000000000 ) ;
#205 = EDGE_LOOP ( 'NONE', ( #1655, #2119, #1280, #872 ) ) ;
#206 = DIRECTION ( 'NONE',  ( -0.000000000000000000, -0.000000000000000000, 1.000000000000000000 ) ) ;
#207 = FACE_BOUND ( 'NONE', #966, .T. ) ;
#208 = ORIENTED_EDGE ( 'NONE', *, *, #923, .F. ) ;
#209 = UNCERTAINTY_MEASURE_WITH_UNIT (LENGTH_MEASURE( 1.000000000000000082E-05 ), #1400, 'distance_accuracy_value', 'NONE');
#210 = CARTESIAN_POINT ( 'NONE',  ( -0.2999999999999996003, -2.009999999999999787, -0.7220000000000000862 ) ) ;
#211 = CARTESIAN_POINT ( 'NONE',  ( 1.629999999999999671, -2.009999999999999787, -0.7220000000000000862 ) ) ;
#212 = ORIENTED_EDGE ( 'NONE', *, *, #1471, .T. ) ;
#213 = CARTESIAN_POINT ( 'NONE',  ( -2.250000000000000444, -1.750000000000000222, 0.000000000000000000 ) ) ;
#214 = DIRECTION ( 'NONE',  ( -0.000000000000000000, -1.000000000000000000, -0.000000000000000000 ) ) ;
#215 = ADVANCED_FACE ( 'NONE', ( #2075 ), #1015, .F. ) ;
#216 = ORIENTED_EDGE ( 'NONE', *, *, #911, .F. ) ;
#217 = CIRCLE ( 'NONE', #622, 0.5000000000000000000 ) ;
#218 = MECHANICAL_DESIGN_GEOMETRIC_PRESENTATION_REPRESENTATION (  '', ( #808 ), #1518 ) ;
#219 = AXIS2_PLACEMENT_3D ( 'NONE', #614, #628, #1511 ) ;
#220 = CARTESIAN_POINT ( 'NONE',  ( 0.3900000000000002354, -2.100000000000000089, -0.7200000000000000844 ) ) ;
#221 = DIRECTION ( 'NONE',  ( 1.000000000000000000, 0.000000000000000000, 0.000000000000000000 ) ) ;
#222 = DIRECTION ( 'NONE',  ( -0.000000000000000000, 0.000000000000000000, 1.000000000000000000 ) ) ;
#223 = VERTEX_POINT ( 'NONE', #1277 ) ;
#224 = DIRECTION ( 'NONE',  ( -1.000000000000000000, 0.000000000000000000, 0.000000000000000000 ) ) ;
#225 = FILL_AREA_STYLE ('',( #1297 ) ) ;
#226 = ORIENTED_EDGE ( 'NONE', *, *, #688, .F. ) ;
#227 = DIRECTION ( 'NONE',  ( -0.000000000000000000, -0.000000000000000000, 1.000000000000000000 ) ) ;
#228 = EDGE_CURVE ( 'NONE', #346, #1787, #29, .T. ) ;
#229 = EDGE_CURVE ( 'NONE', #2155, #1365, #1418, .T. ) ;
#230 = STYLED_ITEM ( 'NONE', ( #1737 ), #399 ) ;
#231 = EDGE_LOOP ( 'NONE', ( #886, #123, #1356, #1827, #1314, #2294, #2071, #522, #943, #494, #1916, #1960, #212, #568 ) ) ;
#232 = ADVANCED_FACE ( 'NONE', ( #1994 ), #1086, .F. ) ;
#233 = CARTESIAN_POINT ( 'NONE',  ( 2.063842432553107731, 2.029632893018038509, -0.7220000000000000862 ) ) ;
#234 = CARTESIAN_POINT ( 'NONE',  ( -0.3899999999999995692, 2.010000000000000675, -0.7220000000000000862 ) ) ;
#235 = EDGE_CURVE ( 'NONE', #1161, #1019, #575, .T. ) ;
#236 = EDGE_LOOP ( 'NONE', ( #467, #282, #315, #1690, #729, #1041, #332, #609 ) ) ;
#237 = MECHANICAL_DESIGN_GEOMETRIC_PRESENTATION_REPRESENTATION (  '', ( #2017 ), #1018 ) ;
#238 = CARTESIAN_POINT ( 'NONE',  ( -0.3900000000000002354, -2.100000000000000089, -0.7220000000000000862 ) ) ;
#239 = SURFACE_SIDE_STYLE ('',( #195 ) ) ;
#240 = EDGE_LOOP ( 'NONE', ( #1182, #680, #208, #1274 ) ) ;
#241 = CARTESIAN_POINT ( 'NONE',  ( -1.629999999999999449, -2.000000000000000444, -0.7220000000000000862 ) ) ;
#242 =( NAMED_UNIT ( * ) PLANE_ANGLE_UNIT ( ) SI_UNIT ( $, .RADIAN. ) );
#243 = DIRECTION ( 'NONE',  ( 1.000000000000000000, 0.000000000000000000, 0.000000000000000000 ) ) ;
#244 = EDGE_LOOP ( 'NONE', ( #1343, #1291, #35, #2165 ) ) ;
#245 = DIRECTION ( 'NONE',  ( -0.000000000000000000, 1.000000000000000000, 0.000000000000000000 ) ) ;
#246 = SURFACE_STYLE_FILL_AREA ( #225 ) ;
#247 = CARTESIAN_POINT ( 'NONE',  ( 1.629999999999999671, 2.000000000000000444, -0.7200000000000000844 ) ) ;
#248 = VERTEX_POINT ( 'NONE', #1462 ) ;
#249 = SURFACE_STYLE_FILL_AREA ( #97 ) ;
#250 =( LENGTH_UNIT ( ) NAMED_UNIT ( * ) SI_UNIT ( .MILLI., .METRE. ) );
#251 = PLANE ( 'NONE',  #1903 ) ;
#252 = ORIENTED_EDGE ( 'NONE', *, *, #308, .T. ) ;
#253 = DIRECTION ( 'NONE',  ( -0.000000000000000000, 0.000000000000000000, -1.000000000000000000 ) ) ;
#254 = DIRECTION ( 'NONE',  ( -0.000000000000000000, -0.000000000000000000, 1.000000000000000000 ) ) ;
#255 = CARTESIAN_POINT ( 'NONE',  ( -1.749999999999996891, 2.249999999999999556, -0.1000000000000000056 ) ) ;
#256 = VECTOR ( 'NONE', #1323, 1000.000000000000000 ) ;
#257 = AXIS2_PLACEMENT_3D ( 'NONE', #564, #254, #221 ) ;
#258 = CARTESIAN_POINT ( 'NONE',  ( -0.2999999999999996003, 2.009999999999999787, -0.7200000000000000844 ) ) ;
#259 = CARTESIAN_POINT ( 'NONE',  ( 2.059999999999999609, 1.504793690430927589, -0.7220000000000000862 ) ) ;
#260 = CARTESIAN_POINT ( 'NONE',  ( 2.059999999999999609, -1.504793690430927589, -0.7200000000000000844 ) ) ;
#261 = EDGE_CURVE ( 'NONE', #439, #1746, #2261, .T. ) ;
#262 = CARTESIAN_POINT ( 'NONE',  ( 1.749999999999999334, -1.750000000000000222, -0.1000000000000000056 ) ) ;
#263 = ORIENTED_EDGE ( 'NONE', *, *, #1118, .F. ) ;
#264 =( NAMED_UNIT ( * ) PLANE_ANGLE_UNIT ( ) SI_UNIT ( $, .RADIAN. ) );
#265 = VERTEX_POINT ( 'NONE', #1233 ) ;
#266 = STYLED_ITEM ( 'NONE', ( #134 ), #448 ) ;
#267 =( GEOMETRIC_REPRESENTATION_CONTEXT ( 3 ) GLOBAL_UNCERTAINTY_ASSIGNED_CONTEXT ( ( #969 ) ) GLOBAL_UNIT_ASSIGNED_CONTEXT ( ( #2024, #2061, #271 ) ) REPRESENTATION_CONTEXT ( 'NONE', 'WORKASPACE' ) );
#268 = LINE ( 'NONE', #112, #133 ) ;
#269 = DIRECTION ( 'NONE',  ( -0.000000000000000000, -0.000000000000000000, 1.000000000000000000 ) ) ;
#270 = PRESENTATION_LAYER_ASSIGNMENT (  '', '', ( #1974 ) ) ;
#271 =( NAMED_UNIT ( * ) SI_UNIT ( $, .STERADIAN. ) SOLID_ANGLE_UNIT ( ) );
#272 = LINE ( 'NONE', #2034, #1478 ) ;
#273 = CARTESIAN_POINT ( 'NONE',  ( 1.539999999999999591, -2.010000000000000675, -0.7220000000000000862 ) ) ;
#274 = CARTESIAN_POINT ( 'NONE',  ( 0.3900000000000002354, 2.100000000000000089, -0.7220000000000000862 ) ) ;
#275 = ORIENTED_EDGE ( 'NONE', *, *, #2005, .T. ) ;
#276 = LINE ( 'NONE', #982, #1834 ) ;
#277 = EDGE_CURVE ( 'NONE', #478, #381, #2168, .T. ) ;
#278 = UNCERTAINTY_MEASURE_WITH_UNIT (LENGTH_MEASURE( 1.000000000000000082E-05 ), #1691, 'distance_accuracy_value', 'NONE');
#279 = CIRCLE ( 'NONE', #2286, 0.5000000000000000000 ) ;
#280 = STYLED_ITEM ( 'NONE', ( #618 ), #641 ) ;
#281 = CARTESIAN_POINT ( 'NONE',  ( -0.3899999999999995692, -2.010000000000000675, -0.7220000000000000862 ) ) ;
#282 = ORIENTED_EDGE ( 'NONE', *, *, #1292, .T. ) ;
#283 = DIRECTION ( 'NONE',  ( 0.000000000000000000, -1.000000000000000000, 0.000000000000000000 ) ) ;
#284 =( LENGTH_UNIT ( ) NAMED_UNIT ( * ) SI_UNIT ( .MILLI., .METRE. ) );
#285 = EDGE_CURVE ( 'NONE', #2044, #4, #1985, .T. ) ;
#286 = CARTESIAN_POINT ( 'NONE',  ( -0.3899999999999995692, -2.010000000000000675, -0.7200000000000000844 ) ) ;
#287 = CARTESIAN_POINT ( 'NONE',  ( -0.2999999999999996003, -0.3278719262151000291, -0.7200000000000000844 ) ) ;
#288 = DIRECTION ( 'NONE',  ( 0.000000000000000000, 0.000000000000000000, -1.000000000000000000 ) ) ;
#289 = DIRECTION ( 'NONE',  ( -0.000000000000000000, -0.000000000000000000, 1.000000000000000000 ) ) ;
#290 = CIRCLE ( 'NONE', #1590, 0.5000000000000000000 ) ;
#291 = ORIENTED_EDGE ( 'NONE', *, *, #413, .T. ) ;
#292 = FACE_OUTER_BOUND ( 'NONE', #1779, .T. ) ;
#293 = CARTESIAN_POINT ( 'NONE',  ( -2.250000000000000444, 1.749999999999996003, 0.000000000000000000 ) ) ;
#294 = VERTEX_POINT ( 'NONE', #220 ) ;
#295 = DIRECTION ( 'NONE',  ( 1.000000000000000000, 0.000000000000000000, 0.000000000000000000 ) ) ;
#296 = EDGE_CURVE ( 'NONE', #1720, #1365, #189, .T. ) ;
#297 = LINE ( 'NONE', #2076, #1783 ) ;
#298 = LINE ( 'NONE', #1003, #1250 ) ;
#299 = MECHANICAL_DESIGN_GEOMETRIC_PRESENTATION_REPRESENTATION (  '', ( #1997 ), #1852 ) ;
#300 =( GEOMETRIC_REPRESENTATION_CONTEXT ( 3 ) GLOBAL_UNCERTAINTY_ASSIGNED_CONTEXT ( ( #2257 ) ) GLOBAL_UNIT_ASSIGNED_CONTEXT ( ( #1772, #882, #1784 ) ) REPRESENTATION_CONTEXT ( 'NONE', 'WORKASPACE' ) );
#301 = DIRECTION ( 'NONE',  ( -0.000000000000000000, -0.000000000000000000, 1.000000000000000000 ) ) ;
#302 = ORIENTED_EDGE ( 'NONE', *, *, #1830, .F. ) ;
#303 = DIRECTION ( 'NONE',  ( -1.000000000000000000, 0.000000000000000000, 0.000000000000000000 ) ) ;
#304 = SURFACE_STYLE_USAGE ( .BOTH. , #1892 ) ;
#305 = UNCERTAINTY_MEASURE_WITH_UNIT (LENGTH_MEASURE( 1.000000000000000082E-05 ), #1244, 'distance_accuracy_value', 'NONE');
#306 = CARTESIAN_POINT ( 'NONE',  ( -1.749999999999996891, -2.250000000000000444, -0.1000000000000000056 ) ) ;
#307 = ORIENTED_EDGE ( 'NONE', *, *, #1782, .T. ) ;
#308 = EDGE_CURVE ( 'NONE', #1069, #793, #1163, .T. ) ;
#309 = ADVANCED_FACE ( 'NONE', ( #733 ), #1106, .F. ) ;
#310 = PLANE ( 'NONE',  #1111 ) ;
#311 =( NAMED_UNIT ( * ) SI_UNIT ( $, .STERADIAN. ) SOLID_ANGLE_UNIT ( ) );
#312 = SURFACE_STYLE_USAGE ( .BOTH. , #881 ) ;
#313 = DIRECTION ( 'NONE',  ( 0.000000000000000000, -0.000000000000000000, 1.000000000000000000 ) ) ;
#314 = CARTESIAN_POINT ( 'NONE',  ( -2.063842432553107731, -2.029632893018038509, -0.7220000000000000862 ) ) ;
#315 = ORIENTED_EDGE ( 'NONE', *, *, #573, .T. ) ;
#316 = FILL_AREA_STYLE_COLOUR ( '', #59 ) ;
#317 = DIRECTION ( 'NONE',  ( -1.000000000000000000, 0.000000000000000000, 0.000000000000000000 ) ) ;
#318 = DIRECTION ( 'NONE',  ( 0.000000000000000000, 0.000000000000000000, 1.000000000000000000 ) ) ;
#319 = ORIENTED_EDGE ( 'NONE', *, *, #261, .F. ) ;
#320 = STYLED_ITEM ( 'NONE', ( #2102 ), #1764 ) ;
#321 =( GEOMETRIC_REPRESENTATION_CONTEXT ( 3 ) GLOBAL_UNCERTAINTY_ASSIGNED_CONTEXT ( ( #1083 ) ) GLOBAL_UNIT_ASSIGNED_CONTEXT ( ( #415, #39, #924 ) ) REPRESENTATION_CONTEXT ( 'NONE', 'WORKASPACE' ) );
#322 =( LENGTH_UNIT ( ) NAMED_UNIT ( * ) SI_UNIT ( .MILLI., .METRE. ) );
#323 =( LENGTH_UNIT ( ) NAMED_UNIT ( * ) SI_UNIT ( .MILLI., .METRE. ) );
#324 = EDGE_CURVE ( 'NONE', #589, #2259, #1609, .T. ) ;
#325 = LINE ( 'NONE', #1361, #160 ) ;
#326 = AXIS2_PLACEMENT_3D ( 'NONE', #373, #1604, #1557 ) ;
#327 = DIRECTION ( 'NONE',  ( 0.000000000000000000, 0.000000000000000000, 1.000000000000000000 ) ) ;
#328 = FACE_OUTER_BOUND ( 'NONE', #2089, .T. ) ;
#329 = EDGE_LOOP ( 'NONE', ( #1567, #703, #50, #529, #196, #1802 ) ) ;
#330 = PLANE ( 'NONE',  #99 ) ;
#331 = CARTESIAN_POINT ( 'NONE',  ( -0.2999999999999996003, 0.000000000000000000, -0.7220000000000000862 ) ) ;
#332 = ORIENTED_EDGE ( 'NONE', *, *, #1861, .T. ) ;
#333 = CARTESIAN_POINT ( 'NONE',  ( 0.2999999999999996003, 2.009999999999999787, -0.7220000000000000862 ) ) ;
#334 = CYLINDRICAL_SURFACE ( 'NONE', #89, 0.08999999999999985789 ) ;
#335 = SURFACE_STYLE_USAGE ( .BOTH. , #1946 ) ;
#336 = DIRECTION ( 'NONE',  ( -0.000000000000000000, 0.000000000000000000, -1.000000000000000000 ) ) ;
#337 = CARTESIAN_POINT ( 'NONE',  ( -2.059999999999999609, -1.504793690430927589, -0.7220000000000000862 ) ) ;
#338 = AXIS2_PLACEMENT_3D ( 'NONE', #150, #849, #682 ) ;
#339 = ORIENTED_EDGE ( 'NONE', *, *, #1991, .F. ) ;
#340 =( LENGTH_UNIT ( ) NAMED_UNIT ( * ) SI_UNIT ( .MILLI., .METRE. ) );
#341 =( NAMED_UNIT ( * ) PLANE_ANGLE_UNIT ( ) SI_UNIT ( $, .RADIAN. ) );
#342 = AXIS2_PLACEMENT_3D ( 'NONE', #1065, #864, #1030 ) ;
#343 = ADVANCED_FACE ( 'NONE', ( #905 ), #1618, .F. ) ;
#344 =( GEOMETRIC_REPRESENTATION_CONTEXT ( 3 ) GLOBAL_UNCERTAINTY_ASSIGNED_CONTEXT ( ( #2016 ) ) GLOBAL_UNIT_ASSIGNED_CONTEXT ( ( #1524, #1540, #2252 ) ) REPRESENTATION_CONTEXT ( 'NONE', 'WORKASPACE' ) );
#345 = SURFACE_STYLE_FILL_AREA ( #1393 ) ;
#346 = VERTEX_POINT ( 'NONE', #1835 ) ;
#347 = EDGE_CURVE ( 'NONE', #1456, #2044, #1617, .T. ) ;
#348 = FILL_AREA_STYLE_COLOUR ( '', #854 ) ;
#349 = SURFACE_STYLE_USAGE ( .BOTH. , #1033 ) ;
#350 = AXIS2_PLACEMENT_3D ( 'NONE', #260, #2077, #1181 ) ;
#351 = SURFACE_STYLE_FILL_AREA ( #179 ) ;
#352 = CARTESIAN_POINT ( 'NONE',  ( 0.2999999999999996003, 2.009999999999999787, -0.7200000000000000844 ) ) ;
#353 = PRESENTATION_STYLE_ASSIGNMENT (( #664 ) ) ;
#354 = VECTOR ( 'NONE', #2264, 1000.000000000000000 ) ;
#355 = VECTOR ( 'NONE', #1032, 1000.000000000000000 ) ;
#356 = ORIENTED_EDGE ( 'NONE', *, *, #1573, .F. ) ;
#357 = LINE ( 'NONE', #1766, #788 ) ;
#358 = VECTOR ( 'NONE', #612, 1000.000000000000000 ) ;
#359 =( LENGTH_UNIT ( ) NAMED_UNIT ( * ) SI_UNIT ( .MILLI., .METRE. ) );
#360 = EDGE_CURVE ( 'NONE', #478, #1054, #501, .T. ) ;
#361 = DIRECTION ( 'NONE',  ( 1.000000000000000000, 0.000000000000000000, 0.000000000000000000 ) ) ;
#362 = ORIENTED_EDGE ( 'NONE', *, *, #67, .T. ) ;
#363 = ADVANCED_BREP_SHAPE_REPRESENTATION ( 'L150-18705024000H0', ( #399, #2223 ), #116 ) ;
#364 = DIRECTION ( 'NONE',  ( 1.000000000000000000, 0.000000000000000000, 0.000000000000000000 ) ) ;
#365 = CARTESIAN_POINT ( 'NONE',  ( -2.500000000000000000, -2.052506281446680791, -0.09000000000000002442 ) ) ;
#366 = FILL_AREA_STYLE ('',( #714 ) ) ;
#367 = LINE ( 'NONE', #180, #592 ) ;
#368 = EDGE_CURVE ( 'NONE', #83, #2144, #268, .T. ) ;
#369 = VERTEX_POINT ( 'NONE', #1522 ) ;
#370 = FACE_OUTER_BOUND ( 'NONE', #1124, .T. ) ;
#371 = DIRECTION ( 'NONE',  ( 1.000000000000000000, 0.000000000000000000, 0.000000000000000000 ) ) ;
#372 = COLOUR_RGB ( '',1.000000000000000000, 0.9372549019607843146, 0.1372549019607843257 ) ;
#373 = CARTESIAN_POINT ( 'NONE',  ( -2.063842432553107731, -2.029632893018038509, -0.7200000000000000844 ) ) ;
#374 = ORIENTED_EDGE ( 'NONE', *, *, #1321, .F. ) ;
#375 = VECTOR ( 'NONE', #741, 1000.000000000000000 ) ;
#376 = SURFACE_SIDE_STYLE ('',( #912 ) ) ;
#377 = EDGE_CURVE ( 'NONE', #981, #1476, #784, .T. ) ;
#378 = CARTESIAN_POINT ( 'NONE',  ( 1.629999999999999671, -2.009999999999999787, -0.7200000000000000844 ) ) ;
#379 = ORIENTED_EDGE ( 'NONE', *, *, #1976, .F. ) ;
#380 = DIRECTION ( 'NONE',  ( -1.000000000000000000, 0.000000000000000000, 0.000000000000000000 ) ) ;
#381 = VERTEX_POINT ( 'NONE', #1659 ) ;
#382 = MECHANICAL_DESIGN_GEOMETRIC_PRESENTATION_REPRESENTATION (  '', ( #665 ), #958 ) ;
#383 = PRESENTATION_LAYER_ASSIGNMENT (  '', '', ( #1375 ) ) ;
#384 = DIRECTION ( 'NONE',  ( -0.000000000000000000, -1.000000000000000000, -0.000000000000000000 ) ) ;
#385 = FILL_AREA_STYLE_COLOUR ( '', #1731 ) ;
#386 = SURFACE_STYLE_USAGE ( .BOTH. , #1067 ) ;
#387 = CARTESIAN_POINT ( 'NONE',  ( 1.629999999999999671, 2.009999999999999787, -0.7220000000000000862 ) ) ;
#388 = ORIENTED_EDGE ( 'NONE', *, *, #54, .T. ) ;
#389 = PRESENTATION_STYLE_ASSIGNMENT (( #2141 ) ) ;
#390 = DIRECTION ( 'NONE',  ( -0.000000000000000000, -0.000000000000000000, 1.000000000000000000 ) ) ;
#391 = VERTEX_POINT ( 'NONE', #65 ) ;
#392 = VECTOR ( 'NONE', #1329, 1000.000000000000000 ) ;
#393 = AXIS2_PLACEMENT_3D ( 'NONE', #550, #1089, #1644 ) ;
#394 = FILL_AREA_STYLE ('',( #1975 ) ) ;
#395 = AXIS2_PLACEMENT_3D ( 'NONE', #935, #61, #957 ) ;
#396 = ADVANCED_FACE ( 'NONE', ( #597 ), #1474, .F. ) ;
#397 = VERTEX_POINT ( 'NONE', #427 ) ;
#398 = DIRECTION ( 'NONE',  ( -0.000000000000000000, -0.000000000000000000, 1.000000000000000000 ) ) ;
#399 = MANIFOLD_SOLID_BREP ( 'Split Line1', #1468 ) ;
#400 = CARTESIAN_POINT ( 'NONE',  ( -0.3661764705882349369, 0.2410822986875735818, -0.7220000000000000862 ) ) ;
#401 = ORIENTED_EDGE ( 'NONE', *, *, #1611, .F. ) ;
#402 = UNCERTAINTY_MEASURE_WITH_UNIT (LENGTH_MEASURE( 1.000000000000000082E-05 ), #2256, 'distance_accuracy_value', 'NONE');
#403 = VERTEX_POINT ( 'NONE', #1200 ) ;
#404 = DIRECTION ( 'NONE',  ( -0.000000000000000000, -0.000000000000000000, 1.000000000000000000 ) ) ;
#405 = ORIENTED_EDGE ( 'NONE', *, *, #1116, .T. ) ;
#406 = LINE ( 'NONE', #1466, #2112 ) ;
#407 = DIRECTION ( 'NONE',  ( -1.000000000000000000, 0.000000000000000000, 0.000000000000000000 ) ) ;
#408 = DIRECTION ( 'NONE',  ( -1.000000000000000000, 0.000000000000000000, 0.000000000000000000 ) ) ;
#409 = ORIENTED_EDGE ( 'NONE', *, *, #438, .F. ) ;
#410 =( LENGTH_UNIT ( ) NAMED_UNIT ( * ) SI_UNIT ( .MILLI., .METRE. ) );
#411 = PRESENTATION_LAYER_ASSIGNMENT (  '', '', ( #922 ) ) ;
#412 = AXIS2_PLACEMENT_3D ( 'NONE', #1444, #1654, #909 ) ;
#413 = EDGE_CURVE ( 'NONE', #2229, #7, #1252, .T. ) ;
#414 = AXIS2_PLACEMENT_3D ( 'NONE', #600, #224, #577 ) ;
#415 =( LENGTH_UNIT ( ) NAMED_UNIT ( * ) SI_UNIT ( .MILLI., .METRE. ) );
#416 = SURFACE_SIDE_STYLE ('',( #1785 ) ) ;
#417 = ORIENTED_EDGE ( 'NONE', *, *, #850, .T. ) ;
#418 = SURFACE_STYLE_FILL_AREA ( #2161 ) ;
#419 = PRESENTATION_LAYER_ASSIGNMENT (  '', '', ( #712 ) ) ;
#420 =( NAMED_UNIT ( * ) SI_UNIT ( $, .STERADIAN. ) SOLID_ANGLE_UNIT ( ) );
#421 = EDGE_LOOP ( 'NONE', ( #405, #1579, #1928, #120, #41 ) ) ;
#422 = PRESENTATION_STYLE_ASSIGNMENT (( #443 ) ) ;
#423 = PRESENTATION_STYLE_ASSIGNMENT (( #1963 ) ) ;
#424 = UNCERTAINTY_MEASURE_WITH_UNIT (LENGTH_MEASURE( 1.000000000000000082E-05 ), #2216, 'distance_accuracy_value', 'NONE');
#425 = AXIS2_PLACEMENT_3D ( 'NONE', #778, #582, #1656 ) ;
#426 = AXIS2_PLACEMENT_3D ( 'NONE', #2195, #103, #1153 ) ;
#427 = CARTESIAN_POINT ( 'NONE',  ( -2.500000000000000000, 2.500000000000000000, -0.7200000000000000844 ) ) ;
#428 = FILL_AREA_STYLE ('',( #774 ) ) ;
#429 = FILL_AREA_STYLE_COLOUR ( '', #2092 ) ;
#430 = SURFACE_STYLE_USAGE ( .BOTH. , #786 ) ;
#431 = VECTOR ( 'NONE', #2064, 1000.000000000000000 ) ;
#432 = FILL_AREA_STYLE ('',( #1970 ) ) ;
#433 = DIRECTION ( 'NONE',  ( 1.000000000000000000, -0.000000000000000000, 0.000000000000000000 ) ) ;
#434 = ORIENTED_EDGE ( 'NONE', *, *, #1038, .F. ) ;
#435 = VECTOR ( 'NONE', #723, 1000.000000000000000 ) ;
#436 = SURFACE_SIDE_STYLE ('',( #611 ) ) ;
#437 = SURFACE_SIDE_STYLE ('',( #2022 ) ) ;
#438 = EDGE_CURVE ( 'NONE', #971, #1246, #1636, .T. ) ;
#439 = VERTEX_POINT ( 'NONE', #1907 ) ;
#440 = CYLINDRICAL_SURFACE ( 'NONE', #557, 0.5000000000000000000 ) ;
#441 = LINE ( 'NONE', #2012, #1682 ) ;
#442 = VERTEX_POINT ( 'NONE', #867 ) ;
#443 = SURFACE_STYLE_USAGE ( .BOTH. , #944 ) ;
#444 = UNCERTAINTY_MEASURE_WITH_UNIT (LENGTH_MEASURE( 1.000000000000000082E-05 ), #1464, 'distance_accuracy_value', 'NONE');
#445 = CYLINDRICAL_SURFACE ( 'NONE', #2210, 0.08999999999999980238 ) ;
#446 = ORIENTED_EDGE ( 'NONE', *, *, #880, .T. ) ;
#447 = PRESENTATION_STYLE_ASSIGNMENT (( #1483 ) ) ;
#448 = ADVANCED_FACE ( 'NONE', ( #1189 ), #310, .T. ) ;
#449 = EDGE_CURVE ( 'NONE', #793, #955, #1024, .T. ) ;
#450 =( NAMED_UNIT ( * ) SI_UNIT ( $, .STERADIAN. ) SOLID_ANGLE_UNIT ( ) );
#451 = CYLINDRICAL_SURFACE ( 'NONE', #2247, 0.5000000000000000000 ) ;
#452 = ORIENTED_EDGE ( 'NONE', *, *, #1269, .F. ) ;
#453 = FILL_AREA_STYLE_COLOUR ( '', #1982 ) ;
#454 = VECTOR ( 'NONE', #1167, 1000.000000000000000 ) ;
#455 = DIRECTION ( 'NONE',  ( 0.000000000000000000, 1.000000000000000000, 0.000000000000000000 ) ) ;
#456 = EDGE_LOOP ( 'NONE', ( #827, #737, #379, #995 ) ) ;
#457 = AXIS2_PLACEMENT_3D ( 'NONE', #1293, #2006, #1497 ) ;
#458 = EDGE_CURVE ( 'NONE', #2217, #147, #1395, .T. ) ;
#459 = CARTESIAN_POINT ( 'NONE',  ( 2.063842432553107731, 2.029632893018038509, -0.7200000000000000844 ) ) ;
#460 = DIRECTION ( 'NONE',  ( 0.000000000000000000, 0.000000000000000000, -1.000000000000000000 ) ) ;
#461 = PRESENTATION_LAYER_ASSIGNMENT (  '', '', ( #1539 ) ) ;
#462 = EDGE_LOOP ( 'NONE', ( #1911, #31, #1535, #1882 ) ) ;
#463 = UNCERTAINTY_MEASURE_WITH_UNIT (LENGTH_MEASURE( 1.000000000000000082E-05 ), #2258, 'distance_accuracy_value', 'NONE');
#464 = AXIS2_PLACEMENT_3D ( 'NONE', #1777, #2132, #380 ) ;
#465 =( GEOMETRIC_REPRESENTATION_CONTEXT ( 3 ) GLOBAL_UNCERTAINTY_ASSIGNED_CONTEXT ( ( #595 ) ) GLOBAL_UNIT_ASSIGNED_CONTEXT ( ( #250, #1316, #2190 ) ) REPRESENTATION_CONTEXT ( 'NONE', 'WORKASPACE' ) );
#466 = LINE ( 'NONE', #830, #677 ) ;
#467 = ORIENTED_EDGE ( 'NONE', *, *, #2178, .T. ) ;
#468 = EDGE_CURVE ( 'NONE', #981, #758, #510, .T. ) ;
#469 =( NAMED_UNIT ( * ) PLANE_ANGLE_UNIT ( ) SI_UNIT ( $, .RADIAN. ) );
#470 = ORIENTED_EDGE ( 'NONE', *, *, #1118, .T. ) ;
#471 = EDGE_CURVE ( 'NONE', #403, #1720, #1549, .T. ) ;
#472 = DIRECTION ( 'NONE',  ( -1.000000000000000000, -0.000000000000000000, -0.000000000000000000 ) ) ;
#473 = ORIENTED_EDGE ( 'NONE', *, *, #324, .F. ) ;
#474 =( NAMED_UNIT ( * ) PLANE_ANGLE_UNIT ( ) SI_UNIT ( $, .RADIAN. ) );
#475 = EDGE_CURVE ( 'NONE', #758, #2229, #489, .T. ) ;
#476 = LINE ( 'NONE', #1692, #187 ) ;
#477 = DIRECTION ( 'NONE',  ( 0.000000000000000000, -1.000000000000000000, 0.000000000000000000 ) ) ;
#478 = VERTEX_POINT ( 'NONE', #155 ) ;
#479 = ADVANCED_FACE ( 'NONE', ( #1750 ), #853, .F. ) ;
#480 = SURFACE_SIDE_STYLE ('',( #1372 ) ) ;
#481 = SURFACE_STYLE_USAGE ( .BOTH. , #1933 ) ;
#482 = LINE ( 'NONE', #835, #1932 ) ;
#483 = COLOUR_RGB ( '',0.6313725490196078205, 0.6588235294117646967, 0.6784313725490196401 ) ;
#484 = AXIS2_PLACEMENT_3D ( 'NONE', #331, #694, #1593 ) ;
#485 = ORIENTED_EDGE ( 'NONE', *, *, #2187, .T. ) ;
#486 = FILL_AREA_STYLE ('',( #316 ) ) ;
#487 = UNCERTAINTY_MEASURE_WITH_UNIT (LENGTH_MEASURE( 1.000000000000000082E-05 ), #653, 'distance_accuracy_value', 'NONE');
#488 = ORIENTED_EDGE ( 'NONE', *, *, #1664, .F. ) ;
#489 = LINE ( 'NONE', #333, #355 ) ;
#490 = CARTESIAN_POINT ( 'NONE',  ( 2.059999999999999609, -1.504793690430927589, -0.7220000000000000862 ) ) ;
#491 = CARTESIAN_POINT ( 'NONE',  ( 1.749999999999999334, -1.750000000000000222, -0.1000000000000000056 ) ) ;
#492 = PRESENTATION_LAYER_ASSIGNMENT (  '', '', ( #2280 ) ) ;
#493 = AXIS2_PLACEMENT_3D ( 'NONE', #1886, #1846, #295 ) ;
#494 = ORIENTED_EDGE ( 'NONE', *, *, #2145, .T. ) ;
#495 = CARTESIAN_POINT ( 'NONE',  ( -0.2999999999999996003, -2.009999999999999787, -0.7220000000000000862 ) ) ;
#496 = MECHANICAL_DESIGN_GEOMETRIC_PRESENTATION_REPRESENTATION (  '', ( #1797 ), #1264 ) ;
#497 =( NAMED_UNIT ( * ) SI_UNIT ( $, .STERADIAN. ) SOLID_ANGLE_UNIT ( ) );
#498 = ORIENTED_EDGE ( 'NONE', *, *, #229, .T. ) ;
#499 = PRESENTATION_LAYER_ASSIGNMENT (  '', '', ( #203 ) ) ;
#500 = VECTOR ( 'NONE', #1647, 1000.000000000000000 ) ;
#501 = CIRCLE ( 'NONE', #1121, 0.08999999999999980238 ) ;
#502 = FILL_AREA_STYLE ('',( #1175 ) ) ;
#503 = ADVANCED_FACE ( 'NONE', ( #546 ), #1115, .T. ) ;
#504 = PLANE ( 'NONE',  #855 ) ;
#505 = CARTESIAN_POINT ( 'NONE',  ( -0.3899999999999995692, 2.010000000000000675, -0.7200000000000000844 ) ) ;
#506 = DIRECTION ( 'NONE',  ( -0.000000000000000000, -0.000000000000000000, 1.000000000000000000 ) ) ;
#507 = VERTEX_POINT ( 'NONE', #178 ) ;
#508 = CARTESIAN_POINT ( 'NONE',  ( -1.539999999999999147, 2.100000000000000089, -0.7200000000000000844 ) ) ;
#509 = VERTEX_POINT ( 'NONE', #711 ) ;
#510 = LINE ( 'NONE', #1560, #638 ) ;
#511 = CARTESIAN_POINT ( 'NONE',  ( 0.2999999999999996003, -2.009999999999999787, -0.7200000000000000844 ) ) ;
#512 = CARTESIAN_POINT ( 'NONE',  ( 1.749999999999999334, -1.750000000000000222, 0.000000000000000000 ) ) ;
#513 = FACE_OUTER_BOUND ( 'NONE', #421, .T. ) ;
#514 = EDGE_CURVE ( 'NONE', #2291, #2246, #1240, .T. ) ;
#515 = VECTOR ( 'NONE', #542, 1000.000000000000000 ) ;
#516 = ORIENTED_EDGE ( 'NONE', *, *, #1201, .F. ) ;
#517 = FILL_AREA_STYLE ('',( #2151 ) ) ;
#518 = SURFACE_SIDE_STYLE ('',( #1913 ) ) ;
#519 = PRESENTATION_LAYER_ASSIGNMENT (  '', '', ( #1404 ) ) ;
#520 = CIRCLE ( 'NONE', #1817, 0.5000000000000000000 ) ;
#521 = SURFACE_STYLE_FILL_AREA ( #2134 ) ;
#522 = ORIENTED_EDGE ( 'NONE', *, *, #324, .T. ) ;
#523 =( NAMED_UNIT ( * ) SI_UNIT ( $, .STERADIAN. ) SOLID_ANGLE_UNIT ( ) );
#524 = EDGE_CURVE ( 'NONE', #391, #147, #759, .T. ) ;
#525 = DIRECTION ( 'NONE',  ( 1.000000000000000000, -0.000000000000000000, 0.000000000000000000 ) ) ;
#526 = FACE_OUTER_BOUND ( 'NONE', #205, .T. ) ;
#527 = FILL_AREA_STYLE_COLOUR ( '', #1108 ) ;
#528 = VECTOR ( 'NONE', #1917, 1000.000000000000000 ) ;
#529 = ORIENTED_EDGE ( 'NONE', *, *, #1744, .F. ) ;
#530 = SURFACE_STYLE_FILL_AREA ( #1754 ) ;
#531 = CIRCLE ( 'NONE', #426, 0.08999999999999980238 ) ;
#532 = EDGE_LOOP ( 'NONE', ( #1812, #915, #2233, #571 ) ) ;
#533 = EDGE_CURVE ( 'NONE', #1246, #1968, #199, .T. ) ;
#534 = DIRECTION ( 'NONE',  ( 0.000000000000000000, 0.000000000000000000, 1.000000000000000000 ) ) ;
#535 = STYLED_ITEM ( 'NONE', ( #447 ), #343 ) ;
#536 = DIRECTION ( 'NONE',  ( -1.000000000000000000, 0.000000000000000000, 0.000000000000000000 ) ) ;
#537 = CARTESIAN_POINT ( 'NONE',  ( 1.539999999999999147, -2.100000000000000089, -0.7220000000000000862 ) ) ;
#538 = DIRECTION ( 'NONE',  ( 0.000000000000000000, 0.000000000000000000, -1.000000000000000000 ) ) ;
#539 = STYLED_ITEM ( 'NONE', ( #1040 ), #1364 ) ;
#540 = ORIENTED_EDGE ( 'NONE', *, *, #2157, .T. ) ;
#541 = DIRECTION ( 'NONE',  ( 1.000000000000000000, 0.000000000000000000, 0.000000000000000000 ) ) ;
#542 = DIRECTION ( 'NONE',  ( -0.000000000000000000, -0.000000000000000000, 1.000000000000000000 ) ) ;
#543 = CARTESIAN_POINT ( 'NONE',  ( -1.749999999999996891, -2.250000000000000444, -0.1000000000000000056 ) ) ;
#544 = EDGE_CURVE ( 'NONE', #2179, #749, #2098, .T. ) ;
#545 = ORIENTED_EDGE ( 'NONE', *, *, #170, .F. ) ;
#546 = FACE_OUTER_BOUND ( 'NONE', #1150, .T. ) ;
#547 = FACE_OUTER_BOUND ( 'NONE', #667, .T. ) ;
#548 = PRESENTATION_STYLE_ASSIGNMENT (( #1966 ) ) ;
#549 = ORIENTED_EDGE ( 'NONE', *, *, #794, .T. ) ;
#550 = CARTESIAN_POINT ( 'NONE',  ( -0.3899999999999995692, -2.010000000000000675, -0.7220000000000000862 ) ) ;
#551 = ORIENTED_EDGE ( 'NONE', *, *, #889, .T. ) ;
#552 = PRESENTATION_LAYER_ASSIGNMENT (  '', '', ( #1140 ) ) ;
#553 = VECTOR ( 'NONE', #2244, 1000.000000000000000 ) ;
#554 = ADVANCED_FACE ( 'NONE', ( #1491 ), #606, .T. ) ;
#555 = CARTESIAN_POINT ( 'NONE',  ( 1.629999999999999671, -2.009999999999999787, -0.7220000000000000862 ) ) ;
#556 = DIRECTION ( 'NONE',  ( 1.000000000000000000, 0.000000000000000000, 0.000000000000000000 ) ) ;
#557 = AXIS2_PLACEMENT_3D ( 'NONE', #1130, #789, #1501 ) ;
#558 = ORIENTED_EDGE ( 'NONE', *, *, #1678, .F. ) ;
#559 = DIRECTION ( 'NONE',  ( 0.000000000000000000, -0.000000000000000000, 1.000000000000000000 ) ) ;
#560 = CARTESIAN_POINT ( 'NONE',  ( 0.000000000000000000, 0.000000000000000000, -0.7200000000000000844 ) ) ;
#561 = CIRCLE ( 'NONE', #1760, 0.09000000000000002442 ) ;
#562 = DIRECTION ( 'NONE',  ( -0.000000000000000000, -0.000000000000000000, 1.000000000000000000 ) ) ;
#563 = ORIENTED_EDGE ( 'NONE', *, *, #1516, .T. ) ;
#564 = CARTESIAN_POINT ( 'NONE',  ( -0.3899999999999996247, -0.3278719262151000291, -0.7220000000000000862 ) ) ;
#565 = CARTESIAN_POINT ( 'NONE',  ( 2.060658886875452289, -1.594791278554639868, -0.7200000000000000844 ) ) ;
#566 = PRESENTATION_LAYER_ASSIGNMENT (  '', '', ( #320 ) ) ;
#567 = PRESENTATION_LAYER_ASSIGNMENT (  '', '', ( #280 ) ) ;
#568 = ORIENTED_EDGE ( 'NONE', *, *, #1508, .T. ) ;
#569 = DIRECTION ( 'NONE',  ( 1.000000000000000000, 0.000000000000000000, 0.000000000000000000 ) ) ;
#570 = PLANE ( 'NONE',  #1906 ) ;
#571 = ORIENTED_EDGE ( 'NONE', *, *, #285, .T. ) ;
#572 = DIRECTION ( 'NONE',  ( -0.000000000000000000, 0.000000000000000000, -1.000000000000000000 ) ) ;
#573 = EDGE_CURVE ( 'NONE', #265, #576, #1684, .T. ) ;
#574 = AXIS2_PLACEMENT_3D ( 'NONE', #2127, #1242, #2147 ) ;
#575 = LINE ( 'NONE', #1814, #1883 ) ;
#576 = VERTEX_POINT ( 'NONE', #968 ) ;
#577 = DIRECTION ( 'NONE',  ( 0.000000000000000000, 0.000000000000000000, 1.000000000000000000 ) ) ;
#578 = PLANE ( 'NONE',  #200 ) ;
#579 =( NAMED_UNIT ( * ) PLANE_ANGLE_UNIT ( ) SI_UNIT ( $, .RADIAN. ) );
#580 = EDGE_LOOP ( 'NONE', ( #1465, #1028, #434, #1157 ) ) ;
#581 = DIRECTION ( 'NONE',  ( 0.000000000000000000, -0.000000000000000000, 1.000000000000000000 ) ) ;
#582 = DIRECTION ( 'NONE',  ( 0.000000000000000000, 1.000000000000000000, 0.000000000000000000 ) ) ;
#583 = AXIS2_PLACEMENT_3D ( 'NONE', #1438, #2194, #1254 ) ;
#584 = CIRCLE ( 'NONE', #118, 0.5000000000000000000 ) ;
#585 = STYLED_ITEM ( 'NONE', ( #913 ), #2260 ) ;
#586 = DIRECTION ( 'NONE',  ( -0.000000000000000000, -0.000000000000000000, 1.000000000000000000 ) ) ;
#587 =( LENGTH_UNIT ( ) NAMED_UNIT ( * ) SI_UNIT ( .MILLI., .METRE. ) );
#588 = PRESENTATION_STYLE_ASSIGNMENT (( #1995 ) ) ;
#589 = VERTEX_POINT ( 'NONE', #1880 ) ;
#590 = CARTESIAN_POINT ( 'NONE',  ( 0.3900000000000002354, -2.100000000000000089, -0.7220000000000000862 ) ) ;
#591 = DIRECTION ( 'NONE',  ( 1.000000000000000000, 4.176194859519055211E-47, 1.203706215242021970E-31 ) ) ;
#592 = VECTOR ( 'NONE', #1921, 1000.000000000000000 ) ;
#593 = EDGE_LOOP ( 'NONE', ( #1646, #263, #1863, #2027 ) ) ;
#594 = CYLINDRICAL_SURFACE ( 'NONE', #2095, 0.4348532679332379192 ) ;
#595 = UNCERTAINTY_MEASURE_WITH_UNIT (LENGTH_MEASURE( 1.000000000000000082E-05 ), #250, 'distance_accuracy_value', 'NONE');
#596 = PRESENTATION_LAYER_ASSIGNMENT (  '', '', ( #896 ) ) ;
#597 = FACE_OUTER_BOUND ( 'NONE', #102, .T. ) ;
#598 = PRESENTATION_LAYER_ASSIGNMENT (  '', '', ( #1612 ) ) ;
#599 = CARTESIAN_POINT ( 'NONE',  ( 2.500000000000000000, 2.500000000000000000, -0.7200000000000000844 ) ) ;
#600 = CARTESIAN_POINT ( 'NONE',  ( -0.2999999999999996003, 0.3278719262151000291, -0.7220000000000000862 ) ) ;
#601 = VECTOR ( 'NONE', #1488, 1000.000000000000000 ) ;
#602 = DIRECTION ( 'NONE',  ( 0.000000000000000000, -0.000000000000000000, 1.000000000000000000 ) ) ;
#603 = LINE ( 'NONE', #274, #95 ) ;
#604 = VERTEX_POINT ( 'NONE', #1006 ) ;
#605 = DIRECTION ( 'NONE',  ( -0.000000000000000000, -0.000000000000000000, 1.000000000000000000 ) ) ;
#606 = PLANE ( 'NONE',  #169 ) ;
#607 = LINE ( 'NONE', #1725, #1232 ) ;
#608 = VECTOR ( 'NONE', #455, 1000.000000000000000 ) ;
#609 = ORIENTED_EDGE ( 'NONE', *, *, #1357, .T. ) ;
#610 = PRODUCT_RELATED_PRODUCT_CATEGORY ( 'part', '', ( #1136 ) ) ;
#611 = SURFACE_STYLE_FILL_AREA ( #986 ) ;
#612 = DIRECTION ( 'NONE',  ( -1.000000000000000000, -0.000000000000000000, 0.000000000000000000 ) ) ;
#613 = DIRECTION ( 'NONE',  ( 0.000000000000000000, 0.000000000000000000, -1.000000000000000000 ) ) ;
#614 = CARTESIAN_POINT ( 'NONE',  ( -2.063842432553107731, 2.029632893018038509, -0.7220000000000000862 ) ) ;
#615 = LINE ( 'NONE', #884, #2046 ) ;
#616 = ORIENTED_EDGE ( 'NONE', *, *, #54, .F. ) ;
#617 = DIRECTION ( 'NONE',  ( -1.000000000000000000, 0.000000000000000000, 0.000000000000000000 ) ) ;
#618 = PRESENTATION_STYLE_ASSIGNMENT (( #1515 ) ) ;
#619 = UNCERTAINTY_MEASURE_WITH_UNIT (LENGTH_MEASURE( 1.000000000000000082E-05 ), #1484, 'distance_accuracy_value', 'NONE');
#620 = SURFACE_STYLE_FILL_AREA ( #804 ) ;
#621 = EDGE_LOOP ( 'NONE', ( #2214, #1977, #820, #781, #409, #2108, #545, #1543 ) ) ;
#622 = AXIS2_PLACEMENT_3D ( 'NONE', #2174, #1841, #407 ) ;
#623 = EDGE_CURVE ( 'NONE', #631, #83, #1339, .T. ) ;
#624 = COLOUR_RGB ( '',0.6313725490196078205, 0.6588235294117646967, 0.6784313725490196401 ) ;
#625 = CARTESIAN_POINT ( 'NONE',  ( 0.2999999999999997113, -2.009999999999999787, -0.7220000000000000862 ) ) ;
#626 = VECTOR ( 'NONE', #105, 1000.000000000000000 ) ;
#627 = ORIENTED_EDGE ( 'NONE', *, *, #475, .T. ) ;
#628 = DIRECTION ( 'NONE',  ( -0.000000000000000000, -0.000000000000000000, 1.000000000000000000 ) ) ;
#629 = DIRECTION ( 'NONE',  ( 0.000000000000000000, -1.000000000000000000, -0.000000000000000000 ) ) ;
#630 = CARTESIAN_POINT ( 'NONE',  ( -2.149999999999999467, 1.504793690430927589, -0.7220000000000000862 ) ) ;
#631 = VERTEX_POINT ( 'NONE', #2231 ) ;
#632 = CARTESIAN_POINT ( 'NONE',  ( 2.060658886875452289, 1.594791278554640090, -0.7200000000000000844 ) ) ;
#633 = PRESENTATION_LAYER_ASSIGNMENT (  '', '', ( #742 ) ) ;
#634 = PRESENTATION_STYLE_ASSIGNMENT (( #1854 ) ) ;
#635 = ORIENTED_EDGE ( 'NONE', *, *, #1693, .F. ) ;
#636 =( GEOMETRIC_REPRESENTATION_CONTEXT ( 3 ) GLOBAL_UNCERTAINTY_ASSIGNED_CONTEXT ( ( #1289 ) ) GLOBAL_UNIT_ASSIGNED_CONTEXT ( ( #1162, #2218, #1345 ) ) REPRESENTATION_CONTEXT ( 'NONE', 'WORKASPACE' ) );
#637 = PRESENTATION_LAYER_ASSIGNMENT (  '', '', ( #1639 ) ) ;
#638 = VECTOR ( 'NONE', #841, 1000.000000000000000 ) ;
#639 = MECHANICAL_DESIGN_GEOMETRIC_PRESENTATION_REPRESENTATION (  '', ( #17 ), #52 ) ;
#640 = CARTESIAN_POINT ( 'NONE',  ( 0.000000000000000000, 0.000000000000000000, 0.000000000000000000 ) ) ;
#641 = ADVANCED_FACE ( 'NONE', ( #802 ), #828, .T. ) ;
#642 = EDGE_CURVE ( 'NONE', #294, #1476, #1072, .T. ) ;
#643 = CARTESIAN_POINT ( 'NONE',  ( 0.3900000000000002354, 2.100000000000000089, -0.7200000000000000844 ) ) ;
#644 = DIRECTION ( 'NONE',  ( -0.000000000000000000, -0.000000000000000000, 1.000000000000000000 ) ) ;
#645 = CARTESIAN_POINT ( 'NONE',  ( -0.3661764705882348814, -0.2410822986875735818, -0.7200000000000000844 ) ) ;
#646 = CARTESIAN_POINT ( 'NONE',  ( -1.629999999999999671, -2.009999999999999787, -0.7220000000000000862 ) ) ;
#647 = CIRCLE ( 'NONE', #1228, 0.4348532679332379192 ) ;
#648 = VERTEX_POINT ( 'NONE', #1159 ) ;
#649 = SURFACE_SIDE_STYLE ('',( #817 ) ) ;
#650 = UNCERTAINTY_MEASURE_WITH_UNIT (LENGTH_MEASURE( 1.000000000000000082E-05 ), #800, 'distance_accuracy_value', 'NONE');
#651 = EDGE_CURVE ( 'NONE', #1022, #1161, #476, .T. ) ;
#652 = ORIENTED_EDGE ( 'NONE', *, *, #1381, .T. ) ;
#653 =( LENGTH_UNIT ( ) NAMED_UNIT ( * ) SI_UNIT ( .MILLI., .METRE. ) );
#654 = CIRCLE ( 'NONE', #1060, 0.08999999999999980238 ) ;
#655 = PRESENTATION_STYLE_ASSIGNMENT (( #335 ) ) ;
#656 = PLANE ( 'NONE',  #1628 ) ;
#657 = AXIS2_PLACEMENT_3D ( 'NONE', #512, #1212, #1935 ) ;
#658 = ORIENTED_EDGE ( 'NONE', *, *, #1822, .T. ) ;
#659 =( NAMED_UNIT ( * ) SI_UNIT ( $, .STERADIAN. ) SOLID_ANGLE_UNIT ( ) );
#660 = DIRECTION ( 'NONE',  ( -0.000000000000000000, -0.000000000000000000, 1.000000000000000000 ) ) ;
#661 = ORIENTED_EDGE ( 'NONE', *, *, #2157, .F. ) ;
#662 = CARTESIAN_POINT ( 'NONE',  ( -1.750000000000000222, 1.749999999999999334, 0.000000000000000000 ) ) ;
#663 = DIRECTION ( 'NONE',  ( -0.000000000000000000, -0.000000000000000000, 1.000000000000000000 ) ) ;
#664 = SURFACE_STYLE_USAGE ( .BOTH. , #1599 ) ;
#665 = STYLED_ITEM ( 'NONE', ( #1847 ), #1990 ) ;
#666 = AXIS2_PLACEMENT_3D ( 'NONE', #2042, #660, #1505 ) ;
#667 = EDGE_LOOP ( 'NONE', ( #1595, #1708, #1326, #1398 ) ) ;
#668 = FILL_AREA_STYLE ('',( #453 ) ) ;
#669 = UNCERTAINTY_MEASURE_WITH_UNIT (LENGTH_MEASURE( 1.000000000000000082E-05 ), #813, 'distance_accuracy_value', 'NONE');
#670 = LINE ( 'NONE', #1778, #435 ) ;
#671 = ORIENTED_EDGE ( 'NONE', *, *, #1596, .F. ) ;
#672 = EDGE_CURVE ( 'NONE', #877, #2155, #846, .T. ) ;
#673 = DIRECTION ( 'NONE',  ( 0.000000000000000000, 0.000000000000000000, -1.000000000000000000 ) ) ;
#674 = MECHANICAL_DESIGN_GEOMETRIC_PRESENTATION_REPRESENTATION (  '', ( #1639 ), #2277 ) ;
#675 = FILL_AREA_STYLE ('',( #856 ) ) ;
#676 = PRESENTATION_STYLE_ASSIGNMENT (( #386 ) ) ;
#677 = VECTOR ( 'NONE', #1547, 1000.000000000000000 ) ;
#678 = VECTOR ( 'NONE', #1918, 1000.000000000000000 ) ;
#679 = FILL_AREA_STYLE_COLOUR ( '', #1857 ) ;
#680 = ORIENTED_EDGE ( 'NONE', *, *, #1756, .F. ) ;
#681 = CARTESIAN_POINT ( 'NONE',  ( -1.749999999999996891, -2.250000000000000444, -0.1000000000000000056 ) ) ;
#682 = DIRECTION ( 'NONE',  ( 1.000000000000000000, 0.000000000000000000, 0.000000000000000000 ) ) ;
#683 = PRESENTATION_LAYER_ASSIGNMENT (  '', '', ( #1797 ) ) ;
#684 = EDGE_LOOP ( 'NONE', ( #1613, #1681, #1301, #1204 ) ) ;
#685 = AXIS2_PLACEMENT_3D ( 'NONE', #1592, #1796, #541 ) ;
#686 = VECTOR ( 'NONE', #1427, 1000.000000000000000 ) ;
#687 = CARTESIAN_POINT ( 'NONE',  ( 1.629999999999999671, -2.009999999999999787, -0.7200000000000000844 ) ) ;
#688 = EDGE_CURVE ( 'NONE', #7, #509, #1735, .T. ) ;
#689 = PRESENTATION_STYLE_ASSIGNMENT (( #349 ) ) ;
#690 = EDGE_CURVE ( 'NONE', #985, #1098, #1354, .T. ) ;
#691 = CARTESIAN_POINT ( 'NONE',  ( -1.629999999999999671, -2.009999999999999787, -0.7220000000000000862 ) ) ;
#692 = ORIENTED_EDGE ( 'NONE', *, *, #1996, .F. ) ;
#693 = DIRECTION ( 'NONE',  ( -0.000000000000000000, 0.000000000000000000, -1.000000000000000000 ) ) ;
#694 = DIRECTION ( 'NONE',  ( -0.000000000000000000, -0.000000000000000000, 1.000000000000000000 ) ) ;
#695 = SURFACE_SIDE_STYLE ('',( #345 ) ) ;
#696 = VERTEX_POINT ( 'NONE', #1865 ) ;
#697 = EDGE_CURVE ( 'NONE', #1629, #927, #1178, .T. ) ;
#698 = DIRECTION ( 'NONE',  ( 1.000000000000000000, 0.000000000000000000, -0.000000000000000000 ) ) ;
#699 = LINE ( 'NONE', #2288, #354 ) ;
#700 = CYLINDRICAL_SURFACE ( 'NONE', #1562, 0.08999999999999980238 ) ;
#701 = DIRECTION ( 'NONE',  ( -0.000000000000000000, -0.000000000000000000, 1.000000000000000000 ) ) ;
#702 =( GEOMETRIC_REPRESENTATION_CONTEXT ( 3 ) GLOBAL_UNCERTAINTY_ASSIGNED_CONTEXT ( ( #779 ) ) GLOBAL_UNIT_ASSIGNED_CONTEXT ( ( #953, #1662, #1486 ) ) REPRESENTATION_CONTEXT ( 'NONE', 'WORKASPACE' ) );
#703 = ORIENTED_EDGE ( 'NONE', *, *, #1401, .F. ) ;
#704 = CARTESIAN_POINT ( 'NONE',  ( -1.750000000000000222, -1.750000000000000222, -0.1000000000000000056 ) ) ;
#705 = SURFACE_STYLE_USAGE ( .BOTH. , #518 ) ;
#706 = VECTOR ( 'NONE', #562, 1000.000000000000000 ) ;
#707 = ADVANCED_FACE ( 'NONE', ( #292 ), #993, .T. ) ;
#708 = PRESENTATION_LAYER_ASSIGNMENT (  '', '', ( #2182 ) ) ;
#709 = FACE_OUTER_BOUND ( 'NONE', #1789, .T. ) ;
#710 = ORIENTED_EDGE ( 'NONE', *, *, #690, .T. ) ;
#711 = CARTESIAN_POINT ( 'NONE',  ( 1.539999999999999147, 2.100000000000000089, -0.7200000000000000844 ) ) ;
#712 = STYLED_ITEM ( 'NONE', ( #588 ), #1056 ) ;
#713 = DIRECTION ( 'NONE',  ( -0.000000000000000000, -0.000000000000000000, 1.000000000000000000 ) ) ;
#714 = FILL_AREA_STYLE_COLOUR ( '', #78 ) ;
#715 = PLANE ( 'NONE',  #1823 ) ;
#716 = EDGE_CURVE ( 'NONE', #1479, #1230, #2185, .T. ) ;
#717 = ADVANCED_FACE ( 'NONE', ( #2293 ), #1392, .T. ) ;
#718 = COLOUR_RGB ( '',0.6313725490196078205, 0.6588235294117646967, 0.6784313725490196401 ) ;
#719 = EDGE_LOOP ( 'NONE', ( #181, #1795, #1165, #1601 ) ) ;
#720 = LINE ( 'NONE', #1788, #1981 ) ;
#721 = AXIS2_PLACEMENT_3D ( 'NONE', #2047, #269, #243 ) ;
#722 = FILL_AREA_STYLE_COLOUR ( '', #843 ) ;
#723 = DIRECTION ( 'NONE',  ( -0.000000000000000000, -0.000000000000000000, 1.000000000000000000 ) ) ;
#724 = ORIENTED_EDGE ( 'NONE', *, *, #449, .F. ) ;
#725 = VECTOR ( 'NONE', #390, 1000.000000000000000 ) ;
#726 = COLOUR_RGB ( '',1.000000000000000000, 0.9372549019607843146, 0.1372549019607843257 ) ;
#727 = CARTESIAN_POINT ( 'NONE',  ( -0.3899999999999996247, 0.3278719262151000291, -0.7220000000000000862 ) ) ;
#728 = CARTESIAN_POINT ( 'NONE',  ( -1.539999999999999591, 2.010000000000000675, -0.7200000000000000844 ) ) ;
#729 = ORIENTED_EDGE ( 'NONE', *, *, #761, .T. ) ;
#730 = LINE ( 'NONE', #193, #1705 ) ;
#731 = SURFACE_STYLE_USAGE ( .BOTH. , #1455 ) ;
#732 = ORIENTED_EDGE ( 'NONE', *, *, #1945, .T. ) ;
#733 = FACE_OUTER_BOUND ( 'NONE', #684, .T. ) ;
#734 = ORIENTED_EDGE ( 'NONE', *, *, #261, .T. ) ;
#735 = CARTESIAN_POINT ( 'NONE',  ( -2.059999999999999609, -1.504793690430927589, -0.7200000000000000844 ) ) ;
#736 = CARTESIAN_POINT ( 'NONE',  ( 2.060658886875452289, -1.594791278554639868, -0.7220000000000000862 ) ) ;
#737 = ORIENTED_EDGE ( 'NONE', *, *, #277, .F. ) ;
#738 = UNCERTAINTY_MEASURE_WITH_UNIT (LENGTH_MEASURE( 1.000000000000000082E-05 ), #2063, 'distance_accuracy_value', 'NONE');
#739 = AXIS2_PLACEMENT_3D ( 'NONE', #259, #962, #569 ) ;
#740 = EDGE_CURVE ( 'NONE', #648, #1285, #163, .T. ) ;
#741 = DIRECTION ( 'NONE',  ( -0.000000000000000000, -0.000000000000000000, 1.000000000000000000 ) ) ;
#742 = STYLED_ITEM ( 'NONE', ( #353 ), #996 ) ;
#743 = ORIENTED_EDGE ( 'NONE', *, *, #229, .F. ) ;
#744 = PLANE ( 'NONE',  #1014 ) ;
#745 = MECHANICAL_DESIGN_GEOMETRIC_PRESENTATION_REPRESENTATION (  '', ( #159 ), #636 ) ;
#746 =( NAMED_UNIT ( * ) SI_UNIT ( $, .STERADIAN. ) SOLID_ANGLE_UNIT ( ) );
#747 = ORIENTED_EDGE ( 'NONE', *, *, #544, .T. ) ;
#748 = FILL_AREA_STYLE_COLOUR ( '', #750 ) ;
#749 = VERTEX_POINT ( 'NONE', #1063 ) ;
#750 = COLOUR_RGB ( '',0.6313725490196078205, 0.6588235294117646967, 0.6784313725490196401 ) ;
#751 = ADVANCED_FACE ( 'NONE', ( #1197 ), #1743, .T. ) ;
#752 =( NAMED_UNIT ( * ) PLANE_ANGLE_UNIT ( ) SI_UNIT ( $, .RADIAN. ) );
#753 = SURFACE_STYLE_FILL_AREA ( #1620 ) ;
#754 = ORIENTED_EDGE ( 'NONE', *, *, #1822, .F. ) ;
#755 = DIRECTION ( 'NONE',  ( 0.000000000000000000, -0.000000000000000000, 1.000000000000000000 ) ) ;
#756 = CARTESIAN_POINT ( 'NONE',  ( 1.539999999999999147, -2.100000000000000089, -0.7200000000000000844 ) ) ;
#757 = CARTESIAN_POINT ( 'NONE',  ( 1.629999999999999671, 2.009999999999999787, -0.7220000000000000862 ) ) ;
#758 = VERTEX_POINT ( 'NONE', #1581 ) ;
#759 = LINE ( 'NONE', #1781, #686 ) ;
#760 = UNCERTAINTY_MEASURE_WITH_UNIT (LENGTH_MEASURE( 1.000000000000000082E-05 ), #1434, 'distance_accuracy_value', 'NONE');
#761 = EDGE_CURVE ( 'NONE', #1126, #1954, #217, .T. ) ;
#762 =( GEOMETRIC_REPRESENTATION_CONTEXT ( 3 ) GLOBAL_UNCERTAINTY_ASSIGNED_CONTEXT ( ( #1532 ) ) GLOBAL_UNIT_ASSIGNED_CONTEXT ( ( #1025, #869, #1 ) ) REPRESENTATION_CONTEXT ( 'NONE', 'WORKASPACE' ) );
#763 = EDGE_LOOP ( 'NONE', ( #161, #1352, #1380, #1168 ) ) ;
#764 =( NAMED_UNIT ( * ) PLANE_ANGLE_UNIT ( ) SI_UNIT ( $, .RADIAN. ) );
#765 = PLANE ( 'NONE',  #393 ) ;
#766 = SURFACE_STYLE_FILL_AREA ( #2175 ) ;
#767 = ORIENTED_EDGE ( 'NONE', *, *, #449, .T. ) ;
#768 =( NAMED_UNIT ( * ) PLANE_ANGLE_UNIT ( ) SI_UNIT ( $, .RADIAN. ) );
#769 = ADVANCED_FACE ( 'NONE', ( #71 ), #765, .T. ) ;
#770 = ORIENTED_EDGE ( 'NONE', *, *, #2178, .F. ) ;
#771 = PRESENTATION_LAYER_ASSIGNMENT (  '', '', ( #665 ) ) ;
#772 = COLOUR_RGB ( '',0.6313725490196078205, 0.6588235294117646967, 0.6784313725490196401 ) ;
#773 = SURFACE_SIDE_STYLE ('',( #2193 ) ) ;
#774 = FILL_AREA_STYLE_COLOUR ( '', #483 ) ;
#775 = SURFACE_STYLE_FILL_AREA ( #1660 ) ;
#776 = VERTEX_POINT ( 'NONE', #756 ) ;
#777 = VERTEX_POINT ( 'NONE', #736 ) ;
#778 = CARTESIAN_POINT ( 'NONE',  ( -0.3900000000000002354, -2.100000000000000089, -0.7220000000000000862 ) ) ;
#779 = UNCERTAINTY_MEASURE_WITH_UNIT (LENGTH_MEASURE( 1.000000000000000082E-05 ), #953, 'distance_accuracy_value', 'NONE');
#780 = CARTESIAN_POINT ( 'NONE',  ( 2.149999999999999467, -1.504793690430927589, -0.7200000000000000844 ) ) ;
#781 = ORIENTED_EDGE ( 'NONE', *, *, #533, .F. ) ;
#782 = MECHANICAL_DESIGN_GEOMETRIC_PRESENTATION_REPRESENTATION (  '', ( #2280 ), #1675 ) ;
#783 = VECTOR ( 'NONE', #2074, 1000.000000000000000 ) ;
#784 = LINE ( 'NONE', #625, #1570 ) ;
#785 = STYLED_ITEM ( 'NONE', ( #1848 ), #870 ) ;
#786 = SURFACE_SIDE_STYLE ('',( #1673 ) ) ;
#787 = LINE ( 'NONE', #1271, #1440 ) ;
#788 = VECTOR ( 'NONE', #5, 1000.000000000000000 ) ;
#789 = DIRECTION ( 'NONE',  ( 0.000000000000000000, 0.000000000000000000, 1.000000000000000000 ) ) ;
#790 = VECTOR ( 'NONE', #1679, 1000.000000000000000 ) ;
#791 = PRODUCT_DEFINITION_SHAPE ( 'NONE', 'NONE',  #1091 ) ;
#792 = PRESENTATION_STYLE_ASSIGNMENT (( #2201 ) ) ;
#793 = VERTEX_POINT ( 'NONE', #1663 ) ;
#794 = EDGE_CURVE ( 'NONE', #2183, #776, #2186, .T. ) ;
#795 = FILL_AREA_STYLE ('',( #2081 ) ) ;
#796 = ORIENTED_EDGE ( 'NONE', *, *, #1934, .F. ) ;
#797 = PRESENTATION_STYLE_ASSIGNMENT (( #1685 ) ) ;
#798 =( NAMED_UNIT ( * ) PLANE_ANGLE_UNIT ( ) SI_UNIT ( $, .RADIAN. ) );
#799 = PLANE ( 'NONE',  #1859 ) ;
#800 =( LENGTH_UNIT ( ) NAMED_UNIT ( * ) SI_UNIT ( .MILLI., .METRE. ) );
#801 = VERTEX_POINT ( 'NONE', #1467 ) ;
#802 = FACE_OUTER_BOUND ( 'NONE', #910, .T. ) ;
#803 = UNCERTAINTY_MEASURE_WITH_UNIT (LENGTH_MEASURE( 1.000000000000000082E-05 ), #1222, 'distance_accuracy_value', 'NONE');
#804 = FILL_AREA_STYLE ('',( #1893 ) ) ;
#805 = ORIENTED_EDGE ( 'NONE', *, *, #111, .F. ) ;
#806 = EDGE_CURVE ( 'NONE', #4, #1098, #1623, .T. ) ;
#807 = PRESENTATION_LAYER_ASSIGNMENT (  '', '', ( #1210 ) ) ;
#808 = STYLED_ITEM ( 'NONE', ( #1745 ), #1417 ) ;
#809 = SURFACE_STYLE_USAGE ( .BOTH. , #2249 ) ;
#810 = COLOUR_RGB ( '',0.6313725490196078205, 0.6588235294117646967, 0.6784313725490196401 ) ;
#811 = CARTESIAN_POINT ( 'NONE',  ( -0.3900000000000002354, -2.100000000000000089, -0.7220000000000000862 ) ) ;
#812 = CARTESIAN_POINT ( 'NONE',  ( -2.250000000000000444, 1.749999999999996003, -0.1000000000000000056 ) ) ;
#813 =( LENGTH_UNIT ( ) NAMED_UNIT ( * ) SI_UNIT ( .MILLI., .METRE. ) );
#814 = ADVANCED_FACE ( 'NONE', ( #207, #58, #2152 ), #578, .F. ) ;
#815 = ORIENTED_EDGE ( 'NONE', *, *, #1538, .F. ) ;
#816 = FACE_OUTER_BOUND ( 'NONE', #1605, .T. ) ;
#817 = SURFACE_STYLE_FILL_AREA ( #668 ) ;
#818 = CIRCLE ( 'NONE', #2004, 0.4348532679332381412 ) ;
#819 = DIRECTION ( 'NONE',  ( 1.000000000000000000, 0.000000000000000000, 0.000000000000000000 ) ) ;
#820 = ORIENTED_EDGE ( 'NONE', *, *, #1793, .F. ) ;
#821 = LINE ( 'NONE', #1872, #358 ) ;
#822 = ORIENTED_EDGE ( 'NONE', *, *, #1910, .F. ) ;
#823 = PRESENTATION_STYLE_ASSIGNMENT (( #2222 ) ) ;
#824 = LINE ( 'NONE', #1541, #156 ) ;
#825 = FACE_OUTER_BOUND ( 'NONE', #2082, .T. ) ;
#826 = AXIS2_PLACEMENT_3D ( 'NONE', #2204, #605, #1133 ) ;
#827 = ORIENTED_EDGE ( 'NONE', *, *, #1027, .T. ) ;
#828 = CYLINDRICAL_SURFACE ( 'NONE', #666, 0.08999999999999985789 ) ;
#829 = AXIS2_PLACEMENT_3D ( 'NONE', #1127, #283, #2180 ) ;
#830 = CARTESIAN_POINT ( 'NONE',  ( 2.149999999999999467, 1.504793690430927589, -0.7220000000000000862 ) ) ;
#831 = ORIENTED_EDGE ( 'NONE', *, *, #573, .F. ) ;
#832 = MECHANICAL_DESIGN_GEOMETRIC_PRESENTATION_REPRESENTATION (  '', ( #539 ), #136 ) ;
#833 = DIRECTION ( 'NONE',  ( 1.000000000000000000, 0.000000000000000000, -0.000000000000000000 ) ) ;
#834 =( NAMED_UNIT ( * ) SI_UNIT ( $, .STERADIAN. ) SOLID_ANGLE_UNIT ( ) );
#835 = CARTESIAN_POINT ( 'NONE',  ( 1.539999999999999147, 2.100000000000000089, -0.7220000000000000862 ) ) ;
#836 = DIRECTION ( 'NONE',  ( 1.000000000000000000, 0.000000000000000000, -0.000000000000000000 ) ) ;
#837 = ORIENTED_EDGE ( 'NONE', *, *, #697, .T. ) ;
#838 = LINE ( 'NONE', #848, #1730 ) ;
#839 = ADVANCED_FACE ( 'NONE', ( #1477 ), #570, .F. ) ;
#840 = ORIENTED_EDGE ( 'NONE', *, *, #1105, .F. ) ;
#841 = DIRECTION ( 'NONE',  ( 0.000000000000000000, 1.000000000000000000, 0.000000000000000000 ) ) ;
#842 = CYLINDRICAL_SURFACE ( 'NONE', #2156, 0.08999999999999980238 ) ;
#843 = COLOUR_RGB ( '',0.6313725490196078205, 0.6588235294117646967, 0.6784313725490196401 ) ;
#844 = CARTESIAN_POINT ( 'NONE',  ( -1.629999999999999449, 2.009999999999999787, -0.7220000000000000862 ) ) ;
#845 = CIRCLE ( 'NONE', #1668, 0.08999999999999985789 ) ;
#846 = CIRCLE ( 'NONE', #890, 0.09000000000000002442 ) ;
#847 = ORIENTED_EDGE ( 'NONE', *, *, #1885, .F. ) ;
#848 = CARTESIAN_POINT ( 'NONE',  ( -2.060658886875452289, -1.594791278554639868, -0.7220000000000000862 ) ) ;
#849 = DIRECTION ( 'NONE',  ( -0.000000000000000000, -0.000000000000000000, 1.000000000000000000 ) ) ;
#850 = EDGE_CURVE ( 'NONE', #919, #507, #1631, .T. ) ;
#851 = EDGE_LOOP ( 'NONE', ( #2066, #1445, #1195, #362, #1094, #110, #1558, #837, #131, #275, #747, #1066, #143, #446, #1236, #1878, #1102, #1061 ) ) ;
#852 =( GEOMETRIC_REPRESENTATION_CONTEXT ( 3 ) GLOBAL_UNCERTAINTY_ASSIGNED_CONTEXT ( ( #669 ) ) GLOBAL_UNIT_ASSIGNED_CONTEXT ( ( #813, #2026, #1350 ) ) REPRESENTATION_CONTEXT ( 'NONE', 'WORKASPACE' ) );
#853 = PLANE ( 'NONE',  #425 ) ;
#854 = COLOUR_RGB ( '',1.000000000000000000, 0.9372549019607843146, 0.1372549019607843257 ) ;
#855 = AXIS2_PLACEMENT_3D ( 'NONE', #1179, #525, #2106 ) ;
#856 = FILL_AREA_STYLE_COLOUR ( '', #2048 ) ;
#857 = DIRECTION ( 'NONE',  ( 1.000000000000000000, 0.000000000000000000, 0.000000000000000000 ) ) ;
#858 =( GEOMETRIC_REPRESENTATION_CONTEXT ( 3 ) GLOBAL_UNCERTAINTY_ASSIGNED_CONTEXT ( ( #141 ) ) GLOBAL_UNIT_ASSIGNED_CONTEXT ( ( #323, #144, #1190 ) ) REPRESENTATION_CONTEXT ( 'NONE', 'WORKASPACE' ) );
#859 = LINE ( 'NONE', #2107, #2118 ) ;
#860 = VERTEX_POINT ( 'NONE', #238 ) ;
#861 =( NAMED_UNIT ( * ) SI_UNIT ( $, .STERADIAN. ) SOLID_ANGLE_UNIT ( ) );
#862 = CARTESIAN_POINT ( 'NONE',  ( 2.149999999999999467, -1.504793690430927589, -0.7220000000000000862 ) ) ;
#863 = COLOUR_RGB ( '',0.6313725490196078205, 0.6588235294117646967, 0.6784313725490196401 ) ;
#864 = DIRECTION ( 'NONE',  ( 0.000000000000000000, 0.000000000000000000, -1.000000000000000000 ) ) ;
#865 = ORIENTED_EDGE ( 'NONE', *, *, #1714, .F. ) ;
#866 = ADVANCED_FACE ( 'NONE', ( #43 ), #744, .F. ) ;
#867 = CARTESIAN_POINT ( 'NONE',  ( 2.060658886875452289, 1.594791278554640090, -0.7220000000000000862 ) ) ;
#868 = CARTESIAN_POINT ( 'NONE',  ( 2.500000000000000000, 0.000000000000000000, 0.000000000000000000 ) ) ;
#869 =( NAMED_UNIT ( * ) PLANE_ANGLE_UNIT ( ) SI_UNIT ( $, .RADIAN. ) );
#870 = ADVANCED_FACE ( 'NONE', ( #1989 ), #2010, .T. ) ;
#871 = DIRECTION ( 'NONE',  ( 1.000000000000000000, -0.000000000000000000, 0.000000000000000000 ) ) ;
#872 = ORIENTED_EDGE ( 'NONE', *, *, #1756, .T. ) ;
#873 = DIRECTION ( 'NONE',  ( 1.000000000000000000, -0.000000000000000000, -0.000000000000000000 ) ) ;
#874 = DIRECTION ( 'NONE',  ( -0.000000000000000000, -0.000000000000000000, 1.000000000000000000 ) ) ;
#875 = AXIS2_PLACEMENT_3D ( 'NONE', #728, #1267, #536 ) ;
#876 = CARTESIAN_POINT ( 'NONE',  ( -0.3900000000000002354, 2.100000000000000089, -0.7200000000000000844 ) ) ;
#877 = VERTEX_POINT ( 'NONE', #645 ) ;
#878 = ADVANCED_FACE ( 'NONE', ( #979 ), #1875, .F. ) ;
#879 = DIRECTION ( 'NONE',  ( 1.000000000000000000, 0.000000000000000000, -0.000000000000000000 ) ) ;
#880 = EDGE_CURVE ( 'NONE', #2044, #985, #115, .T. ) ;
#881 = SURFACE_SIDE_STYLE ('',( #351 ) ) ;
#882 =( NAMED_UNIT ( * ) PLANE_ANGLE_UNIT ( ) SI_UNIT ( $, .RADIAN. ) );
#883 = EDGE_CURVE ( 'NONE', #1479, #223, #298, .T. ) ;
#884 = CARTESIAN_POINT ( 'NONE',  ( 1.749999999999996003, -2.250000000000000444, -0.1000000000000000056 ) ) ;
#885 = CIRCLE ( 'NONE', #1665, 0.08999999999999980238 ) ;
#886 = ORIENTED_EDGE ( 'NONE', *, *, #1038, .T. ) ;
#887 = LINE ( 'NONE', #1969, #997 ) ;
#888 = DIRECTION ( 'NONE',  ( -0.000000000000000000, -0.000000000000000000, 1.000000000000000000 ) ) ;
#889 = EDGE_CURVE ( 'NONE', #442, #1734, #824, .T. ) ;
#890 = AXIS2_PLACEMENT_3D ( 'NONE', #2029, #140, #2054 ) ;
#891 =( NAMED_UNIT ( * ) PLANE_ANGLE_UNIT ( ) SI_UNIT ( $, .RADIAN. ) );
#892 = ORIENTED_EDGE ( 'NONE', *, *, #1471, .F. ) ;
#893 = COLOUR_RGB ( '',0.6313725490196078205, 0.6588235294117646967, 0.6784313725490196401 ) ;
#894 = CARTESIAN_POINT ( 'NONE',  ( 2.063842432553107731, -2.029632893018038509, -0.7200000000000000844 ) ) ;
#895 = FACE_OUTER_BOUND ( 'NONE', #719, .T. ) ;
#896 = STYLED_ITEM ( 'NONE', ( #689 ), #1241 ) ;
#897 = VERTEX_POINT ( 'NONE', #1363 ) ;
#898 = PLANE ( 'NONE',  #1265 ) ;
#899 =( NAMED_UNIT ( * ) SI_UNIT ( $, .STERADIAN. ) SOLID_ANGLE_UNIT ( ) );
#900 = LINE ( 'NONE', #1080, #706 ) ;
#901 = ORIENTED_EDGE ( 'NONE', *, *, #277, .T. ) ;
#902 =( GEOMETRIC_REPRESENTATION_CONTEXT ( 3 ) GLOBAL_UNCERTAINTY_ASSIGNED_CONTEXT ( ( #760 ) ) GLOBAL_UNIT_ASSIGNED_CONTEXT ( ( #1434, #1652, #33 ) ) REPRESENTATION_CONTEXT ( 'NONE', 'WORKASPACE' ) );
#903 = VECTOR ( 'NONE', #1666, 1000.000000000000000 ) ;
#904 = MECHANICAL_DESIGN_GEOMETRIC_PRESENTATION_REPRESENTATION (  '', ( #1425 ), #321 ) ;
#905 = FACE_OUTER_BOUND ( 'NONE', #1239, .T. ) ;
#906 = CARTESIAN_POINT ( 'NONE',  ( -0.3900000000000002354, 2.100000000000000089, -0.7220000000000000862 ) ) ;
#907 = VECTOR ( 'NONE', #142, 1000.000000000000000 ) ;
#908 = ORIENTED_EDGE ( 'NONE', *, *, #2167, .F. ) ;
#909 = DIRECTION ( 'NONE',  ( -0.000000000000000000, 0.000000000000000000, 1.000000000000000000 ) ) ;
#910 = EDGE_LOOP ( 'NONE', ( #2211, #1759, #1768, #1860 ) ) ;
#911 = EDGE_CURVE ( 'NONE', #1285, #1069, #1755, .T. ) ;
#912 = SURFACE_STYLE_FILL_AREA ( #2137 ) ;
#913 = PRESENTATION_STYLE_ASSIGNMENT (( #1836 ) ) ;
#914 =( NAMED_UNIT ( * ) PLANE_ANGLE_UNIT ( ) SI_UNIT ( $, .RADIAN. ) );
#915 = ORIENTED_EDGE ( 'NONE', *, *, #690, .F. ) ;
#916 = LINE ( 'NONE', #2212, #185 ) ;
#917 = PRESENTATION_LAYER_ASSIGNMENT (  '', '', ( #1135 ) ) ;
#918 = DIRECTION ( 'NONE',  ( 0.000000000000000000, 0.000000000000000000, 1.000000000000000000 ) ) ;
#919 = VERTEX_POINT ( 'NONE', #1899 ) ;
#920 = LINE ( 'NONE', #1125, #1868 ) ;
#921 = UNCERTAINTY_MEASURE_WITH_UNIT (LENGTH_MEASURE( 1.000000000000000082E-05 ), #1637, 'distance_accuracy_value', 'NONE');
#922 = STYLED_ITEM ( 'NONE', ( #389 ), #1923 ) ;
#923 = EDGE_CURVE ( 'NONE', #2291, #153, #2234, .T. ) ;
#924 =( NAMED_UNIT ( * ) SI_UNIT ( $, .STERADIAN. ) SOLID_ANGLE_UNIT ( ) );
#925 = PRESENTATION_STYLE_ASSIGNMENT (( #1475 ) ) ;
#926 = AXIS2_PLACEMENT_3D ( 'NONE', #1700, #629, #288 ) ;
#927 = VERTEX_POINT ( 'NONE', #1311 ) ;
#928 = CARTESIAN_POINT ( 'NONE',  ( -1.629999999999999671, 2.009999999999999787, -0.7200000000000000844 ) ) ;
#929 = AXIS2_PLACEMENT_3D ( 'NONE', #662, #167, #1536 ) ;
#930 = ADVANCED_FACE ( 'NONE', ( #1017 ), #440, .F. ) ;
#931 =( GEOMETRIC_REPRESENTATION_CONTEXT ( 3 ) GLOBAL_UNCERTAINTY_ASSIGNED_CONTEXT ( ( #1648 ) ) GLOBAL_UNIT_ASSIGNED_CONTEXT ( ( #322, #1584, #523 ) ) REPRESENTATION_CONTEXT ( 'NONE', 'WORKASPACE' ) );
#932 = PRESENTATION_LAYER_ASSIGNMENT (  '', '', ( #1944 ) ) ;
#933 = ORIENTED_EDGE ( 'NONE', *, *, #2220, .F. ) ;
#934 = LINE ( 'NONE', #2014, #1495 ) ;
#935 = CARTESIAN_POINT ( 'NONE',  ( -1.539999999999999591, 2.010000000000000675, -0.7220000000000000862 ) ) ;
#936 = CIRCLE ( 'NONE', #1422, 0.2500000000000001110 ) ;
#937 = DIRECTION ( 'NONE',  ( -0.000000000000000000, -0.000000000000000000, 1.000000000000000000 ) ) ;
#938 = SURFACE_STYLE_USAGE ( .BOTH. , #437 ) ;
#939 = EDGE_CURVE ( 'NONE', #369, #507, #615, .T. ) ;
#940 = VERTEX_POINT ( 'NONE', #1589 ) ;
#941 = CARTESIAN_POINT ( 'NONE',  ( -0.2999999999999996003, 0.3278719262151000291, -0.7200000000000000844 ) ) ;
#942 = FILL_AREA_STYLE_COLOUR ( '', #624 ) ;
#943 = ORIENTED_EDGE ( 'NONE', *, *, #1538, .T. ) ;
#944 = SURFACE_SIDE_STYLE ('',( #2003 ) ) ;
#945 = CARTESIAN_POINT ( 'NONE',  ( -2.250000000000000444, -1.749999999999996891, 0.000000000000000000 ) ) ;
#946 = UNCERTAINTY_MEASURE_WITH_UNIT (LENGTH_MEASURE( 1.000000000000000082E-05 ), #130, 'distance_accuracy_value', 'NONE');
#947 = ORIENTED_EDGE ( 'NONE', *, *, #296, .T. ) ;
#948 = EDGE_CURVE ( 'NONE', #2144, #73, #158, .T. ) ;
#949 = FILL_AREA_STYLE_COLOUR ( '', #1758 ) ;
#950 = PRESENTATION_STYLE_ASSIGNMENT (( #938 ) ) ;
#951 = CARTESIAN_POINT ( 'NONE',  ( 1.629999999999999671, 2.000000000000000444, -0.7220000000000000862 ) ) ;
#952 = DIRECTION ( 'NONE',  ( -1.000000000000000000, 0.000000000000000000, 0.000000000000000000 ) ) ;
#953 =( LENGTH_UNIT ( ) NAMED_UNIT ( * ) SI_UNIT ( .MILLI., .METRE. ) );
#954 = SURFACE_SIDE_STYLE ('',( #246 ) ) ;
#955 = VERTEX_POINT ( 'NONE', #378 ) ;
#956 = SURFACE_STYLE_USAGE ( .BOTH. , #1457 ) ;
#957 = DIRECTION ( 'NONE',  ( -1.000000000000000000, 0.000000000000000000, 0.000000000000000000 ) ) ;
#958 =( GEOMETRIC_REPRESENTATION_CONTEXT ( 3 ) GLOBAL_UNCERTAINTY_ASSIGNED_CONTEXT ( ( #994 ) ) GLOBAL_UNIT_ASSIGNED_CONTEXT ( ( #1651, #764, #1454 ) ) REPRESENTATION_CONTEXT ( 'NONE', 'WORKASPACE' ) );
#959 = AXIS2_PLACEMENT_3D ( 'NONE', #1237, #888, #371 ) ;
#960 = CARTESIAN_POINT ( 'NONE',  ( -1.539999999999999591, -2.010000000000000675, -0.7220000000000000862 ) ) ;
#961 = DIRECTION ( 'NONE',  ( 1.000000000000000000, 0.000000000000000000, 0.000000000000000000 ) ) ;
#962 = DIRECTION ( 'NONE',  ( -0.000000000000000000, 0.000000000000000000, -1.000000000000000000 ) ) ;
#963 = PRESENTATION_STYLE_ASSIGNMENT (( #1334 ) ) ;
#964 = EDGE_CURVE ( 'NONE', #153, #1022, #2154, .T. ) ;
#965 = LINE ( 'NONE', #1528, #1347 ) ;
#966 = EDGE_LOOP ( 'NONE', ( #840, #226, #1513, #516, #1073, #356, #2052, #724, #96, #216, #339, #174, #1142, #1215 ) ) ;
#967 = DIRECTION ( 'NONE',  ( 1.000000000000000000, 0.000000000000000000, 0.000000000000000000 ) ) ;
#968 = CARTESIAN_POINT ( 'NONE',  ( 1.749999999999996003, 2.249999999999999556, -0.1000000000000000056 ) ) ;
#969 = UNCERTAINTY_MEASURE_WITH_UNIT (LENGTH_MEASURE( 1.000000000000000082E-05 ), #2024, 'distance_accuracy_value', 'NONE');
#970 = DIRECTION ( 'NONE',  ( -0.000000000000000000, -0.000000000000000000, 1.000000000000000000 ) ) ;
#971 = VERTEX_POINT ( 'NONE', #2266 ) ;
#972 = COLOUR_RGB ( '',1.000000000000000000, 0.9372549019607843146, 0.1372549019607843257 ) ;
#973 =( GEOMETRIC_REPRESENTATION_CONTEXT ( 3 ) GLOBAL_UNCERTAINTY_ASSIGNED_CONTEXT ( ( #619 ) ) GLOBAL_UNIT_ASSIGNED_CONTEXT ( ( #1484, #469, #2235 ) ) REPRESENTATION_CONTEXT ( 'NONE', 'WORKASPACE' ) );
#974 = DIRECTION ( 'NONE',  ( 4.176194859519055211E-47, -1.000000000000000000, 5.026911708464869114E-78 ) ) ;
#975 = LINE ( 'NONE', #1697, #2197 ) ;
#976 = COLOUR_RGB ( '',1.000000000000000000, 0.9372549019607843146, 0.1372549019607843257 ) ;
#977 = LINE ( 'NONE', #1732, #626 ) ;
#978 = VECTOR ( 'NONE', #1580, 1000.000000000000000 ) ;
#979 = FACE_OUTER_BOUND ( 'NONE', #46, .T. ) ;
#980 = LINE ( 'NONE', #1351, #601 ) ;
#981 = VERTEX_POINT ( 'NONE', #3 ) ;
#982 = CARTESIAN_POINT ( 'NONE',  ( -2.500000000000000000, -8.673617379884039416E-16, -0.7200000000000000844 ) ) ;
#983 = DIRECTION ( 'NONE',  ( 1.000000000000000000, 0.000000000000000000, 0.000000000000000000 ) ) ;
#984 =( NAMED_UNIT ( * ) PLANE_ANGLE_UNIT ( ) SI_UNIT ( $, .RADIAN. ) );
#985 = VERTEX_POINT ( 'NONE', #1397 ) ;
#986 = FILL_AREA_STYLE ('',( #1884 ) ) ;
#987 = ADVANCED_FACE ( 'NONE', ( #146, #513 ), #1552, .T. ) ;
#988 = PRESENTATION_STYLE_ASSIGNMENT (( #1713 ) ) ;
#989 = DIRECTION ( 'NONE',  ( 0.000000000000000000, 0.000000000000000000, -1.000000000000000000 ) ) ;
#990 = DIRECTION ( 'NONE',  ( -1.000000000000000000, 0.000000000000000000, 0.000000000000000000 ) ) ;
#991 = ORIENTED_EDGE ( 'NONE', *, *, #62, .F. ) ;
#992 = CARTESIAN_POINT ( 'NONE',  ( 2.249999999999999556, -1.749999999999996891, 0.000000000000000000 ) ) ;
#993 = CYLINDRICAL_SURFACE ( 'NONE', #959, 0.08999999999999980238 ) ;
#994 = UNCERTAINTY_MEASURE_WITH_UNIT (LENGTH_MEASURE( 1.000000000000000082E-05 ), #1651, 'distance_accuracy_value', 'NONE');
#995 = ORIENTED_EDGE ( 'NONE', *, *, #62, .T. ) ;
#996 = ADVANCED_FACE ( 'NONE', ( #328 ), #715, .F. ) ;
#997 = VECTOR ( 'NONE', #13, 1000.000000000000000 ) ;
#998 =( NAMED_UNIT ( * ) SI_UNIT ( $, .STERADIAN. ) SOLID_ANGLE_UNIT ( ) );
#999 = SHAPE_DEFINITION_REPRESENTATION ( #791, #363 ) ;
#1000 = LINE ( 'NONE', #951, #1258 ) ;
#1001 = ORIENTED_EDGE ( 'NONE', *, *, #672, .F. ) ;
#1002 = DIRECTION ( 'NONE',  ( -0.000000000000000000, -0.000000000000000000, 1.000000000000000000 ) ) ;
#1003 = CARTESIAN_POINT ( 'NONE',  ( -0.3661764705882349369, 0.2410822986875735818, -0.7220000000000000862 ) ) ;
#1004 = EDGE_LOOP ( 'NONE', ( #1436, #1938, #2267, #2282 ) ) ;
#1005 = FACE_OUTER_BOUND ( 'NONE', #1004, .T. ) ;
#1006 = CARTESIAN_POINT ( 'NONE',  ( -1.629999999999999671, 2.000000000000000444, -0.7200000000000000844 ) ) ;
#1007 = EDGE_CURVE ( 'NONE', #1629, #1019, #1958, .T. ) ;
#1008 = MECHANICAL_DESIGN_GEOMETRIC_PRESENTATION_REPRESENTATION (  '', ( #712 ), #1606 ) ;
#1009 = CARTESIAN_POINT ( 'NONE',  ( 1.629999999999999671, 2.009999999999999787, -0.7220000000000000862 ) ) ;
#1010 = ORIENTED_EDGE ( 'NONE', *, *, #228, .F. ) ;
#1011 = STYLED_ITEM ( 'NONE', ( #423 ), #503 ) ;
#1012 = CARTESIAN_POINT ( 'NONE',  ( 0.000000000000000000, -2.500000000000049738, 0.000000000000000000 ) ) ;
#1013 = FILL_AREA_STYLE_COLOUR ( '', #1077 ) ;
#1014 = AXIS2_PLACEMENT_3D ( 'NONE', #1272, #591, #1247 ) ;
#1015 = CYLINDRICAL_SURFACE ( 'NONE', #1064, 0.5000000000000000000 ) ;
#1016 = DIRECTION ( 'NONE',  ( 1.000000000000000000, 0.000000000000000000, 0.000000000000000000 ) ) ;
#1017 = FACE_OUTER_BOUND ( 'NONE', #1507, .T. ) ;
#1018 =( GEOMETRIC_REPRESENTATION_CONTEXT ( 3 ) GLOBAL_UNCERTAINTY_ASSIGNED_CONTEXT ( ( #1480 ) ) GLOBAL_UNIT_ASSIGNED_CONTEXT ( ( #1819, #579, #420 ) ) REPRESENTATION_CONTEXT ( 'NONE', 'WORKASPACE' ) );
#1019 = VERTEX_POINT ( 'NONE', #2276 ) ;
#1020 = PRESENTATION_LAYER_ASSIGNMENT (  '', '', ( #535 ) ) ;
#1021 = PLANE ( 'NONE',  #1748 ) ;
#1022 = VERTEX_POINT ( 'NONE', #1203 ) ;
#1023 = COLOUR_RGB ( '',0.6313725490196078205, 0.6588235294117646967, 0.6784313725490196401 ) ;
#1024 = LINE ( 'NONE', #687, #51 ) ;
#1025 =( LENGTH_UNIT ( ) NAMED_UNIT ( * ) SI_UNIT ( .MILLI., .METRE. ) );
#1026 = SURFACE_SIDE_STYLE ('',( #2238 ) ) ;
#1027 = EDGE_CURVE ( 'NONE', #897, #381, #367, .T. ) ;
#1028 = ORIENTED_EDGE ( 'NONE', *, *, #1625, .F. ) ;
#1029 = CARTESIAN_POINT ( 'NONE',  ( -2.149999999999999467, 1.504793690430927589, -0.7220000000000000862 ) ) ;
#1030 = DIRECTION ( 'NONE',  ( -1.000000000000000000, 0.000000000000000000, 0.000000000000000000 ) ) ;
#1031 = EDGE_LOOP ( 'NONE', ( #2123, #1726, #1591 ) ) ;
#1032 = DIRECTION ( 'NONE',  ( -0.000000000000000000, -0.000000000000000000, 1.000000000000000000 ) ) ;
#1033 = SURFACE_SIDE_STYLE ('',( #1896 ) ) ;
#1034 = LINE ( 'NONE', #906, #1895 ) ;
#1035 = CARTESIAN_POINT ( 'NONE',  ( 1.539999999999999591, 2.010000000000000675, -0.7220000000000000862 ) ) ;
#1036 = PRODUCT_DEFINITION_FORMATION_WITH_SPECIFIED_SOURCE ( 'ANY', '', #1136, .NOT_KNOWN. ) ;
#1037 = EDGE_LOOP ( 'NONE', ( #2191, #1482, #692, #551 ) ) ;
#1038 = EDGE_CURVE ( 'NONE', #1626, #1295, #1717, .T. ) ;
#1039 =( NAMED_UNIT ( * ) PLANE_ANGLE_UNIT ( ) SI_UNIT ( $, .RADIAN. ) );
#1040 = PRESENTATION_STYLE_ASSIGNMENT (( #1402 ) ) ;
#1041 = ORIENTED_EDGE ( 'NONE', *, *, #1321, .T. ) ;
#1042 = AXIS2_PLACEMENT_3D ( 'NONE', #337, #1407, #1733 ) ;
#1043 =( LENGTH_UNIT ( ) NAMED_UNIT ( * ) SI_UNIT ( .MILLI., .METRE. ) );
#1044 = COLOUR_RGB ( '',1.000000000000000000, 0.9372549019607843146, 0.1372549019607843257 ) ;
#1045 = VECTOR ( 'NONE', #2198, 1000.000000000000000 ) ;
#1046 = DIRECTION ( 'NONE',  ( -1.000000000000000000, 0.000000000000000000, 0.000000000000000000 ) ) ;
#1047 = EDGE_LOOP ( 'NONE', ( #470, #1677, #485, #1132 ) ) ;
#1048 = FILL_AREA_STYLE_COLOUR ( '', #1496 ) ;
#1049 = SURFACE_STYLE_USAGE ( .BOTH. , #1602 ) ;
#1050 = EDGE_CURVE ( 'NONE', #12, #391, #859, .T. ) ;
#1051 = MECHANICAL_DESIGN_GEOMETRIC_PRESENTATION_REPRESENTATION (  '', ( #166 ), #57 ) ;
#1052 =( LENGTH_UNIT ( ) NAMED_UNIT ( * ) SI_UNIT ( .MILLI., .METRE. ) );
#1053 = EDGE_CURVE ( 'NONE', #777, #589, #818, .T. ) ;
#1054 = VERTEX_POINT ( 'NONE', #691 ) ;
#1055 = AXIS2_PLACEMENT_3D ( 'NONE', #1891, #1879, #303 ) ;
#1056 = ADVANCED_FACE ( 'NONE', ( #1763 ), #2115, .T. ) ;
#1057 = DIRECTION ( 'NONE',  ( -0.000000000000000000, 0.000000000000000000, -1.000000000000000000 ) ) ;
#1058 = SURFACE_STYLE_FILL_AREA ( #366 ) ;
#1059 = SURFACE_STYLE_FILL_AREA ( #1387 ) ;
#1060 = AXIS2_PLACEMENT_3D ( 'NONE', #1322, #1332, #2049 ) ;
#1061 = ORIENTED_EDGE ( 'NONE', *, *, #471, .T. ) ;
#1062 = CARTESIAN_POINT ( 'NONE',  ( 0.000000000000000000, -2.500000000000000000, -0.7200000000000000844 ) ) ;
#1063 = CARTESIAN_POINT ( 'NONE',  ( -1.539999999999999147, 2.100000000000000089, -0.7220000000000000862 ) ) ;
#1064 = AXIS2_PLACEMENT_3D ( 'NONE', #2274, #2099, #10 ) ;
#1065 = CARTESIAN_POINT ( 'NONE',  ( -2.059999999999999609, 1.504793690430927589, -0.7200000000000000844 ) ) ;
#1066 = ORIENTED_EDGE ( 'NONE', *, *, #2220, .T. ) ;
#1067 = SURFACE_SIDE_STYLE ('',( #1058 ) ) ;
#1068 = VECTOR ( 'NONE', #1002, 1000.000000000000000 ) ;
#1069 = VERTEX_POINT ( 'NONE', #565 ) ;
#1070 = CYLINDRICAL_SURFACE ( 'NONE', #685, 0.08999999999999985789 ) ;
#1071 = VECTOR ( 'NONE', #2100, 1000.000000000000000 ) ;
#1072 = CIRCLE ( 'NONE', #81, 0.08999999999999985789 ) ;
#1073 = ORIENTED_EDGE ( 'NONE', *, *, #642, .F. ) ;
#1074 = LINE ( 'NONE', #1213, #2083 ) ;
#1075 = ADVANCED_FACE ( 'NONE', ( #2139 ), #1451, .F. ) ;
#1076 = CIRCLE ( 'NONE', #1487, 0.08999999999999980238 ) ;
#1077 = COLOUR_RGB ( '',0.6313725490196078205, 0.6588235294117646967, 0.6784313725490196401 ) ;
#1078 = EDGE_LOOP ( 'NONE', ( #498, #1972, #1999, #1950 ) ) ;
#1079 = CARTESIAN_POINT ( 'NONE',  ( 2.500000000000000000, 0.000000000000000000, -0.7200000000000000844 ) ) ;
#1080 = CARTESIAN_POINT ( 'NONE',  ( -1.629999999999999449, 2.009999999999999787, -0.7220000000000000862 ) ) ;
#1081 = ORIENTED_EDGE ( 'NONE', *, *, #27, .T. ) ;
#1082 = COLOUR_RGB ( '',0.6313725490196078205, 0.6588235294117646967, 0.6784313725490196401 ) ;
#1083 = UNCERTAINTY_MEASURE_WITH_UNIT (LENGTH_MEASURE( 1.000000000000000082E-05 ), #415, 'distance_accuracy_value', 'NONE');
#1084 = PRESENTATION_LAYER_ASSIGNMENT (  '', '', ( #166 ) ) ;
#1085 = STYLED_ITEM ( 'NONE', ( #1183 ), #1780 ) ;
#1086 = PLANE ( 'NONE',  #574 ) ;
#1087 = FACE_OUTER_BOUND ( 'NONE', #1305, .T. ) ;
#1088 = ORIENTED_EDGE ( 'NONE', *, *, #1027, .F. ) ;
#1089 = DIRECTION ( 'NONE',  ( 0.000000000000000000, 0.000000000000000000, -1.000000000000000000 ) ) ;
#1090 = EDGE_CURVE ( 'NONE', #2144, #801, #1638, .T. ) ;
#1091 = PRODUCT_DEFINITION ( 'UNKNOWN', '', #1036, #1341 ) ;
#1092 =( NAMED_UNIT ( * ) PLANE_ANGLE_UNIT ( ) SI_UNIT ( $, .RADIAN. ) );
#1093 = ORIENTED_EDGE ( 'NONE', *, *, #524, .F. ) ;
#1094 = ORIENTED_EDGE ( 'NONE', *, *, #923, .T. ) ;
#1095 = CARTESIAN_POINT ( 'NONE',  ( 2.249999999999999556, -1.749999999999996891, -0.1000000000000000056 ) ) ;
#1096 = CYLINDRICAL_SURFACE ( 'NONE', #257, 0.09000000000000002442 ) ;
#1097 = ADVANCED_FACE ( 'NONE', ( #895 ), #1439, .F. ) ;
#1098 = VERTEX_POINT ( 'NONE', #1359 ) ;
#1099 = PRESENTATION_STYLE_ASSIGNMENT (( #1443 ) ) ;
#1100 = SURFACE_STYLE_USAGE ( .BOTH. , #239 ) ;
#1101 = VECTOR ( 'NONE', #1229, 1000.000000000000000 ) ;
#1102 = ORIENTED_EDGE ( 'NONE', *, *, #6, .T. ) ;
#1103 = CARTESIAN_POINT ( 'NONE',  ( -0.3900000000000002354, 2.100000000000000089, -0.7220000000000000862 ) ) ;
#1104 = VECTOR ( 'NONE', #1630, 1000.000000000000000 ) ;
#1105 = EDGE_CURVE ( 'NONE', #509, #2110, #531, .T. ) ;
#1106 = CYLINDRICAL_SURFACE ( 'NONE', #2208, 0.4348532679332379192 ) ;
#1107 =( NAMED_UNIT ( * ) PLANE_ANGLE_UNIT ( ) SI_UNIT ( $, .RADIAN. ) );
#1108 = COLOUR_RGB ( '',0.6313725490196078205, 0.6588235294117646967, 0.6784313725490196401 ) ;
#1109 = ORIENTED_EDGE ( 'NONE', *, *, #149, .T. ) ;
#1110 = DIRECTION ( 'NONE',  ( -0.000000000000000000, -0.000000000000000000, -1.000000000000000000 ) ) ;
#1111 = AXIS2_PLACEMENT_3D ( 'NONE', #2295, #2272, #698 ) ;
#1112 =( GEOMETRIC_REPRESENTATION_CONTEXT ( 3 ) GLOBAL_UNCERTAINTY_ASSIGNED_CONTEXT ( ( #2069 ) ) GLOBAL_UNIT_ASSIGNED_CONTEXT ( ( #284, #798, #1320 ) ) REPRESENTATION_CONTEXT ( 'NONE', 'WORKASPACE' ) );
#1113 = PRESENTATION_STYLE_ASSIGNMENT (( #1100 ) ) ;
#1114 = ORIENTED_EDGE ( 'NONE', *, *, #2055, .F. ) ;
#1115 = CYLINDRICAL_SURFACE ( 'NONE', #2287, 0.09000000000000002442 ) ;
#1116 = EDGE_CURVE ( 'NONE', #1843, #248, #821, .T. ) ;
#1117 = ADVANCED_FACE ( 'NONE', ( #1308 ), #1509, .F. ) ;
#1118 = EDGE_CURVE ( 'NONE', #397, #12, #975, .T. ) ;
#1119 = CARTESIAN_POINT ( 'NONE',  ( 0.3899999999999995692, 2.010000000000000675, -0.7200000000000000844 ) ) ;
#1120 = SURFACE_STYLE_FILL_AREA ( #1537 ) ;
#1121 = AXIS2_PLACEMENT_3D ( 'NONE', #960, #253, #1871 ) ;
#1122 = ORIENTED_EDGE ( 'NONE', *, *, #1542, .T. ) ;
#1123 = SURFACE_STYLE_FILL_AREA ( #432 ) ;
#1124 = EDGE_LOOP ( 'NONE', ( #1208, #1890, #1225, #1633, #2254, #1249 ) ) ;
#1125 = CARTESIAN_POINT ( 'NONE',  ( -2.052506281446545344, -2.500000000000000000, -0.7200000000000000844 ) ) ;
#1126 = VERTEX_POINT ( 'NONE', #255 ) ;
#1127 = CARTESIAN_POINT ( 'NONE',  ( 0.3900000000000002354, 2.100000000000000089, -0.7220000000000000862 ) ) ;
#1128 =( NAMED_UNIT ( * ) SI_UNIT ( $, .STERADIAN. ) SOLID_ANGLE_UNIT ( ) );
#1129 = CARTESIAN_POINT ( 'NONE',  ( -0.3900000000000002354, -2.100000000000000089, -0.7220000000000000862 ) ) ;
#1130 = CARTESIAN_POINT ( 'NONE',  ( -2.549999999999859490, -2.550000000000000266, -0.09000000000000001055 ) ) ;
#1131 = CARTESIAN_POINT ( 'NONE',  ( 0.3900000000000002354, -2.100000000000000089, -0.7200000000000000844 ) ) ;
#1132 = ORIENTED_EDGE ( 'NONE', *, *, #1744, .T. ) ;
#1133 = DIRECTION ( 'NONE',  ( 1.000000000000000000, 0.000000000000000000, 0.000000000000000000 ) ) ;
#1134 = DIRECTION ( 'NONE',  ( -0.000000000000000000, 0.000000000000000000, -1.000000000000000000 ) ) ;
#1135 = STYLED_ITEM ( 'NONE', ( #1421 ), #751 ) ;
#1136 = PRODUCT ( 'L150-18705024000H0', 'L150-18705024000H0', '', ( #1152 ) ) ;
#1137 = SURFACE_STYLE_USAGE ( .BOTH. , #1694 ) ;
#1138 = ORIENTED_EDGE ( 'NONE', *, *, #1527, .F. ) ;
#1139 = AXIS2_PLACEMENT_3D ( 'NONE', #459, #313, #1154 ) ;
#1140 = STYLED_ITEM ( 'NONE', ( #950 ), #2283 ) ;
#1141 =( NAMED_UNIT ( * ) SI_UNIT ( $, .STERADIAN. ) SOLID_ANGLE_UNIT ( ) );
#1142 = ORIENTED_EDGE ( 'NONE', *, *, #2018, .F. ) ;
#1143 =( GEOMETRIC_REPRESENTATION_CONTEXT ( 3 ) GLOBAL_UNCERTAINTY_ASSIGNED_CONTEXT ( ( #1263 ) ) GLOBAL_UNIT_ASSIGNED_CONTEXT ( ( #2128, #1192, #11 ) ) REPRESENTATION_CONTEXT ( 'NONE', 'WORKASPACE' ) );
#1144 = ADVANCED_FACE ( 'NONE', ( #2209 ), #1346, .F. ) ;
#1145 = CARTESIAN_POINT ( 'NONE',  ( 1.629999999999999671, 2.009999999999999787, -0.7220000000000000862 ) ) ;
#1146 = ORIENTED_EDGE ( 'NONE', *, *, #377, .T. ) ;
#1147 = PRESENTATION_LAYER_ASSIGNMENT (  '', '', ( #230 ) ) ;
#1148 = VECTOR ( 'NONE', #1523, 1000.000000000000000 ) ;
#1149 = UNCERTAINTY_MEASURE_WITH_UNIT (LENGTH_MEASURE( 1.000000000000000082E-05 ), #359, 'distance_accuracy_value', 'NONE');
#1150 = EDGE_LOOP ( 'NONE', ( #1262, #1900, #558, #710 ) ) ;
#1151 = STYLED_ITEM ( 'NONE', ( #2219 ), #1144 ) ;
#1152 = PRODUCT_CONTEXT ( 'NONE', #1607, 'mechanical' ) ;
#1153 = DIRECTION ( 'NONE',  ( 1.000000000000000000, 0.000000000000000000, 0.000000000000000000 ) ) ;
#1154 = DIRECTION ( 'NONE',  ( 1.000000000000000000, 0.000000000000000000, 0.000000000000000000 ) ) ;
#1155 = AXIS2_PLACEMENT_3D ( 'NONE', #1703, #1196, #2243 ) ;
#1156 =( GEOMETRIC_REPRESENTATION_CONTEXT ( 3 ) GLOBAL_UNCERTAINTY_ASSIGNED_CONTEXT ( ( #402 ) ) GLOBAL_UNIT_ASSIGNED_CONTEXT ( ( #2256, #1555, #1184 ) ) REPRESENTATION_CONTEXT ( 'NONE', 'WORKASPACE' ) );
#1157 = ORIENTED_EDGE ( 'NONE', *, *, #2167, .T. ) ;
#1158 = EDGE_CURVE ( 'NONE', #2171, #1548, #1000, .T. ) ;
#1159 = CARTESIAN_POINT ( 'NONE',  ( 2.149999999999999467, -1.504793690430927589, -0.7220000000000000862 ) ) ;
#1160 = SURFACE_STYLE_FILL_AREA ( #795 ) ;
#1161 = VERTEX_POINT ( 'NONE', #2285 ) ;
#1162 =( LENGTH_UNIT ( ) NAMED_UNIT ( * ) SI_UNIT ( .MILLI., .METRE. ) );
#1163 = CIRCLE ( 'NONE', #177, 0.4348532679332381412 ) ;
#1164 = EDGE_CURVE ( 'NONE', #147, #1843, #2263, .T. ) ;
#1165 = ORIENTED_EDGE ( 'NONE', *, *, #716, .F. ) ;
#1166 = DIRECTION ( 'NONE',  ( 1.000000000000000000, 0.000000000000000000, 0.000000000000000000 ) ) ;
#1167 = DIRECTION ( 'NONE',  ( -0.000000000000000000, -1.000000000000000000, -0.000000000000000000 ) ) ;
#1168 = ORIENTED_EDGE ( 'NONE', *, *, #1664, .T. ) ;
#1169 = DIRECTION ( 'NONE',  ( 0.000000000000000000, 0.000000000000000000, -1.000000000000000000 ) ) ;
#1170 = UNCERTAINTY_MEASURE_WITH_UNIT (LENGTH_MEASURE( 1.000000000000000082E-05 ), #1052, 'distance_accuracy_value', 'NONE');
#1171 = SURFACE_SIDE_STYLE ('',( #620 ) ) ;
#1172 = EDGE_LOOP ( 'NONE', ( #1962, #1378, #1741, #549 ) ) ;
#1173 = AXIS2_PLACEMENT_3D ( 'NONE', #590, #245, #755 ) ;
#1174 = SURFACE_STYLE_USAGE ( .BOTH. , #480 ) ;
#1175 = FILL_AREA_STYLE_COLOUR ( '', #1973 ) ;
#1176 = ADVANCED_FACE ( 'NONE', ( #1561 ), #842, .T. ) ;
#1177 = PRESENTATION_LAYER_ASSIGNMENT (  '', '', ( #585 ) ) ;
#1178 = CIRCLE ( 'NONE', #1563, 0.08999999999999980238 ) ;
#1179 = CARTESIAN_POINT ( 'NONE',  ( 0.2999999999999996003, -2.009999999999999787, -0.7220000000000000862 ) ) ;
#1180 = DIRECTION ( 'NONE',  ( -0.000000000000000000, 0.000000000000000000, -1.000000000000000000 ) ) ;
#1181 = DIRECTION ( 'NONE',  ( -1.000000000000000000, 0.000000000000000000, 0.000000000000000000 ) ) ;
#1182 = ORIENTED_EDGE ( 'NONE', *, *, #1344, .T. ) ;
#1183 = PRESENTATION_STYLE_ASSIGNMENT (( #1721 ) ) ;
#1184 =( NAMED_UNIT ( * ) SI_UNIT ( $, .STERADIAN. ) SOLID_ANGLE_UNIT ( ) );
#1185 = MECHANICAL_DESIGN_GEOMETRIC_PRESENTATION_REPRESENTATION (  '', ( #191 ), #1534 ) ;
#1186 = CARTESIAN_POINT ( 'NONE',  ( 2.059999999999999609, -1.504793690430927589, -0.7220000000000000862 ) ) ;
#1187 = ORIENTED_EDGE ( 'NONE', *, *, #2105, .F. ) ;
#1188 = MECHANICAL_DESIGN_GEOMETRIC_PRESENTATION_REPRESENTATION (  '', ( #1151 ), #973 ) ;
#1189 = FACE_OUTER_BOUND ( 'NONE', #236, .T. ) ;
#1190 =( NAMED_UNIT ( * ) SI_UNIT ( $, .STERADIAN. ) SOLID_ANGLE_UNIT ( ) );
#1191 = CARTESIAN_POINT ( 'NONE',  ( 1.629999999999999671, 2.009999999999999787, -0.7200000000000000844 ) ) ;
#1192 =( NAMED_UNIT ( * ) PLANE_ANGLE_UNIT ( ) SI_UNIT ( $, .RADIAN. ) );
#1193 = COLOUR_RGB ( '',0.6313725490196078205, 0.6588235294117646967, 0.6784313725490196401 ) ;
#1194 = PRESENTATION_LAYER_ASSIGNMENT (  '', '', ( #1085 ) ) ;
#1195 = ORIENTED_EDGE ( 'NONE', *, *, #360, .T. ) ;
#1196 = DIRECTION ( 'NONE',  ( -0.000000000000000000, 1.000000000000000000, 0.000000000000000000 ) ) ;
#1197 = FACE_OUTER_BOUND ( 'NONE', #580, .T. ) ;
#1198 = CARTESIAN_POINT ( 'NONE',  ( -0.2999999999999996003, -2.009999999999999787, -0.7200000000000000844 ) ) ;
#1199 = ORIENTED_EDGE ( 'NONE', *, *, #1508, .F. ) ;
#1200 = CARTESIAN_POINT ( 'NONE',  ( -0.2999999999999996003, -0.3278719262151000291, -0.7220000000000000862 ) ) ;
#1201 = EDGE_CURVE ( 'NONE', #1476, #2229, #1908, .T. ) ;
#1202 =( NAMED_UNIT ( * ) PLANE_ANGLE_UNIT ( ) SI_UNIT ( $, .RADIAN. ) );
#1203 = CARTESIAN_POINT ( 'NONE',  ( -2.149999999999999467, -1.504793690430927589, -0.7220000000000000862 ) ) ;
#1204 = ORIENTED_EDGE ( 'NONE', *, *, #1158, .T. ) ;
#1205 = CARTESIAN_POINT ( 'NONE',  ( 1.749999999999996003, 2.249999999999999556, 0.000000000000000000 ) ) ;
#1206 = FILL_AREA_STYLE ('',( #194 ) ) ;
#1207 = CARTESIAN_POINT ( 'NONE',  ( 1.629999999999999671, -2.009999999999999787, -0.7220000000000000862 ) ) ;
#1208 = ORIENTED_EDGE ( 'NONE', *, *, #1710, .F. ) ;
#1209 = DIRECTION ( 'NONE',  ( -1.000000000000000000, 0.000000000000000000, 0.000000000000000000 ) ) ;
#1210 = STYLED_ITEM ( 'NONE', ( #1099 ), #769 ) ;
#1211 = PRESENTATION_LAYER_ASSIGNMENT (  '', '', ( #808 ) ) ;
#1212 = DIRECTION ( 'NONE',  ( 0.000000000000000000, 0.000000000000000000, 1.000000000000000000 ) ) ;
#1213 = CARTESIAN_POINT ( 'NONE',  ( -2.149999999999999467, 1.504793690430927589, -0.7220000000000000862 ) ) ;
#1214 = CIRCLE ( 'NONE', #1709, 0.08999999999999980238 ) ;
#1215 = ORIENTED_EDGE ( 'NONE', *, *, #128, .F. ) ;
#1216 = SURFACE_SIDE_STYLE ('',( #1433 ) ) ;
#1217 = ORIENTED_EDGE ( 'NONE', *, *, #1381, .F. ) ;
#1218 = EDGE_CURVE ( 'NONE', #648, #777, #1076, .T. ) ;
#1219 = FILL_AREA_STYLE ('',( #348 ) ) ;
#1220 = MECHANICAL_DESIGN_GEOMETRIC_PRESENTATION_REPRESENTATION (  '', ( #266 ), #931 ) ;
#1221 = VECTOR ( 'NONE', #556, 1000.000000000000000 ) ;
#1222 =( LENGTH_UNIT ( ) NAMED_UNIT ( * ) SI_UNIT ( .MILLI., .METRE. ) );
#1223 = CYLINDRICAL_SURFACE ( 'NONE', #1600, 0.08999999999999980238 ) ;
#1224 = FILL_AREA_STYLE ('',( #527 ) ) ;
#1225 = ORIENTED_EDGE ( 'NONE', *, *, #948, .T. ) ;
#1226 = CARTESIAN_POINT ( 'NONE',  ( -2.060658886875452289, 1.594791278554640090, -0.7220000000000000862 ) ) ;
#1227 =( NAMED_UNIT ( * ) PLANE_ANGLE_UNIT ( ) SI_UNIT ( $, .RADIAN. ) );
#1228 = AXIS2_PLACEMENT_3D ( 'NONE', #1327, #2041, #1634 ) ;
#1229 = DIRECTION ( 'NONE',  ( 0.000000000000000000, -1.000000000000000000, -0.000000000000000000 ) ) ;
#1230 = VERTEX_POINT ( 'NONE', #1550 ) ;
#1231 = SURFACE_STYLE_USAGE ( .BOTH. , #2136 ) ;
#1232 = VECTOR ( 'NONE', #1317, 1000.000000000000000 ) ;
#1233 = CARTESIAN_POINT ( 'NONE',  ( 2.249999999999999556, 1.749999999999996225, -0.1000000000000000056 ) ) ;
#1234 = FILL_AREA_STYLE ('',( #172 ) ) ;
#1235 = CARTESIAN_POINT ( 'NONE',  ( -2.500000000000000000, -2.500000000000000000, -0.7200000000000000844 ) ) ;
#1236 = ORIENTED_EDGE ( 'NONE', *, *, #1678, .T. ) ;
#1237 = CARTESIAN_POINT ( 'NONE',  ( -1.539999999999999591, 2.010000000000000675, -0.7220000000000000862 ) ) ;
#1238 = FILL_AREA_STYLE ('',( #942 ) ) ;
#1239 = EDGE_LOOP ( 'NONE', ( #1571, #908, #1199, #1122 ) ) ;
#1240 = LINE ( 'NONE', #241, #500 ) ;
#1241 = ADVANCED_FACE ( 'NONE', ( #2086 ), #334, .T. ) ;
#1242 = DIRECTION ( 'NONE',  ( 0.000000000000000000, -1.000000000000000000, 0.000000000000000000 ) ) ;
#1243 = CARTESIAN_POINT ( 'NONE',  ( -2.052506281446544900, -2.500000000000024869, 0.000000000000000000 ) ) ;
#1244 =( LENGTH_UNIT ( ) NAMED_UNIT ( * ) SI_UNIT ( .MILLI., .METRE. ) );
#1245 = CIRCLE ( 'NONE', #739, 0.08999999999999980238 ) ;
#1246 = VERTEX_POINT ( 'NONE', #293 ) ;
#1247 = DIRECTION ( 'NONE',  ( 1.203706215242021970E-31, 0.000000000000000000, -1.000000000000000000 ) ) ;
#1248 = VECTOR ( 'NONE', #109, 1000.000000000000000 ) ;
#1249 = ORIENTED_EDGE ( 'NONE', *, *, #458, .F. ) ;
#1250 = VECTOR ( 'NONE', #127, 1000.000000000000000 ) ;
#1251 = ADVANCED_FACE ( 'NONE', ( #2245 ), #251, .F. ) ;
#1252 = CIRCLE ( 'NONE', #1338, 0.08999999999999985789 ) ;
#1253 = DIRECTION ( 'NONE',  ( -0.000000000000000000, -1.000000000000000000, -0.000000000000000000 ) ) ;
#1254 = DIRECTION ( 'NONE',  ( 0.000000000000000000, 0.000000000000000000, -1.000000000000000000 ) ) ;
#1255 = SURFACE_STYLE_FILL_AREA ( #1224 ) ;
#1256 = AXIS2_PLACEMENT_3D ( 'NONE', #2221, #1873, #961 ) ;
#1257 = MECHANICAL_DESIGN_GEOMETRIC_PRESENTATION_REPRESENTATION (  '', ( #896 ), #197 ) ;
#1258 = VECTOR ( 'NONE', #2096, 1000.000000000000000 ) ;
#1259 = ORIENTED_EDGE ( 'NONE', *, *, #1861, .F. ) ;
#1260 = LINE ( 'NONE', #928, #1371 ) ;
#1261 = DIRECTION ( 'NONE',  ( 1.000000000000000000, 0.000000000000000000, -0.000000000000000000 ) ) ;
#1262 = ORIENTED_EDGE ( 'NONE', *, *, #111, .T. ) ;
#1263 = UNCERTAINTY_MEASURE_WITH_UNIT (LENGTH_MEASURE( 1.000000000000000082E-05 ), #2128, 'distance_accuracy_value', 'NONE');
#1264 =( GEOMETRIC_REPRESENTATION_CONTEXT ( 3 ) GLOBAL_UNCERTAINTY_ASSIGNED_CONTEXT ( ( #650 ) ) GLOBAL_UNIT_ASSIGNED_CONTEXT ( ( #800, #2051, #94 ) ) REPRESENTATION_CONTEXT ( 'NONE', 'WORKASPACE' ) );
#1265 = AXIS2_PLACEMENT_3D ( 'NONE', #1062, #1420, #559 ) ;
#1266 = AXIS2_PLACEMENT_3D ( 'NONE', #2126, #534, #317 ) ;
#1267 = DIRECTION ( 'NONE',  ( 0.000000000000000000, 0.000000000000000000, -1.000000000000000000 ) ) ;
#1268 = SURFACE_SIDE_STYLE ('',( #1255 ) ) ;
#1269 = EDGE_CURVE ( 'NONE', #1720, #860, #1382, .T. ) ;
#1270 = ORIENTED_EDGE ( 'NONE', *, *, #1282, .F. ) ;
#1271 = CARTESIAN_POINT ( 'NONE',  ( -1.629999999999999671, 2.009999999999999787, -0.7220000000000000862 ) ) ;
#1272 = CARTESIAN_POINT ( 'NONE',  ( -2.500000000000000000, -8.673617379884039416E-16, -0.7200000000000000844 ) ) ;
#1273 = PLANE ( 'NONE',  #412 ) ;
#1274 = ORIENTED_EDGE ( 'NONE', *, *, #514, .T. ) ;
#1275 = DIRECTION ( 'NONE',  ( 1.000000000000000000, 0.000000000000000000, 0.000000000000000000 ) ) ;
#1276 = CIRCLE ( 'NONE', #657, 0.5000000000000000000 ) ;
#1277 = CARTESIAN_POINT ( 'NONE',  ( -0.3661764705882349369, 0.2410822986875735818, -0.7200000000000000844 ) ) ;
#1278 =( NAMED_UNIT ( * ) SI_UNIT ( $, .STERADIAN. ) SOLID_ANGLE_UNIT ( ) );
#1279 =( NAMED_UNIT ( * ) SI_UNIT ( $, .STERADIAN. ) SOLID_ANGLE_UNIT ( ) );
#1280 = ORIENTED_EDGE ( 'NONE', *, *, #964, .F. ) ;
#1281 = DIRECTION ( 'NONE',  ( -0.000000000000000000, -0.000000000000000000, 1.000000000000000000 ) ) ;
#1282 = EDGE_CURVE ( 'NONE', #1054, #2270, #100, .T. ) ;
#1283 = DIRECTION ( 'NONE',  ( 0.000000000000000000, 0.000000000000000000, 1.000000000000000000 ) ) ;
#1284 = PRESENTATION_LAYER_ASSIGNMENT (  '', '', ( #1997 ) ) ;
#1285 = VERTEX_POINT ( 'NONE', #780 ) ;
#1286 = FILL_AREA_STYLE ('',( #748 ) ) ;
#1287 = SURFACE_STYLE_FILL_AREA ( #1472 ) ;
#1288 = EDGE_CURVE ( 'NONE', #1390, #1687, #466, .T. ) ;
#1289 = UNCERTAINTY_MEASURE_WITH_UNIT (LENGTH_MEASURE( 1.000000000000000082E-05 ), #1162, 'distance_accuracy_value', 'NONE');
#1290 = VECTOR ( 'NONE', #1920, 1000.000000000000000 ) ;
#1291 = ORIENTED_EDGE ( 'NONE', *, *, #514, .F. ) ;
#1292 = EDGE_CURVE ( 'NONE', #346, #265, #1493, .T. ) ;
#1293 = CARTESIAN_POINT ( 'NONE',  ( -1.750000000000000222, -1.750000000000000222, -0.1000000000000000056 ) ) ;
#1294 = AXIS2_PLACEMENT_3D ( 'NONE', #1035, #1774, #1752 ) ;
#1295 = VERTEX_POINT ( 'NONE', #1009 ) ;
#1296 = LINE ( 'NONE', #1840, #1408 ) ;
#1297 = FILL_AREA_STYLE_COLOUR ( '', #1747 ) ;
#1298 = MECHANICAL_DESIGN_GEOMETRIC_PRESENTATION_REPRESENTATION (  '', ( #1011 ), #465 ) ;
#1299 = PRESENTATION_LAYER_ASSIGNMENT (  '', '', ( #17 ) ) ;
#1300 = DIRECTION ( 'NONE',  ( 0.000000000000000000, 0.000000000000000000, -1.000000000000000000 ) ) ;
#1301 = ORIENTED_EDGE ( 'NONE', *, *, #1718, .F. ) ;
#1302 = FILL_AREA_STYLE_COLOUR ( '', #1193 ) ;
#1303 = FILL_AREA_STYLE_COLOUR ( '', #718 ) ;
#1304 = MECHANICAL_DESIGN_GEOMETRIC_PRESENTATION_REPRESENTATION (  '', ( #785 ), #1794 ) ;
#1305 = EDGE_LOOP ( 'NONE', ( #732, #1695, #2203, #2103 ) ) ;
#1306 =( GEOMETRIC_REPRESENTATION_CONTEXT ( 3 ) GLOBAL_UNCERTAINTY_ASSIGNED_CONTEXT ( ( #1833 ) ) GLOBAL_UNIT_ASSIGNED_CONTEXT ( ( #1864, #264, #1821 ) ) REPRESENTATION_CONTEXT ( 'NONE', 'WORKASPACE' ) );
#1307 = CARTESIAN_POINT ( 'NONE',  ( -1.629999999999999671, -2.009999999999999787, -0.7200000000000000844 ) ) ;
#1308 = FACE_OUTER_BOUND ( 'NONE', #1855, .T. ) ;
#1309 = DIRECTION ( 'NONE',  ( -1.203706215242021970E-31, -0.000000000000000000, 1.000000000000000000 ) ) ;
#1310 = DIRECTION ( 'NONE',  ( -0.000000000000000000, 1.000000000000000000, -0.000000000000000000 ) ) ;
#1311 = CARTESIAN_POINT ( 'NONE',  ( -2.060658886875452289, 1.594791278554640090, -0.7220000000000000862 ) ) ;
#1312 =( GEOMETRIC_REPRESENTATION_CONTEXT ( 3 ) GLOBAL_UNCERTAINTY_ASSIGNED_CONTEXT ( ( #463 ) ) GLOBAL_UNIT_ASSIGNED_CONTEXT ( ( #2258, #984, #2070 ) ) REPRESENTATION_CONTEXT ( 'NONE', 'WORKASPACE' ) );
#1313 = LINE ( 'NONE', #1877, #2284 ) ;
#1314 = ORIENTED_EDGE ( 'NONE', *, *, #1830, .T. ) ;
#1315 = LINE ( 'NONE', #1103, #1578 ) ;
#1316 =( NAMED_UNIT ( * ) PLANE_ANGLE_UNIT ( ) SI_UNIT ( $, .RADIAN. ) );
#1317 = DIRECTION ( 'NONE',  ( -0.000000000000000000, -1.000000000000000000, -0.000000000000000000 ) ) ;
#1318 = ORIENTED_EDGE ( 'NONE', *, *, #740, .T. ) ;
#1319 = SURFACE_STYLE_FILL_AREA ( #394 ) ;
#1320 =( NAMED_UNIT ( * ) SI_UNIT ( $, .STERADIAN. ) SOLID_ANGLE_UNIT ( ) );
#1321 = EDGE_CURVE ( 'NONE', #1954, #1905, #607, .T. ) ;
#1322 = CARTESIAN_POINT ( 'NONE',  ( 1.539999999999999591, -2.010000000000000675, -0.7200000000000000844 ) ) ;
#1323 = DIRECTION ( 'NONE',  ( -0.000000000000000000, 0.000000000000000000, 1.000000000000000000 ) ) ;
#1324 = FILL_AREA_STYLE_COLOUR ( '', #93 ) ;
#1325 = CARTESIAN_POINT ( 'NONE',  ( -1.629999999999999671, -2.009999999999999787, -0.7200000000000000844 ) ) ;
#1326 = ORIENTED_EDGE ( 'NONE', *, *, #697, .F. ) ;
#1327 = CARTESIAN_POINT ( 'NONE',  ( 2.063842432553107731, 2.029632893018038509, -0.7220000000000000862 ) ) ;
#1328 =( GEOMETRIC_REPRESENTATION_CONTEXT ( 3 ) GLOBAL_UNCERTAINTY_ASSIGNED_CONTEXT ( ( #74 ) ) GLOBAL_UNIT_ASSIGNED_CONTEXT ( ( #25, #1092, #1971 ) ) REPRESENTATION_CONTEXT ( 'NONE', 'WORKASPACE' ) );
#1329 = DIRECTION ( 'NONE',  ( -0.000000000000000000, -0.000000000000000000, 1.000000000000000000 ) ) ;
#1330 = ORIENTED_EDGE ( 'NONE', *, *, #1201, .T. ) ;
#1331 = ADVANCED_FACE ( 'NONE', ( #2030 ), #445, .T. ) ;
#1332 = DIRECTION ( 'NONE',  ( 0.000000000000000000, 0.000000000000000000, -1.000000000000000000 ) ) ;
#1333 = FACE_OUTER_BOUND ( 'NONE', #231, .T. ) ;
#1334 = SURFACE_STYLE_USAGE ( .BOTH. , #1512 ) ;
#1335 = LINE ( 'NONE', #1131, #431 ) ;
#1336 = ORIENTED_EDGE ( 'NONE', *, *, #2121, .T. ) ;
#1337 = DIRECTION ( 'NONE',  ( -0.000000000000000000, -0.000000000000000000, 1.000000000000000000 ) ) ;
#1338 = AXIS2_PLACEMENT_3D ( 'NONE', #1119, #673, #1727 ) ;
#1339 = LINE ( 'NONE', #1722, #790 ) ;
#1340 = VECTOR ( 'NONE', #1309, 1000.000000000000000 ) ;
#1341 = PRODUCT_DEFINITION_CONTEXT ( 'detailed design', #1729, 'design' ) ;
#1342 = PRESENTATION_LAYER_ASSIGNMENT (  '', '', ( #2124 ) ) ;
#1343 = ORIENTED_EDGE ( 'NONE', *, *, #1611, .T. ) ;
#1344 = EDGE_CURVE ( 'NONE', #2246, #940, #1546, .T. ) ;
#1345 =( NAMED_UNIT ( * ) SI_UNIT ( $, .STERADIAN. ) SOLID_ANGLE_UNIT ( ) );
#1346 = CYLINDRICAL_SURFACE ( 'NONE', #493, 0.4348532679332381412 ) ;
#1347 = VECTOR ( 'NONE', #472, 1000.000000000000000 ) ;
#1348 = CARTESIAN_POINT ( 'NONE',  ( -2.549999999999859490, -2.550000000000000266, -0.09000000000000001055 ) ) ;
#1349 = MECHANICAL_DESIGN_GEOMETRIC_PRESENTATION_REPRESENTATION (  '', ( #1085 ), #1460 ) ;
#1350 =( NAMED_UNIT ( * ) SI_UNIT ( $, .STERADIAN. ) SOLID_ANGLE_UNIT ( ) );
#1351 = CARTESIAN_POINT ( 'NONE',  ( 0.3900000000000002354, 2.100000000000000089, -0.7220000000000000862 ) ) ;
#1352 = ORIENTED_EDGE ( 'NONE', *, *, #285, .F. ) ;
#1353 = DIRECTION ( 'NONE',  ( -4.176194859519055211E-47, 1.000000000000000000, -5.026911708464869114E-78 ) ) ;
#1354 = LINE ( 'NONE', #1901, #1248 ) ;
#1355 =( NAMED_UNIT ( * ) PLANE_ANGLE_UNIT ( ) SI_UNIT ( $, .RADIAN. ) );
#1356 = ORIENTED_EDGE ( 'NONE', *, *, #1718, .T. ) ;
#1357 = EDGE_CURVE ( 'NONE', #1432, #369, #183, .T. ) ;
#1358 = PRESENTATION_LAYER_ASSIGNMENT (  '', '', ( #63 ) ) ;
#1359 = CARTESIAN_POINT ( 'NONE',  ( -0.2999999999999996003, 0.3278719262151000291, -0.7200000000000000844 ) ) ;
#1360 = VECTOR ( 'NONE', #53, 1000.000000000000000 ) ;
#1361 = CARTESIAN_POINT ( 'NONE',  ( 1.629999999999999671, 2.009999999999999787, -0.7200000000000000844 ) ) ;
#1362 = DIRECTION ( 'NONE',  ( 0.000000000000000000, -0.000000000000000000, 1.000000000000000000 ) ) ;
#1363 = CARTESIAN_POINT ( 'NONE',  ( -0.3900000000000002354, -2.100000000000000089, -0.7200000000000000844 ) ) ;
#1364 = ADVANCED_FACE ( 'NONE', ( #709 ), #1915, .F. ) ;
#1365 = VERTEX_POINT ( 'NONE', #1198 ) ;
#1366 = EDGE_CURVE ( 'NONE', #777, #1069, #670, .T. ) ;
#1367 = FILL_AREA_STYLE ('',( #1851 ) ) ;
#1368 = UNCERTAINTY_MEASURE_WITH_UNIT (LENGTH_MEASURE( 1.000000000000000082E-05 ), #2015, 'distance_accuracy_value', 'NONE');
#1369 =( NAMED_UNIT ( * ) SI_UNIT ( $, .STERADIAN. ) SOLID_ANGLE_UNIT ( ) );
#1370 = VERTEX_POINT ( 'NONE', #876 ) ;
#1371 = VECTOR ( 'NONE', #1310, 1000.000000000000000 ) ;
#1372 = SURFACE_STYLE_FILL_AREA ( #1219 ) ;
#1373 = DIRECTION ( 'NONE',  ( 1.000000000000000000, 0.000000000000000000, 0.000000000000000000 ) ) ;
#1374 = CARTESIAN_POINT ( 'NONE',  ( 2.059999999999999609, 1.504793690430927589, -0.7220000000000000862 ) ) ;
#1375 = STYLED_ITEM ( 'NONE', ( #2080 ), #707 ) ;
#1376 = PRESENTATION_STYLE_ASSIGNMENT (( #312 ) ) ;
#1377 = FILL_AREA_STYLE ('',( #125 ) ) ;
#1378 = ORIENTED_EDGE ( 'NONE', *, *, #1953, .F. ) ;
#1379 = CARTESIAN_POINT ( 'NONE',  ( -1.539999999999999147, 2.100000000000000089, -0.7220000000000000862 ) ) ;
#1380 = ORIENTED_EDGE ( 'NONE', *, *, #347, .F. ) ;
#1381 = EDGE_CURVE ( 'NONE', #749, #1746, #1952, .T. ) ;
#1382 = CIRCLE ( 'NONE', #2196, 0.08999999999999985789 ) ;
#1383 = PRESENTATION_LAYER_ASSIGNMENT (  '', '', ( #1151 ) ) ;
#1384 = CARTESIAN_POINT ( 'NONE',  ( -0.2999999999999996003, -2.009999999999999787, -0.7220000000000000862 ) ) ;
#1385 = PRESENTATION_LAYER_ASSIGNMENT (  '', '', ( #785 ) ) ;
#1386 =( NAMED_UNIT ( * ) PLANE_ANGLE_UNIT ( ) SI_UNIT ( $, .RADIAN. ) );
#1387 = FILL_AREA_STYLE ('',( #679 ) ) ;
#1388 = CIRCLE ( 'NONE', #464, 0.5000000000000000000 ) ;
#1389 = MECHANICAL_DESIGN_GEOMETRIC_PRESENTATION_REPRESENTATION (  '', ( #2271 ), #1930 ) ;
#1390 = VERTEX_POINT ( 'NONE', #1757 ) ;
#1391 = SURFACE_STYLE_USAGE ( .BOTH. , #2079 ) ;
#1392 = CYLINDRICAL_SURFACE ( 'NONE', #2036, 0.08999999999999980238 ) ;
#1393 = FILL_AREA_STYLE ('',( #14 ) ) ;
#1394 = ORIENTED_EDGE ( 'NONE', *, *, #6, .F. ) ;
#1395 = LINE ( 'NONE', #1012, #1533 ) ;
#1396 = CARTESIAN_POINT ( 'NONE',  ( 0.000000000000000000, -2.500000000000000000, -0.7200000000000000844 ) ) ;
#1397 = CARTESIAN_POINT ( 'NONE',  ( -0.2999999999999996003, 0.3278719262151000291, -0.7220000000000000862 ) ) ;
#1398 = ORIENTED_EDGE ( 'NONE', *, *, #1007, .T. ) ;
#1399 = CARTESIAN_POINT ( 'NONE',  ( -2.250000000000000444, -1.750000000000000222, -0.1000000000000000056 ) ) ;
#1400 =( LENGTH_UNIT ( ) NAMED_UNIT ( * ) SI_UNIT ( .MILLI., .METRE. ) );
#1401 = EDGE_CURVE ( 'NONE', #248, #631, #1927, .T. ) ;
#1402 = SURFACE_STYLE_USAGE ( .BOTH. , #695 ) ;
#1403 = ORIENTED_EDGE ( 'NONE', *, *, #1793, .T. ) ;
#1404 = STYLED_ITEM ( 'NONE', ( #1113 ), #1426 ) ;
#1405 = CARTESIAN_POINT ( 'NONE',  ( -0.3899999999999996247, 0.3278719262151000291, -0.7200000000000000844 ) ) ;
#1406 =( NAMED_UNIT ( * ) SI_UNIT ( $, .STERADIAN. ) SOLID_ANGLE_UNIT ( ) );
#1407 = DIRECTION ( 'NONE',  ( -0.000000000000000000, 0.000000000000000000, -1.000000000000000000 ) ) ;
#1408 = VECTOR ( 'NONE', #2199, 1000.000000000000000 ) ;
#1409 = EDGE_CURVE ( 'NONE', #1019, #1765, #2037, .T. ) ;
#1410 = EDGE_LOOP ( 'NONE', ( #1093, #184, #139, #1667 ) ) ;
#1411 = DIRECTION ( 'NONE',  ( -1.000000000000000000, 0.000000000000000000, 0.000000000000000000 ) ) ;
#1412 = SURFACE_STYLE_FILL_AREA ( #1206 ) ;
#1413 =( NAMED_UNIT ( * ) PLANE_ANGLE_UNIT ( ) SI_UNIT ( $, .RADIAN. ) );
#1414 = ORIENTED_EDGE ( 'NONE', *, *, #1527, .T. ) ;
#1415 = VECTOR ( 'NONE', #701, 1000.000000000000000 ) ;
#1416 = DIRECTION ( 'NONE',  ( 0.000000000000000000, 0.000000000000000000, 1.000000000000000000 ) ) ;
#1417 = ADVANCED_FACE ( 'NONE', ( #1582 ), #1021, .F. ) ;
#1418 = LINE ( 'NONE', #1965, #1360 ) ;
#1419 = ORIENTED_EDGE ( 'NONE', *, *, #911, .T. ) ;
#1420 = DIRECTION ( 'NONE',  ( -0.000000000000000000, 1.000000000000000000, 0.000000000000000000 ) ) ;
#1421 = PRESENTATION_STYLE_ASSIGNMENT (( #705 ) ) ;
#1422 = AXIS2_PLACEMENT_3D ( 'NONE', #1504, #2215, #617 ) ;
#1423 = DIRECTION ( 'NONE',  ( -0.000000000000000000, -0.000000000000000000, 1.000000000000000000 ) ) ;
#1424 = EDGE_LOOP ( 'NONE', ( #15, #1820, #302, #1850 ) ) ;
#1425 = STYLED_ITEM ( 'NONE', ( #1824 ), #309 ) ;
#1426 = ADVANCED_FACE ( 'NONE', ( #1801 ), #1273, .F. ) ;
#1427 = DIRECTION ( 'NONE',  ( 0.000000000000000000, 0.000000000000000000, 1.000000000000000000 ) ) ;
#1428 = AXIS2_PLACEMENT_3D ( 'NONE', #1207, #2281, #318 ) ;
#1429 = DIRECTION ( 'NONE',  ( -0.000000000000000000, -0.000000000000000000, 1.000000000000000000 ) ) ;
#1430 = CARTESIAN_POINT ( 'NONE',  ( -2.059999999999999609, -1.504793690430927589, -0.7220000000000000862 ) ) ;
#1431 = DIRECTION ( 'NONE',  ( 1.000000000000000000, 0.000000000000000000, 0.000000000000000000 ) ) ;
#1432 = VERTEX_POINT ( 'NONE', #543 ) ;
#1433 = SURFACE_STYLE_FILL_AREA ( #517 ) ;
#1434 =( LENGTH_UNIT ( ) NAMED_UNIT ( * ) SI_UNIT ( .MILLI., .METRE. ) );
#1435 = LINE ( 'NONE', #757, #1706 ) ;
#1436 = ORIENTED_EDGE ( 'NONE', *, *, #235, .T. ) ;
#1437 = SURFACE_STYLE_USAGE ( .BOTH. , #376 ) ;
#1438 = CARTESIAN_POINT ( 'NONE',  ( -1.629999999999999671, 2.009999999999999787, -0.7220000000000000862 ) ) ;
#1439 = CYLINDRICAL_SURFACE ( 'NONE', #721, 0.2500000000000000555 ) ;
#1440 = VECTOR ( 'NONE', #2265, 1000.000000000000000 ) ;
#1441 = ORIENTED_EDGE ( 'NONE', *, *, #2055, .T. ) ;
#1442 = DIRECTION ( 'NONE',  ( 1.000000000000000000, 0.000000000000000000, 0.000000000000000000 ) ) ;
#1443 = SURFACE_STYLE_USAGE ( .BOTH. , #954 ) ;
#1444 = CARTESIAN_POINT ( 'NONE',  ( 2.149999999999999467, 1.504793690430927589, -0.7220000000000000862 ) ) ;
#1445 = ORIENTED_EDGE ( 'NONE', *, *, #1976, .T. ) ;
#1446 = ORIENTED_EDGE ( 'NONE', *, *, #939, .T. ) ;
#1447 = EDGE_CURVE ( 'NONE', #1295, #2171, #1435, .T. ) ;
#1448 = AXIS2_PLACEMENT_3D ( 'NONE', #1740, #138, #836 ) ;
#1449 = PRESENTATION_LAYER_ASSIGNMENT (  '', '', ( #159 ) ) ;
#1450 = CARTESIAN_POINT ( 'NONE',  ( -0.2999999999999996003, 2.009999999999999787, -0.7220000000000000862 ) ) ;
#1451 = PLANE ( 'NONE',  #2240 ) ;
#1452 = AXIS2_PLACEMENT_3D ( 'NONE', #286, #989, #1839 ) ;
#1453 = ORIENTED_EDGE ( 'NONE', *, *, #101, .T. ) ;
#1454 =( NAMED_UNIT ( * ) SI_UNIT ( $, .STERADIAN. ) SOLID_ANGLE_UNIT ( ) );
#1455 = SURFACE_SIDE_STYLE ('',( #766 ) ) ;
#1456 = VERTEX_POINT ( 'NONE', #2143 ) ;
#1457 = SURFACE_SIDE_STYLE ('',( #249 ) ) ;
#1458 = UNCERTAINTY_MEASURE_WITH_UNIT (LENGTH_MEASURE( 1.000000000000000082E-05 ), #1519, 'distance_accuracy_value', 'NONE');
#1459 = VECTOR ( 'NONE', #1719, 1000.000000000000000 ) ;
#1460 =( GEOMETRIC_REPRESENTATION_CONTEXT ( 3 ) GLOBAL_UNCERTAINTY_ASSIGNED_CONTEXT ( ( #946 ) ) GLOBAL_UNIT_ASSIGNED_CONTEXT ( ( #130, #1544, #659 ) ) REPRESENTATION_CONTEXT ( 'NONE', 'WORKASPACE' ) );
#1461 = EDGE_CURVE ( 'NONE', #2179, #439, #900, .T. ) ;
#1462 = CARTESIAN_POINT ( 'NONE',  ( -2.500000000000000000, 2.500000000000000000, 0.000000000000000000 ) ) ;
#1463 = DIRECTION ( 'NONE',  ( 1.000000000000000000, 0.000000000000000000, 0.000000000000000000 ) ) ;
#1464 =( LENGTH_UNIT ( ) NAMED_UNIT ( * ) SI_UNIT ( .MILLI., .METRE. ) );
#1465 = ORIENTED_EDGE ( 'NONE', *, *, #1105, .T. ) ;
#1466 = CARTESIAN_POINT ( 'NONE',  ( 0.3900000000000002354, -2.100000000000000089, -0.7220000000000000862 ) ) ;
#1467 = CARTESIAN_POINT ( 'NONE',  ( -2.052506281446547565, -2.500000000000000000, -0.09000000000000002442 ) ) ;
#1468 = CLOSED_SHELL ( 'NONE', ( #814, #987, #866, #232, #839, #1876, #930, #554, #1603, #1251, #396, #36, #1117, #1764, #215, #996, #448, #751, #1075, #309, #1176, #1426, #1331, #1641, #1364, #870, #1990, #641, #122, #1241, #343, #2117, #1813, #479, #717, #1494, #1144, #2248, #1780, #2184, #1711, #2283, #707, #878, #1056, #1923, #503, #1097, #2260, #1417, #769 ) ) ;
#1469 = ORIENTED_EDGE ( 'NONE', *, *, #1710, .T. ) ;
#1470 = CARTESIAN_POINT ( 'NONE',  ( 2.063842432553107731, -2.029632893018038509, -0.7220000000000000862 ) ) ;
#1471 = EDGE_CURVE ( 'NONE', #758, #1489, #1931, .T. ) ;
#1472 = FILL_AREA_STYLE ('',( #2104 ) ) ;
#1473 = PRESENTATION_LAYER_ASSIGNMENT (  '', '', ( #1775 ) ) ;
#1474 = CYLINDRICAL_SURFACE ( 'NONE', #457, 0.5000000000000000000 ) ;
#1475 = SURFACE_STYLE_USAGE ( .BOTH. , #30 ) ;
#1476 = VERTEX_POINT ( 'NONE', #1983 ) ;
#1477 = FACE_OUTER_BOUND ( 'NONE', #1410, .T. ) ;
#1478 = VECTOR ( 'NONE', #644, 1000.000000000000000 ) ;
#1479 = VERTEX_POINT ( 'NONE', #400 ) ;
#1480 = UNCERTAINTY_MEASURE_WITH_UNIT (LENGTH_MEASURE( 1.000000000000000082E-05 ), #1819, 'distance_accuracy_value', 'NONE');
#1481 =( GEOMETRIC_REPRESENTATION_CONTEXT ( 3 ) GLOBAL_UNCERTAINTY_ASSIGNED_CONTEXT ( ( #98 ) ) GLOBAL_UNIT_ASSIGNED_CONTEXT ( ( #587, #242, #1128 ) ) REPRESENTATION_CONTEXT ( 'NONE', 'WORKASPACE' ) );
#1482 = ORIENTED_EDGE ( 'NONE', *, *, #1288, .F. ) ;
#1483 = SURFACE_STYLE_USAGE ( .BOTH. , #2021 ) ;
#1484 =( LENGTH_UNIT ( ) NAMED_UNIT ( * ) SI_UNIT ( .MILLI., .METRE. ) );
#1485 = CARTESIAN_POINT ( 'NONE',  ( -1.629999999999999671, -2.009999999999999787, -0.7220000000000000862 ) ) ;
#1486 =( NAMED_UNIT ( * ) SI_UNIT ( $, .STERADIAN. ) SOLID_ANGLE_UNIT ( ) );
#1487 = AXIS2_PLACEMENT_3D ( 'NONE', #490, #1728, #1209 ) ;
#1488 = DIRECTION ( 'NONE',  ( -0.000000000000000000, -0.000000000000000000, 1.000000000000000000 ) ) ;
#1489 = VERTEX_POINT ( 'NONE', #1809 ) ;
#1490 = CYLINDRICAL_SURFACE ( 'NONE', #826, 0.4348532679332381412 ) ;
#1491 = FACE_OUTER_BOUND ( 'NONE', #1031, .T. ) ;
#1492 = VECTOR ( 'NONE', #214, 1000.000000000000000 ) ;
#1493 = LINE ( 'NONE', #2207, #608 ) ;
#1494 = ADVANCED_FACE ( 'NONE', ( #1632 ), #45, .F. ) ;
#1495 = VECTOR ( 'NONE', #2028, 1000.000000000000000 ) ;
#1496 = COLOUR_RGB ( '',0.6313725490196078205, 0.6588235294117646967, 0.6784313725490196401 ) ;
#1497 = DIRECTION ( 'NONE',  ( 1.000000000000000000, 0.000000000000000000, 0.000000000000000000 ) ) ;
#1498 = DIRECTION ( 'NONE',  ( 1.000000000000000000, 0.000000000000000000, 0.000000000000000000 ) ) ;
#1499 = MECHANICAL_DESIGN_GEOMETRIC_PRESENTATION_REPRESENTATION (  '', ( #535 ), #21 ) ;
#1500 = EDGE_LOOP ( 'NONE', ( #417, #1984, #1658, #307 ) ) ;
#1501 = DIRECTION ( 'NONE',  ( 1.000000000000000000, 0.000000000000000000, 0.000000000000000000 ) ) ;
#1502 = DIRECTION ( 'NONE',  ( -0.000000000000000000, -0.000000000000000000, 1.000000000000000000 ) ) ;
#1503 = ORIENTED_EDGE ( 'NONE', *, *, #1053, .F. ) ;
#1504 = CARTESIAN_POINT ( 'NONE',  ( -0.2999999999999996003, 0.000000000000000000, -0.7200000000000000844 ) ) ;
#1505 = DIRECTION ( 'NONE',  ( 1.000000000000000000, 0.000000000000000000, 0.000000000000000000 ) ) ;
#1506 = UNCERTAINTY_MEASURE_WITH_UNIT (LENGTH_MEASURE( 1.000000000000000082E-05 ), #1792, 'distance_accuracy_value', 'NONE');
#1507 = EDGE_LOOP ( 'NONE', ( #1831, #22, #1469, #1520 ) ) ;
#1508 = EDGE_CURVE ( 'NONE', #1489, #1626, #603, .T. ) ;
#1509 = CYLINDRICAL_SURFACE ( 'NONE', #198, 0.5000000000000000000 ) ;
#1510 = CARTESIAN_POINT ( 'NONE',  ( -2.250000000000000444, -1.749999999999996891, -0.1000000000000000056 ) ) ;
#1511 = DIRECTION ( 'NONE',  ( -1.000000000000000000, 0.000000000000000000, 0.000000000000000000 ) ) ;
#1512 = SURFACE_SIDE_STYLE ('',( #1688 ) ) ;
#1513 = ORIENTED_EDGE ( 'NONE', *, *, #413, .F. ) ;
#1514 = FILL_AREA_STYLE ('',( #1554 ) ) ;
#1515 = SURFACE_STYLE_USAGE ( .BOTH. , #649 ) ;
#1516 = EDGE_CURVE ( 'NONE', #1230, #877, #1313, .T. ) ;
#1517 =( GEOMETRIC_REPRESENTATION_CONTEXT ( 3 ) GLOBAL_UNCERTAINTY_ASSIGNED_CONTEXT ( ( #1149 ) ) GLOBAL_UNIT_ASSIGNED_CONTEXT ( ( #359, #1227, #899 ) ) REPRESENTATION_CONTEXT ( 'NONE', 'WORKASPACE' ) );
#1518 =( GEOMETRIC_REPRESENTATION_CONTEXT ( 3 ) GLOBAL_UNCERTAINTY_ASSIGNED_CONTEXT ( ( #2043 ) ) GLOBAL_UNIT_ASSIGNED_CONTEXT ( ( #1594, #1413, #746 ) ) REPRESENTATION_CONTEXT ( 'NONE', 'WORKASPACE' ) );
#1519 =( LENGTH_UNIT ( ) NAMED_UNIT ( * ) SI_UNIT ( .MILLI., .METRE. ) );
#1520 = ORIENTED_EDGE ( 'NONE', *, *, #1955, .F. ) ;
#1521 = COLOUR_RGB ( '',0.6313725490196078205, 0.6588235294117646967, 0.6784313725490196401 ) ;
#1522 = CARTESIAN_POINT ( 'NONE',  ( 1.749999999999996003, -2.250000000000000444, -0.1000000000000000056 ) ) ;
#1523 = DIRECTION ( 'NONE',  ( -0.000000000000000000, -0.000000000000000000, 1.000000000000000000 ) ) ;
#1524 =( LENGTH_UNIT ( ) NAMED_UNIT ( * ) SI_UNIT ( .MILLI., .METRE. ) );
#1525 = AXIS2_PLACEMENT_3D ( 'NONE', #234, #1610, #1431 ) ;
#1526 =( NAMED_UNIT ( * ) PLANE_ANGLE_UNIT ( ) SI_UNIT ( $, .RADIAN. ) );
#1527 = EDGE_CURVE ( 'NONE', #1126, #971, #441, .T. ) ;
#1528 = CARTESIAN_POINT ( 'NONE',  ( -1.749999999999996891, 2.249999999999999556, -0.1000000000000000056 ) ) ;
#1529 = EDGE_LOOP ( 'NONE', ( #291, #1621, #892, #627 ) ) ;
#1530 = SURFACE_STYLE_FILL_AREA ( #486 ) ;
#1531 = CARTESIAN_POINT ( 'NONE',  ( 0.3899999999999995692, -2.010000000000000675, -0.7200000000000000844 ) ) ;
#1532 = UNCERTAINTY_MEASURE_WITH_UNIT (LENGTH_MEASURE( 1.000000000000000082E-05 ), #1025, 'distance_accuracy_value', 'NONE');
#1533 = VECTOR ( 'NONE', #833, 1000.000000000000000 ) ;
#1534 =( GEOMETRIC_REPRESENTATION_CONTEXT ( 3 ) GLOBAL_UNCERTAINTY_ASSIGNED_CONTEXT ( ( #305 ) ) GLOBAL_UNIT_ASSIGNED_CONTEXT ( ( #1244, #914, #2149 ) ) REPRESENTATION_CONTEXT ( 'NONE', 'WORKASPACE' ) );
#1535 = ORIENTED_EDGE ( 'NONE', *, *, #1447, .F. ) ;
#1536 = DIRECTION ( 'NONE',  ( -1.000000000000000000, 0.000000000000000000, 0.000000000000000000 ) ) ;
#1537 = FILL_AREA_STYLE ('',( #88 ) ) ;
#1538 = EDGE_CURVE ( 'NONE', #2259, #2183, #1614, .T. ) ;
#1539 = STYLED_ITEM ( 'NONE', ( #2166 ), #1641 ) ;
#1540 =( NAMED_UNIT ( * ) PLANE_ANGLE_UNIT ( ) SI_UNIT ( $, .RADIAN. ) );
#1541 = CARTESIAN_POINT ( 'NONE',  ( 2.060658886875452289, 1.594791278554640090, -0.7220000000000000862 ) ) ;
#1542 = EDGE_CURVE ( 'NONE', #1489, #7, #980, .T. ) ;
#1543 = ORIENTED_EDGE ( 'NONE', *, *, #2236, .F. ) ;
#1544 =( NAMED_UNIT ( * ) PLANE_ANGLE_UNIT ( ) SI_UNIT ( $, .RADIAN. ) );
#1545 = CARTESIAN_POINT ( 'NONE',  ( 0.3900000000000002354, 2.100000000000000089, -0.7200000000000000844 ) ) ;
#1546 = CIRCLE ( 'NONE', #326, 0.4348532679332381412 ) ;
#1547 = DIRECTION ( 'NONE',  ( -0.000000000000000000, -0.000000000000000000, 1.000000000000000000 ) ) ;
#1548 = VERTEX_POINT ( 'NONE', #247 ) ;
#1549 = LINE ( 'NONE', #1384, #528 ) ;
#1550 = CARTESIAN_POINT ( 'NONE',  ( -0.3661764705882348814, -0.2410822986875735818, -0.7220000000000000862 ) ) ;
#1551 = CARTESIAN_POINT ( 'NONE',  ( 0.3900000000000002354, -2.100000000000000089, -0.7220000000000000862 ) ) ;
#1552 = PLANE ( 'NONE',  #1448 ) ;
#1553 = ORIENTED_EDGE ( 'NONE', *, *, #1945, .F. ) ;
#1554 = FILL_AREA_STYLE_COLOUR ( '', #726 ) ;
#1555 =( NAMED_UNIT ( * ) PLANE_ANGLE_UNIT ( ) SI_UNIT ( $, .RADIAN. ) );
#1556 = UNCERTAINTY_MEASURE_WITH_UNIT (LENGTH_MEASURE( 1.000000000000000082E-05 ), #340, 'distance_accuracy_value', 'NONE');
#1557 = DIRECTION ( 'NONE',  ( 1.000000000000000000, 0.000000000000000000, 0.000000000000000000 ) ) ;
#1558 = ORIENTED_EDGE ( 'NONE', *, *, #2226, .T. ) ;
#1559 = STYLED_ITEM ( 'NONE', ( #823 ), #2117 ) ;
#1560 = CARTESIAN_POINT ( 'NONE',  ( 0.2999999999999996003, -2.009999999999999787, -0.7220000000000000862 ) ) ;
#1561 = FACE_OUTER_BOUND ( 'NONE', #1037, .T. ) ;
#1562 = AXIS2_PLACEMENT_3D ( 'NONE', #2275, #2289, #857 ) ;
#1563 = AXIS2_PLACEMENT_3D ( 'NONE', #2068, #1169, #121 ) ;
#1564 = CARTESIAN_POINT ( 'NONE',  ( 2.500000000000000000, -2.500000000000032863, 0.000000000000000000 ) ) ;
#1565 = CARTESIAN_POINT ( 'NONE',  ( -0.2999999999999996003, 2.009999999999999787, -0.7220000000000000862 ) ) ;
#1566 = CARTESIAN_POINT ( 'NONE',  ( -2.149999999999999467, 1.504793690430927589, -0.7220000000000000862 ) ) ;
#1567 = ORIENTED_EDGE ( 'NONE', *, *, #623, .F. ) ;
#1568 = SURFACE_STYLE_FILL_AREA ( #1514 ) ;
#1569 = AXIS2_PLACEMENT_3D ( 'NONE', #314, #602, #92 ) ;
#1570 = VECTOR ( 'NONE', #586, 1000.000000000000000 ) ;
#1571 = ORIENTED_EDGE ( 'NONE', *, *, #688, .T. ) ;
#1572 = CIRCLE ( 'NONE', #1452, 0.08999999999999985789 ) ;
#1573 = EDGE_CURVE ( 'NONE', #776, #294, #1335, .T. ) ;
#1574 = MECHANICAL_DESIGN_GEOMETRIC_PRESENTATION_REPRESENTATION (  '', ( #1974 ), #858 ) ;
#1575 = FILL_AREA_STYLE ('',( #1013 ) ) ;
#1576 = PRESENTATION_STYLE_ASSIGNMENT (( #1947 ) ) ;
#1577 = CARTESIAN_POINT ( 'NONE',  ( 2.063842432553107731, -2.029632893018038509, -0.7220000000000000862 ) ) ;
#1578 = VECTOR ( 'NONE', #227, 1000.000000000000000 ) ;
#1579 = ORIENTED_EDGE ( 'NONE', *, *, #1401, .T. ) ;
#1580 = DIRECTION ( 'NONE',  ( -0.000000000000000000, -0.000000000000000000, 1.000000000000000000 ) ) ;
#1581 = CARTESIAN_POINT ( 'NONE',  ( 0.2999999999999996003, 2.009999999999999787, -0.7220000000000000862 ) ) ;
#1582 = FACE_OUTER_BOUND ( 'NONE', #1078, .T. ) ;
#1583 = ORIENTED_EDGE ( 'NONE', *, *, #806, .F. ) ;
#1584 =( NAMED_UNIT ( * ) PLANE_ANGLE_UNIT ( ) SI_UNIT ( $, .RADIAN. ) );
#1585 = EDGE_CURVE ( 'NONE', #1776, #971, #1849, .T. ) ;
#1586 =( NAMED_UNIT ( * ) PLANE_ANGLE_UNIT ( ) SI_UNIT ( $, .RADIAN. ) );
#1587 = DIRECTION ( 'NONE',  ( 0.000000000000000000, -1.000000000000000000, 0.000000000000000000 ) ) ;
#1588 = CARTESIAN_POINT ( 'NONE',  ( -1.629999999999999449, -2.000000000000000444, -0.7200000000000000844 ) ) ;
#1589 = CARTESIAN_POINT ( 'NONE',  ( -2.060658886875452289, -1.594791278554639868, -0.7200000000000000844 ) ) ;
#1590 = AXIS2_PLACEMENT_3D ( 'NONE', #2087, #1738, #1598 ) ;
#1591 = ORIENTED_EDGE ( 'NONE', *, *, #2125, .T. ) ;
#1592 = CARTESIAN_POINT ( 'NONE',  ( -0.3899999999999995692, -2.010000000000000675, -0.7220000000000000862 ) ) ;
#1593 = DIRECTION ( 'NONE',  ( -1.000000000000000000, 0.000000000000000000, 0.000000000000000000 ) ) ;
#1594 =( LENGTH_UNIT ( ) NAMED_UNIT ( * ) SI_UNIT ( .MILLI., .METRE. ) );
#1595 = ORIENTED_EDGE ( 'NONE', *, *, #1409, .T. ) ;
#1596 = EDGE_CURVE ( 'NONE', #576, #1126, #965, .T. ) ;
#1597 = SURFACE_STYLE_FILL_AREA ( #85 ) ;
#1598 = DIRECTION ( 'NONE',  ( -1.000000000000000000, 0.000000000000000000, 0.000000000000000000 ) ) ;
#1599 = SURFACE_SIDE_STYLE ('',( #1059 ) ) ;
#1600 = AXIS2_PLACEMENT_3D ( 'NONE', #1430, #2138, #1463 ) ;
#1601 = ORIENTED_EDGE ( 'NONE', *, *, #883, .T. ) ;
#1602 = SURFACE_SIDE_STYLE ('',( #1412 ) ) ;
#1603 = ADVANCED_FACE ( 'NONE', ( #1889 ), #451, .F. ) ;
#1604 = DIRECTION ( 'NONE',  ( 0.000000000000000000, -0.000000000000000000, 1.000000000000000000 ) ) ;
#1605 = EDGE_LOOP ( 'NONE', ( #68, #1138, #671, #1453 ) ) ;
#1606 =( GEOMETRIC_REPRESENTATION_CONTEXT ( 3 ) GLOBAL_UNCERTAINTY_ASSIGNED_CONTEXT ( ( #1506 ) ) GLOBAL_UNIT_ASSIGNED_CONTEXT ( ( #1792, #66, #19 ) ) REPRESENTATION_CONTEXT ( 'NONE', 'WORKASPACE' ) );
#1607 = APPLICATION_CONTEXT ( 'automotive_design' ) ;
#1608 = PRESENTATION_STYLE_ASSIGNMENT (( #1231 ) ) ;
#1609 = LINE ( 'NONE', #555, #204 ) ;
#1610 = DIRECTION ( 'NONE',  ( -0.000000000000000000, -0.000000000000000000, 1.000000000000000000 ) ) ;
#1611 = EDGE_CURVE ( 'NONE', #2270, #2246, #2241, .T. ) ;
#1612 = STYLED_ITEM ( 'NONE', ( #963 ), #878 ) ;
#1613 = ORIENTED_EDGE ( 'NONE', *, *, #2018, .T. ) ;
#1614 = CIRCLE ( 'NONE', #2202, 0.08999999999999980238 ) ;
#1615 = DIRECTION ( 'NONE',  ( 0.000000000000000000, 0.000000000000000000, -1.000000000000000000 ) ) ;
#1616 = ORIENTED_EDGE ( 'NONE', *, *, #475, .F. ) ;
#1617 = CIRCLE ( 'NONE', #2130, 0.08999999999999985789 ) ;
#1618 = PLANE ( 'NONE',  #829 ) ;
#1619 =( LENGTH_UNIT ( ) NAMED_UNIT ( * ) SI_UNIT ( .MILLI., .METRE. ) );
#1620 = FILL_AREA_STYLE ('',( #2170 ) ) ;
#1621 = ORIENTED_EDGE ( 'NONE', *, *, #1542, .F. ) ;
#1622 = DIRECTION ( 'NONE',  ( 0.000000000000000000, 0.000000000000000000, 1.000000000000000000 ) ) ;
#1623 = LINE ( 'NONE', #941, #1492 ) ;
#1624 = DIRECTION ( 'NONE',  ( 0.000000000000000000, -1.000000000000000000, 0.000000000000000000 ) ) ;
#1625 = EDGE_CURVE ( 'NONE', #1295, #2110, #2039, .T. ) ;
#1626 = VERTEX_POINT ( 'NONE', #2228 ) ;
#1627 = FILL_AREA_STYLE ('',( #1987 ) ) ;
#1628 = AXIS2_PLACEMENT_3D ( 'NONE', #2050, #1362, #145 ) ;
#1629 = VERTEX_POINT ( 'NONE', #630 ) ;
#1630 = DIRECTION ( 'NONE',  ( -1.000000000000000000, 0.000000000000000000, 0.000000000000000000 ) ) ;
#1631 = LINE ( 'NONE', #1980, #2011 ) ;
#1632 = FACE_OUTER_BOUND ( 'NONE', #244, .T. ) ;
#1633 = ORIENTED_EDGE ( 'NONE', *, *, #2187, .F. ) ;
#1634 = DIRECTION ( 'NONE',  ( 1.000000000000000000, 0.000000000000000000, 0.000000000000000000 ) ) ;
#1635 = VECTOR ( 'NONE', #173, 1000.000000000000000 ) ;
#1636 = CIRCLE ( 'NONE', #929, 0.5000000000000000000 ) ;
#1637 =( LENGTH_UNIT ( ) NAMED_UNIT ( * ) SI_UNIT ( .MILLI., .METRE. ) );
#1638 = LINE ( 'NONE', #1649, #1221 ) ;
#1639 = STYLED_ITEM ( 'NONE', ( #655 ), #122 ) ;
#1640 = COLOUR_RGB ( '',0.6313725490196078205, 0.6588235294117646967, 0.6784313725490196401 ) ;
#1641 = ADVANCED_FACE ( 'NONE', ( #825 ), #594, .F. ) ;
#1642 = ORIENTED_EDGE ( 'NONE', *, *, #1409, .F. ) ;
#1643 = DIRECTION ( 'NONE',  ( 1.000000000000000000, 0.000000000000000000, 0.000000000000000000 ) ) ;
#1644 = DIRECTION ( 'NONE',  ( -1.000000000000000000, 0.000000000000000000, -0.000000000000000000 ) ) ;
#1645 = CARTESIAN_POINT ( 'NONE',  ( -0.2999999999999996003, -2.009999999999999787, -0.7220000000000000862 ) ) ;
#1646 = ORIENTED_EDGE ( 'NONE', *, *, #2032, .F. ) ;
#1647 = DIRECTION ( 'NONE',  ( -0.000000000000000000, -0.000000000000000000, 1.000000000000000000 ) ) ;
#1648 = UNCERTAINTY_MEASURE_WITH_UNIT (LENGTH_MEASURE( 1.000000000000000082E-05 ), #322, 'distance_accuracy_value', 'NONE');
#1649 = CARTESIAN_POINT ( 'NONE',  ( 0.000000000000000000, -2.500000000000000000, -0.09000000000000002442 ) ) ;
#1650 = ORIENTED_EDGE ( 'NONE', *, *, #101, .F. ) ;
#1651 =( LENGTH_UNIT ( ) NAMED_UNIT ( * ) SI_UNIT ( .MILLI., .METRE. ) );
#1652 =( NAMED_UNIT ( * ) PLANE_ANGLE_UNIT ( ) SI_UNIT ( $, .RADIAN. ) );
#1653 = MECHANICAL_DESIGN_GEOMETRIC_PRESENTATION_REPRESENTATION (  '', ( #63 ), #267 ) ;
#1654 = DIRECTION ( 'NONE',  ( -1.000000000000000000, 0.000000000000000000, -0.000000000000000000 ) ) ;
#1655 = ORIENTED_EDGE ( 'NONE', *, *, #1885, .T. ) ;
#1656 = DIRECTION ( 'NONE',  ( 0.000000000000000000, -0.000000000000000000, 1.000000000000000000 ) ) ;
#1657 = VECTOR ( 'NONE', #404, 1000.000000000000000 ) ;
#1658 = ORIENTED_EDGE ( 'NONE', *, *, #1357, .F. ) ;
#1659 = CARTESIAN_POINT ( 'NONE',  ( -1.539999999999999147, -2.100000000000000089, -0.7200000000000000844 ) ) ;
#1660 = FILL_AREA_STYLE ('',( #429 ) ) ;
#1661 = PRESENTATION_STYLE_ASSIGNMENT (( #430 ) ) ;
#1662 =( NAMED_UNIT ( * ) PLANE_ANGLE_UNIT ( ) SI_UNIT ( $, .RADIAN. ) );
#1663 = CARTESIAN_POINT ( 'NONE',  ( 1.629999999999999449, -2.000000000000000444, -0.7200000000000000844 ) ) ;
#1664 = EDGE_CURVE ( 'NONE', #1456, #1370, #1315, .T. ) ;
#1665 = AXIS2_PLACEMENT_3D ( 'NONE', #1978, #2025, #1807 ) ;
#1666 = DIRECTION ( 'NONE',  ( 0.000000000000000000, 1.000000000000000000, 0.000000000000000000 ) ) ;
#1667 = ORIENTED_EDGE ( 'NONE', *, *, #1164, .F. ) ;
#1668 = AXIS2_PLACEMENT_3D ( 'NONE', #505, #336, #2114 ) ;
#1669 = MECHANICAL_DESIGN_GEOMETRIC_PRESENTATION_REPRESENTATION (  '', ( #1375 ), #1853 ) ;
#1670 = DIRECTION ( 'NONE',  ( 0.000000000000000000, -0.000000000000000000, -1.000000000000000000 ) ) ;
#1671 = DIRECTION ( 'NONE',  ( -0.000000000000000000, 0.000000000000000000, -1.000000000000000000 ) ) ;
#1672 = CARTESIAN_POINT ( 'NONE',  ( -1.750000000000000222, 1.749999999999999334, -0.1000000000000000056 ) ) ;
#1673 = SURFACE_STYLE_FILL_AREA ( #114 ) ;
#1674 = CARTESIAN_POINT ( 'NONE',  ( -0.2999999999999996003, 0.3278719262151000291, -0.7220000000000000862 ) ) ;
#1675 =( GEOMETRIC_REPRESENTATION_CONTEXT ( 3 ) GLOBAL_UNCERTAINTY_ASSIGNED_CONTEXT ( ( #1458 ) ) GLOBAL_UNIT_ASSIGNED_CONTEXT ( ( #1519, #1355, #1369 ) ) REPRESENTATION_CONTEXT ( 'NONE', 'WORKASPACE' ) );
#1676 = SURFACE_SIDE_STYLE ('',( #2213 ) ) ;
#1677 = ORIENTED_EDGE ( 'NONE', *, *, #1050, .T. ) ;
#1678 = EDGE_CURVE ( 'NONE', #985, #1479, #2162, .T. ) ;
#1679 = DIRECTION ( 'NONE',  ( 1.203706215242021970E-31, 0.000000000000000000, -1.000000000000000000 ) ) ;
#1680 = DIRECTION ( 'NONE',  ( -1.000000000000000000, 0.000000000000000000, 0.000000000000000000 ) ) ;
#1681 = ORIENTED_EDGE ( 'NONE', *, *, #889, .F. ) ;
#1682 = VECTOR ( 'NONE', #301, 1000.000000000000000 ) ;
#1683 =( GEOMETRIC_REPRESENTATION_CONTEXT ( 3 ) GLOBAL_UNCERTAINTY_ASSIGNED_CONTEXT ( ( #1556 ) ) GLOBAL_UNIT_ASSIGNED_CONTEXT ( ( #340, #162, #861 ) ) REPRESENTATION_CONTEXT ( 'NONE', 'WORKASPACE' ) );
#1684 = CIRCLE ( 'NONE', #1266, 0.5000000000000000000 ) ;
#1685 = SURFACE_STYLE_USAGE ( .BOTH. , #436 ) ;
#1686 = DIRECTION ( 'NONE',  ( -0.000000000000000000, -0.000000000000000000, 1.000000000000000000 ) ) ;
#1687 = VERTEX_POINT ( 'NONE', #2177 ) ;
#1688 = SURFACE_STYLE_FILL_AREA ( #106 ) ;
#1689 = CARTESIAN_POINT ( 'NONE',  ( -1.749999999999996891, 2.249999999999999556, 0.000000000000000000 ) ) ;
#1690 = ORIENTED_EDGE ( 'NONE', *, *, #1596, .T. ) ;
#1691 =( LENGTH_UNIT ( ) NAMED_UNIT ( * ) SI_UNIT ( .MILLI., .METRE. ) );
#1692 = CARTESIAN_POINT ( 'NONE',  ( -2.149999999999999467, -1.504793690430927589, -0.7220000000000000862 ) ) ;
#1693 = EDGE_CURVE ( 'NONE', #265, #696, #934, .T. ) ;
#1694 = SURFACE_SIDE_STYLE ('',( #1160 ) ) ;
#1695 = ORIENTED_EDGE ( 'NONE', *, *, #1461, .F. ) ;
#1696 =( NAMED_UNIT ( * ) PLANE_ANGLE_UNIT ( ) SI_UNIT ( $, .RADIAN. ) );
#1697 = CARTESIAN_POINT ( 'NONE',  ( 0.000000000000000000, 2.500000000000000000, -0.7200000000000000844 ) ) ;
#1698 = LINE ( 'NONE', #811, #1148 ) ;
#1699 = LINE ( 'NONE', #812, #1068 ) ;
#1700 = CARTESIAN_POINT ( 'NONE',  ( -0.3900000000000002354, 2.100000000000000089, -0.7220000000000000862 ) ) ;
#1701 = FILL_AREA_STYLE_COLOUR ( '', #976 ) ;
#1702 = EDGE_LOOP ( 'NONE', ( #616, #743, #1001, #865, #805, #1583, #2013, #754, #319, #1553, #2020, #1642, #1753, #847, #55, #401, #1114, #1088 ) ) ;
#1703 = CARTESIAN_POINT ( 'NONE',  ( -1.749999999999996891, 2.249999999999999556, -0.1000000000000000056 ) ) ;
#1704 = SURFACE_STYLE_FILL_AREA ( #1367 ) ;
#1705 = VECTOR ( 'NONE', #206, 1000.000000000000000 ) ;
#1706 = VECTOR ( 'NONE', #1624, 1000.000000000000000 ) ;
#1707 = CARTESIAN_POINT ( 'NONE',  ( 0.3899999999999995692, 2.010000000000000675, -0.7220000000000000862 ) ) ;
#1708 = ORIENTED_EDGE ( 'NONE', *, *, #1838, .F. ) ;
#1709 = AXIS2_PLACEMENT_3D ( 'NONE', #1888, #1180, #1016 ) ;
#1710 = EDGE_CURVE ( 'NONE', #801, #2217, #920, .T. ) ;
#1711 = ADVANCED_FACE ( 'NONE', ( #1993 ), #1490, .F. ) ;
#1712 = SURFACE_STYLE_USAGE ( .BOTH. , #773 ) ;
#1713 = SURFACE_STYLE_USAGE ( .BOTH. , #76 ) ;
#1714 = EDGE_CURVE ( 'NONE', #223, #877, #936, .T. ) ;
#1715 = LINE ( 'NONE', #124, #1340 ) ;
#1716 = CARTESIAN_POINT ( 'NONE',  ( 2.500000000000000000, 2.500000000000000000, -0.7200000000000000844 ) ) ;
#1717 = CIRCLE ( 'NONE', #1294, 0.08999999999999980238 ) ;
#1718 = EDGE_CURVE ( 'NONE', #2171, #442, #647, .T. ) ;
#1719 = DIRECTION ( 'NONE',  ( -1.000000000000000000, -0.000000000000000000, -0.000000000000000000 ) ) ;
#1720 = VERTEX_POINT ( 'NONE', #495 ) ;
#1721 = SURFACE_STYLE_USAGE ( .BOTH. , #1912 ) ;
#1722 = CARTESIAN_POINT ( 'NONE',  ( -2.500000000000000000, -2.052506281446684788, -0.7200000000000000844 ) ) ;
#1723 = UNCERTAINTY_MEASURE_WITH_UNIT (LENGTH_MEASURE( 1.000000000000000082E-05 ), #202, 'distance_accuracy_value', 'NONE');
#1724 =( GEOMETRIC_REPRESENTATION_CONTEXT ( 3 ) GLOBAL_UNCERTAINTY_ASSIGNED_CONTEXT ( ( #1368 ) ) GLOBAL_UNIT_ASSIGNED_CONTEXT ( ( #2015, #188, #18 ) ) REPRESENTATION_CONTEXT ( 'NONE', 'WORKASPACE' ) );
#1725 = CARTESIAN_POINT ( 'NONE',  ( -2.250000000000000444, -1.749999999999996891, -0.1000000000000000056 ) ) ;
#1726 = ORIENTED_EDGE ( 'NONE', *, *, #1090, .T. ) ;
#1727 = DIRECTION ( 'NONE',  ( -1.000000000000000000, 0.000000000000000000, 0.000000000000000000 ) ) ;
#1728 = DIRECTION ( 'NONE',  ( 0.000000000000000000, 0.000000000000000000, -1.000000000000000000 ) ) ;
#1729 = APPLICATION_CONTEXT ( 'automotive_design' ) ;
#1730 = VECTOR ( 'NONE', #2067, 1000.000000000000000 ) ;
#1731 = COLOUR_RGB ( '',0.6313725490196078205, 0.6588235294117646967, 0.6784313725490196401 ) ;
#1732 = CARTESIAN_POINT ( 'NONE',  ( -2.250000000000000444, -1.750000000000000222, -0.1000000000000000056 ) ) ;
#1733 = DIRECTION ( 'NONE',  ( 1.000000000000000000, 0.000000000000000000, 0.000000000000000000 ) ) ;
#1734 = VERTEX_POINT ( 'NONE', #632 ) ;
#1735 = LINE ( 'NONE', #1545, #553 ) ;
#1736 = EDGE_LOOP ( 'NONE', ( #1109, #1010, #770, #1446 ) ) ;
#1737 = PRESENTATION_STYLE_ASSIGNMENT (( #1712 ) ) ;
#1738 = DIRECTION ( 'NONE',  ( 0.000000000000000000, 0.000000000000000000, 1.000000000000000000 ) ) ;
#1739 = DIRECTION ( 'NONE',  ( 1.000000000000000000, 0.000000000000000000, 0.000000000000000000 ) ) ;
#1740 = CARTESIAN_POINT ( 'NONE',  ( 0.000000000000000000, 0.000000000000000000, 0.000000000000000000 ) ) ;
#1741 = ORIENTED_EDGE ( 'NONE', *, *, #2145, .F. ) ;
#1742 = DIRECTION ( 'NONE',  ( 0.000000000000000000, 0.000000000000000000, -1.000000000000000000 ) ) ;
#1743 = CYLINDRICAL_SURFACE ( 'NONE', #338, 0.08999999999999980238 ) ;
#1744 = EDGE_CURVE ( 'NONE', #73, #397, #276, .T. ) ;
#1745 = PRESENTATION_STYLE_ASSIGNMENT (( #1767 ) ) ;
#1746 = VERTEX_POINT ( 'NONE', #508 ) ;
#1747 = COLOUR_RGB ( '',0.6313725490196078205, 0.6588235294117646967, 0.6784313725490196401 ) ;
#1748 = AXIS2_PLACEMENT_3D ( 'NONE', #1645, #34, #918 ) ;
#1749 = CIRCLE ( 'NONE', #2181, 0.5000000000000000000 ) ;
#1750 = FACE_OUTER_BOUND ( 'NONE', #456, .T. ) ;
#1751 = SURFACE_STYLE_FILL_AREA ( #1234 ) ;
#1752 = DIRECTION ( 'NONE',  ( 1.000000000000000000, 0.000000000000000000, 0.000000000000000000 ) ) ;
#1753 = ORIENTED_EDGE ( 'NONE', *, *, #235, .F. ) ;
#1754 = FILL_AREA_STYLE ('',( #1048 ) ) ;
#1755 = CIRCLE ( 'NONE', #350, 0.08999999999999980238 ) ;
#1756 = EDGE_CURVE ( 'NONE', #153, #940, #838, .T. ) ;
#1757 = CARTESIAN_POINT ( 'NONE',  ( 2.149999999999999467, 1.504793690430927589, -0.7220000000000000862 ) ) ;
#1758 = COLOUR_RGB ( '',0.7921568627450980005, 0.8196078431372548767, 0.9333333333333333481 ) ;
#1759 = ORIENTED_EDGE ( 'NONE', *, *, #377, .F. ) ;
#1760 = AXIS2_PLACEMENT_3D ( 'NONE', #1405, #1057, #157 ) ;
#1761 = DIRECTION ( 'NONE',  ( -0.000000000000000000, -0.000000000000000000, 1.000000000000000000 ) ) ;
#1762 = LINE ( 'NONE', #1791, #1071 ) ;
#1763 = FACE_OUTER_BOUND ( 'NONE', #763, .T. ) ;
#1764 = ADVANCED_FACE ( 'NONE', ( #816 ), #2090, .F. ) ;
#1765 = VERTEX_POINT ( 'NONE', #2255 ) ;
#1766 = CARTESIAN_POINT ( 'NONE',  ( 2.149999999999999467, 1.504793690430927589, -0.7220000000000000862 ) ) ;
#1767 = SURFACE_STYLE_USAGE ( .BOTH. , #1940 ) ;
#1768 = ORIENTED_EDGE ( 'NONE', *, *, #44, .F. ) ;
#1769 = AXIS2_PLACEMENT_3D ( 'NONE', #2009, #613, #2237 ) ;
#1770 = CARTESIAN_POINT ( 'NONE',  ( -2.549999999999859490, -2.550000000000000266, -0.09000000000000001055 ) ) ;
#1771 = CARTESIAN_POINT ( 'NONE',  ( -2.060658886875452289, -1.594791278554639868, -0.7220000000000000862 ) ) ;
#1772 =( LENGTH_UNIT ( ) NAMED_UNIT ( * ) SI_UNIT ( .MILLI., .METRE. ) );
#1773 = EDGE_CURVE ( 'NONE', #1765, #604, #1869, .T. ) ;
#1774 = DIRECTION ( 'NONE',  ( -0.000000000000000000, 0.000000000000000000, -1.000000000000000000 ) ) ;
#1775 = STYLED_ITEM ( 'NONE', ( #1376 ), #215 ) ;
#1776 = VERTEX_POINT ( 'NONE', #1205 ) ;
#1777 = CARTESIAN_POINT ( 'NONE',  ( -1.750000000000000222, -1.750000000000000222, 0.000000000000000000 ) ) ;
#1778 = CARTESIAN_POINT ( 'NONE',  ( 2.060658886875452289, -1.594791278554639868, -0.7220000000000000862 ) ) ;
#1779 = EDGE_LOOP ( 'NONE', ( #734, #1217, #129, #176 ) ) ;
#1780 = ADVANCED_FACE ( 'NONE', ( #1005 ), #330, .F. ) ;
#1781 = CARTESIAN_POINT ( 'NONE',  ( 2.500000000000000000, -2.500000000000000000, -0.7200000000000000844 ) ) ;
#1782 = EDGE_CURVE ( 'NONE', #1432, #919, #148, .T. ) ;
#1783 = VECTOR ( 'NONE', #1898, 1000.000000000000000 ) ;
#1784 =( NAMED_UNIT ( * ) SI_UNIT ( $, .STERADIAN. ) SOLID_ANGLE_UNIT ( ) );
#1785 = SURFACE_STYLE_FILL_AREA ( #1627 ) ;
#1786 = COLOUR_RGB ( '',0.6313725490196078205, 0.6588235294117646967, 0.6784313725490196401 ) ;
#1787 = VERTEX_POINT ( 'NONE', #992 ) ;
#1788 = CARTESIAN_POINT ( 'NONE',  ( -0.3900000000000002354, 2.100000000000000089, -0.7200000000000000844 ) ) ;
#1789 = EDGE_LOOP ( 'NONE', ( #767, #1924, #473, #1810 ) ) ;
#1790 = DIRECTION ( 'NONE',  ( -0.000000000000000000, -0.000000000000000000, 1.000000000000000000 ) ) ;
#1791 = CARTESIAN_POINT ( 'NONE',  ( 2.249999999999999556, -1.749999999999996891, 0.000000000000000000 ) ) ;
#1792 =( LENGTH_UNIT ( ) NAMED_UNIT ( * ) SI_UNIT ( .MILLI., .METRE. ) );
#1793 = EDGE_CURVE ( 'NONE', #1968, #919, #1388, .T. ) ;
#1794 =( GEOMETRIC_REPRESENTATION_CONTEXT ( 3 ) GLOBAL_UNCERTAINTY_ASSIGNED_CONTEXT ( ( #738 ) ) GLOBAL_UNIT_ASSIGNED_CONTEXT ( ( #2063, #1526, #450 ) ) REPRESENTATION_CONTEXT ( 'NONE', 'WORKASPACE' ) );
#1795 = ORIENTED_EDGE ( 'NONE', *, *, #1516, .F. ) ;
#1796 = DIRECTION ( 'NONE',  ( -0.000000000000000000, -0.000000000000000000, 1.000000000000000000 ) ) ;
#1797 = STYLED_ITEM ( 'NONE', ( #792 ), #1603 ) ;
#1798 = SURFACE_STYLE_USAGE ( .BOTH. , #2142 ) ;
#1799 = MECHANICAL_DESIGN_GEOMETRIC_PRESENTATION_REPRESENTATION (  '', ( #203 ), #1683 ) ;
#1800 = VECTOR ( 'NONE', #384, 1000.000000000000000 ) ;
#1801 = FACE_OUTER_BOUND ( 'NONE', #1424, .T. ) ;
#1802 = ORIENTED_EDGE ( 'NONE', *, *, #368, .F. ) ;
#1803 = DIRECTION ( 'NONE',  ( -0.000000000000000000, 1.000000000000000000, -0.000000000000000000 ) ) ;
#1804 = FILL_AREA_STYLE ('',( #2007 ) ) ;
#1805 =( NAMED_UNIT ( * ) PLANE_ANGLE_UNIT ( ) SI_UNIT ( $, .RADIAN. ) );
#1806 = EDGE_LOOP ( 'NONE', ( #1419, #2160, #2135, #1318 ) ) ;
#1807 = DIRECTION ( 'NONE',  ( 1.000000000000000000, 0.000000000000000000, 0.000000000000000000 ) ) ;
#1808 = CARTESIAN_POINT ( 'NONE',  ( 1.539999999999999147, -2.100000000000000089, -0.7220000000000000862 ) ) ;
#1809 = CARTESIAN_POINT ( 'NONE',  ( 0.3900000000000002354, 2.100000000000000089, -0.7220000000000000862 ) ) ;
#1810 = ORIENTED_EDGE ( 'NONE', *, *, #1934, .T. ) ;
#1811 = UNCERTAINTY_MEASURE_WITH_UNIT (LENGTH_MEASURE( 1.000000000000000082E-05 ), #1619, 'distance_accuracy_value', 'NONE');
#1812 = ORIENTED_EDGE ( 'NONE', *, *, #806, .T. ) ;
#1813 = ADVANCED_FACE ( 'NONE', ( #2120 ), #1070, .T. ) ;
#1814 = CARTESIAN_POINT ( 'NONE',  ( -2.149999999999999467, 1.504793690430927589, -0.7200000000000000844 ) ) ;
#1815 = DIRECTION ( 'NONE',  ( -1.000000000000000000, 0.000000000000000000, -0.000000000000000000 ) ) ;
#1816 = MECHANICAL_DESIGN_GEOMETRIC_PRESENTATION_REPRESENTATION (  '', ( #1404 ), #1328 ) ;
#1817 = AXIS2_PLACEMENT_3D ( 'NONE', #491, #327, #1739 ) ;
#1818 = EDGE_LOOP ( 'NONE', ( #1441, #1270, #37, #901 ) ) ;
#1819 =( LENGTH_UNIT ( ) NAMED_UNIT ( * ) SI_UNIT ( .MILLI., .METRE. ) );
#1820 = ORIENTED_EDGE ( 'NONE', *, *, #740, .F. ) ;
#1821 =( NAMED_UNIT ( * ) SI_UNIT ( $, .STERADIAN. ) SOLID_ANGLE_UNIT ( ) );
#1822 = EDGE_CURVE ( 'NONE', #1746, #1370, #720, .T. ) ;
#1823 = AXIS2_PLACEMENT_3D ( 'NONE', #1948, #871, #538 ) ;
#1824 = PRESENTATION_STYLE_ASSIGNMENT (( #1437 ) ) ;
#1825 = COLOUR_RGB ( '',0.6313725490196078205, 0.6588235294117646967, 0.6784313725490196401 ) ;
#1826 = MECHANICAL_DESIGN_GEOMETRIC_PRESENTATION_REPRESENTATION (  '', ( #1944 ), #1112 ) ;
#1827 = ORIENTED_EDGE ( 'NONE', *, *, #1996, .T. ) ;
#1828 = SURFACE_SIDE_STYLE ('',( #418 ) ) ;
#1829 = DIRECTION ( 'NONE',  ( 0.000000000000000000, 0.000000000000000000, 1.000000000000000000 ) ) ;
#1830 = EDGE_CURVE ( 'NONE', #1390, #648, #357, .T. ) ;
#1831 = ORIENTED_EDGE ( 'NONE', *, *, #623, .T. ) ;
#1832 = DIRECTION ( 'NONE',  ( -0.000000000000000000, -0.000000000000000000, 1.000000000000000000 ) ) ;
#1833 = UNCERTAINTY_MEASURE_WITH_UNIT (LENGTH_MEASURE( 1.000000000000000082E-05 ), #1864, 'distance_accuracy_value', 'NONE');
#1834 = VECTOR ( 'NONE', #1353, 1000.000000000000000 ) ;
#1835 = CARTESIAN_POINT ( 'NONE',  ( 2.249999999999999556, -1.749999999999996891, -0.1000000000000000056 ) ) ;
#1836 = SURFACE_STYLE_USAGE ( .BOTH. , #1845 ) ;
#1837 = PRESENTATION_LAYER_ASSIGNMENT (  '', '', ( #539 ) ) ;
#1838 = EDGE_CURVE ( 'NONE', #927, #1765, #175, .T. ) ;
#1839 = DIRECTION ( 'NONE',  ( -1.000000000000000000, 0.000000000000000000, 0.000000000000000000 ) ) ;
#1840 = CARTESIAN_POINT ( 'NONE',  ( 2.149999999999999467, 1.504793690430927589, -0.7200000000000000844 ) ) ;
#1841 = DIRECTION ( 'NONE',  ( 0.000000000000000000, 0.000000000000000000, 1.000000000000000000 ) ) ;
#1842 = CARTESIAN_POINT ( 'NONE',  ( 1.539999999999999591, -2.010000000000000675, -0.7220000000000000862 ) ) ;
#1843 = VERTEX_POINT ( 'NONE', #2292 ) ;
#1844 = ORIENTED_EDGE ( 'NONE', *, *, #794, .F. ) ;
#1845 = SURFACE_SIDE_STYLE ('',( #2159 ) ) ;
#1846 = DIRECTION ( 'NONE',  ( -0.000000000000000000, -0.000000000000000000, 1.000000000000000000 ) ) ;
#1847 = PRESENTATION_STYLE_ASSIGNMENT (( #42 ) ) ;
#1848 = PRESENTATION_STYLE_ASSIGNMENT (( #1798 ) ) ;
#1849 = LINE ( 'NONE', #1689, #1459 ) ;
#1850 = ORIENTED_EDGE ( 'NONE', *, *, #1288, .T. ) ;
#1851 = FILL_AREA_STYLE_COLOUR ( '', #1967 ) ;
#1852 =( GEOMETRIC_REPRESENTATION_CONTEXT ( 3 ) GLOBAL_UNCERTAINTY_ASSIGNED_CONTEXT ( ( #1723 ) ) GLOBAL_UNIT_ASSIGNED_CONTEXT ( ( #202, #1202, #1406 ) ) REPRESENTATION_CONTEXT ( 'NONE', 'WORKASPACE' ) );
#1853 =( GEOMETRIC_REPRESENTATION_CONTEXT ( 3 ) GLOBAL_UNCERTAINTY_ASSIGNED_CONTEXT ( ( #424 ) ) GLOBAL_UNIT_ASSIGNED_CONTEXT ( ( #2216, #1039, #182 ) ) REPRESENTATION_CONTEXT ( 'NONE', 'WORKASPACE' ) );
#1854 = SURFACE_STYLE_USAGE ( .BOTH. , #1171 ) ;
#1855 = EDGE_LOOP ( 'NONE', ( #1867, #661, #2278, #1414 ) ) ;
#1856 = CARTESIAN_POINT ( 'NONE',  ( -0.3899999999999995692, 2.010000000000000675, -0.7220000000000000862 ) ) ;
#1857 = COLOUR_RGB ( '',1.000000000000000000, 0.9372549019607843146, 0.1372549019607843257 ) ;
#1858 = MECHANICAL_DESIGN_GEOMETRIC_PRESENTATION_REPRESENTATION (  '', ( #230 ), #1941 ) ;
#1859 = AXIS2_PLACEMENT_3D ( 'NONE', #1510, #952, #2250 ) ;
#1860 = ORIENTED_EDGE ( 'NONE', *, *, #1953, .T. ) ;
#1861 = EDGE_CURVE ( 'NONE', #1905, #1432, #279, .T. ) ;
#1862 = DIRECTION ( 'NONE',  ( -0.000000000000000000, -0.000000000000000000, 1.000000000000000000 ) ) ;
#1863 = ORIENTED_EDGE ( 'NONE', *, *, #64, .T. ) ;
#1864 =( LENGTH_UNIT ( ) NAMED_UNIT ( * ) SI_UNIT ( .MILLI., .METRE. ) );
#1865 = CARTESIAN_POINT ( 'NONE',  ( 2.249999999999999556, 1.749999999999996225, 0.000000000000000000 ) ) ;
#1866 = CARTESIAN_POINT ( 'NONE',  ( -1.629999999999999671, -2.009999999999999787, -0.7220000000000000862 ) ) ;
#1867 = ORIENTED_EDGE ( 'NONE', *, *, #438, .T. ) ;
#1868 = VECTOR ( 'NONE', #581, 1000.000000000000000 ) ;
#1869 = CIRCLE ( 'NONE', #1055, 0.4348532679332379192 ) ;
#1870 = MECHANICAL_DESIGN_GEOMETRIC_PRESENTATION_REPRESENTATION (  '', ( #280 ), #1156 ) ;
#1871 = DIRECTION ( 'NONE',  ( 1.000000000000000000, 0.000000000000000000, 0.000000000000000000 ) ) ;
#1872 = CARTESIAN_POINT ( 'NONE',  ( 0.000000000000000000, 2.500000000000000000, 0.000000000000000000 ) ) ;
#1873 = DIRECTION ( 'NONE',  ( -0.000000000000000000, 0.000000000000000000, -1.000000000000000000 ) ) ;
#1874 = DIRECTION ( 'NONE',  ( 0.000000000000000000, 0.000000000000000000, 1.000000000000000000 ) ) ;
#1875 = PLANE ( 'NONE',  #926 ) ;
#1876 = ADVANCED_FACE ( 'NONE', ( #370 ), #898, .F. ) ;
#1877 = CARTESIAN_POINT ( 'NONE',  ( -0.3661764705882348814, -0.2410822986875735818, -0.7220000000000000862 ) ) ;
#1878 = ORIENTED_EDGE ( 'NONE', *, *, #716, .T. ) ;
#1879 = DIRECTION ( 'NONE',  ( -0.000000000000000000, -0.000000000000000000, 1.000000000000000000 ) ) ;
#1880 = CARTESIAN_POINT ( 'NONE',  ( 1.629999999999999449, -2.000000000000000444, -0.7220000000000000862 ) ) ;
#1881 = PRESENTATION_STYLE_ASSIGNMENT (( #1137 ) ) ;
#1882 = ORIENTED_EDGE ( 'NONE', *, *, #1625, .T. ) ;
#1883 = VECTOR ( 'NONE', #1803, 1000.000000000000000 ) ;
#1884 = FILL_AREA_STYLE_COLOUR ( '', #1044 ) ;
#1885 = EDGE_CURVE ( 'NONE', #940, #1161, #8, .T. ) ;
#1886 = CARTESIAN_POINT ( 'NONE',  ( -2.063842432553107731, -2.029632893018038509, -0.7220000000000000862 ) ) ;
#1887 = FACE_OUTER_BOUND ( 'NONE', #26, .T. ) ;
#1888 = CARTESIAN_POINT ( 'NONE',  ( -1.539999999999999591, -2.010000000000000675, -0.7200000000000000844 ) ) ;
#1889 = FACE_OUTER_BOUND ( 'NONE', #1736, .T. ) ;
#1890 = ORIENTED_EDGE ( 'NONE', *, *, #1090, .F. ) ;
#1891 = CARTESIAN_POINT ( 'NONE',  ( -2.063842432553107731, 2.029632893018038509, -0.7200000000000000844 ) ) ;
#1892 = SURFACE_SIDE_STYLE ('',( #1704 ) ) ;
#1893 = FILL_AREA_STYLE_COLOUR ( '', #972 ) ;
#1894 = ORIENTED_EDGE ( 'NONE', *, *, #533, .T. ) ;
#1895 = VECTOR ( 'NONE', #2, 1000.000000000000000 ) ;
#1896 = SURFACE_STYLE_FILL_AREA ( #502 ) ;
#1897 = FILL_AREA_STYLE_COLOUR ( '', #1959 ) ;
#1898 = DIRECTION ( 'NONE',  ( -1.000000000000000000, -0.000000000000000000, -0.000000000000000000 ) ) ;
#1899 = CARTESIAN_POINT ( 'NONE',  ( -1.749999999999996891, -2.250000000000000444, 0.000000000000000000 ) ) ;
#1900 = ORIENTED_EDGE ( 'NONE', *, *, #883, .F. ) ;
#1901 = CARTESIAN_POINT ( 'NONE',  ( -0.2999999999999996003, 0.3278719262151000291, -0.7220000000000000862 ) ) ;
#1902 = UNCERTAINTY_MEASURE_WITH_UNIT (LENGTH_MEASURE( 1.000000000000000082E-05 ), #410, 'distance_accuracy_value', 'NONE');
#1903 = AXIS2_PLACEMENT_3D ( 'NONE', #306, #477, #1670 ) ;
#1904 = DIRECTION ( 'NONE',  ( -0.000000000000000000, -0.000000000000000000, 1.000000000000000000 ) ) ;
#1905 = VERTEX_POINT ( 'NONE', #1399 ) ;
#1906 = AXIS2_PLACEMENT_3D ( 'NONE', #1079, #2001, #1829 ) ;
#1907 = CARTESIAN_POINT ( 'NONE',  ( -1.629999999999999449, 2.009999999999999787, -0.7200000000000000844 ) ) ;
#1908 = LINE ( 'NONE', #511, #678 ) ;
#1909 = PRESENTATION_LAYER_ASSIGNMENT (  '', '', ( #1425 ) ) ;
#1910 = EDGE_CURVE ( 'NONE', #165, #604, #887, .T. ) ;
#1911 = ORIENTED_EDGE ( 'NONE', *, *, #128, .T. ) ;
#1912 = SURFACE_SIDE_STYLE ('',( #1530 ) ) ;
#1913 = SURFACE_STYLE_FILL_AREA ( #2091 ) ;
#1914 = MECHANICAL_DESIGN_GEOMETRIC_PRESENTATION_REPRESENTATION (  '', ( #28 ), #1312 ) ;
#1915 = PLANE ( 'NONE',  #1428 ) ;
#1916 = ORIENTED_EDGE ( 'NONE', *, *, #44, .T. ) ;
#1917 = DIRECTION ( 'NONE',  ( -0.000000000000000000, -1.000000000000000000, -0.000000000000000000 ) ) ;
#1918 = DIRECTION ( 'NONE',  ( 0.000000000000000000, 1.000000000000000000, 0.000000000000000000 ) ) ;
#1919 = FACE_OUTER_BOUND ( 'NONE', #108, .T. ) ;
#1920 = DIRECTION ( 'NONE',  ( -1.000000000000000000, -0.000000000000000000, -0.000000000000000000 ) ) ;
#1921 = DIRECTION ( 'NONE',  ( -1.000000000000000000, 0.000000000000000000, 0.000000000000000000 ) ) ;
#1922 = EDGE_CURVE ( 'NONE', #2259, #955, #730, .T. ) ;
#1923 = ADVANCED_FACE ( 'NONE', ( #2109 ), #23, .F. ) ;
#1924 = ORIENTED_EDGE ( 'NONE', *, *, #1922, .F. ) ;
#1925 = PRESENTATION_STYLE_ASSIGNMENT (( #32 ) ) ;
#1926 = PRESENTATION_STYLE_ASSIGNMENT (( #1049 ) ) ;
#1927 = LINE ( 'NONE', #164, #1101 ) ;
#1928 = ORIENTED_EDGE ( 'NONE', *, *, #1955, .T. ) ;
#1929 =( GEOMETRIC_REPRESENTATION_CONTEXT ( 3 ) GLOBAL_UNCERTAINTY_ASSIGNED_CONTEXT ( ( #1811 ) ) GLOBAL_UNIT_ASSIGNED_CONTEXT ( ( #1619, #1107, #40 ) ) REPRESENTATION_CONTEXT ( 'NONE', 'WORKASPACE' ) );
#1930 =( GEOMETRIC_REPRESENTATION_CONTEXT ( 3 ) GLOBAL_UNCERTAINTY_ASSIGNED_CONTEXT ( ( #209 ) ) GLOBAL_UNIT_ASSIGNED_CONTEXT ( ( #1400, #341, #2133 ) ) REPRESENTATION_CONTEXT ( 'NONE', 'WORKASPACE' ) );
#1931 = CIRCLE ( 'NONE', #132, 0.08999999999999985789 ) ;
#1932 = VECTOR ( 'NONE', #663, 1000.000000000000000 ) ;
#1933 = SURFACE_SIDE_STYLE ('',( #2273 ) ) ;
#1934 = EDGE_CURVE ( 'NONE', #589, #793, #916, .T. ) ;
#1935 = DIRECTION ( 'NONE',  ( 1.000000000000000000, 0.000000000000000000, 0.000000000000000000 ) ) ;
#1936 = DIRECTION ( 'NONE',  ( -0.000000000000000000, 1.000000000000000000, -0.000000000000000000 ) ) ;
#1937 = DIRECTION ( 'NONE',  ( -0.000000000000000000, -1.000000000000000000, 0.000000000000000000 ) ) ;
#1938 = ORIENTED_EDGE ( 'NONE', *, *, #1007, .F. ) ;
#1939 = SURFACE_SIDE_STYLE ('',( #530 ) ) ;
#1940 = SURFACE_SIDE_STYLE ('',( #521 ) ) ;
#1941 =( GEOMETRIC_REPRESENTATION_CONTEXT ( 3 ) GLOBAL_UNCERTAINTY_ASSIGNED_CONTEXT ( ( #487 ) ) GLOBAL_UNIT_ASSIGNED_CONTEXT ( ( #653, #2262, #998 ) ) REPRESENTATION_CONTEXT ( 'NONE', 'WORKASPACE' ) );
#1942 = ORIENTED_EDGE ( 'NONE', *, *, #1773, .T. ) ;
#1943 = PRESENTATION_LAYER_ASSIGNMENT (  '', '', ( #266 ) ) ;
#1944 = STYLED_ITEM ( 'NONE', ( #988 ), #1117 ) ;
#1945 = EDGE_CURVE ( 'NONE', #604, #439, #1260, .T. ) ;
#1946 = SURFACE_SIDE_STYLE ('',( #2113 ) ) ;
#1947 = SURFACE_STYLE_USAGE ( .BOTH. , #1957 ) ;
#1948 = CARTESIAN_POINT ( 'NONE',  ( 2.249999999999999556, -1.749999999999996891, -0.1000000000000000056 ) ) ;
#1949 = PRESENTATION_LAYER_ASSIGNMENT (  '', '', ( #2017 ) ) ;
#1950 = ORIENTED_EDGE ( 'NONE', *, *, #2116, .T. ) ;
#1951 = EDGE_CURVE ( 'NONE', #1734, #1687, #885, .T. ) ;
#1952 = LINE ( 'NONE', #1379, #2225 ) ;
#1953 = EDGE_CURVE ( 'NONE', #2056, #294, #406, .T. ) ;
#1954 = VERTEX_POINT ( 'NONE', #56 ) ;
#1955 = EDGE_CURVE ( 'NONE', #631, #2217, #1749, .T. ) ;
#1956 = CARTESIAN_POINT ( 'NONE',  ( -1.539999999999999147, -2.100000000000000089, -0.7220000000000000862 ) ) ;
#1957 = SURFACE_SIDE_STYLE ('',( #1751 ) ) ;
#1958 = LINE ( 'NONE', #1566, #1415 ) ;
#1959 = COLOUR_RGB ( '',1.000000000000000000, 0.9372549019607843146, 0.1372549019607843257 ) ;
#1960 = ORIENTED_EDGE ( 'NONE', *, *, #468, .T. ) ;
#1961 = FILL_AREA_STYLE_COLOUR ( '', #863 ) ;
#1962 = ORIENTED_EDGE ( 'NONE', *, *, #1573, .T. ) ;
#1963 = SURFACE_STYLE_USAGE ( .BOTH. , #9 ) ;
#1964 = CIRCLE ( 'NONE', #1139, 0.4348532679332379192 ) ;
#1965 = CARTESIAN_POINT ( 'NONE',  ( -0.2999999999999996003, -2.009999999999999787, -0.7200000000000000844 ) ) ;
#1966 = SURFACE_STYLE_USAGE ( .BOTH. , #416 ) ;
#1967 = COLOUR_RGB ( '',0.6313725490196078205, 0.6588235294117646967, 0.6784313725490196401 ) ;
#1968 = VERTEX_POINT ( 'NONE', #213 ) ;
#1969 = CARTESIAN_POINT ( 'NONE',  ( -1.629999999999999671, 2.000000000000000444, -0.7220000000000000862 ) ) ;
#1970 = FILL_AREA_STYLE_COLOUR ( '', #1082 ) ;
#1971 =( NAMED_UNIT ( * ) SI_UNIT ( $, .STERADIAN. ) SOLID_ANGLE_UNIT ( ) );
#1972 = ORIENTED_EDGE ( 'NONE', *, *, #296, .F. ) ;
#1973 = COLOUR_RGB ( '',0.6313725490196078205, 0.6588235294117646967, 0.6784313725490196401 ) ;
#1974 = STYLED_ITEM ( 'NONE', ( #135 ), #1176 ) ;
#1975 = FILL_AREA_STYLE_COLOUR ( '', #2019 ) ;
#1976 = EDGE_CURVE ( 'NONE', #860, #478, #80, .T. ) ;
#1977 = ORIENTED_EDGE ( 'NONE', *, *, #850, .F. ) ;
#1978 = CARTESIAN_POINT ( 'NONE',  ( 2.059999999999999609, 1.504793690430927589, -0.7200000000000000844 ) ) ;
#1979 = MECHANICAL_DESIGN_GEOMETRIC_PRESENTATION_REPRESENTATION (  '', ( #1539 ), #1306 ) ;
#1980 = CARTESIAN_POINT ( 'NONE',  ( -1.749999999999996891, -2.250000000000000444, 0.000000000000000000 ) ) ;
#1981 = VECTOR ( 'NONE', #873, 1000.000000000000000 ) ;
#1982 = COLOUR_RGB ( '',0.6313725490196078205, 0.6588235294117646967, 0.6784313725490196401 ) ;
#1983 = CARTESIAN_POINT ( 'NONE',  ( 0.2999999999999997113, -2.009999999999999787, -0.7200000000000000844 ) ) ;
#1984 = ORIENTED_EDGE ( 'NONE', *, *, #939, .F. ) ;
#1985 = LINE ( 'NONE', #1450, #1657 ) ;
#1986 = CARTESIAN_POINT ( 'NONE',  ( -1.629999999999999449, -2.000000000000000444, -0.7220000000000000862 ) ) ;
#1987 = FILL_AREA_STYLE_COLOUR ( '', #893 ) ;
#1988 = ORIENTED_EDGE ( 'NONE', *, *, #2116, .F. ) ;
#1989 = FACE_OUTER_BOUND ( 'NONE', #2188, .T. ) ;
#1990 = ADVANCED_FACE ( 'NONE', ( #69 ), #91, .F. ) ;
#1991 = EDGE_CURVE ( 'NONE', #1687, #1285, #1296, .T. ) ;
#1992 = EDGE_LOOP ( 'NONE', ( #388, #991, #452, #947 ) ) ;
#1993 = FACE_OUTER_BOUND ( 'NONE', #2140, .T. ) ;
#1994 = FACE_OUTER_BOUND ( 'NONE', #593, .T. ) ;
#1995 = SURFACE_STYLE_USAGE ( .BOTH. , #1268 ) ;
#1996 = EDGE_CURVE ( 'NONE', #442, #1390, #1245, .T. ) ;
#1997 = STYLED_ITEM ( 'NONE', ( #1576 ), #2184 ) ;
#1998 = MECHANICAL_DESIGN_GEOMETRIC_PRESENTATION_REPRESENTATION (  '', ( #2182 ), #300 ) ;
#1999 = ORIENTED_EDGE ( 'NONE', *, *, #471, .F. ) ;
#2000 = FILL_AREA_STYLE_COLOUR ( '', #2146 ) ;
#2001 = DIRECTION ( 'NONE',  ( -1.000000000000000000, 0.000000000000000000, 0.000000000000000000 ) ) ;
#2002 = ORIENTED_EDGE ( 'NONE', *, *, #1292, .F. ) ;
#2003 = SURFACE_STYLE_FILL_AREA ( #1286 ) ;
#2004 = AXIS2_PLACEMENT_3D ( 'NONE', #1577, #2290, #1046 ) ;
#2005 = EDGE_CURVE ( 'NONE', #165, #2179, #787, .T. ) ;
#2006 = DIRECTION ( 'NONE',  ( -0.000000000000000000, -0.000000000000000000, 1.000000000000000000 ) ) ;
#2007 = FILL_AREA_STYLE_COLOUR ( '', #772 ) ;
#2008 = COLOUR_RGB ( '',1.000000000000000000, 0.9372549019607843146, 0.1372549019607843257 ) ;
#2009 = CARTESIAN_POINT ( 'NONE',  ( -0.3899999999999996247, -0.3278719262151000291, -0.7220000000000000862 ) ) ;
#2010 = CYLINDRICAL_SURFACE ( 'NONE', #2094, 0.08999999999999980238 ) ;
#2011 = VECTOR ( 'NONE', #2163, 1000.000000000000000 ) ;
#2012 = CARTESIAN_POINT ( 'NONE',  ( -1.749999999999996891, 2.249999999999999556, -0.1000000000000000056 ) ) ;
#2013 = ORIENTED_EDGE ( 'NONE', *, *, #2206, .F. ) ;
#2014 = CARTESIAN_POINT ( 'NONE',  ( 2.249999999999999556, 1.749999999999996225, -0.1000000000000000056 ) ) ;
#2015 =( LENGTH_UNIT ( ) NAMED_UNIT ( * ) SI_UNIT ( .MILLI., .METRE. ) );
#2016 = UNCERTAINTY_MEASURE_WITH_UNIT (LENGTH_MEASURE( 1.000000000000000082E-05 ), #1524, 'distance_accuracy_value', 'NONE');
#2017 = STYLED_ITEM ( 'NONE', ( #2164 ), #1494 ) ;
#2018 = EDGE_CURVE ( 'NONE', #1548, #1734, #1964, .T. ) ;
#2019 = COLOUR_RGB ( '',0.6313725490196078205, 0.6588235294117646967, 0.6784313725490196401 ) ;
#2020 = ORIENTED_EDGE ( 'NONE', *, *, #1773, .F. ) ;
#2021 = SURFACE_SIDE_STYLE ('',( #1319 ) ) ;
#2022 = SURFACE_STYLE_FILL_AREA ( #428 ) ;
#2023 = PRESENTATION_LAYER_ASSIGNMENT (  '', '', ( #28 ) ) ;
#2024 =( LENGTH_UNIT ( ) NAMED_UNIT ( * ) SI_UNIT ( .MILLI., .METRE. ) );
#2025 = DIRECTION ( 'NONE',  ( -0.000000000000000000, 0.000000000000000000, -1.000000000000000000 ) ) ;
#2026 =( NAMED_UNIT ( * ) PLANE_ANGLE_UNIT ( ) SI_UNIT ( $, .RADIAN. ) );
#2027 = ORIENTED_EDGE ( 'NONE', *, *, #1116, .F. ) ;
#2028 = DIRECTION ( 'NONE',  ( -0.000000000000000000, -0.000000000000000000, 1.000000000000000000 ) ) ;
#2029 = CARTESIAN_POINT ( 'NONE',  ( -0.3899999999999996247, -0.3278719262151000291, -0.7200000000000000844 ) ) ;
#2030 = FACE_OUTER_BOUND ( 'NONE', #1806, .T. ) ;
#2031 = ORIENTED_EDGE ( 'NONE', *, *, #672, .T. ) ;
#2032 = EDGE_CURVE ( 'NONE', #12, #1843, #2062, .T. ) ;
#2033 = FILL_AREA_STYLE_COLOUR ( '', #372 ) ;
#2034 = CARTESIAN_POINT ( 'NONE',  ( -0.2999999999999996003, -0.3278719262151000291, -0.7220000000000000862 ) ) ;
#2035 = DIRECTION ( 'NONE',  ( 1.000000000000000000, 0.000000000000000000, 0.000000000000000000 ) ) ;
#2036 = AXIS2_PLACEMENT_3D ( 'NONE', #2279, #874, #24 ) ;
#2037 = CIRCLE ( 'NONE', #342, 0.08999999999999980238 ) ;
#2038 = COLOUR_RGB ( '',0.6313725490196078205, 0.6588235294117646967, 0.6784313725490196401 ) ;
#2039 = LINE ( 'NONE', #1145, #2129 ) ;
#2040 = ORIENTED_EDGE ( 'NONE', *, *, #1366, .T. ) ;
#2041 = DIRECTION ( 'NONE',  ( 0.000000000000000000, -0.000000000000000000, 1.000000000000000000 ) ) ;
#2042 = CARTESIAN_POINT ( 'NONE',  ( 0.3899999999999995692, -2.010000000000000675, -0.7220000000000000862 ) ) ;
#2043 = UNCERTAINTY_MEASURE_WITH_UNIT (LENGTH_MEASURE( 1.000000000000000082E-05 ), #1594, 'distance_accuracy_value', 'NONE');
#2044 = VERTEX_POINT ( 'NONE', #1565 ) ;
#2045 = APPLICATION_PROTOCOL_DEFINITION ( 'draft international standard', 'automotive_design', 1998, #1607 ) ;
#2046 = VECTOR ( 'NONE', #506, 1000.000000000000000 ) ;
#2047 = CARTESIAN_POINT ( 'NONE',  ( -0.2999999999999996003, 0.000000000000000000, -0.7220000000000000862 ) ) ;
#2048 = COLOUR_RGB ( '',0.6313725490196078205, 0.6588235294117646967, 0.6784313725490196401 ) ;
#2049 = DIRECTION ( 'NONE',  ( -1.000000000000000000, 0.000000000000000000, 0.000000000000000000 ) ) ;
#2050 = CARTESIAN_POINT ( 'NONE',  ( 1.539999999999999591, 2.010000000000000675, -0.7220000000000000862 ) ) ;
#2051 =( NAMED_UNIT ( * ) PLANE_ANGLE_UNIT ( ) SI_UNIT ( $, .RADIAN. ) );
#2052 = ORIENTED_EDGE ( 'NONE', *, *, #27, .F. ) ;
#2053 =( NAMED_UNIT ( * ) SI_UNIT ( $, .STERADIAN. ) SOLID_ANGLE_UNIT ( ) );
#2054 = DIRECTION ( 'NONE',  ( -1.000000000000000000, 0.000000000000000000, 0.000000000000000000 ) ) ;
#2055 = EDGE_CURVE ( 'NONE', #381, #2270, #1214, .T. ) ;
#2056 = VERTEX_POINT ( 'NONE', #1551 ) ;
#2057 = AXIS2_PLACEMENT_3D ( 'NONE', #47, #572, #1275 ) ;
#2058 =( GEOMETRIC_REPRESENTATION_CONTEXT ( 3 ) GLOBAL_UNCERTAINTY_ASSIGNED_CONTEXT ( ( #278 ) ) GLOBAL_UNIT_ASSIGNED_CONTEXT ( ( #1691, #474, #2053 ) ) REPRESENTATION_CONTEXT ( 'NONE', 'WORKASPACE' ) );
#2059 =( LENGTH_UNIT ( ) NAMED_UNIT ( * ) SI_UNIT ( .MILLI., .METRE. ) );
#2060 = DIRECTION ( 'NONE',  ( 1.000000000000000000, 0.000000000000000000, 0.000000000000000000 ) ) ;
#2061 =( NAMED_UNIT ( * ) PLANE_ANGLE_UNIT ( ) SI_UNIT ( $, .RADIAN. ) );
#2062 = LINE ( 'NONE', #1716, #256 ) ;
#2063 =( LENGTH_UNIT ( ) NAMED_UNIT ( * ) SI_UNIT ( .MILLI., .METRE. ) );
#2064 = DIRECTION ( 'NONE',  ( -1.000000000000000000, -0.000000000000000000, -0.000000000000000000 ) ) ;
#2065 = CIRCLE ( 'NONE', #1769, 0.09000000000000002442 ) ;
#2066 = ORIENTED_EDGE ( 'NONE', *, *, #1269, .T. ) ;
#2067 = DIRECTION ( 'NONE',  ( -0.000000000000000000, -0.000000000000000000, 1.000000000000000000 ) ) ;
#2068 = CARTESIAN_POINT ( 'NONE',  ( -2.059999999999999609, 1.504793690430927589, -0.7220000000000000862 ) ) ;
#2069 = UNCERTAINTY_MEASURE_WITH_UNIT (LENGTH_MEASURE( 1.000000000000000082E-05 ), #284, 'distance_accuracy_value', 'NONE');
#2070 =( NAMED_UNIT ( * ) SI_UNIT ( $, .STERADIAN. ) SOLID_ANGLE_UNIT ( ) );
#2071 = ORIENTED_EDGE ( 'NONE', *, *, #1053, .T. ) ;
#2072 = MECHANICAL_DESIGN_GEOMETRIC_PRESENTATION_REPRESENTATION (  '', ( #1775 ), #762 ) ;
#2073 = DIRECTION ( 'NONE',  ( 0.000000000000000000, 0.000000000000000000, 1.000000000000000000 ) ) ;
#2074 = DIRECTION ( 'NONE',  ( -0.000000000000000000, 1.000000000000000000, 0.000000000000000000 ) ) ;
#2075 = FACE_OUTER_BOUND ( 'NONE', #104, .T. ) ;
#2076 = CARTESIAN_POINT ( 'NONE',  ( 0.3900000000000002354, -2.100000000000000089, -0.7220000000000000862 ) ) ;
#2077 = DIRECTION ( 'NONE',  ( 0.000000000000000000, 0.000000000000000000, -1.000000000000000000 ) ) ;
#2078 = EDGE_LOOP ( 'NONE', ( #2031, #1988, #1394, #563 ) ) ;
#2079 = SURFACE_SIDE_STYLE ('',( #1568 ) ) ;
#2080 = PRESENTATION_STYLE_ASSIGNMENT (( #304 ) ) ;
#2081 = FILL_AREA_STYLE_COLOUR ( '', #1023 ) ;
#2082 = EDGE_LOOP ( 'NONE', ( #252, #796, #1503, #2040 ) ) ;
#2083 = VECTOR ( 'NONE', #1936, 1000.000000000000000 ) ;
#2084 = PRESENTATION_LAYER_ASSIGNMENT (  '', '', ( #2271 ) ) ;
#2085 = DIRECTION ( 'NONE',  ( -0.000000000000000000, -1.000000000000000000, -0.000000000000000000 ) ) ;
#2086 = FACE_OUTER_BOUND ( 'NONE', #1529, .T. ) ;
#2087 = CARTESIAN_POINT ( 'NONE',  ( 1.749999999999999334, 1.749999999999999334, 0.000000000000000000 ) ) ;
#2088 = CARTESIAN_POINT ( 'NONE',  ( 1.629999999999999671, 2.000000000000000444, -0.7220000000000000862 ) ) ;
#2089 = EDGE_LOOP ( 'NONE', ( #2131, #635, #2002, #192 ) ) ;
#2090 = PLANE ( 'NONE',  #1155 ) ;
#2091 = FILL_AREA_STYLE ('',( #722 ) ) ;
#2092 = COLOUR_RGB ( '',0.6313725490196078205, 0.6588235294117646967, 0.6784313725490196401 ) ;
#2093 = ORIENTED_EDGE ( 'NONE', *, *, #1693, .T. ) ;
#2094 = AXIS2_PLACEMENT_3D ( 'NONE', #273, #2239, #2035 ) ;
#2095 = AXIS2_PLACEMENT_3D ( 'NONE', #1470, #2189, #967 ) ;
#2096 = DIRECTION ( 'NONE',  ( -0.000000000000000000, -0.000000000000000000, 1.000000000000000000 ) ) ;
#2097 = VECTOR ( 'NONE', #1337, 1000.000000000000000 ) ;
#2098 = CIRCLE ( 'NONE', #395, 0.08999999999999980238 ) ;
#2099 = DIRECTION ( 'NONE',  ( -0.000000000000000000, -0.000000000000000000, 1.000000000000000000 ) ) ;
#2100 = DIRECTION ( 'NONE',  ( 0.000000000000000000, 1.000000000000000000, 0.000000000000000000 ) ) ;
#2101 = ORIENTED_EDGE ( 'NONE', *, *, #1838, .T. ) ;
#2102 = PRESENTATION_STYLE_ASSIGNMENT (( #1391 ) ) ;
#2103 = ORIENTED_EDGE ( 'NONE', *, *, #1910, .T. ) ;
#2104 = FILL_AREA_STYLE_COLOUR ( '', #1825 ) ;
#2105 = EDGE_CURVE ( 'NONE', #927, #165, #2269, .T. ) ;
#2106 = DIRECTION ( 'NONE',  ( 0.000000000000000000, 0.000000000000000000, -1.000000000000000000 ) ) ;
#2107 = CARTESIAN_POINT ( 'NONE',  ( 2.500000000000000000, 0.000000000000000000, -0.7200000000000000844 ) ) ;
#2108 = ORIENTED_EDGE ( 'NONE', *, *, #1585, .F. ) ;
#2109 = FACE_OUTER_BOUND ( 'NONE', #532, .T. ) ;
#2110 = VERTEX_POINT ( 'NONE', #1191 ) ;
#2111 = MECHANICAL_DESIGN_GEOMETRIC_PRESENTATION_REPRESENTATION (  '', ( #1210 ), #902 ) ;
#2112 = VECTOR ( 'NONE', #398, 1000.000000000000000 ) ;
#2113 = SURFACE_STYLE_FILL_AREA ( #675 ) ;
#2114 = DIRECTION ( 'NONE',  ( 1.000000000000000000, 0.000000000000000000, 0.000000000000000000 ) ) ;
#2115 = CYLINDRICAL_SURFACE ( 'NONE', #1525, 0.08999999999999985789 ) ;
#2116 = EDGE_CURVE ( 'NONE', #403, #2155, #272, .T. ) ;
#2117 = ADVANCED_FACE ( 'NONE', ( #1333 ), #656, .F. ) ;
#2118 = VECTOR ( 'NONE', #1937, 1000.000000000000000 ) ;
#2119 = ORIENTED_EDGE ( 'NONE', *, *, #651, .F. ) ;
#2120 = FACE_OUTER_BOUND ( 'NONE', #1992, .T. ) ;
#2121 = EDGE_CURVE ( 'NONE', #1905, #1968, #977, .T. ) ;
#2122 = FILL_AREA_STYLE_COLOUR ( '', #117 ) ;
#2123 = ORIENTED_EDGE ( 'NONE', *, *, #368, .T. ) ;
#2124 = STYLED_ITEM ( 'NONE', ( #1608 ), #479 ) ;
#2125 = EDGE_CURVE ( 'NONE', #801, #83, #584, .T. ) ;
#2126 = CARTESIAN_POINT ( 'NONE',  ( 1.749999999999999334, 1.749999999999999334, -0.1000000000000000056 ) ) ;
#2127 = CARTESIAN_POINT ( 'NONE',  ( 0.000000000000000000, 2.500000000000000000, -0.7200000000000000844 ) ) ;
#2128 =( LENGTH_UNIT ( ) NAMED_UNIT ( * ) SI_UNIT ( .MILLI., .METRE. ) );
#2129 = VECTOR ( 'NONE', #1862, 1000.000000000000000 ) ;
#2130 = AXIS2_PLACEMENT_3D ( 'NONE', #1856, #1671, #87 ) ;
#2131 = ORIENTED_EDGE ( 'NONE', *, *, #2236, .T. ) ;
#2132 = DIRECTION ( 'NONE',  ( 0.000000000000000000, 0.000000000000000000, 1.000000000000000000 ) ) ;
#2133 =( NAMED_UNIT ( * ) SI_UNIT ( $, .STERADIAN. ) SOLID_ANGLE_UNIT ( ) );
#2134 = FILL_AREA_STYLE ('',( #2122 ) ) ;
#2135 = ORIENTED_EDGE ( 'NONE', *, *, #1218, .F. ) ;
#2136 = SURFACE_SIDE_STYLE ('',( #1287 ) ) ;
#2137 = FILL_AREA_STYLE ('',( #385 ) ) ;
#2138 = DIRECTION ( 'NONE',  ( -0.000000000000000000, -0.000000000000000000, 1.000000000000000000 ) ) ;
#2139 = FACE_OUTER_BOUND ( 'NONE', #462, .T. ) ;
#2140 = EDGE_LOOP ( 'NONE', ( #1942, #822, #1187, #2101 ) ) ;
#2141 = SURFACE_STYLE_USAGE ( .BOTH. , #1216 ) ;
#2142 = SURFACE_SIDE_STYLE ('',( #1123 ) ) ;
#2143 = CARTESIAN_POINT ( 'NONE',  ( -0.3900000000000002354, 2.100000000000000089, -0.7220000000000000862 ) ) ;
#2144 = VERTEX_POINT ( 'NONE', #137 ) ;
#2145 = EDGE_CURVE ( 'NONE', #2183, #2056, #297, .T. ) ;
#2146 = COLOUR_RGB ( '',0.6313725490196078205, 0.6588235294117646967, 0.6784313725490196401 ) ;
#2147 = DIRECTION ( 'NONE',  ( 0.000000000000000000, -0.000000000000000000, -1.000000000000000000 ) ) ;
#2148 = PLANE ( 'NONE',  #583 ) ;
#2149 =( NAMED_UNIT ( * ) SI_UNIT ( $, .STERADIAN. ) SOLID_ANGLE_UNIT ( ) );
#2150 = ORIENTED_EDGE ( 'NONE', *, *, #1782, .F. ) ;
#2151 = FILL_AREA_STYLE_COLOUR ( '', #2038 ) ;
#2152 = FACE_BOUND ( 'NONE', #1702, .T. ) ;
#2153 = ORIENTED_EDGE ( 'NONE', *, *, #2121, .F. ) ;
#2154 = CIRCLE ( 'NONE', #1042, 0.08999999999999980238 ) ;
#2155 = VERTEX_POINT ( 'NONE', #287 ) ;
#2156 = AXIS2_PLACEMENT_3D ( 'NONE', #1374, #1761, #2296 ) ;
#2157 = EDGE_CURVE ( 'NONE', #1954, #1246, #1699, .T. ) ;
#2158 = DIRECTION ( 'NONE',  ( -1.000000000000000000, 0.000000000000000000, 0.000000000000000000 ) ) ;
#2159 = SURFACE_STYLE_FILL_AREA ( #1804 ) ;
#2160 = ORIENTED_EDGE ( 'NONE', *, *, #1366, .F. ) ;
#2161 = FILL_AREA_STYLE ('',( #2000 ) ) ;
#2162 = CIRCLE ( 'NONE', #2057, 0.09000000000000002442 ) ;
#2163 = DIRECTION ( 'NONE',  ( 1.000000000000000000, 0.000000000000000000, 0.000000000000000000 ) ) ;
#2164 = PRESENTATION_STYLE_ASSIGNMENT (( #731 ) ) ;
#2165 = ORIENTED_EDGE ( 'NONE', *, *, #1282, .T. ) ;
#2166 = PRESENTATION_STYLE_ASSIGNMENT (( #956 ) ) ;
#2167 = EDGE_CURVE ( 'NONE', #1626, #509, #482, .T. ) ;
#2168 = LINE ( 'NONE', #1956, #375 ) ;
#2169 = FACE_OUTER_BOUND ( 'NONE', #2078, .T. ) ;
#2170 = FILL_AREA_STYLE_COLOUR ( '', #1640 ) ;
#2171 = VERTEX_POINT ( 'NONE', #2088 ) ;
#2172 = CARTESIAN_POINT ( 'NONE',  ( -2.549999999999859490, -2.550000000000000266, 0.000000000000000000 ) ) ;
#2173 = VECTOR ( 'NONE', #1429, 1000.000000000000000 ) ;
#2174 = CARTESIAN_POINT ( 'NONE',  ( -1.750000000000000222, 1.749999999999999334, -0.1000000000000000056 ) ) ;
#2175 = FILL_AREA_STYLE ('',( #1961 ) ) ;
#2176 = ORIENTED_EDGE ( 'NONE', *, *, #468, .F. ) ;
#2177 = CARTESIAN_POINT ( 'NONE',  ( 2.149999999999999467, 1.504793690430927589, -0.7200000000000000844 ) ) ;
#2178 = EDGE_CURVE ( 'NONE', #369, #346, #520, .T. ) ;
#2179 = VERTEX_POINT ( 'NONE', #844 ) ;
#2180 = DIRECTION ( 'NONE',  ( 0.000000000000000000, -0.000000000000000000, -1.000000000000000000 ) ) ;
#2181 = AXIS2_PLACEMENT_3D ( 'NONE', #2172, #1110, #1643 ) ;
#2182 = STYLED_ITEM ( 'NONE', ( #676 ), #2248 ) ;
#2183 = VERTEX_POINT ( 'NONE', #537 ) ;
#2184 = ADVANCED_FACE ( 'NONE', ( #547 ), #700, .T. ) ;
#2185 = CIRCLE ( 'NONE', #484, 0.2500000000000001110 ) ;
#2186 = LINE ( 'NONE', #1808, #725 ) ;
#2187 = EDGE_CURVE ( 'NONE', #391, #73, #190, .T. ) ;
#2188 = EDGE_LOOP ( 'NONE', ( #1081, #1844, #815, #2242 ) ) ;
#2189 = DIRECTION ( 'NONE',  ( -0.000000000000000000, -0.000000000000000000, 1.000000000000000000 ) ) ;
#2190 =( NAMED_UNIT ( * ) SI_UNIT ( $, .STERADIAN. ) SOLID_ANGLE_UNIT ( ) );
#2191 = ORIENTED_EDGE ( 'NONE', *, *, #1951, .T. ) ;
#2192 = PRESENTATION_LAYER_ASSIGNMENT (  '', '', ( #191 ) ) ;
#2193 = SURFACE_STYLE_FILL_AREA ( #75 ) ;
#2194 = DIRECTION ( 'NONE',  ( 1.000000000000000000, 0.000000000000000000, 0.000000000000000000 ) ) ;
#2195 = CARTESIAN_POINT ( 'NONE',  ( 1.539999999999999591, 2.010000000000000675, -0.7200000000000000844 ) ) ;
#2196 = AXIS2_PLACEMENT_3D ( 'NONE', #281, #86, #1680 ) ;
#2197 = VECTOR ( 'NONE', #1498, 1000.000000000000000 ) ;
#2198 = DIRECTION ( 'NONE',  ( 0.000000000000000000, 1.000000000000000000, 0.000000000000000000 ) ) ;
#2199 = DIRECTION ( 'NONE',  ( 0.000000000000000000, -1.000000000000000000, 0.000000000000000000 ) ) ;
#2200 = MECHANICAL_DESIGN_GEOMETRIC_PRESENTATION_REPRESENTATION (  '', ( #1612 ), #852 ) ;
#2201 = SURFACE_STYLE_USAGE ( .BOTH. , #1676 ) ;
#2202 = AXIS2_PLACEMENT_3D ( 'NONE', #1842, #460, #990 ) ;
#2203 = ORIENTED_EDGE ( 'NONE', *, *, #2005, .F. ) ;
#2204 = CARTESIAN_POINT ( 'NONE',  ( -2.063842432553107731, 2.029632893018038509, -0.7220000000000000862 ) ) ;
#2205 = UNCERTAINTY_MEASURE_WITH_UNIT (LENGTH_MEASURE( 1.000000000000000082E-05 ), #1043, 'distance_accuracy_value', 'NONE');
#2206 = EDGE_CURVE ( 'NONE', #1370, #4, #845, .T. ) ;
#2207 = CARTESIAN_POINT ( 'NONE',  ( 2.249999999999999556, -1.749999999999996891, -0.1000000000000000056 ) ) ;
#2208 = AXIS2_PLACEMENT_3D ( 'NONE', #233, #937, #201 ) ;
#2209 = FACE_OUTER_BOUND ( 'NONE', #240, .T. ) ;
#2210 = AXIS2_PLACEMENT_3D ( 'NONE', #1186, #1904, #361 ) ;
#2211 = ORIENTED_EDGE ( 'NONE', *, *, #642, .T. ) ;
#2212 = CARTESIAN_POINT ( 'NONE',  ( 1.629999999999999449, -2.000000000000000444, -0.7220000000000000862 ) ) ;
#2213 = SURFACE_STYLE_FILL_AREA ( #82 ) ;
#2214 = ORIENTED_EDGE ( 'NONE', *, *, #149, .F. ) ;
#2215 = DIRECTION ( 'NONE',  ( -0.000000000000000000, -0.000000000000000000, 1.000000000000000000 ) ) ;
#2216 =( LENGTH_UNIT ( ) NAMED_UNIT ( * ) SI_UNIT ( .MILLI., .METRE. ) );
#2217 = VERTEX_POINT ( 'NONE', #1243 ) ;
#2218 =( NAMED_UNIT ( * ) PLANE_ANGLE_UNIT ( ) SI_UNIT ( $, .RADIAN. ) );
#2219 = PRESENTATION_STYLE_ASSIGNMENT (( #809 ) ) ;
#2220 = EDGE_CURVE ( 'NONE', #749, #1456, #1034, .T. ) ;
#2221 = CARTESIAN_POINT ( 'NONE',  ( 0.3899999999999995692, -2.010000000000000675, -0.7220000000000000862 ) ) ;
#2222 = SURFACE_STYLE_USAGE ( .BOTH. , #1026 ) ;
#2223 = AXIS2_PLACEMENT_3D ( 'NONE', #640, #2073, #1373 ) ;
#2224 = MECHANICAL_DESIGN_GEOMETRIC_PRESENTATION_REPRESENTATION (  '', ( #1135 ), #1517 ) ;
#2225 = VECTOR ( 'NONE', #1423, 1000.000000000000000 ) ;
#2226 = EDGE_CURVE ( 'NONE', #1022, #1629, #1074, .T. ) ;
#2227 = MECHANICAL_DESIGN_GEOMETRIC_PRESENTATION_REPRESENTATION (  '', ( #922 ), #702 ) ;
#2228 = CARTESIAN_POINT ( 'NONE',  ( 1.539999999999999147, 2.100000000000000089, -0.7220000000000000862 ) ) ;
#2229 = VERTEX_POINT ( 'NONE', #352 ) ;
#2230 = DIRECTION ( 'NONE',  ( 1.000000000000000000, 0.000000000000000000, 0.000000000000000000 ) ) ;
#2231 = CARTESIAN_POINT ( 'NONE',  ( -2.500000000000000000, -2.052506281446680791, 0.000000000000000000 ) ) ;
#2232 = UNCERTAINTY_MEASURE_WITH_UNIT (LENGTH_MEASURE( 1.000000000000000082E-05 ), #2059, 'distance_accuracy_value', 'NONE');
#2233 = ORIENTED_EDGE ( 'NONE', *, *, #880, .F. ) ;
#2234 = CIRCLE ( 'NONE', #1569, 0.4348532679332381412 ) ;
#2235 =( NAMED_UNIT ( * ) SI_UNIT ( $, .STERADIAN. ) SOLID_ANGLE_UNIT ( ) );
#2236 = EDGE_CURVE ( 'NONE', #1787, #696, #1762, .T. ) ;
#2237 = DIRECTION ( 'NONE',  ( -1.000000000000000000, 0.000000000000000000, 0.000000000000000000 ) ) ;
#2238 = SURFACE_STYLE_FILL_AREA ( #1377 ) ;
#2239 = DIRECTION ( 'NONE',  ( -0.000000000000000000, -0.000000000000000000, 1.000000000000000000 ) ) ;
#2240 = AXIS2_PLACEMENT_3D ( 'NONE', #387, #1815, #222 ) ;
#2241 = LINE ( 'NONE', #1325, #903 ) ;
#2242 = ORIENTED_EDGE ( 'NONE', *, *, #1922, .T. ) ;
#2243 = DIRECTION ( 'NONE',  ( 0.000000000000000000, -0.000000000000000000, 1.000000000000000000 ) ) ;
#2244 = DIRECTION ( 'NONE',  ( 1.000000000000000000, 0.000000000000000000, 0.000000000000000000 ) ) ;
#2245 = FACE_OUTER_BOUND ( 'NONE', #1500, .T. ) ;
#2246 = VERTEX_POINT ( 'NONE', #1588 ) ;
#2247 = AXIS2_PLACEMENT_3D ( 'NONE', #262, #1502, #119 ) ;
#2248 = ADVANCED_FACE ( 'NONE', ( #526 ), #1223, .T. ) ;
#2249 = SURFACE_SIDE_STYLE ('',( #775 ) ) ;
#2250 = DIRECTION ( 'NONE',  ( 0.000000000000000000, 0.000000000000000000, 1.000000000000000000 ) ) ;
#2251 = COLOUR_RGB ( '',0.6313725490196078205, 0.6588235294117646967, 0.6784313725490196401 ) ;
#2252 =( NAMED_UNIT ( * ) SI_UNIT ( $, .STERADIAN. ) SOLID_ANGLE_UNIT ( ) );
#2253 = DIRECTION ( 'NONE',  ( -0.000000000000000000, -0.000000000000000000, 1.000000000000000000 ) ) ;
#2254 = ORIENTED_EDGE ( 'NONE', *, *, #524, .T. ) ;
#2255 = CARTESIAN_POINT ( 'NONE',  ( -2.060658886875452289, 1.594791278554640090, -0.7200000000000000844 ) ) ;
#2256 =( LENGTH_UNIT ( ) NAMED_UNIT ( * ) SI_UNIT ( .MILLI., .METRE. ) );
#2257 = UNCERTAINTY_MEASURE_WITH_UNIT (LENGTH_MEASURE( 1.000000000000000082E-05 ), #1772, 'distance_accuracy_value', 'NONE');
#2258 =( LENGTH_UNIT ( ) NAMED_UNIT ( * ) SI_UNIT ( .MILLI., .METRE. ) );
#2259 = VERTEX_POINT ( 'NONE', #211 ) ;
#2260 = ADVANCED_FACE ( 'NONE', ( #2169 ), #1096, .T. ) ;
#2261 = CIRCLE ( 'NONE', #875, 0.08999999999999980238 ) ;
#2262 =( NAMED_UNIT ( * ) PLANE_ANGLE_UNIT ( ) SI_UNIT ( $, .RADIAN. ) );
#2263 = LINE ( 'NONE', #868, #783 ) ;
#2264 = DIRECTION ( 'NONE',  ( -0.000000000000000000, -0.000000000000000000, 1.000000000000000000 ) ) ;
#2265 = DIRECTION ( 'NONE',  ( -0.000000000000000000, 1.000000000000000000, -0.000000000000000000 ) ) ;
#2266 = CARTESIAN_POINT ( 'NONE',  ( -1.749999999999996891, 2.249999999999999556, 0.000000000000000000 ) ) ;
#2267 = ORIENTED_EDGE ( 'NONE', *, *, #2226, .F. ) ;
#2268 = DIRECTION ( 'NONE',  ( -0.000000000000000000, -0.000000000000000000, 1.000000000000000000 ) ) ;
#2269 = CIRCLE ( 'NONE', #219, 0.4348532679332379192 ) ;
#2270 = VERTEX_POINT ( 'NONE', #1307 ) ;
#2271 = STYLED_ITEM ( 'NONE', ( #1926 ), #717 ) ;
#2272 = DIRECTION ( 'NONE',  ( 0.000000000000000000, 0.000000000000000000, 1.000000000000000000 ) ) ;
#2273 = SURFACE_STYLE_FILL_AREA ( #1575 ) ;
#2274 = CARTESIAN_POINT ( 'NONE',  ( 1.749999999999999334, 1.749999999999999334, -0.1000000000000000056 ) ) ;
#2275 = CARTESIAN_POINT ( 'NONE',  ( -2.059999999999999609, 1.504793690430927589, -0.7220000000000000862 ) ) ;
#2276 = CARTESIAN_POINT ( 'NONE',  ( -2.149999999999999467, 1.504793690430927589, -0.7200000000000000844 ) ) ;
#2277 =( GEOMETRIC_REPRESENTATION_CONTEXT ( 3 ) GLOBAL_UNCERTAINTY_ASSIGNED_CONTEXT ( ( #803 ) ) GLOBAL_UNIT_ASSIGNED_CONTEXT ( ( #1222, #1386, #834 ) ) REPRESENTATION_CONTEXT ( 'NONE', 'WORKASPACE' ) );
#2278 = ORIENTED_EDGE ( 'NONE', *, *, #761, .F. ) ;
#2279 = CARTESIAN_POINT ( 'NONE',  ( -1.539999999999999591, -2.010000000000000675, -0.7220000000000000862 ) ) ;
#2280 = STYLED_ITEM ( 'NONE', ( #634 ), #1251 ) ;
#2281 = DIRECTION ( 'NONE',  ( -1.000000000000000000, 0.000000000000000000, 0.000000000000000000 ) ) ;
#2282 = ORIENTED_EDGE ( 'NONE', *, *, #651, .T. ) ;
#2283 = ADVANCED_FACE ( 'NONE', ( #1087 ), #2148, .F. ) ;
#2284 = VECTOR ( 'NONE', #289, 1000.000000000000000 ) ;
#2285 = CARTESIAN_POINT ( 'NONE',  ( -2.149999999999999467, -1.504793690430927589, -0.7200000000000000844 ) ) ;
#2286 = AXIS2_PLACEMENT_3D ( 'NONE', #704, #1622, #1411 ) ;
#2287 = AXIS2_PLACEMENT_3D ( 'NONE', #727, #1832, #364 ) ;
#2288 = CARTESIAN_POINT ( 'NONE',  ( 1.749999999999996003, 2.249999999999999556, -0.1000000000000000056 ) ) ;
#2289 = DIRECTION ( 'NONE',  ( -0.000000000000000000, -0.000000000000000000, 1.000000000000000000 ) ) ;
#2290 = DIRECTION ( 'NONE',  ( -0.000000000000000000, -0.000000000000000000, 1.000000000000000000 ) ) ;
#2291 = VERTEX_POINT ( 'NONE', #1986 ) ;
#2292 = CARTESIAN_POINT ( 'NONE',  ( 2.500000000000000000, 2.500000000000000000, 0.000000000000000000 ) ) ;
#2293 = FACE_OUTER_BOUND ( 'NONE', #1818, .T. ) ;
#2294 = ORIENTED_EDGE ( 'NONE', *, *, #1218, .T. ) ;
#2295 = CARTESIAN_POINT ( 'NONE',  ( 1.749999999999999334, -1.750000000000000222, -0.1000000000000000056 ) ) ;
#2296 = DIRECTION ( 'NONE',  ( 1.000000000000000000, 0.000000000000000000, 0.000000000000000000 ) ) ;
ENDSEC;
END-ISO-10303-21;
