ISO-10303-21;
HEADER;
/* Generated by software containing ST-Developer
 * from STEP Tools, Inc. (www.steptools.com) 
 */
/* OPTION: using custom schema-name function */

FILE_DESCRIPTION(
/* description */ (''),
/* implementation_level */ '2;1');

FILE_NAME(
/* name */ 'SMC~1',
/* time_stamp */ '2023-11-21T15:37:14+08:00',
/* author */ (''),
/* organization */ (''),
/* preprocessor_version */ 'ST-DEVELOPER v16.5',
/* originating_system */ '',
/* authorisation */ '');

FILE_SCHEMA (('AUTOMOTIVE_DESIGN'));
ENDSEC;

DATA;
#10=(
BOUNDED_SURFACE()
B_SPLINE_SURFACE(2,2,((#1828,#1829,#1830,#1831,#1832),(#1833,#1834,#1835,
#1836,#1837),(#1838,#1839,#1840,#1841,#1842),(#1843,#1844,#1845,#1846,#1847),
(#1848,#1849,#1850,#1851,#1852),(#1853,#1854,#1855,#1856,#1857),(#1858,
#1859,#1860,#1861,#1862),(#1863,#1864,#1865,#1866,#1867),(#1868,#1869,#1870,
#1871,#1872)),.UNSPECIFIED.,.T.,.F.,.F.)
B_SPLINE_SURFACE_WITH_KNOTS((3,2,2,2,3),(3,2,3),(0.,1.5707963267949,3.14159265358979,
4.71238898038469,6.28318530717959),(-1.5707963267949,0.,1.5707963267949),
 .UNSPECIFIED.)
GEOMETRIC_REPRESENTATION_ITEM()
RATIONAL_B_SPLINE_SURFACE(((1.,0.707106781186548,1.,0.707106781186548,1.),
(0.707106781186548,0.5,0.707106781186548,0.5,0.707106781186548),(1.,0.707106781186548,
1.,0.707106781186548,1.),(0.707106781186548,0.5,0.707106781186548,0.5,0.707106781186548),
(1.,0.707106781186548,1.,0.707106781186548,1.),(0.707106781186548,0.5,0.707106781186548,
0.5,0.707106781186548),(1.,0.707106781186548,1.,0.707106781186548,1.),(0.707106781186548,
0.5,0.707106781186548,0.5,0.707106781186548),(1.,0.707106781186548,1.,0.707106781186548,
1.)))
REPRESENTATION_ITEM('')
SURFACE()
);
#11=(
BOUNDED_SURFACE()
B_SPLINE_SURFACE(2,2,((#1873,#1874,#1875,#1876,#1877),(#1878,#1879,#1880,
#1881,#1882),(#1883,#1884,#1885,#1886,#1887),(#1888,#1889,#1890,#1891,#1892),
(#1893,#1894,#1895,#1896,#1897),(#1898,#1899,#1900,#1901,#1902),(#1903,
#1904,#1905,#1906,#1907),(#1908,#1909,#1910,#1911,#1912),(#1913,#1914,#1915,
#1916,#1917)),.UNSPECIFIED.,.T.,.F.,.F.)
B_SPLINE_SURFACE_WITH_KNOTS((3,2,2,2,3),(3,2,3),(0.,1.5707963267949,3.14159265358979,
4.71238898038469,6.28318530717959),(-1.5707963267949,0.,1.5707963267949),
 .UNSPECIFIED.)
GEOMETRIC_REPRESENTATION_ITEM()
RATIONAL_B_SPLINE_SURFACE(((1.,0.707106781186548,1.,0.707106781186548,1.),
(0.707106781186548,0.5,0.707106781186548,0.5,0.707106781186548),(1.,0.707106781186548,
1.,0.707106781186548,1.),(0.707106781186548,0.5,0.707106781186548,0.5,0.707106781186548),
(1.,0.707106781186548,1.,0.707106781186548,1.),(0.707106781186548,0.5,0.707106781186548,
0.5,0.707106781186548),(1.,0.707106781186548,1.,0.707106781186548,1.),(0.707106781186548,
0.5,0.707106781186548,0.5,0.707106781186548),(1.,0.707106781186548,1.,0.707106781186548,
1.)))
REPRESENTATION_ITEM('')
SURFACE()
);
#12=(
BOUNDED_SURFACE()
B_SPLINE_SURFACE(2,2,((#1923,#1924,#1925,#1926,#1927),(#1928,#1929,#1930,
#1931,#1932),(#1933,#1934,#1935,#1936,#1937),(#1938,#1939,#1940,#1941,#1942),
(#1943,#1944,#1945,#1946,#1947),(#1948,#1949,#1950,#1951,#1952),(#1953,
#1954,#1955,#1956,#1957),(#1958,#1959,#1960,#1961,#1962),(#1963,#1964,#1965,
#1966,#1967)),.UNSPECIFIED.,.T.,.F.,.F.)
B_SPLINE_SURFACE_WITH_KNOTS((3,2,2,2,3),(3,2,3),(0.,1.5707963267949,3.14159265358979,
4.71238898038469,6.28318530717959),(-1.5707963267949,0.,1.5707963267949),
 .UNSPECIFIED.)
GEOMETRIC_REPRESENTATION_ITEM()
RATIONAL_B_SPLINE_SURFACE(((1.,0.707106781186548,1.,0.707106781186548,1.),
(0.707106781186548,0.5,0.707106781186548,0.5,0.707106781186548),(1.,0.707106781186548,
1.,0.707106781186548,1.),(0.707106781186548,0.5,0.707106781186548,0.5,0.707106781186548),
(1.,0.707106781186548,1.,0.707106781186548,1.),(0.707106781186548,0.5,0.707106781186548,
0.5,0.707106781186548),(1.,0.707106781186548,1.,0.707106781186548,1.),(0.707106781186548,
0.5,0.707106781186548,0.5,0.707106781186548),(1.,0.707106781186548,1.,0.707106781186548,
1.)))
REPRESENTATION_ITEM('')
SURFACE()
);
#13=(
BOUNDED_SURFACE()
B_SPLINE_SURFACE(2,2,((#1971,#1972,#1973,#1974,#1975),(#1976,#1977,#1978,
#1979,#1980),(#1981,#1982,#1983,#1984,#1985),(#1986,#1987,#1988,#1989,#1990),
(#1991,#1992,#1993,#1994,#1995),(#1996,#1997,#1998,#1999,#2000),(#2001,
#2002,#2003,#2004,#2005),(#2006,#2007,#2008,#2009,#2010),(#2011,#2012,#2013,
#2014,#2015)),.UNSPECIFIED.,.T.,.F.,.F.)
B_SPLINE_SURFACE_WITH_KNOTS((3,2,2,2,3),(3,2,3),(0.,1.5707963267949,3.14159265358979,
4.71238898038469,6.28318530717959),(-1.5707963267949,0.,1.5707963267949),
 .UNSPECIFIED.)
GEOMETRIC_REPRESENTATION_ITEM()
RATIONAL_B_SPLINE_SURFACE(((1.,0.707106781186548,1.,0.707106781186548,1.),
(0.707106781186548,0.5,0.707106781186548,0.5,0.707106781186548),(1.,0.707106781186548,
1.,0.707106781186548,1.),(0.707106781186548,0.5,0.707106781186548,0.5,0.707106781186548),
(1.,0.707106781186548,1.,0.707106781186548,1.),(0.707106781186548,0.5,0.707106781186548,
0.5,0.707106781186548),(1.,0.707106781186548,1.,0.707106781186548,1.),(0.707106781186548,
0.5,0.707106781186548,0.5,0.707106781186548),(1.,0.707106781186548,1.,0.707106781186548,
1.)))
REPRESENTATION_ITEM('')
SURFACE()
);
#14=(
BOUNDED_SURFACE()
B_SPLINE_SURFACE(2,2,((#2017,#2018,#2019,#2020,#2021),(#2022,#2023,#2024,
#2025,#2026),(#2027,#2028,#2029,#2030,#2031),(#2032,#2033,#2034,#2035,#2036),
(#2037,#2038,#2039,#2040,#2041),(#2042,#2043,#2044,#2045,#2046),(#2047,
#2048,#2049,#2050,#2051),(#2052,#2053,#2054,#2055,#2056),(#2057,#2058,#2059,
#2060,#2061)),.UNSPECIFIED.,.T.,.F.,.F.)
B_SPLINE_SURFACE_WITH_KNOTS((3,2,2,2,3),(3,2,3),(0.,1.5707963267949,3.14159265358979,
4.71238898038469,6.28318530717959),(-1.5707963267949,0.,1.5707963267949),
 .UNSPECIFIED.)
GEOMETRIC_REPRESENTATION_ITEM()
RATIONAL_B_SPLINE_SURFACE(((1.,0.707106781186548,1.,0.707106781186548,1.),
(0.707106781186548,0.5,0.707106781186548,0.5,0.707106781186548),(1.,0.707106781186548,
1.,0.707106781186548,1.),(0.707106781186548,0.5,0.707106781186548,0.5,0.707106781186548),
(1.,0.707106781186548,1.,0.707106781186548,1.),(0.707106781186548,0.5,0.707106781186548,
0.5,0.707106781186548),(1.,0.707106781186548,1.,0.707106781186548,1.),(0.707106781186548,
0.5,0.707106781186548,0.5,0.707106781186548),(1.,0.707106781186548,1.,0.707106781186548,
1.)))
REPRESENTATION_ITEM('')
SURFACE()
);
#15=(
BOUNDED_SURFACE()
B_SPLINE_SURFACE(2,2,((#2062,#2063,#2064,#2065,#2066),(#2067,#2068,#2069,
#2070,#2071),(#2072,#2073,#2074,#2075,#2076),(#2077,#2078,#2079,#2080,#2081),
(#2082,#2083,#2084,#2085,#2086),(#2087,#2088,#2089,#2090,#2091),(#2092,
#2093,#2094,#2095,#2096),(#2097,#2098,#2099,#2100,#2101),(#2102,#2103,#2104,
#2105,#2106)),.UNSPECIFIED.,.T.,.F.,.F.)
B_SPLINE_SURFACE_WITH_KNOTS((3,2,2,2,3),(3,2,3),(0.,1.5707963267949,3.14159265358979,
4.71238898038469,6.28318530717959),(-1.5707963267949,0.,1.5707963267949),
 .UNSPECIFIED.)
GEOMETRIC_REPRESENTATION_ITEM()
RATIONAL_B_SPLINE_SURFACE(((1.,0.707106781186548,1.,0.707106781186548,1.),
(0.707106781186548,0.5,0.707106781186548,0.5,0.707106781186548),(1.,0.707106781186548,
1.,0.707106781186548,1.),(0.707106781186548,0.5,0.707106781186548,0.5,0.707106781186548),
(1.,0.707106781186548,1.,0.707106781186548,1.),(0.707106781186548,0.5,0.707106781186548,
0.5,0.707106781186548),(1.,0.707106781186548,1.,0.707106781186548,1.),(0.707106781186548,
0.5,0.707106781186548,0.5,0.707106781186548),(1.,0.707106781186548,1.,0.707106781186548,
1.)))
REPRESENTATION_ITEM('')
SURFACE()
);
#16=(
BOUNDED_SURFACE()
B_SPLINE_SURFACE(2,2,((#2113,#2114,#2115,#2116,#2117),(#2118,#2119,#2120,
#2121,#2122),(#2123,#2124,#2125,#2126,#2127),(#2128,#2129,#2130,#2131,#2132),
(#2133,#2134,#2135,#2136,#2137),(#2138,#2139,#2140,#2141,#2142),(#2143,
#2144,#2145,#2146,#2147),(#2148,#2149,#2150,#2151,#2152),(#2153,#2154,#2155,
#2156,#2157)),.UNSPECIFIED.,.T.,.F.,.F.)
B_SPLINE_SURFACE_WITH_KNOTS((3,2,2,2,3),(3,2,3),(0.,1.5707963267949,3.14159265358979,
4.71238898038469,6.28318530717959),(-1.5707963267949,0.,1.5707963267949),
 .UNSPECIFIED.)
GEOMETRIC_REPRESENTATION_ITEM()
RATIONAL_B_SPLINE_SURFACE(((1.,0.707106781186548,1.,0.707106781186548,1.),
(0.707106781186548,0.5,0.707106781186548,0.5,0.707106781186548),(1.,0.707106781186548,
1.,0.707106781186548,1.),(0.707106781186548,0.5,0.707106781186548,0.5,0.707106781186548),
(1.,0.707106781186548,1.,0.707106781186548,1.),(0.707106781186548,0.5,0.707106781186548,
0.5,0.707106781186548),(1.,0.707106781186548,1.,0.707106781186548,1.),(0.707106781186548,
0.5,0.707106781186548,0.5,0.707106781186548),(1.,0.707106781186548,1.,0.707106781186548,
1.)))
REPRESENTATION_ITEM('')
SURFACE()
);
#17=(
BOUNDED_SURFACE()
B_SPLINE_SURFACE(2,2,((#2161,#2162,#2163,#2164,#2165),(#2166,#2167,#2168,
#2169,#2170),(#2171,#2172,#2173,#2174,#2175),(#2176,#2177,#2178,#2179,#2180),
(#2181,#2182,#2183,#2184,#2185),(#2186,#2187,#2188,#2189,#2190),(#2191,
#2192,#2193,#2194,#2195),(#2196,#2197,#2198,#2199,#2200),(#2201,#2202,#2203,
#2204,#2205)),.UNSPECIFIED.,.T.,.F.,.F.)
B_SPLINE_SURFACE_WITH_KNOTS((3,2,2,2,3),(3,2,3),(0.,1.5707963267949,3.14159265358979,
4.71238898038469,6.28318530717959),(-1.5707963267949,0.,1.5707963267949),
 .UNSPECIFIED.)
GEOMETRIC_REPRESENTATION_ITEM()
RATIONAL_B_SPLINE_SURFACE(((1.,0.707106781186548,1.,0.707106781186548,1.),
(0.707106781186548,0.5,0.707106781186548,0.5,0.707106781186548),(1.,0.707106781186548,
1.,0.707106781186548,1.),(0.707106781186548,0.5,0.707106781186548,0.5,0.707106781186548),
(1.,0.707106781186548,1.,0.707106781186548,1.),(0.707106781186548,0.5,0.707106781186548,
0.5,0.707106781186548),(1.,0.707106781186548,1.,0.707106781186548,1.),(0.707106781186548,
0.5,0.707106781186548,0.5,0.707106781186548),(1.,0.707106781186548,1.,0.707106781186548,
1.)))
REPRESENTATION_ITEM('')
SURFACE()
);
#18=(
BOUNDED_SURFACE()
B_SPLINE_SURFACE(2,2,((#2207,#2208,#2209,#2210,#2211),(#2212,#2213,#2214,
#2215,#2216),(#2217,#2218,#2219,#2220,#2221),(#2222,#2223,#2224,#2225,#2226),
(#2227,#2228,#2229,#2230,#2231),(#2232,#2233,#2234,#2235,#2236),(#2237,
#2238,#2239,#2240,#2241),(#2242,#2243,#2244,#2245,#2246),(#2247,#2248,#2249,
#2250,#2251)),.UNSPECIFIED.,.T.,.F.,.F.)
B_SPLINE_SURFACE_WITH_KNOTS((3,2,2,2,3),(3,2,3),(0.,1.5707963267949,3.14159265358979,
4.71238898038469,6.28318530717959),(-1.5707963267949,0.,1.5707963267949),
 .UNSPECIFIED.)
GEOMETRIC_REPRESENTATION_ITEM()
RATIONAL_B_SPLINE_SURFACE(((1.,0.707106781186548,1.,0.707106781186548,1.),
(0.707106781186548,0.5,0.707106781186548,0.5,0.707106781186548),(1.,0.707106781186548,
1.,0.707106781186548,1.),(0.707106781186548,0.5,0.707106781186548,0.5,0.707106781186548),
(1.,0.707106781186548,1.,0.707106781186548,1.),(0.707106781186548,0.5,0.707106781186548,
0.5,0.707106781186548),(1.,0.707106781186548,1.,0.707106781186548,1.),(0.707106781186548,
0.5,0.707106781186548,0.5,0.707106781186548),(1.,0.707106781186548,1.,0.707106781186548,
1.)))
REPRESENTATION_ITEM('')
SURFACE()
);
#19=(
BOUNDED_SURFACE()
B_SPLINE_SURFACE(2,2,((#2252,#2253,#2254,#2255,#2256),(#2257,#2258,#2259,
#2260,#2261),(#2262,#2263,#2264,#2265,#2266),(#2267,#2268,#2269,#2270,#2271),
(#2272,#2273,#2274,#2275,#2276),(#2277,#2278,#2279,#2280,#2281),(#2282,
#2283,#2284,#2285,#2286),(#2287,#2288,#2289,#2290,#2291),(#2292,#2293,#2294,
#2295,#2296)),.UNSPECIFIED.,.T.,.F.,.F.)
B_SPLINE_SURFACE_WITH_KNOTS((3,2,2,2,3),(3,2,3),(0.,1.5707963267949,3.14159265358979,
4.71238898038469,6.28318530717959),(-1.5707963267949,0.,1.5707963267949),
 .UNSPECIFIED.)
GEOMETRIC_REPRESENTATION_ITEM()
RATIONAL_B_SPLINE_SURFACE(((1.,0.707106781186548,1.,0.707106781186548,1.),
(0.707106781186548,0.5,0.707106781186548,0.5,0.707106781186548),(1.,0.707106781186548,
1.,0.707106781186548,1.),(0.707106781186548,0.5,0.707106781186548,0.5,0.707106781186548),
(1.,0.707106781186548,1.,0.707106781186548,1.),(0.707106781186548,0.5,0.707106781186548,
0.5,0.707106781186548),(1.,0.707106781186548,1.,0.707106781186548,1.),(0.707106781186548,
0.5,0.707106781186548,0.5,0.707106781186548),(1.,0.707106781186548,1.,0.707106781186548,
1.)))
REPRESENTATION_ITEM('')
SURFACE()
);
#20=(
BOUNDED_SURFACE()
B_SPLINE_SURFACE(2,2,((#2302,#2303,#2304,#2305,#2306),(#2307,#2308,#2309,
#2310,#2311),(#2312,#2313,#2314,#2315,#2316),(#2317,#2318,#2319,#2320,#2321),
(#2322,#2323,#2324,#2325,#2326),(#2327,#2328,#2329,#2330,#2331),(#2332,
#2333,#2334,#2335,#2336),(#2337,#2338,#2339,#2340,#2341),(#2342,#2343,#2344,
#2345,#2346)),.UNSPECIFIED.,.T.,.F.,.F.)
B_SPLINE_SURFACE_WITH_KNOTS((3,2,2,2,3),(3,2,3),(0.,1.5707963267949,3.14159265358979,
4.71238898038469,6.28318530717959),(-1.5707963267949,0.,1.5707963267949),
 .UNSPECIFIED.)
GEOMETRIC_REPRESENTATION_ITEM()
RATIONAL_B_SPLINE_SURFACE(((1.,0.707106781186548,1.,0.707106781186548,1.),
(0.707106781186548,0.5,0.707106781186548,0.5,0.707106781186548),(1.,0.707106781186548,
1.,0.707106781186548,1.),(0.707106781186548,0.5,0.707106781186548,0.5,0.707106781186548),
(1.,0.707106781186548,1.,0.707106781186548,1.),(0.707106781186548,0.5,0.707106781186548,
0.5,0.707106781186548),(1.,0.707106781186548,1.,0.707106781186548,1.),(0.707106781186548,
0.5,0.707106781186548,0.5,0.707106781186548),(1.,0.707106781186548,1.,0.707106781186548,
1.)))
REPRESENTATION_ITEM('')
SURFACE()
);
#21=(
BOUNDED_SURFACE()
B_SPLINE_SURFACE(2,2,((#2347,#2348,#2349,#2350,#2351),(#2352,#2353,#2354,
#2355,#2356),(#2357,#2358,#2359,#2360,#2361),(#2362,#2363,#2364,#2365,#2366),
(#2367,#2368,#2369,#2370,#2371),(#2372,#2373,#2374,#2375,#2376),(#2377,
#2378,#2379,#2380,#2381),(#2382,#2383,#2384,#2385,#2386),(#2387,#2388,#2389,
#2390,#2391)),.UNSPECIFIED.,.T.,.F.,.F.)
B_SPLINE_SURFACE_WITH_KNOTS((3,2,2,2,3),(3,2,3),(0.,1.5707963267949,3.14159265358979,
4.71238898038469,6.28318530717959),(-1.5707963267949,0.,1.5707963267949),
 .UNSPECIFIED.)
GEOMETRIC_REPRESENTATION_ITEM()
RATIONAL_B_SPLINE_SURFACE(((1.,0.707106781186548,1.,0.707106781186548,1.),
(0.707106781186548,0.5,0.707106781186548,0.5,0.707106781186548),(1.,0.707106781186548,
1.,0.707106781186548,1.),(0.707106781186548,0.5,0.707106781186548,0.5,0.707106781186548),
(1.,0.707106781186548,1.,0.707106781186548,1.),(0.707106781186548,0.5,0.707106781186548,
0.5,0.707106781186548),(1.,0.707106781186548,1.,0.707106781186548,1.),(0.707106781186548,
0.5,0.707106781186548,0.5,0.707106781186548),(1.,0.707106781186548,1.,0.707106781186548,
1.)))
REPRESENTATION_ITEM('')
SURFACE()
);
#22=(
REPRESENTATION_RELATIONSHIP('','',#1361,#1360)
REPRESENTATION_RELATIONSHIP_WITH_TRANSFORMATION(#24)
SHAPE_REPRESENTATION_RELATIONSHIP()
);
#23=(
REPRESENTATION_RELATIONSHIP('','',#1362,#1360)
REPRESENTATION_RELATIONSHIP_WITH_TRANSFORMATION(#25)
SHAPE_REPRESENTATION_RELATIONSHIP()
);
#24=ITEM_DEFINED_TRANSFORMATION('','',#1364,#1398);
#25=ITEM_DEFINED_TRANSFORMATION('','',#1399,#1441);
#26=CONTEXT_DEPENDENT_SHAPE_REPRESENTATION(#22,#1309);
#27=CONTEXT_DEPENDENT_SHAPE_REPRESENTATION(#23,#1311);
#28=NEXT_ASSEMBLY_USAGE_OCCURRENCE('','','',#1315,#1316,'');
#29=NEXT_ASSEMBLY_USAGE_OCCURRENCE('','','',#1315,#1317,'');
#30=SHAPE_REPRESENTATION_RELATIONSHIP('','',#1361,#63);
#31=SHAPE_REPRESENTATION_RELATIONSHIP('','',#1362,#64);
#32=COLOUR_RGB('',0.768627450980392,0.768627450980392,0.768627450980392);
#33=COLOUR_RGB('',0.768627450980392,0.768627450980392,0.768627450980392);
#34=COLOUR_RGB('',0.101960784313725,0.101960784313725,0.101960784313725);
#35=FILL_AREA_STYLE_COLOUR('',#32);
#36=FILL_AREA_STYLE_COLOUR('',#33);
#37=FILL_AREA_STYLE_COLOUR('',#34);
#38=FILL_AREA_STYLE('',(#35));
#39=FILL_AREA_STYLE('',(#36));
#40=FILL_AREA_STYLE('',(#37));
#41=SURFACE_STYLE_FILL_AREA(#38);
#42=SURFACE_STYLE_FILL_AREA(#39);
#43=SURFACE_STYLE_FILL_AREA(#40);
#44=SURFACE_SIDE_STYLE('\X2\03790328\X0\--\X2\FFFDFFFD\X0\1[2]',(#41));
#45=SURFACE_SIDE_STYLE('\X2\03790328\X0\--\X2\FFFDFFFD\X0\1[1]',(#42));
#46=SURFACE_SIDE_STYLE('\X2\0532FFFDFFFD\X0\6',(#43));
#47=SURFACE_STYLE_USAGE(.BOTH.,#44);
#48=SURFACE_STYLE_USAGE(.BOTH.,#45);
#49=SURFACE_STYLE_USAGE(.BOTH.,#46);
#50=MECHANICAL_DESIGN_GEOMETRIC_PRESENTATION_REPRESENTATION('',(#54,#55,
#56),#1357);
#51=PRESENTATION_STYLE_ASSIGNMENT((#47));
#52=PRESENTATION_STYLE_ASSIGNMENT((#48));
#53=PRESENTATION_STYLE_ASSIGNMENT((#49));
#54=STYLED_ITEM('',(#51),#60);
#55=STYLED_ITEM('',(#52),#61);
#56=STYLED_ITEM('',(#53),#62);
#57=PRESENTATION_LAYER_ASSIGNMENT('\X2\56FE5C42\X0\ 01','',(#60));
#58=PRESENTATION_LAYER_ASSIGNMENT('\X2\56FE5C42\X0\ 01','',(#61));
#59=PRESENTATION_LAYER_ASSIGNMENT('\X2\56FE5C42\X0\ 01','',(#62));
#60=MANIFOLD_SOLID_BREP('\X2\03790328\X0\--\X2\FFFDFFFD\X0\1[2]',#65);
#61=MANIFOLD_SOLID_BREP('\X2\03790328\X0\--\X2\FFFDFFFD\X0\1[1]',#66);
#62=MANIFOLD_SOLID_BREP('\X2\0532FFFDFFFD\X0\6',#67);
#63=ADVANCED_BREP_SHAPE_REPRESENTATION('brep_rep_0',(#60,#61,#1397),#1358);
#64=ADVANCED_BREP_SHAPE_REPRESENTATION('brep_rep_1',(#62,#1440),#1359);
#65=CLOSED_SHELL('',(#68,#69,#70,#71,#72,#73,#74,#75,#76,#77,#78,#79,#80,
#81,#82,#83));
#66=CLOSED_SHELL('',(#84,#85,#86,#87,#88,#89,#90,#91,#92,#93,#94,#95,#96,
#97,#98,#99));
#67=CLOSED_SHELL('',(#100,#101,#102,#103,#104,#105,#106,#107,#108,#109,
#110,#111,#112,#113,#114,#115,#116,#117,#118,#119,#120,#121,#122,#123,#124,
#125,#126,#127,#128,#129,#130,#131,#132,#133,#134,#135,#136,#137,#138,#139,
#140,#141,#142,#143,#144,#145,#146,#147,#148,#149,#150,#151));
#68=ADVANCED_FACE('',(#152),#1266,.T.);
#69=ADVANCED_FACE('',(#153),#1232,.T.);
#70=ADVANCED_FACE('',(#154),#1267,.T.);
#71=ADVANCED_FACE('',(#155),#1233,.T.);
#72=ADVANCED_FACE('',(#156),#1268,.F.);
#73=ADVANCED_FACE('',(#157),#1234,.T.);
#74=ADVANCED_FACE('',(#158),#1269,.F.);
#75=ADVANCED_FACE('',(#159),#1235,.T.);
#76=ADVANCED_FACE('',(#160),#1236,.T.);
#77=ADVANCED_FACE('',(#161),#1237,.T.);
#78=ADVANCED_FACE('',(#162),#1270,.T.);
#79=ADVANCED_FACE('',(#163),#1238,.T.);
#80=ADVANCED_FACE('',(#164),#1271,.T.);
#81=ADVANCED_FACE('',(#165),#1239,.T.);
#82=ADVANCED_FACE('',(#166),#1240,.T.);
#83=ADVANCED_FACE('',(#167),#1241,.T.);
#84=ADVANCED_FACE('',(#168),#1242,.T.);
#85=ADVANCED_FACE('',(#169),#1243,.T.);
#86=ADVANCED_FACE('',(#170),#1272,.F.);
#87=ADVANCED_FACE('',(#171),#1244,.T.);
#88=ADVANCED_FACE('',(#172),#1273,.F.);
#89=ADVANCED_FACE('',(#173),#1245,.T.);
#90=ADVANCED_FACE('',(#174),#1274,.T.);
#91=ADVANCED_FACE('',(#175),#1246,.T.);
#92=ADVANCED_FACE('',(#176),#1275,.T.);
#93=ADVANCED_FACE('',(#177),#1247,.T.);
#94=ADVANCED_FACE('',(#178),#1276,.T.);
#95=ADVANCED_FACE('',(#179),#1248,.T.);
#96=ADVANCED_FACE('',(#180),#1277,.T.);
#97=ADVANCED_FACE('',(#181),#1249,.T.);
#98=ADVANCED_FACE('',(#182),#1250,.T.);
#99=ADVANCED_FACE('',(#183),#1251,.T.);
#100=ADVANCED_FACE('',(#184),#1252,.T.);
#101=ADVANCED_FACE('',(#185),#1253,.T.);
#102=ADVANCED_FACE('',(#186),#1254,.T.);
#103=ADVANCED_FACE('',(#187),#1255,.T.);
#104=ADVANCED_FACE('',(#188),#1256,.T.);
#105=ADVANCED_FACE('',(#189),#1257,.T.);
#106=ADVANCED_FACE('',(#190),#1258,.T.);
#107=ADVANCED_FACE('',(#191),#1259,.T.);
#108=ADVANCED_FACE('',(#192),#1260,.T.);
#109=ADVANCED_FACE('',(#193),#1261,.T.);
#110=ADVANCED_FACE('',(#194),#1262,.T.);
#111=ADVANCED_FACE('',(#195),#1263,.T.);
#112=ADVANCED_FACE('',(#196),#1264,.T.);
#113=ADVANCED_FACE('',(#197),#1265,.T.);
#114=ADVANCED_FACE('',(#198),#1278,.T.);
#115=ADVANCED_FACE('',(#199),#10,.T.);
#116=ADVANCED_FACE('',(#200),#11,.T.);
#117=ADVANCED_FACE('',(#201),#1279,.T.);
#118=ADVANCED_FACE('',(#202),#1280,.T.);
#119=ADVANCED_FACE('',(#203),#1281,.T.);
#120=ADVANCED_FACE('',(#204),#1282,.T.);
#121=ADVANCED_FACE('',(#205),#1283,.T.);
#122=ADVANCED_FACE('',(#206),#12,.T.);
#123=ADVANCED_FACE('',(#207),#1284,.T.);
#124=ADVANCED_FACE('',(#208),#1285,.T.);
#125=ADVANCED_FACE('',(#209),#1286,.T.);
#126=ADVANCED_FACE('',(#210),#13,.T.);
#127=ADVANCED_FACE('',(#211),#1287,.T.);
#128=ADVANCED_FACE('',(#212),#14,.T.);
#129=ADVANCED_FACE('',(#213),#15,.T.);
#130=ADVANCED_FACE('',(#214),#1288,.T.);
#131=ADVANCED_FACE('',(#215),#1289,.T.);
#132=ADVANCED_FACE('',(#216),#1290,.T.);
#133=ADVANCED_FACE('',(#217),#1291,.T.);
#134=ADVANCED_FACE('',(#218),#1292,.T.);
#135=ADVANCED_FACE('',(#219),#1293,.T.);
#136=ADVANCED_FACE('',(#220),#16,.T.);
#137=ADVANCED_FACE('',(#221),#1294,.T.);
#138=ADVANCED_FACE('',(#222),#1295,.T.);
#139=ADVANCED_FACE('',(#223),#1296,.T.);
#140=ADVANCED_FACE('',(#224),#17,.T.);
#141=ADVANCED_FACE('',(#225),#1297,.T.);
#142=ADVANCED_FACE('',(#226),#18,.T.);
#143=ADVANCED_FACE('',(#227),#19,.T.);
#144=ADVANCED_FACE('',(#228),#1298,.T.);
#145=ADVANCED_FACE('',(#229),#1299,.T.);
#146=ADVANCED_FACE('',(#230),#1300,.T.);
#147=ADVANCED_FACE('',(#231),#1301,.T.);
#148=ADVANCED_FACE('',(#232),#1302,.T.);
#149=ADVANCED_FACE('',(#233),#20,.T.);
#150=ADVANCED_FACE('',(#234),#21,.T.);
#151=ADVANCED_FACE('',(#235),#1303,.T.);
#152=FACE_OUTER_BOUND('',#236,.T.);
#153=FACE_OUTER_BOUND('',#237,.T.);
#154=FACE_OUTER_BOUND('',#238,.T.);
#155=FACE_OUTER_BOUND('',#239,.T.);
#156=FACE_OUTER_BOUND('',#240,.T.);
#157=FACE_OUTER_BOUND('',#241,.T.);
#158=FACE_OUTER_BOUND('',#242,.T.);
#159=FACE_OUTER_BOUND('',#243,.T.);
#160=FACE_OUTER_BOUND('',#244,.T.);
#161=FACE_OUTER_BOUND('',#245,.T.);
#162=FACE_OUTER_BOUND('',#246,.T.);
#163=FACE_OUTER_BOUND('',#247,.T.);
#164=FACE_OUTER_BOUND('',#248,.T.);
#165=FACE_OUTER_BOUND('',#249,.T.);
#166=FACE_OUTER_BOUND('',#250,.T.);
#167=FACE_OUTER_BOUND('',#251,.T.);
#168=FACE_OUTER_BOUND('',#252,.T.);
#169=FACE_OUTER_BOUND('',#253,.T.);
#170=FACE_OUTER_BOUND('',#254,.T.);
#171=FACE_OUTER_BOUND('',#255,.T.);
#172=FACE_OUTER_BOUND('',#256,.T.);
#173=FACE_OUTER_BOUND('',#257,.T.);
#174=FACE_OUTER_BOUND('',#258,.T.);
#175=FACE_OUTER_BOUND('',#259,.T.);
#176=FACE_OUTER_BOUND('',#260,.T.);
#177=FACE_OUTER_BOUND('',#261,.T.);
#178=FACE_OUTER_BOUND('',#262,.T.);
#179=FACE_OUTER_BOUND('',#263,.T.);
#180=FACE_OUTER_BOUND('',#264,.T.);
#181=FACE_OUTER_BOUND('',#265,.T.);
#182=FACE_OUTER_BOUND('',#266,.T.);
#183=FACE_OUTER_BOUND('',#267,.T.);
#184=FACE_OUTER_BOUND('',#268,.T.);
#185=FACE_OUTER_BOUND('',#269,.T.);
#186=FACE_OUTER_BOUND('',#270,.T.);
#187=FACE_OUTER_BOUND('',#271,.T.);
#188=FACE_OUTER_BOUND('',#272,.T.);
#189=FACE_OUTER_BOUND('',#273,.T.);
#190=FACE_OUTER_BOUND('',#274,.T.);
#191=FACE_OUTER_BOUND('',#275,.T.);
#192=FACE_OUTER_BOUND('',#276,.T.);
#193=FACE_OUTER_BOUND('',#277,.T.);
#194=FACE_OUTER_BOUND('',#278,.T.);
#195=FACE_OUTER_BOUND('',#279,.T.);
#196=FACE_OUTER_BOUND('',#280,.T.);
#197=FACE_OUTER_BOUND('',#281,.T.);
#198=FACE_OUTER_BOUND('',#282,.T.);
#199=FACE_OUTER_BOUND('',#283,.T.);
#200=FACE_OUTER_BOUND('',#284,.T.);
#201=FACE_OUTER_BOUND('',#285,.T.);
#202=FACE_OUTER_BOUND('',#286,.T.);
#203=FACE_OUTER_BOUND('',#287,.T.);
#204=FACE_OUTER_BOUND('',#288,.T.);
#205=FACE_OUTER_BOUND('',#289,.T.);
#206=FACE_OUTER_BOUND('',#290,.T.);
#207=FACE_OUTER_BOUND('',#291,.T.);
#208=FACE_OUTER_BOUND('',#292,.T.);
#209=FACE_OUTER_BOUND('',#293,.T.);
#210=FACE_OUTER_BOUND('',#294,.T.);
#211=FACE_OUTER_BOUND('',#295,.T.);
#212=FACE_OUTER_BOUND('',#296,.T.);
#213=FACE_OUTER_BOUND('',#297,.T.);
#214=FACE_OUTER_BOUND('',#298,.T.);
#215=FACE_OUTER_BOUND('',#299,.T.);
#216=FACE_OUTER_BOUND('',#300,.T.);
#217=FACE_OUTER_BOUND('',#301,.T.);
#218=FACE_OUTER_BOUND('',#302,.T.);
#219=FACE_OUTER_BOUND('',#303,.T.);
#220=FACE_OUTER_BOUND('',#304,.T.);
#221=FACE_OUTER_BOUND('',#305,.T.);
#222=FACE_OUTER_BOUND('',#306,.T.);
#223=FACE_OUTER_BOUND('',#307,.T.);
#224=FACE_OUTER_BOUND('',#308,.T.);
#225=FACE_OUTER_BOUND('',#309,.T.);
#226=FACE_OUTER_BOUND('',#310,.T.);
#227=FACE_OUTER_BOUND('',#311,.T.);
#228=FACE_OUTER_BOUND('',#312,.T.);
#229=FACE_OUTER_BOUND('',#313,.T.);
#230=FACE_OUTER_BOUND('',#314,.T.);
#231=FACE_OUTER_BOUND('',#315,.T.);
#232=FACE_OUTER_BOUND('',#316,.T.);
#233=FACE_OUTER_BOUND('',#317,.T.);
#234=FACE_OUTER_BOUND('',#318,.T.);
#235=FACE_OUTER_BOUND('',#319,.T.);
#236=EDGE_LOOP('',(#320,#321,#322,#323));
#237=EDGE_LOOP('',(#324,#325,#326,#327));
#238=EDGE_LOOP('',(#328,#329,#330,#331));
#239=EDGE_LOOP('',(#332,#333,#334,#335));
#240=EDGE_LOOP('',(#336,#337,#338,#339));
#241=EDGE_LOOP('',(#340,#341,#342,#343));
#242=EDGE_LOOP('',(#344,#345,#346,#347));
#243=EDGE_LOOP('',(#348,#349,#350,#351));
#244=EDGE_LOOP('',(#352,#353,#354,#355));
#245=EDGE_LOOP('',(#356,#357,#358,#359));
#246=EDGE_LOOP('',(#360,#361,#362,#363));
#247=EDGE_LOOP('',(#364,#365,#366,#367));
#248=EDGE_LOOP('',(#368,#369,#370,#371));
#249=EDGE_LOOP('',(#372,#373,#374,#375));
#250=EDGE_LOOP('',(#376,#377,#378,#379,#380,#381,#382,#383,#384,#385,#386,
#387,#388,#389));
#251=EDGE_LOOP('',(#390,#391,#392,#393,#394,#395,#396,#397,#398,#399,#400,
#401,#402,#403));
#252=EDGE_LOOP('',(#404,#405,#406,#407));
#253=EDGE_LOOP('',(#408,#409,#410,#411));
#254=EDGE_LOOP('',(#412,#413,#414,#415));
#255=EDGE_LOOP('',(#416,#417,#418,#419));
#256=EDGE_LOOP('',(#420,#421,#422,#423));
#257=EDGE_LOOP('',(#424,#425,#426,#427));
#258=EDGE_LOOP('',(#428,#429,#430,#431));
#259=EDGE_LOOP('',(#432,#433,#434,#435));
#260=EDGE_LOOP('',(#436,#437,#438,#439));
#261=EDGE_LOOP('',(#440,#441,#442,#443));
#262=EDGE_LOOP('',(#444,#445,#446,#447));
#263=EDGE_LOOP('',(#448,#449,#450,#451));
#264=EDGE_LOOP('',(#452,#453,#454,#455));
#265=EDGE_LOOP('',(#456,#457,#458,#459));
#266=EDGE_LOOP('',(#460,#461,#462,#463,#464,#465,#466,#467,#468,#469,#470,
#471,#472,#473));
#267=EDGE_LOOP('',(#474,#475,#476,#477,#478,#479,#480,#481,#482,#483,#484,
#485,#486,#487));
#268=EDGE_LOOP('',(#488,#489,#490,#491,#492,#493));
#269=EDGE_LOOP('',(#494,#495,#496,#497,#498,#499));
#270=EDGE_LOOP('',(#500,#501,#502,#503,#504,#505));
#271=EDGE_LOOP('',(#506,#507,#508,#509,#510,#511));
#272=EDGE_LOOP('',(#512,#513,#514,#515));
#273=EDGE_LOOP('',(#516,#517,#518,#519));
#274=EDGE_LOOP('',(#520,#521,#522,#523,#524,#525,#526,#527));
#275=EDGE_LOOP('',(#528,#529,#530,#531));
#276=EDGE_LOOP('',(#532,#533,#534,#535,#536,#537,#538,#539));
#277=EDGE_LOOP('',(#540,#541,#542,#543));
#278=EDGE_LOOP('',(#544,#545,#546,#547));
#279=EDGE_LOOP('',(#548,#549,#550,#551,#552,#553));
#280=EDGE_LOOP('',(#554,#555,#556,#557,#558,#559));
#281=EDGE_LOOP('',(#560,#561,#562,#563));
#282=EDGE_LOOP('',(#564,#565,#566,#567));
#283=EDGE_LOOP('',(#568,#569,#570));
#284=EDGE_LOOP('',(#571,#572,#573));
#285=EDGE_LOOP('',(#574,#575,#576,#577));
#286=EDGE_LOOP('',(#578,#579,#580,#581));
#287=EDGE_LOOP('',(#582,#583,#584,#585));
#288=EDGE_LOOP('',(#586,#587,#588,#589));
#289=EDGE_LOOP('',(#590,#591,#592,#593));
#290=EDGE_LOOP('',(#594,#595,#596));
#291=EDGE_LOOP('',(#597,#598,#599,#600,#601,#602));
#292=EDGE_LOOP('',(#603,#604,#605,#606));
#293=EDGE_LOOP('',(#607,#608,#609,#610,#611,#612));
#294=EDGE_LOOP('',(#613,#614,#615));
#295=EDGE_LOOP('',(#616,#617,#618,#619));
#296=EDGE_LOOP('',(#620,#621,#622));
#297=EDGE_LOOP('',(#623,#624,#625));
#298=EDGE_LOOP('',(#626,#627,#628,#629));
#299=EDGE_LOOP('',(#630,#631,#632,#633,#634,#635));
#300=EDGE_LOOP('',(#636,#637,#638,#639));
#301=EDGE_LOOP('',(#640,#641,#642,#643));
#302=EDGE_LOOP('',(#644,#645,#646,#647,#648,#649));
#303=EDGE_LOOP('',(#650,#651,#652,#653));
#304=EDGE_LOOP('',(#654,#655,#656));
#305=EDGE_LOOP('',(#657,#658,#659,#660,#661));
#306=EDGE_LOOP('',(#662,#663,#664,#665));
#307=EDGE_LOOP('',(#666,#667,#668,#669,#670));
#308=EDGE_LOOP('',(#671,#672,#673));
#309=EDGE_LOOP('',(#674,#675,#676,#677));
#310=EDGE_LOOP('',(#678,#679,#680));
#311=EDGE_LOOP('',(#681,#682,#683));
#312=EDGE_LOOP('',(#684,#685,#686,#687));
#313=EDGE_LOOP('',(#688,#689,#690,#691,#692));
#314=EDGE_LOOP('',(#693,#694,#695,#696));
#315=EDGE_LOOP('',(#697,#698,#699,#700));
#316=EDGE_LOOP('',(#701,#702,#703,#704,#705));
#317=EDGE_LOOP('',(#706,#707,#708));
#318=EDGE_LOOP('',(#709,#710,#711));
#319=EDGE_LOOP('',(#712,#713,#714,#715));
#320=ORIENTED_EDGE('',*,*,#716,.T.);
#321=ORIENTED_EDGE('',*,*,#717,.T.);
#322=ORIENTED_EDGE('',*,*,#718,.T.);
#323=ORIENTED_EDGE('',*,*,#719,.T.);
#324=ORIENTED_EDGE('',*,*,#720,.T.);
#325=ORIENTED_EDGE('',*,*,#721,.T.);
#326=ORIENTED_EDGE('',*,*,#722,.T.);
#327=ORIENTED_EDGE('',*,*,#717,.F.);
#328=ORIENTED_EDGE('',*,*,#723,.T.);
#329=ORIENTED_EDGE('',*,*,#724,.T.);
#330=ORIENTED_EDGE('',*,*,#725,.T.);
#331=ORIENTED_EDGE('',*,*,#721,.F.);
#332=ORIENTED_EDGE('',*,*,#726,.T.);
#333=ORIENTED_EDGE('',*,*,#727,.T.);
#334=ORIENTED_EDGE('',*,*,#728,.T.);
#335=ORIENTED_EDGE('',*,*,#724,.F.);
#336=ORIENTED_EDGE('',*,*,#730,.F.);
#337=ORIENTED_EDGE('',*,*,#731,.F.);
#338=ORIENTED_EDGE('',*,*,#727,.F.);
#339=ORIENTED_EDGE('',*,*,#729,.F.);
#340=ORIENTED_EDGE('',*,*,#732,.T.);
#341=ORIENTED_EDGE('',*,*,#733,.T.);
#342=ORIENTED_EDGE('',*,*,#734,.T.);
#343=ORIENTED_EDGE('',*,*,#730,.T.);
#344=ORIENTED_EDGE('',*,*,#736,.F.);
#345=ORIENTED_EDGE('',*,*,#737,.F.);
#346=ORIENTED_EDGE('',*,*,#733,.F.);
#347=ORIENTED_EDGE('',*,*,#735,.F.);
#348=ORIENTED_EDGE('',*,*,#738,.T.);
#349=ORIENTED_EDGE('',*,*,#739,.T.);
#350=ORIENTED_EDGE('',*,*,#740,.T.);
#351=ORIENTED_EDGE('',*,*,#736,.T.);
#352=ORIENTED_EDGE('',*,*,#741,.T.);
#353=ORIENTED_EDGE('',*,*,#742,.T.);
#354=ORIENTED_EDGE('',*,*,#743,.T.);
#355=ORIENTED_EDGE('',*,*,#739,.F.);
#356=ORIENTED_EDGE('',*,*,#744,.T.);
#357=ORIENTED_EDGE('',*,*,#745,.T.);
#358=ORIENTED_EDGE('',*,*,#746,.T.);
#359=ORIENTED_EDGE('',*,*,#742,.F.);
#360=ORIENTED_EDGE('',*,*,#747,.T.);
#361=ORIENTED_EDGE('',*,*,#748,.T.);
#362=ORIENTED_EDGE('',*,*,#749,.T.);
#363=ORIENTED_EDGE('',*,*,#745,.F.);
#364=ORIENTED_EDGE('',*,*,#750,.T.);
#365=ORIENTED_EDGE('',*,*,#751,.T.);
#366=ORIENTED_EDGE('',*,*,#752,.T.);
#367=ORIENTED_EDGE('',*,*,#748,.F.);
#368=ORIENTED_EDGE('',*,*,#753,.T.);
#369=ORIENTED_EDGE('',*,*,#754,.T.);
#370=ORIENTED_EDGE('',*,*,#755,.T.);
#371=ORIENTED_EDGE('',*,*,#751,.F.);
#372=ORIENTED_EDGE('',*,*,#756,.T.);
#373=ORIENTED_EDGE('',*,*,#719,.F.);
#374=ORIENTED_EDGE('',*,*,#757,.T.);
#375=ORIENTED_EDGE('',*,*,#754,.F.);
#376=ORIENTED_EDGE('',*,*,#718,.F.);
#377=ORIENTED_EDGE('',*,*,#722,.F.);
#378=ORIENTED_EDGE('',*,*,#725,.F.);
#379=ORIENTED_EDGE('',*,*,#728,.F.);
#380=ORIENTED_EDGE('',*,*,#731,.T.);
#381=ORIENTED_EDGE('',*,*,#734,.F.);
#382=ORIENTED_EDGE('',*,*,#737,.T.);
#383=ORIENTED_EDGE('',*,*,#740,.F.);
#384=ORIENTED_EDGE('',*,*,#743,.F.);
#385=ORIENTED_EDGE('',*,*,#746,.F.);
#386=ORIENTED_EDGE('',*,*,#749,.F.);
#387=ORIENTED_EDGE('',*,*,#752,.F.);
#388=ORIENTED_EDGE('',*,*,#755,.F.);
#389=ORIENTED_EDGE('',*,*,#757,.F.);
#390=ORIENTED_EDGE('',*,*,#756,.F.);
#391=ORIENTED_EDGE('',*,*,#753,.F.);
#392=ORIENTED_EDGE('',*,*,#750,.F.);
#393=ORIENTED_EDGE('',*,*,#747,.F.);
#394=ORIENTED_EDGE('',*,*,#744,.F.);
#395=ORIENTED_EDGE('',*,*,#741,.F.);
#396=ORIENTED_EDGE('',*,*,#738,.F.);
#397=ORIENTED_EDGE('',*,*,#735,.T.);
#398=ORIENTED_EDGE('',*,*,#732,.F.);
#399=ORIENTED_EDGE('',*,*,#729,.T.);
#400=ORIENTED_EDGE('',*,*,#726,.F.);
#401=ORIENTED_EDGE('',*,*,#723,.F.);
#402=ORIENTED_EDGE('',*,*,#720,.F.);
#403=ORIENTED_EDGE('',*,*,#716,.F.);
#404=ORIENTED_EDGE('',*,*,#758,.T.);
#405=ORIENTED_EDGE('',*,*,#759,.T.);
#406=ORIENTED_EDGE('',*,*,#760,.T.);
#407=ORIENTED_EDGE('',*,*,#761,.T.);
#408=ORIENTED_EDGE('',*,*,#762,.T.);
#409=ORIENTED_EDGE('',*,*,#763,.T.);
#410=ORIENTED_EDGE('',*,*,#764,.T.);
#411=ORIENTED_EDGE('',*,*,#759,.F.);
#412=ORIENTED_EDGE('',*,*,#766,.F.);
#413=ORIENTED_EDGE('',*,*,#767,.F.);
#414=ORIENTED_EDGE('',*,*,#763,.F.);
#415=ORIENTED_EDGE('',*,*,#765,.F.);
#416=ORIENTED_EDGE('',*,*,#768,.T.);
#417=ORIENTED_EDGE('',*,*,#769,.T.);
#418=ORIENTED_EDGE('',*,*,#770,.T.);
#419=ORIENTED_EDGE('',*,*,#766,.T.);
#420=ORIENTED_EDGE('',*,*,#772,.F.);
#421=ORIENTED_EDGE('',*,*,#773,.F.);
#422=ORIENTED_EDGE('',*,*,#769,.F.);
#423=ORIENTED_EDGE('',*,*,#771,.F.);
#424=ORIENTED_EDGE('',*,*,#774,.T.);
#425=ORIENTED_EDGE('',*,*,#775,.T.);
#426=ORIENTED_EDGE('',*,*,#776,.T.);
#427=ORIENTED_EDGE('',*,*,#772,.T.);
#428=ORIENTED_EDGE('',*,*,#777,.T.);
#429=ORIENTED_EDGE('',*,*,#778,.T.);
#430=ORIENTED_EDGE('',*,*,#779,.T.);
#431=ORIENTED_EDGE('',*,*,#775,.F.);
#432=ORIENTED_EDGE('',*,*,#780,.T.);
#433=ORIENTED_EDGE('',*,*,#781,.T.);
#434=ORIENTED_EDGE('',*,*,#782,.T.);
#435=ORIENTED_EDGE('',*,*,#778,.F.);
#436=ORIENTED_EDGE('',*,*,#783,.T.);
#437=ORIENTED_EDGE('',*,*,#784,.T.);
#438=ORIENTED_EDGE('',*,*,#785,.T.);
#439=ORIENTED_EDGE('',*,*,#781,.F.);
#440=ORIENTED_EDGE('',*,*,#786,.T.);
#441=ORIENTED_EDGE('',*,*,#787,.T.);
#442=ORIENTED_EDGE('',*,*,#788,.T.);
#443=ORIENTED_EDGE('',*,*,#784,.F.);
#444=ORIENTED_EDGE('',*,*,#789,.T.);
#445=ORIENTED_EDGE('',*,*,#790,.T.);
#446=ORIENTED_EDGE('',*,*,#791,.T.);
#447=ORIENTED_EDGE('',*,*,#787,.F.);
#448=ORIENTED_EDGE('',*,*,#792,.T.);
#449=ORIENTED_EDGE('',*,*,#793,.T.);
#450=ORIENTED_EDGE('',*,*,#794,.T.);
#451=ORIENTED_EDGE('',*,*,#790,.F.);
#452=ORIENTED_EDGE('',*,*,#795,.T.);
#453=ORIENTED_EDGE('',*,*,#796,.T.);
#454=ORIENTED_EDGE('',*,*,#797,.T.);
#455=ORIENTED_EDGE('',*,*,#793,.F.);
#456=ORIENTED_EDGE('',*,*,#798,.T.);
#457=ORIENTED_EDGE('',*,*,#761,.F.);
#458=ORIENTED_EDGE('',*,*,#799,.T.);
#459=ORIENTED_EDGE('',*,*,#796,.F.);
#460=ORIENTED_EDGE('',*,*,#760,.F.);
#461=ORIENTED_EDGE('',*,*,#764,.F.);
#462=ORIENTED_EDGE('',*,*,#767,.T.);
#463=ORIENTED_EDGE('',*,*,#770,.F.);
#464=ORIENTED_EDGE('',*,*,#773,.T.);
#465=ORIENTED_EDGE('',*,*,#776,.F.);
#466=ORIENTED_EDGE('',*,*,#779,.F.);
#467=ORIENTED_EDGE('',*,*,#782,.F.);
#468=ORIENTED_EDGE('',*,*,#785,.F.);
#469=ORIENTED_EDGE('',*,*,#788,.F.);
#470=ORIENTED_EDGE('',*,*,#791,.F.);
#471=ORIENTED_EDGE('',*,*,#794,.F.);
#472=ORIENTED_EDGE('',*,*,#797,.F.);
#473=ORIENTED_EDGE('',*,*,#799,.F.);
#474=ORIENTED_EDGE('',*,*,#798,.F.);
#475=ORIENTED_EDGE('',*,*,#795,.F.);
#476=ORIENTED_EDGE('',*,*,#792,.F.);
#477=ORIENTED_EDGE('',*,*,#789,.F.);
#478=ORIENTED_EDGE('',*,*,#786,.F.);
#479=ORIENTED_EDGE('',*,*,#783,.F.);
#480=ORIENTED_EDGE('',*,*,#780,.F.);
#481=ORIENTED_EDGE('',*,*,#777,.F.);
#482=ORIENTED_EDGE('',*,*,#774,.F.);
#483=ORIENTED_EDGE('',*,*,#771,.T.);
#484=ORIENTED_EDGE('',*,*,#768,.F.);
#485=ORIENTED_EDGE('',*,*,#765,.T.);
#486=ORIENTED_EDGE('',*,*,#762,.F.);
#487=ORIENTED_EDGE('',*,*,#758,.F.);
#488=ORIENTED_EDGE('',*,*,#800,.T.);
#489=ORIENTED_EDGE('',*,*,#857,.T.);
#490=ORIENTED_EDGE('',*,*,#801,.T.);
#491=ORIENTED_EDGE('',*,*,#802,.T.);
#492=ORIENTED_EDGE('',*,*,#803,.T.);
#493=ORIENTED_EDGE('',*,*,#859,.T.);
#494=ORIENTED_EDGE('',*,*,#804,.T.);
#495=ORIENTED_EDGE('',*,*,#880,.T.);
#496=ORIENTED_EDGE('',*,*,#805,.T.);
#497=ORIENTED_EDGE('',*,*,#861,.T.);
#498=ORIENTED_EDGE('',*,*,#806,.T.);
#499=ORIENTED_EDGE('',*,*,#807,.T.);
#500=ORIENTED_EDGE('',*,*,#808,.T.);
#501=ORIENTED_EDGE('',*,*,#875,.T.);
#502=ORIENTED_EDGE('',*,*,#809,.T.);
#503=ORIENTED_EDGE('',*,*,#882,.T.);
#504=ORIENTED_EDGE('',*,*,#810,.T.);
#505=ORIENTED_EDGE('',*,*,#811,.T.);
#506=ORIENTED_EDGE('',*,*,#812,.T.);
#507=ORIENTED_EDGE('',*,*,#855,.T.);
#508=ORIENTED_EDGE('',*,*,#813,.T.);
#509=ORIENTED_EDGE('',*,*,#877,.T.);
#510=ORIENTED_EDGE('',*,*,#814,.T.);
#511=ORIENTED_EDGE('',*,*,#815,.T.);
#512=ORIENTED_EDGE('',*,*,#816,.T.);
#513=ORIENTED_EDGE('',*,*,#817,.T.);
#514=ORIENTED_EDGE('',*,*,#818,.T.);
#515=ORIENTED_EDGE('',*,*,#819,.T.);
#516=ORIENTED_EDGE('',*,*,#802,.F.);
#517=ORIENTED_EDGE('',*,*,#868,.T.);
#518=ORIENTED_EDGE('',*,*,#820,.T.);
#519=ORIENTED_EDGE('',*,*,#871,.T.);
#520=ORIENTED_EDGE('',*,*,#821,.T.);
#521=ORIENTED_EDGE('',*,*,#866,.T.);
#522=ORIENTED_EDGE('',*,*,#815,.F.);
#523=ORIENTED_EDGE('',*,*,#885,.T.);
#524=ORIENTED_EDGE('',*,*,#822,.T.);
#525=ORIENTED_EDGE('',*,*,#823,.T.);
#526=ORIENTED_EDGE('',*,*,#824,.T.);
#527=ORIENTED_EDGE('',*,*,#825,.T.);
#528=ORIENTED_EDGE('',*,*,#826,.T.);
#529=ORIENTED_EDGE('',*,*,#883,.T.);
#530=ORIENTED_EDGE('',*,*,#811,.F.);
#531=ORIENTED_EDGE('',*,*,#890,.T.);
#532=ORIENTED_EDGE('',*,*,#827,.T.);
#533=ORIENTED_EDGE('',*,*,#888,.T.);
#534=ORIENTED_EDGE('',*,*,#807,.F.);
#535=ORIENTED_EDGE('',*,*,#873,.T.);
#536=ORIENTED_EDGE('',*,*,#828,.T.);
#537=ORIENTED_EDGE('',*,*,#829,.T.);
#538=ORIENTED_EDGE('',*,*,#830,.T.);
#539=ORIENTED_EDGE('',*,*,#831,.T.);
#540=ORIENTED_EDGE('',*,*,#833,.F.);
#541=ORIENTED_EDGE('',*,*,#834,.F.);
#542=ORIENTED_EDGE('',*,*,#835,.F.);
#543=ORIENTED_EDGE('',*,*,#832,.F.);
#544=ORIENTED_EDGE('',*,*,#905,.F.);
#545=ORIENTED_EDGE('',*,*,#837,.F.);
#546=ORIENTED_EDGE('',*,*,#911,.F.);
#547=ORIENTED_EDGE('',*,*,#836,.F.);
#548=ORIENTED_EDGE('',*,*,#839,.F.);
#549=ORIENTED_EDGE('',*,*,#840,.F.);
#550=ORIENTED_EDGE('',*,*,#837,.T.);
#551=ORIENTED_EDGE('',*,*,#841,.F.);
#552=ORIENTED_EDGE('',*,*,#842,.F.);
#553=ORIENTED_EDGE('',*,*,#838,.F.);
#554=ORIENTED_EDGE('',*,*,#844,.F.);
#555=ORIENTED_EDGE('',*,*,#845,.F.);
#556=ORIENTED_EDGE('',*,*,#846,.F.);
#557=ORIENTED_EDGE('',*,*,#847,.F.);
#558=ORIENTED_EDGE('',*,*,#848,.F.);
#559=ORIENTED_EDGE('',*,*,#843,.F.);
#560=ORIENTED_EDGE('',*,*,#895,.F.);
#561=ORIENTED_EDGE('',*,*,#849,.F.);
#562=ORIENTED_EDGE('',*,*,#898,.F.);
#563=ORIENTED_EDGE('',*,*,#848,.T.);
#564=ORIENTED_EDGE('',*,*,#850,.T.);
#565=ORIENTED_EDGE('',*,*,#800,.F.);
#566=ORIENTED_EDGE('',*,*,#852,.T.);
#567=ORIENTED_EDGE('',*,*,#818,.F.);
#568=ORIENTED_EDGE('',*,*,#854,.T.);
#569=ORIENTED_EDGE('',*,*,#850,.F.);
#570=ORIENTED_EDGE('',*,*,#851,.T.);
#571=ORIENTED_EDGE('',*,*,#862,.F.);
#572=ORIENTED_EDGE('',*,*,#852,.F.);
#573=ORIENTED_EDGE('',*,*,#858,.T.);
#574=ORIENTED_EDGE('',*,*,#851,.F.);
#575=ORIENTED_EDGE('',*,*,#817,.F.);
#576=ORIENTED_EDGE('',*,*,#853,.T.);
#577=ORIENTED_EDGE('',*,*,#813,.F.);
#578=ORIENTED_EDGE('',*,*,#854,.F.);
#579=ORIENTED_EDGE('',*,*,#855,.F.);
#580=ORIENTED_EDGE('',*,*,#856,.T.);
#581=ORIENTED_EDGE('',*,*,#857,.F.);
#582=ORIENTED_EDGE('',*,*,#858,.F.);
#583=ORIENTED_EDGE('',*,*,#859,.F.);
#584=ORIENTED_EDGE('',*,*,#860,.T.);
#585=ORIENTED_EDGE('',*,*,#861,.F.);
#586=ORIENTED_EDGE('',*,*,#862,.T.);
#587=ORIENTED_EDGE('',*,*,#805,.F.);
#588=ORIENTED_EDGE('',*,*,#863,.T.);
#589=ORIENTED_EDGE('',*,*,#819,.F.);
#590=ORIENTED_EDGE('',*,*,#865,.T.);
#591=ORIENTED_EDGE('',*,*,#816,.F.);
#592=ORIENTED_EDGE('',*,*,#864,.T.);
#593=ORIENTED_EDGE('',*,*,#809,.F.);
#594=ORIENTED_EDGE('',*,*,#853,.F.);
#595=ORIENTED_EDGE('',*,*,#865,.F.);
#596=ORIENTED_EDGE('',*,*,#874,.T.);
#597=ORIENTED_EDGE('',*,*,#812,.F.);
#598=ORIENTED_EDGE('',*,*,#866,.F.);
#599=ORIENTED_EDGE('',*,*,#867,.T.);
#600=ORIENTED_EDGE('',*,*,#868,.F.);
#601=ORIENTED_EDGE('',*,*,#801,.F.);
#602=ORIENTED_EDGE('',*,*,#856,.F.);
#603=ORIENTED_EDGE('',*,*,#869,.T.);
#604=ORIENTED_EDGE('',*,*,#820,.F.);
#605=ORIENTED_EDGE('',*,*,#870,.T.);
#606=ORIENTED_EDGE('',*,*,#845,.T.);
#607=ORIENTED_EDGE('',*,*,#803,.F.);
#608=ORIENTED_EDGE('',*,*,#871,.F.);
#609=ORIENTED_EDGE('',*,*,#872,.T.);
#610=ORIENTED_EDGE('',*,*,#873,.F.);
#611=ORIENTED_EDGE('',*,*,#806,.F.);
#612=ORIENTED_EDGE('',*,*,#860,.F.);
#613=ORIENTED_EDGE('',*,*,#864,.F.);
#614=ORIENTED_EDGE('',*,*,#863,.F.);
#615=ORIENTED_EDGE('',*,*,#879,.T.);
#616=ORIENTED_EDGE('',*,*,#874,.F.);
#617=ORIENTED_EDGE('',*,*,#875,.F.);
#618=ORIENTED_EDGE('',*,*,#876,.T.);
#619=ORIENTED_EDGE('',*,*,#877,.F.);
#620=ORIENTED_EDGE('',*,*,#867,.F.);
#621=ORIENTED_EDGE('',*,*,#878,.T.);
#622=ORIENTED_EDGE('',*,*,#870,.F.);
#623=ORIENTED_EDGE('',*,*,#872,.F.);
#624=ORIENTED_EDGE('',*,*,#869,.F.);
#625=ORIENTED_EDGE('',*,*,#887,.F.);
#626=ORIENTED_EDGE('',*,*,#879,.F.);
#627=ORIENTED_EDGE('',*,*,#880,.F.);
#628=ORIENTED_EDGE('',*,*,#881,.T.);
#629=ORIENTED_EDGE('',*,*,#882,.F.);
#630=ORIENTED_EDGE('',*,*,#808,.F.);
#631=ORIENTED_EDGE('',*,*,#883,.F.);
#632=ORIENTED_EDGE('',*,*,#884,.T.);
#633=ORIENTED_EDGE('',*,*,#885,.F.);
#634=ORIENTED_EDGE('',*,*,#814,.F.);
#635=ORIENTED_EDGE('',*,*,#876,.F.);
#636=ORIENTED_EDGE('',*,*,#878,.F.);
#637=ORIENTED_EDGE('',*,*,#821,.F.);
#638=ORIENTED_EDGE('',*,*,#886,.T.);
#639=ORIENTED_EDGE('',*,*,#846,.T.);
#640=ORIENTED_EDGE('',*,*,#844,.T.);
#641=ORIENTED_EDGE('',*,*,#900,.T.);
#642=ORIENTED_EDGE('',*,*,#828,.F.);
#643=ORIENTED_EDGE('',*,*,#887,.T.);
#644=ORIENTED_EDGE('',*,*,#804,.F.);
#645=ORIENTED_EDGE('',*,*,#888,.F.);
#646=ORIENTED_EDGE('',*,*,#889,.T.);
#647=ORIENTED_EDGE('',*,*,#890,.F.);
#648=ORIENTED_EDGE('',*,*,#810,.F.);
#649=ORIENTED_EDGE('',*,*,#881,.F.);
#650=ORIENTED_EDGE('',*,*,#891,.T.);
#651=ORIENTED_EDGE('',*,*,#826,.F.);
#652=ORIENTED_EDGE('',*,*,#892,.T.);
#653=ORIENTED_EDGE('',*,*,#838,.T.);
#654=ORIENTED_EDGE('',*,*,#884,.F.);
#655=ORIENTED_EDGE('',*,*,#891,.F.);
#656=ORIENTED_EDGE('',*,*,#893,.T.);
#657=ORIENTED_EDGE('',*,*,#886,.F.);
#658=ORIENTED_EDGE('',*,*,#825,.F.);
#659=ORIENTED_EDGE('',*,*,#894,.T.);
#660=ORIENTED_EDGE('',*,*,#895,.T.);
#661=ORIENTED_EDGE('',*,*,#847,.T.);
#662=ORIENTED_EDGE('',*,*,#896,.T.);
#663=ORIENTED_EDGE('',*,*,#849,.T.);
#664=ORIENTED_EDGE('',*,*,#897,.T.);
#665=ORIENTED_EDGE('',*,*,#835,.T.);
#666=ORIENTED_EDGE('',*,*,#843,.T.);
#667=ORIENTED_EDGE('',*,*,#898,.T.);
#668=ORIENTED_EDGE('',*,*,#899,.T.);
#669=ORIENTED_EDGE('',*,*,#829,.F.);
#670=ORIENTED_EDGE('',*,*,#900,.F.);
#671=ORIENTED_EDGE('',*,*,#889,.F.);
#672=ORIENTED_EDGE('',*,*,#901,.T.);
#673=ORIENTED_EDGE('',*,*,#892,.F.);
#674=ORIENTED_EDGE('',*,*,#842,.T.);
#675=ORIENTED_EDGE('',*,*,#902,.T.);
#676=ORIENTED_EDGE('',*,*,#822,.F.);
#677=ORIENTED_EDGE('',*,*,#893,.F.);
#678=ORIENTED_EDGE('',*,*,#894,.F.);
#679=ORIENTED_EDGE('',*,*,#907,.F.);
#680=ORIENTED_EDGE('',*,*,#897,.F.);
#681=ORIENTED_EDGE('',*,*,#899,.F.);
#682=ORIENTED_EDGE('',*,*,#896,.F.);
#683=ORIENTED_EDGE('',*,*,#903,.T.);
#684=ORIENTED_EDGE('',*,*,#901,.F.);
#685=ORIENTED_EDGE('',*,*,#827,.F.);
#686=ORIENTED_EDGE('',*,*,#904,.T.);
#687=ORIENTED_EDGE('',*,*,#839,.T.);
#688=ORIENTED_EDGE('',*,*,#841,.T.);
#689=ORIENTED_EDGE('',*,*,#905,.T.);
#690=ORIENTED_EDGE('',*,*,#906,.T.);
#691=ORIENTED_EDGE('',*,*,#823,.F.);
#692=ORIENTED_EDGE('',*,*,#902,.F.);
#693=ORIENTED_EDGE('',*,*,#907,.T.);
#694=ORIENTED_EDGE('',*,*,#824,.F.);
#695=ORIENTED_EDGE('',*,*,#908,.T.);
#696=ORIENTED_EDGE('',*,*,#832,.T.);
#697=ORIENTED_EDGE('',*,*,#903,.F.);
#698=ORIENTED_EDGE('',*,*,#834,.T.);
#699=ORIENTED_EDGE('',*,*,#909,.T.);
#700=ORIENTED_EDGE('',*,*,#830,.F.);
#701=ORIENTED_EDGE('',*,*,#904,.F.);
#702=ORIENTED_EDGE('',*,*,#831,.F.);
#703=ORIENTED_EDGE('',*,*,#910,.T.);
#704=ORIENTED_EDGE('',*,*,#911,.T.);
#705=ORIENTED_EDGE('',*,*,#840,.T.);
#706=ORIENTED_EDGE('',*,*,#908,.F.);
#707=ORIENTED_EDGE('',*,*,#906,.F.);
#708=ORIENTED_EDGE('',*,*,#912,.F.);
#709=ORIENTED_EDGE('',*,*,#910,.F.);
#710=ORIENTED_EDGE('',*,*,#909,.F.);
#711=ORIENTED_EDGE('',*,*,#913,.T.);
#712=ORIENTED_EDGE('',*,*,#912,.T.);
#713=ORIENTED_EDGE('',*,*,#836,.T.);
#714=ORIENTED_EDGE('',*,*,#913,.F.);
#715=ORIENTED_EDGE('',*,*,#833,.T.);
#716=EDGE_CURVE('',#1112,#1113,#1040,.T.);
#717=EDGE_CURVE('',#1113,#1114,#914,.T.);
#718=EDGE_CURVE('',#1114,#1115,#1041,.T.);
#719=EDGE_CURVE('',#1115,#1112,#915,.T.);
#720=EDGE_CURVE('',#1113,#1116,#916,.T.);
#721=EDGE_CURVE('',#1116,#1117,#917,.T.);
#722=EDGE_CURVE('',#1117,#1114,#918,.T.);
#723=EDGE_CURVE('',#1116,#1118,#1042,.T.);
#724=EDGE_CURVE('',#1118,#1119,#919,.T.);
#725=EDGE_CURVE('',#1119,#1117,#1043,.T.);
#726=EDGE_CURVE('',#1118,#1120,#920,.T.);
#727=EDGE_CURVE('',#1120,#1121,#921,.T.);
#728=EDGE_CURVE('',#1121,#1119,#922,.T.);
#729=EDGE_CURVE('',#1122,#1120,#1044,.T.);
#730=EDGE_CURVE('',#1123,#1122,#923,.T.);
#731=EDGE_CURVE('',#1121,#1123,#1045,.T.);
#732=EDGE_CURVE('',#1122,#1124,#924,.T.);
#733=EDGE_CURVE('',#1124,#1125,#925,.T.);
#734=EDGE_CURVE('',#1125,#1123,#926,.T.);
#735=EDGE_CURVE('',#1126,#1124,#1046,.T.);
#736=EDGE_CURVE('',#1127,#1126,#927,.T.);
#737=EDGE_CURVE('',#1125,#1127,#1047,.T.);
#738=EDGE_CURVE('',#1126,#1128,#928,.T.);
#739=EDGE_CURVE('',#1128,#1129,#929,.T.);
#740=EDGE_CURVE('',#1129,#1127,#930,.T.);
#741=EDGE_CURVE('',#1128,#1130,#931,.T.);
#742=EDGE_CURVE('',#1130,#1131,#932,.T.);
#743=EDGE_CURVE('',#1131,#1129,#933,.T.);
#744=EDGE_CURVE('',#1130,#1132,#934,.T.);
#745=EDGE_CURVE('',#1132,#1133,#935,.T.);
#746=EDGE_CURVE('',#1133,#1131,#936,.T.);
#747=EDGE_CURVE('',#1132,#1134,#1048,.T.);
#748=EDGE_CURVE('',#1134,#1135,#937,.T.);
#749=EDGE_CURVE('',#1135,#1133,#1049,.T.);
#750=EDGE_CURVE('',#1134,#1136,#938,.T.);
#751=EDGE_CURVE('',#1136,#1137,#939,.T.);
#752=EDGE_CURVE('',#1137,#1135,#940,.T.);
#753=EDGE_CURVE('',#1136,#1138,#1050,.T.);
#754=EDGE_CURVE('',#1138,#1139,#941,.T.);
#755=EDGE_CURVE('',#1139,#1137,#1051,.T.);
#756=EDGE_CURVE('',#1138,#1112,#942,.T.);
#757=EDGE_CURVE('',#1115,#1139,#943,.T.);
#758=EDGE_CURVE('',#1140,#1141,#944,.T.);
#759=EDGE_CURVE('',#1141,#1142,#945,.T.);
#760=EDGE_CURVE('',#1142,#1143,#946,.T.);
#761=EDGE_CURVE('',#1143,#1140,#947,.T.);
#762=EDGE_CURVE('',#1141,#1144,#948,.T.);
#763=EDGE_CURVE('',#1144,#1145,#949,.T.);
#764=EDGE_CURVE('',#1145,#1142,#950,.T.);
#765=EDGE_CURVE('',#1146,#1144,#1052,.T.);
#766=EDGE_CURVE('',#1147,#1146,#951,.T.);
#767=EDGE_CURVE('',#1145,#1147,#1053,.T.);
#768=EDGE_CURVE('',#1146,#1148,#952,.T.);
#769=EDGE_CURVE('',#1148,#1149,#953,.T.);
#770=EDGE_CURVE('',#1149,#1147,#954,.T.);
#771=EDGE_CURVE('',#1150,#1148,#1054,.T.);
#772=EDGE_CURVE('',#1151,#1150,#955,.T.);
#773=EDGE_CURVE('',#1149,#1151,#1055,.T.);
#774=EDGE_CURVE('',#1150,#1152,#956,.T.);
#775=EDGE_CURVE('',#1152,#1153,#957,.T.);
#776=EDGE_CURVE('',#1153,#1151,#958,.T.);
#777=EDGE_CURVE('',#1152,#1154,#1056,.T.);
#778=EDGE_CURVE('',#1154,#1155,#959,.T.);
#779=EDGE_CURVE('',#1155,#1153,#1057,.T.);
#780=EDGE_CURVE('',#1154,#1156,#960,.T.);
#781=EDGE_CURVE('',#1156,#1157,#961,.T.);
#782=EDGE_CURVE('',#1157,#1155,#962,.T.);
#783=EDGE_CURVE('',#1156,#1158,#1058,.T.);
#784=EDGE_CURVE('',#1158,#1159,#963,.T.);
#785=EDGE_CURVE('',#1159,#1157,#1059,.T.);
#786=EDGE_CURVE('',#1158,#1160,#964,.T.);
#787=EDGE_CURVE('',#1160,#1161,#965,.T.);
#788=EDGE_CURVE('',#1161,#1159,#966,.T.);
#789=EDGE_CURVE('',#1160,#1162,#1060,.T.);
#790=EDGE_CURVE('',#1162,#1163,#967,.T.);
#791=EDGE_CURVE('',#1163,#1161,#1061,.T.);
#792=EDGE_CURVE('',#1162,#1164,#968,.T.);
#793=EDGE_CURVE('',#1164,#1165,#969,.T.);
#794=EDGE_CURVE('',#1165,#1163,#970,.T.);
#795=EDGE_CURVE('',#1164,#1166,#1062,.T.);
#796=EDGE_CURVE('',#1166,#1167,#971,.T.);
#797=EDGE_CURVE('',#1167,#1165,#1063,.T.);
#798=EDGE_CURVE('',#1166,#1140,#972,.T.);
#799=EDGE_CURVE('',#1143,#1167,#973,.T.);
#800=EDGE_CURVE('',#1168,#1169,#974,.T.);
#801=EDGE_CURVE('',#1170,#1171,#975,.T.);
#802=EDGE_CURVE('',#1171,#1172,#976,.T.);
#803=EDGE_CURVE('',#1172,#1173,#977,.T.);
#804=EDGE_CURVE('',#1174,#1175,#978,.T.);
#805=EDGE_CURVE('',#1176,#1177,#979,.T.);
#806=EDGE_CURVE('',#1178,#1179,#980,.T.);
#807=EDGE_CURVE('',#1179,#1174,#981,.T.);
#808=EDGE_CURVE('',#1180,#1181,#982,.T.);
#809=EDGE_CURVE('',#1182,#1183,#983,.T.);
#810=EDGE_CURVE('',#1184,#1185,#984,.T.);
#811=EDGE_CURVE('',#1185,#1180,#985,.T.);
#812=EDGE_CURVE('',#1186,#1187,#986,.T.);
#813=EDGE_CURVE('',#1188,#1189,#987,.T.);
#814=EDGE_CURVE('',#1190,#1191,#988,.T.);
#815=EDGE_CURVE('',#1191,#1186,#989,.T.);
#816=EDGE_CURVE('',#1192,#1193,#990,.T.);
#817=EDGE_CURVE('',#1193,#1194,#991,.T.);
#818=EDGE_CURVE('',#1194,#1195,#992,.T.);
#819=EDGE_CURVE('',#1195,#1192,#993,.T.);
#820=EDGE_CURVE('',#1196,#1197,#994,.T.);
#821=EDGE_CURVE('',#1198,#1199,#995,.T.);
#822=EDGE_CURVE('',#1200,#1201,#996,.T.);
#823=EDGE_CURVE('',#1201,#1202,#997,.T.);
#824=EDGE_CURVE('',#1202,#1203,#998,.T.);
#825=EDGE_CURVE('',#1203,#1198,#999,.T.);
#826=EDGE_CURVE('',#1204,#1205,#1000,.T.);
#827=EDGE_CURVE('',#1206,#1207,#1001,.T.);
#828=EDGE_CURVE('',#1208,#1209,#1002,.T.);
#829=EDGE_CURVE('',#1209,#1210,#1003,.T.);
#830=EDGE_CURVE('',#1210,#1211,#1004,.T.);
#831=EDGE_CURVE('',#1211,#1206,#1005,.T.);
#832=EDGE_CURVE('',#1212,#1213,#1006,.T.);
#833=EDGE_CURVE('',#1214,#1212,#1007,.T.);
#834=EDGE_CURVE('',#1215,#1214,#1008,.T.);
#835=EDGE_CURVE('',#1213,#1215,#1009,.T.);
#836=EDGE_CURVE('',#1216,#1217,#1010,.T.);
#837=EDGE_CURVE('',#1219,#1218,#1011,.T.);
#838=EDGE_CURVE('',#1220,#1221,#1012,.T.);
#839=EDGE_CURVE('',#1222,#1220,#1013,.T.);
#840=EDGE_CURVE('',#1219,#1222,#1064,.T.);
#841=EDGE_CURVE('',#1223,#1218,#1065,.T.);
#842=EDGE_CURVE('',#1221,#1223,#1014,.T.);
#843=EDGE_CURVE('',#1224,#1225,#1066,.T.);
#844=EDGE_CURVE('',#1226,#1224,#1015,.T.);
#845=EDGE_CURVE('',#1227,#1226,#1016,.T.);
#846=EDGE_CURVE('',#1228,#1227,#1017,.T.);
#847=EDGE_CURVE('',#1229,#1228,#1067,.T.);
#848=EDGE_CURVE('',#1225,#1229,#1018,.T.);
#849=EDGE_CURVE('',#1231,#1230,#1019,.T.);
#850=EDGE_CURVE('',#1194,#1169,#1068,.T.);
#851=EDGE_CURVE('',#1194,#1188,#1069,.T.);
#852=EDGE_CURVE('',#1168,#1195,#1070,.T.);
#853=EDGE_CURVE('',#1193,#1189,#1071,.T.);
#854=EDGE_CURVE('',#1188,#1169,#1072,.T.);
#855=EDGE_CURVE('',#1187,#1188,#1020,.T.);
#856=EDGE_CURVE('',#1187,#1170,#1073,.T.);
#857=EDGE_CURVE('',#1169,#1170,#1021,.T.);
#858=EDGE_CURVE('',#1168,#1177,#1074,.T.);
#859=EDGE_CURVE('',#1173,#1168,#1022,.T.);
#860=EDGE_CURVE('',#1173,#1178,#1075,.T.);
#861=EDGE_CURVE('',#1177,#1178,#1023,.T.);
#862=EDGE_CURVE('',#1195,#1177,#1076,.T.);
#863=EDGE_CURVE('',#1176,#1192,#1077,.T.);
#864=EDGE_CURVE('',#1192,#1183,#1078,.T.);
#865=EDGE_CURVE('',#1182,#1193,#1079,.T.);
#866=EDGE_CURVE('',#1199,#1186,#1024,.T.);
#867=EDGE_CURVE('',#1199,#1196,#1080,.T.);
#868=EDGE_CURVE('',#1171,#1196,#1025,.T.);
#869=EDGE_CURVE('',#1226,#1197,#1081,.T.);
#870=EDGE_CURVE('',#1196,#1227,#1082,.T.);
#871=EDGE_CURVE('',#1197,#1172,#1026,.T.);
#872=EDGE_CURVE('',#1197,#1208,#1083,.T.);
#873=EDGE_CURVE('',#1179,#1208,#1027,.T.);
#874=EDGE_CURVE('',#1182,#1189,#1084,.T.);
#875=EDGE_CURVE('',#1181,#1182,#1028,.T.);
#876=EDGE_CURVE('',#1181,#1190,#1085,.T.);
#877=EDGE_CURVE('',#1189,#1190,#1029,.T.);
#878=EDGE_CURVE('',#1199,#1227,#1086,.T.);
#879=EDGE_CURVE('',#1176,#1183,#1087,.T.);
#880=EDGE_CURVE('',#1175,#1176,#1030,.T.);
#881=EDGE_CURVE('',#1175,#1184,#1088,.T.);
#882=EDGE_CURVE('',#1183,#1184,#1031,.T.);
#883=EDGE_CURVE('',#1205,#1180,#1032,.T.);
#884=EDGE_CURVE('',#1205,#1200,#1089,.T.);
#885=EDGE_CURVE('',#1191,#1200,#1033,.T.);
#886=EDGE_CURVE('',#1198,#1228,#1090,.T.);
#887=EDGE_CURVE('',#1208,#1226,#1091,.T.);
#888=EDGE_CURVE('',#1207,#1174,#1034,.T.);
#889=EDGE_CURVE('',#1207,#1204,#1092,.T.);
#890=EDGE_CURVE('',#1185,#1204,#1035,.T.);
#891=EDGE_CURVE('',#1221,#1205,#1093,.T.);
#892=EDGE_CURVE('',#1204,#1220,#1094,.T.);
#893=EDGE_CURVE('',#1221,#1200,#1095,.T.);
#894=EDGE_CURVE('',#1203,#1230,#1096,.T.);
#895=EDGE_CURVE('',#1230,#1229,#1036,.T.);
#896=EDGE_CURVE('',#1215,#1231,#1097,.T.);
#897=EDGE_CURVE('',#1230,#1213,#1098,.T.);
#898=EDGE_CURVE('',#1225,#1231,#1037,.T.);
#899=EDGE_CURVE('',#1231,#1210,#1099,.T.);
#900=EDGE_CURVE('',#1224,#1209,#1100,.T.);
#901=EDGE_CURVE('',#1207,#1220,#1101,.T.);
#902=EDGE_CURVE('',#1223,#1201,#1102,.T.);
#903=EDGE_CURVE('',#1215,#1210,#1103,.T.);
#904=EDGE_CURVE('',#1206,#1222,#1104,.T.);
#905=EDGE_CURVE('',#1218,#1216,#1038,.T.);
#906=EDGE_CURVE('',#1216,#1202,#1105,.T.);
#907=EDGE_CURVE('',#1213,#1203,#1106,.T.);
#908=EDGE_CURVE('',#1202,#1212,#1107,.T.);
#909=EDGE_CURVE('',#1214,#1211,#1108,.T.);
#910=EDGE_CURVE('',#1211,#1217,#1109,.T.);
#911=EDGE_CURVE('',#1217,#1219,#1039,.T.);
#912=EDGE_CURVE('',#1212,#1216,#1110,.T.);
#913=EDGE_CURVE('',#1214,#1217,#1111,.T.);
#914=B_SPLINE_CURVE_WITH_KNOTS('',1,(#1577,#1578),.UNSPECIFIED.,.F.,.F.,
(2,2),(0.,3.1),.UNSPECIFIED.);
#915=B_SPLINE_CURVE_WITH_KNOTS('',1,(#1582,#1583),.UNSPECIFIED.,.F.,.F.,
(2,2),(0.,3.1),.UNSPECIFIED.);
#916=B_SPLINE_CURVE_WITH_KNOTS('',1,(#1584,#1585),.UNSPECIFIED.,.F.,.F.,
(2,2),(0.,0.21),.UNSPECIFIED.);
#917=B_SPLINE_CURVE_WITH_KNOTS('',1,(#1586,#1587),.UNSPECIFIED.,.F.,.F.,
(2,2),(0.,3.1),.UNSPECIFIED.);
#918=B_SPLINE_CURVE_WITH_KNOTS('',1,(#1588,#1589),.UNSPECIFIED.,.F.,.F.,
(2,2),(0.,0.21),.UNSPECIFIED.);
#919=B_SPLINE_CURVE_WITH_KNOTS('',1,(#1593,#1594),.UNSPECIFIED.,.F.,.F.,
(2,2),(0.,3.1),.UNSPECIFIED.);
#920=B_SPLINE_CURVE_WITH_KNOTS('',1,(#1598,#1599),.UNSPECIFIED.,.F.,.F.,
(2,2),(0.,1.1),.UNSPECIFIED.);
#921=B_SPLINE_CURVE_WITH_KNOTS('',1,(#1600,#1601),.UNSPECIFIED.,.F.,.F.,
(2,2),(0.,3.1),.UNSPECIFIED.);
#922=B_SPLINE_CURVE_WITH_KNOTS('',1,(#1602,#1603),.UNSPECIFIED.,.F.,.F.,
(2,2),(0.,1.1),.UNSPECIFIED.);
#923=B_SPLINE_CURVE_WITH_KNOTS('',1,(#1607,#1608),.UNSPECIFIED.,.F.,.F.,
(2,2),(-3.1,0.),.UNSPECIFIED.);
#924=B_SPLINE_CURVE_WITH_KNOTS('',1,(#1612,#1613),.UNSPECIFIED.,.F.,.F.,
(2,2),(0.,0.61),.UNSPECIFIED.);
#925=B_SPLINE_CURVE_WITH_KNOTS('',1,(#1614,#1615),.UNSPECIFIED.,.F.,.F.,
(2,2),(0.,3.1),.UNSPECIFIED.);
#926=B_SPLINE_CURVE_WITH_KNOTS('',1,(#1616,#1617),.UNSPECIFIED.,.F.,.F.,
(2,2),(0.,0.61),.UNSPECIFIED.);
#927=B_SPLINE_CURVE_WITH_KNOTS('',1,(#1621,#1622),.UNSPECIFIED.,.F.,.F.,
(2,2),(-3.1,0.),.UNSPECIFIED.);
#928=B_SPLINE_CURVE_WITH_KNOTS('',1,(#1626,#1627),.UNSPECIFIED.,.F.,.F.,
(2,2),(0.,0.93),.UNSPECIFIED.);
#929=B_SPLINE_CURVE_WITH_KNOTS('',1,(#1628,#1629),.UNSPECIFIED.,.F.,.F.,
(2,2),(0.,3.1),.UNSPECIFIED.);
#930=B_SPLINE_CURVE_WITH_KNOTS('',1,(#1630,#1631),.UNSPECIFIED.,.F.,.F.,
(2,2),(0.,0.93),.UNSPECIFIED.);
#931=B_SPLINE_CURVE_WITH_KNOTS('',1,(#1632,#1633),.UNSPECIFIED.,.F.,.F.,
(2,2),(0.,0.27),.UNSPECIFIED.);
#932=B_SPLINE_CURVE_WITH_KNOTS('',1,(#1634,#1635),.UNSPECIFIED.,.F.,.F.,
(2,2),(0.,3.1),.UNSPECIFIED.);
#933=B_SPLINE_CURVE_WITH_KNOTS('',1,(#1636,#1637),.UNSPECIFIED.,.F.,.F.,
(2,2),(0.,0.27),.UNSPECIFIED.);
#934=B_SPLINE_CURVE_WITH_KNOTS('',1,(#1638,#1639),.UNSPECIFIED.,.F.,.F.,
(2,2),(0.,1.15),.UNSPECIFIED.);
#935=B_SPLINE_CURVE_WITH_KNOTS('',1,(#1640,#1641),.UNSPECIFIED.,.F.,.F.,
(2,2),(0.,3.1),.UNSPECIFIED.);
#936=B_SPLINE_CURVE_WITH_KNOTS('',1,(#1642,#1643),.UNSPECIFIED.,.F.,.F.,
(2,2),(0.,1.15),.UNSPECIFIED.);
#937=B_SPLINE_CURVE_WITH_KNOTS('',1,(#1647,#1648),.UNSPECIFIED.,.F.,.F.,
(2,2),(0.,3.1),.UNSPECIFIED.);
#938=B_SPLINE_CURVE_WITH_KNOTS('',1,(#1652,#1653),.UNSPECIFIED.,.F.,.F.,
(2,2),(0.,1.05),.UNSPECIFIED.);
#939=B_SPLINE_CURVE_WITH_KNOTS('',1,(#1654,#1655),.UNSPECIFIED.,.F.,.F.,
(2,2),(0.,3.1),.UNSPECIFIED.);
#940=B_SPLINE_CURVE_WITH_KNOTS('',1,(#1656,#1657),.UNSPECIFIED.,.F.,.F.,
(2,2),(0.,1.05),.UNSPECIFIED.);
#941=B_SPLINE_CURVE_WITH_KNOTS('',1,(#1661,#1662),.UNSPECIFIED.,.F.,.F.,
(2,2),(0.,3.1),.UNSPECIFIED.);
#942=B_SPLINE_CURVE_WITH_KNOTS('',1,(#1666,#1667),.UNSPECIFIED.,.F.,.F.,
(2,2),(0.,1.32),.UNSPECIFIED.);
#943=B_SPLINE_CURVE_WITH_KNOTS('',1,(#1668,#1669),.UNSPECIFIED.,.F.,.F.,
(2,2),(0.,1.32),.UNSPECIFIED.);
#944=B_SPLINE_CURVE_WITH_KNOTS('',1,(#1714,#1715),.UNSPECIFIED.,.F.,.F.,
(2,2),(0.,0.27),.UNSPECIFIED.);
#945=B_SPLINE_CURVE_WITH_KNOTS('',1,(#1716,#1717),.UNSPECIFIED.,.F.,.F.,
(2,2),(0.,3.1),.UNSPECIFIED.);
#946=B_SPLINE_CURVE_WITH_KNOTS('',1,(#1718,#1719),.UNSPECIFIED.,.F.,.F.,
(2,2),(0.,0.27),.UNSPECIFIED.);
#947=B_SPLINE_CURVE_WITH_KNOTS('',1,(#1720,#1721),.UNSPECIFIED.,.F.,.F.,
(2,2),(0.,3.1),.UNSPECIFIED.);
#948=B_SPLINE_CURVE_WITH_KNOTS('',1,(#1722,#1723),.UNSPECIFIED.,.F.,.F.,
(2,2),(0.,0.93),.UNSPECIFIED.);
#949=B_SPLINE_CURVE_WITH_KNOTS('',1,(#1724,#1725),.UNSPECIFIED.,.F.,.F.,
(2,2),(0.,3.1),.UNSPECIFIED.);
#950=B_SPLINE_CURVE_WITH_KNOTS('',1,(#1726,#1727),.UNSPECIFIED.,.F.,.F.,
(2,2),(0.,0.93),.UNSPECIFIED.);
#951=B_SPLINE_CURVE_WITH_KNOTS('',1,(#1731,#1732),.UNSPECIFIED.,.F.,.F.,
(2,2),(-3.1,0.),.UNSPECIFIED.);
#952=B_SPLINE_CURVE_WITH_KNOTS('',1,(#1736,#1737),.UNSPECIFIED.,.F.,.F.,
(2,2),(0.,0.61),.UNSPECIFIED.);
#953=B_SPLINE_CURVE_WITH_KNOTS('',1,(#1738,#1739),.UNSPECIFIED.,.F.,.F.,
(2,2),(0.,3.1),.UNSPECIFIED.);
#954=B_SPLINE_CURVE_WITH_KNOTS('',1,(#1740,#1741),.UNSPECIFIED.,.F.,.F.,
(2,2),(0.,0.61),.UNSPECIFIED.);
#955=B_SPLINE_CURVE_WITH_KNOTS('',1,(#1745,#1746),.UNSPECIFIED.,.F.,.F.,
(2,2),(-3.1,0.),.UNSPECIFIED.);
#956=B_SPLINE_CURVE_WITH_KNOTS('',1,(#1750,#1751),.UNSPECIFIED.,.F.,.F.,
(2,2),(0.,1.1),.UNSPECIFIED.);
#957=B_SPLINE_CURVE_WITH_KNOTS('',1,(#1752,#1753),.UNSPECIFIED.,.F.,.F.,
(2,2),(0.,3.1),.UNSPECIFIED.);
#958=B_SPLINE_CURVE_WITH_KNOTS('',1,(#1754,#1755),.UNSPECIFIED.,.F.,.F.,
(2,2),(0.,1.1),.UNSPECIFIED.);
#959=B_SPLINE_CURVE_WITH_KNOTS('',1,(#1759,#1760),.UNSPECIFIED.,.F.,.F.,
(2,2),(0.,3.1),.UNSPECIFIED.);
#960=B_SPLINE_CURVE_WITH_KNOTS('',1,(#1764,#1765),.UNSPECIFIED.,.F.,.F.,
(2,2),(0.,0.21),.UNSPECIFIED.);
#961=B_SPLINE_CURVE_WITH_KNOTS('',1,(#1766,#1767),.UNSPECIFIED.,.F.,.F.,
(2,2),(0.,3.1),.UNSPECIFIED.);
#962=B_SPLINE_CURVE_WITH_KNOTS('',1,(#1768,#1769),.UNSPECIFIED.,.F.,.F.,
(2,2),(0.,0.21),.UNSPECIFIED.);
#963=B_SPLINE_CURVE_WITH_KNOTS('',1,(#1773,#1774),.UNSPECIFIED.,.F.,.F.,
(2,2),(0.,3.1),.UNSPECIFIED.);
#964=B_SPLINE_CURVE_WITH_KNOTS('',1,(#1778,#1779),.UNSPECIFIED.,.F.,.F.,
(2,2),(0.,1.32),.UNSPECIFIED.);
#965=B_SPLINE_CURVE_WITH_KNOTS('',1,(#1780,#1781),.UNSPECIFIED.,.F.,.F.,
(2,2),(0.,3.1),.UNSPECIFIED.);
#966=B_SPLINE_CURVE_WITH_KNOTS('',1,(#1782,#1783),.UNSPECIFIED.,.F.,.F.,
(2,2),(0.,1.32),.UNSPECIFIED.);
#967=B_SPLINE_CURVE_WITH_KNOTS('',1,(#1787,#1788),.UNSPECIFIED.,.F.,.F.,
(2,2),(0.,3.1),.UNSPECIFIED.);
#968=B_SPLINE_CURVE_WITH_KNOTS('',1,(#1792,#1793),.UNSPECIFIED.,.F.,.F.,
(2,2),(0.,1.05),.UNSPECIFIED.);
#969=B_SPLINE_CURVE_WITH_KNOTS('',1,(#1794,#1795),.UNSPECIFIED.,.F.,.F.,
(2,2),(0.,3.1),.UNSPECIFIED.);
#970=B_SPLINE_CURVE_WITH_KNOTS('',1,(#1796,#1797),.UNSPECIFIED.,.F.,.F.,
(2,2),(0.,1.05),.UNSPECIFIED.);
#971=B_SPLINE_CURVE_WITH_KNOTS('',1,(#1801,#1802),.UNSPECIFIED.,.F.,.F.,
(2,2),(0.,3.1),.UNSPECIFIED.);
#972=B_SPLINE_CURVE_WITH_KNOTS('',1,(#1806,#1807),.UNSPECIFIED.,.F.,.F.,
(2,2),(0.,1.15),.UNSPECIFIED.);
#973=B_SPLINE_CURVE_WITH_KNOTS('',1,(#1808,#1809),.UNSPECIFIED.,.F.,.F.,
(2,2),(0.,1.15),.UNSPECIFIED.);
#974=B_SPLINE_CURVE_WITH_KNOTS('',1,(#2457,#2458),.UNSPECIFIED.,.F.,.F.,
(2,2),(0.,5.71142847817661),.UNSPECIFIED.);
#975=B_SPLINE_CURVE_WITH_KNOTS('',1,(#2459,#2460),.UNSPECIFIED.,.F.,.F.,
(2,2),(0.,0.000218912787025349),.UNSPECIFIED.);
#976=B_SPLINE_CURVE_WITH_KNOTS('',1,(#2461,#2462),.UNSPECIFIED.,.F.,.F.,
(2,2),(0.,5.98045663622899),.UNSPECIFIED.);
#977=B_SPLINE_CURVE_WITH_KNOTS('',1,(#2463,#2464),.UNSPECIFIED.,.F.,.F.,
(2,2),(0.,0.000218912787025349),.UNSPECIFIED.);
#978=B_SPLINE_CURVE_WITH_KNOTS('',1,(#2465,#2466),.UNSPECIFIED.,.F.,.F.,
(2,2),(0.,0.000218912787024905),.UNSPECIFIED.);
#979=B_SPLINE_CURVE_WITH_KNOTS('',1,(#2467,#2468),.UNSPECIFIED.,.F.,.F.,
(2,2),(0.,6.61142847817661),.UNSPECIFIED.);
#980=B_SPLINE_CURVE_WITH_KNOTS('',1,(#2469,#2470),.UNSPECIFIED.,.F.,.F.,
(2,2),(0.,0.000218912787024905),.UNSPECIFIED.);
#981=B_SPLINE_CURVE_WITH_KNOTS('',1,(#2471,#2472),.UNSPECIFIED.,.F.,.F.,
(2,2),(0.,6.88045663622899),.UNSPECIFIED.);
#982=B_SPLINE_CURVE_WITH_KNOTS('',1,(#2473,#2474),.UNSPECIFIED.,.F.,.F.,
(2,2),(0.,0.000218912787025349),.UNSPECIFIED.);
#983=B_SPLINE_CURVE_WITH_KNOTS('',1,(#2475,#2476),.UNSPECIFIED.,.F.,.F.,
(2,2),(0.,5.71142847817661),.UNSPECIFIED.);
#984=B_SPLINE_CURVE_WITH_KNOTS('',1,(#2477,#2478),.UNSPECIFIED.,.F.,.F.,
(2,2),(0.,0.000218912787024461),.UNSPECIFIED.);
#985=B_SPLINE_CURVE_WITH_KNOTS('',1,(#2479,#2480),.UNSPECIFIED.,.F.,.F.,
(2,2),(0.,5.98045663622899),.UNSPECIFIED.);
#986=B_SPLINE_CURVE_WITH_KNOTS('',1,(#2481,#2482),.UNSPECIFIED.,.F.,.F.,
(2,2),(0.,0.000218912787025349),.UNSPECIFIED.);
#987=B_SPLINE_CURVE_WITH_KNOTS('',1,(#2483,#2484),.UNSPECIFIED.,.F.,.F.,
(2,2),(0.,6.61142847817661),.UNSPECIFIED.);
#988=B_SPLINE_CURVE_WITH_KNOTS('',1,(#2485,#2486),.UNSPECIFIED.,.F.,.F.,
(2,2),(0.,0.000218912787025349),.UNSPECIFIED.);
#989=B_SPLINE_CURVE_WITH_KNOTS('',1,(#2487,#2488),.UNSPECIFIED.,.F.,.F.,
(2,2),(0.,6.88045663622899),.UNSPECIFIED.);
#990=B_SPLINE_CURVE_WITH_KNOTS('',1,(#2489,#2490),.UNSPECIFIED.,.F.,.F.,
(2,2),(0.,5.7114284781766),.UNSPECIFIED.);
#991=B_SPLINE_CURVE_WITH_KNOTS('',1,(#2491,#2492),.UNSPECIFIED.,.F.,.F.,
(2,2),(0.,6.61142847817661),.UNSPECIFIED.);
#992=B_SPLINE_CURVE_WITH_KNOTS('',1,(#2493,#2494),.UNSPECIFIED.,.F.,.F.,
(2,2),(0.,5.7114284781766),.UNSPECIFIED.);
#993=B_SPLINE_CURVE_WITH_KNOTS('',1,(#2495,#2496),.UNSPECIFIED.,.F.,.F.,
(2,2),(0.,6.61142847817661),.UNSPECIFIED.);
#994=B_SPLINE_CURVE_WITH_KNOTS('',1,(#2497,#2498),.UNSPECIFIED.,.F.,.F.,
(2,2),(0.,5.80631406571347),.UNSPECIFIED.);
#995=B_SPLINE_CURVE_WITH_KNOTS('',1,(#2499,#2500),.UNSPECIFIED.,.F.,.F.,
(2,2),(0.,1.21315703285673),.UNSPECIFIED.);
#996=B_SPLINE_CURVE_WITH_KNOTS('',1,(#2501,#2502),.UNSPECIFIED.,.F.,.F.,
(2,2),(0.,1.21315703285673),.UNSPECIFIED.);
#997=B_SPLINE_CURVE_WITH_KNOTS('',1,(#2503,#2504),.UNSPECIFIED.,.F.,.F.,
(2,2),(0.,0.200763967508669),.UNSPECIFIED.);
#998=B_SPLINE_CURVE_WITH_KNOTS('',1,(#2505,#2506),.UNSPECIFIED.,.F.,.F.,
(2,2),(0.,4.28),.UNSPECIFIED.);
#999=B_SPLINE_CURVE_WITH_KNOTS('',1,(#2507,#2508),.UNSPECIFIED.,.F.,.F.,
(2,2),(0.,0.200763967508669),.UNSPECIFIED.);
#1000=B_SPLINE_CURVE_WITH_KNOTS('',1,(#2509,#2510),.UNSPECIFIED.,.F.,.F.,
(2,2),(0.,5.80631406571347),.UNSPECIFIED.);
#1001=B_SPLINE_CURVE_WITH_KNOTS('',1,(#2511,#2512),.UNSPECIFIED.,.F.,.F.,
(2,2),(0.,1.21315703285674),.UNSPECIFIED.);
#1002=B_SPLINE_CURVE_WITH_KNOTS('',1,(#2513,#2514),.UNSPECIFIED.,.F.,.F.,
(2,2),(0.,1.21315703285673),.UNSPECIFIED.);
#1003=B_SPLINE_CURVE_WITH_KNOTS('',1,(#2515,#2516),.UNSPECIFIED.,.F.,.F.,
(2,2),(0.,0.200763967508669),.UNSPECIFIED.);
#1004=B_SPLINE_CURVE_WITH_KNOTS('',1,(#2517,#2518),.UNSPECIFIED.,.F.,.F.,
(2,2),(0.,4.28),.UNSPECIFIED.);
#1005=B_SPLINE_CURVE_WITH_KNOTS('',1,(#2519,#2520),.UNSPECIFIED.,.F.,.F.,
(2,2),(0.,0.200763967508669),.UNSPECIFIED.);
#1006=B_SPLINE_CURVE_WITH_KNOTS('',1,(#2521,#2522),.UNSPECIFIED.,.F.,.F.,
(2,2),(-4.28,0.),.UNSPECIFIED.);
#1007=B_SPLINE_CURVE_WITH_KNOTS('',1,(#2523,#2524),.UNSPECIFIED.,.F.,.F.,
(2,2),(-5.7713186003031,0.),.UNSPECIFIED.);
#1008=B_SPLINE_CURVE_WITH_KNOTS('',1,(#2525,#2526),.UNSPECIFIED.,.F.,.F.,
(2,2),(-4.28,0.),.UNSPECIFIED.);
#1009=B_SPLINE_CURVE_WITH_KNOTS('',1,(#2527,#2528),.UNSPECIFIED.,.F.,.F.,
(2,2),(-5.7713186003031,0.),.UNSPECIFIED.);
#1010=B_SPLINE_CURVE_WITH_KNOTS('',1,(#2529,#2530),.UNSPECIFIED.,.F.,.F.,
(2,2),(-5.7713186003031,0.),.UNSPECIFIED.);
#1011=B_SPLINE_CURVE_WITH_KNOTS('',1,(#2531,#2532),.UNSPECIFIED.,.F.,.F.,
(2,2),(-5.79581542609036,0.),.UNSPECIFIED.);
#1012=B_SPLINE_CURVE_WITH_KNOTS('',1,(#2533,#2534),.UNSPECIFIED.,.F.,.F.,
(2,2),(-5.80631406571347,0.),.UNSPECIFIED.);
#1013=B_SPLINE_CURVE_WITH_KNOTS('',1,(#2535,#2536),.UNSPECIFIED.,.F.,.F.,
(2,2),(-1.15338535097123,0.),.UNSPECIFIED.);
#1014=B_SPLINE_CURVE_WITH_KNOTS('',1,(#2545,#2546),.UNSPECIFIED.,.F.,.F.,
(2,2),(-1.15338535097123,0.),.UNSPECIFIED.);
#1015=B_SPLINE_CURVE_WITH_KNOTS('',1,(#2551,#2552),.UNSPECIFIED.,.F.,.F.,
(2,2),(-1.15338535097123,0.),.UNSPECIFIED.);
#1016=B_SPLINE_CURVE_WITH_KNOTS('',1,(#2553,#2554),.UNSPECIFIED.,.F.,.F.,
(2,2),(-5.80631406571347,0.),.UNSPECIFIED.);
#1017=B_SPLINE_CURVE_WITH_KNOTS('',1,(#2555,#2556),.UNSPECIFIED.,.F.,.F.,
(2,2),(-1.15338535097123,0.),.UNSPECIFIED.);
#1018=B_SPLINE_CURVE_WITH_KNOTS('',1,(#2561,#2562),.UNSPECIFIED.,.F.,.F.,
(2,2),(-5.79581542609036,0.),.UNSPECIFIED.);
#1019=B_SPLINE_CURVE_WITH_KNOTS('',1,(#2563,#2564),.UNSPECIFIED.,.F.,.F.,
(2,2),(-5.7713186003031,0.),.UNSPECIFIED.);
#1020=B_SPLINE_CURVE_WITH_KNOTS('',1,(#2580,#2581),.UNSPECIFIED.,.F.,.F.,
(2,2),(-1.11373243464307,0.),.UNSPECIFIED.);
#1021=B_SPLINE_CURVE_WITH_KNOTS('',1,(#2586,#2587),.UNSPECIFIED.,.F.,.F.,
(2,2),(-1.11373243464307,0.),.UNSPECIFIED.);
#1022=B_SPLINE_CURVE_WITH_KNOTS('',1,(#2591,#2592),.UNSPECIFIED.,.F.,.F.,
(2,2),(-1.11373243464307,0.),.UNSPECIFIED.);
#1023=B_SPLINE_CURVE_WITH_KNOTS('',1,(#2597,#2598),.UNSPECIFIED.,.F.,.F.,
(2,2),(-1.11373243464307,0.),.UNSPECIFIED.);
#1024=B_SPLINE_CURVE_WITH_KNOTS('',1,(#2611,#2612),.UNSPECIFIED.,.F.,.F.,
(2,2),(-1.00281816183986,0.),.UNSPECIFIED.);
#1025=B_SPLINE_CURVE_WITH_KNOTS('',1,(#2616,#2617),.UNSPECIFIED.,.F.,.F.,
(2,2),(-1.00281816183986,0.),.UNSPECIFIED.);
#1026=B_SPLINE_CURVE_WITH_KNOTS('',1,(#2624,#2625),.UNSPECIFIED.,.F.,.F.,
(2,2),(-1.00281816183986,0.),.UNSPECIFIED.);
#1027=B_SPLINE_CURVE_WITH_KNOTS('',1,(#2629,#2630),.UNSPECIFIED.,.F.,.F.,
(2,2),(-1.00281816183986,0.),.UNSPECIFIED.);
#1028=B_SPLINE_CURVE_WITH_KNOTS('',1,(#2634,#2635),.UNSPECIFIED.,.F.,.F.,
(2,2),(-1.11373243464307,0.),.UNSPECIFIED.);
#1029=B_SPLINE_CURVE_WITH_KNOTS('',1,(#2640,#2641),.UNSPECIFIED.,.F.,.F.,
(2,2),(-1.11373243464307,0.),.UNSPECIFIED.);
#1030=B_SPLINE_CURVE_WITH_KNOTS('',1,(#2648,#2649),.UNSPECIFIED.,.F.,.F.,
(2,2),(-1.11373243464307,0.),.UNSPECIFIED.);
#1031=B_SPLINE_CURVE_WITH_KNOTS('',1,(#2654,#2655),.UNSPECIFIED.,.F.,.F.,
(2,2),(-1.11373243464307,0.),.UNSPECIFIED.);
#1032=B_SPLINE_CURVE_WITH_KNOTS('',1,(#2656,#2657),.UNSPECIFIED.,.F.,.F.,
(2,2),(-1.00281816183986,0.),.UNSPECIFIED.);
#1033=B_SPLINE_CURVE_WITH_KNOTS('',1,(#2661,#2662),.UNSPECIFIED.,.F.,.F.,
(2,2),(-1.00281816183986,0.),.UNSPECIFIED.);
#1034=B_SPLINE_CURVE_WITH_KNOTS('',1,(#2670,#2671),.UNSPECIFIED.,.F.,.F.,
(2,2),(-1.00281816183986,0.),.UNSPECIFIED.);
#1035=B_SPLINE_CURVE_WITH_KNOTS('',1,(#2675,#2676),.UNSPECIFIED.,.F.,.F.,
(2,2),(-1.00281816183986,0.),.UNSPECIFIED.);
#1036=B_SPLINE_CURVE_WITH_KNOTS('',1,(#2689,#2690),.UNSPECIFIED.,.F.,.F.,
(2,2),(0.,0.140534777256068),.UNSPECIFIED.);
#1037=B_SPLINE_CURVE_WITH_KNOTS('',1,(#2697,#2698),.UNSPECIFIED.,.F.,.F.,
(2,2),(0.,0.140534777256068),.UNSPECIFIED.);
#1038=B_SPLINE_CURVE_WITH_KNOTS('',1,(#2720,#2721),.UNSPECIFIED.,.F.,.F.,
(2,2),(0.,0.140534777256069),.UNSPECIFIED.);
#1039=B_SPLINE_CURVE_WITH_KNOTS('',1,(#2737,#2738),.UNSPECIFIED.,.F.,.F.,
(2,2),(0.,0.140534777256069),.UNSPECIFIED.);
#1040=(
BOUNDED_CURVE()
B_SPLINE_CURVE(2,(#1574,#1575,#1576),.UNSPECIFIED.,.F.,.F.)
B_SPLINE_CURVE_WITH_KNOTS((3,3),(0.,0.047123889803847),.UNSPECIFIED.)
CURVE()
GEOMETRIC_REPRESENTATION_ITEM()
RATIONAL_B_SPLINE_CURVE((1.,0.707106781186548,1.))
REPRESENTATION_ITEM('')
);
#1041=(
BOUNDED_CURVE()
B_SPLINE_CURVE(2,(#1579,#1580,#1581),.UNSPECIFIED.,.F.,.F.)
B_SPLINE_CURVE_WITH_KNOTS((3,3),(0.,0.047123889803847),.UNSPECIFIED.)
CURVE()
GEOMETRIC_REPRESENTATION_ITEM()
RATIONAL_B_SPLINE_CURVE((1.,0.707106781186548,1.))
REPRESENTATION_ITEM('')
);
#1042=(
BOUNDED_CURVE()
B_SPLINE_CURVE(2,(#1590,#1591,#1592),.UNSPECIFIED.,.F.,.F.)
B_SPLINE_CURVE_WITH_KNOTS((3,3),(0.,0.0471238898038466),.UNSPECIFIED.)
CURVE()
GEOMETRIC_REPRESENTATION_ITEM()
RATIONAL_B_SPLINE_CURVE((1.,0.707106781186548,1.))
REPRESENTATION_ITEM('')
);
#1043=(
BOUNDED_CURVE()
B_SPLINE_CURVE(2,(#1595,#1596,#1597),.UNSPECIFIED.,.F.,.F.)
B_SPLINE_CURVE_WITH_KNOTS((3,3),(0.,0.0471238898038466),.UNSPECIFIED.)
CURVE()
GEOMETRIC_REPRESENTATION_ITEM()
RATIONAL_B_SPLINE_CURVE((1.,0.707106781186548,1.))
REPRESENTATION_ITEM('')
);
#1044=(
BOUNDED_CURVE()
B_SPLINE_CURVE(2,(#1604,#1605,#1606),.UNSPECIFIED.,.F.,.F.)
B_SPLINE_CURVE_WITH_KNOTS((3,3),(-0.15707963267949,0.),.UNSPECIFIED.)
CURVE()
GEOMETRIC_REPRESENTATION_ITEM()
RATIONAL_B_SPLINE_CURVE((1.,0.707106781186548,1.))
REPRESENTATION_ITEM('')
);
#1045=(
BOUNDED_CURVE()
B_SPLINE_CURVE(2,(#1609,#1610,#1611),.UNSPECIFIED.,.F.,.F.)
B_SPLINE_CURVE_WITH_KNOTS((3,3),(-0.15707963267949,0.),.UNSPECIFIED.)
CURVE()
GEOMETRIC_REPRESENTATION_ITEM()
RATIONAL_B_SPLINE_CURVE((1.,0.707106781186548,1.))
REPRESENTATION_ITEM('')
);
#1046=(
BOUNDED_CURVE()
B_SPLINE_CURVE(2,(#1618,#1619,#1620),.UNSPECIFIED.,.F.,.F.)
B_SPLINE_CURVE_WITH_KNOTS((3,3),(-0.15707963267949,0.),.UNSPECIFIED.)
CURVE()
GEOMETRIC_REPRESENTATION_ITEM()
RATIONAL_B_SPLINE_CURVE((1.,0.707106781186551,1.))
REPRESENTATION_ITEM('')
);
#1047=(
BOUNDED_CURVE()
B_SPLINE_CURVE(2,(#1623,#1624,#1625),.UNSPECIFIED.,.F.,.F.)
B_SPLINE_CURVE_WITH_KNOTS((3,3),(-0.15707963267949,0.),.UNSPECIFIED.)
CURVE()
GEOMETRIC_REPRESENTATION_ITEM()
RATIONAL_B_SPLINE_CURVE((1.,0.707106781186551,1.))
REPRESENTATION_ITEM('')
);
#1048=(
BOUNDED_CURVE()
B_SPLINE_CURVE(2,(#1644,#1645,#1646),.UNSPECIFIED.,.F.,.F.)
B_SPLINE_CURVE_WITH_KNOTS((3,3),(0.,0.235619449019234),.UNSPECIFIED.)
CURVE()
GEOMETRIC_REPRESENTATION_ITEM()
RATIONAL_B_SPLINE_CURVE((1.,0.707106781186548,1.))
REPRESENTATION_ITEM('')
);
#1049=(
BOUNDED_CURVE()
B_SPLINE_CURVE(2,(#1649,#1650,#1651),.UNSPECIFIED.,.F.,.F.)
B_SPLINE_CURVE_WITH_KNOTS((3,3),(0.,0.235619449019234),.UNSPECIFIED.)
CURVE()
GEOMETRIC_REPRESENTATION_ITEM()
RATIONAL_B_SPLINE_CURVE((1.,0.707106781186548,1.))
REPRESENTATION_ITEM('')
);
#1050=(
BOUNDED_CURVE()
B_SPLINE_CURVE(2,(#1658,#1659,#1660),.UNSPECIFIED.,.F.,.F.)
B_SPLINE_CURVE_WITH_KNOTS((3,3),(0.,0.235619449019234),.UNSPECIFIED.)
CURVE()
GEOMETRIC_REPRESENTATION_ITEM()
RATIONAL_B_SPLINE_CURVE((1.,0.707106781186548,1.))
REPRESENTATION_ITEM('')
);
#1051=(
BOUNDED_CURVE()
B_SPLINE_CURVE(2,(#1663,#1664,#1665),.UNSPECIFIED.,.F.,.F.)
B_SPLINE_CURVE_WITH_KNOTS((3,3),(0.,0.235619449019234),.UNSPECIFIED.)
CURVE()
GEOMETRIC_REPRESENTATION_ITEM()
RATIONAL_B_SPLINE_CURVE((1.,0.707106781186548,1.))
REPRESENTATION_ITEM('')
);
#1052=(
BOUNDED_CURVE()
B_SPLINE_CURVE(2,(#1728,#1729,#1730),.UNSPECIFIED.,.F.,.F.)
B_SPLINE_CURVE_WITH_KNOTS((3,3),(-0.15707963267949,0.),.UNSPECIFIED.)
CURVE()
GEOMETRIC_REPRESENTATION_ITEM()
RATIONAL_B_SPLINE_CURVE((1.,0.707106781186549,1.))
REPRESENTATION_ITEM('')
);
#1053=(
BOUNDED_CURVE()
B_SPLINE_CURVE(2,(#1733,#1734,#1735),.UNSPECIFIED.,.F.,.F.)
B_SPLINE_CURVE_WITH_KNOTS((3,3),(-0.15707963267949,0.),.UNSPECIFIED.)
CURVE()
GEOMETRIC_REPRESENTATION_ITEM()
RATIONAL_B_SPLINE_CURVE((1.,0.707106781186549,1.))
REPRESENTATION_ITEM('')
);
#1054=(
BOUNDED_CURVE()
B_SPLINE_CURVE(2,(#1742,#1743,#1744),.UNSPECIFIED.,.F.,.F.)
B_SPLINE_CURVE_WITH_KNOTS((3,3),(-0.15707963267949,0.),.UNSPECIFIED.)
CURVE()
GEOMETRIC_REPRESENTATION_ITEM()
RATIONAL_B_SPLINE_CURVE((1.,0.707106781186551,1.))
REPRESENTATION_ITEM('')
);
#1055=(
BOUNDED_CURVE()
B_SPLINE_CURVE(2,(#1747,#1748,#1749),.UNSPECIFIED.,.F.,.F.)
B_SPLINE_CURVE_WITH_KNOTS((3,3),(-0.15707963267949,0.),.UNSPECIFIED.)
CURVE()
GEOMETRIC_REPRESENTATION_ITEM()
RATIONAL_B_SPLINE_CURVE((1.,0.707106781186551,1.))
REPRESENTATION_ITEM('')
);
#1056=(
BOUNDED_CURVE()
B_SPLINE_CURVE(2,(#1756,#1757,#1758),.UNSPECIFIED.,.F.,.F.)
B_SPLINE_CURVE_WITH_KNOTS((3,3),(0.,0.0471238898038466),.UNSPECIFIED.)
CURVE()
GEOMETRIC_REPRESENTATION_ITEM()
RATIONAL_B_SPLINE_CURVE((1.,0.707106781186548,1.))
REPRESENTATION_ITEM('')
);
#1057=(
BOUNDED_CURVE()
B_SPLINE_CURVE(2,(#1761,#1762,#1763),.UNSPECIFIED.,.F.,.F.)
B_SPLINE_CURVE_WITH_KNOTS((3,3),(0.,0.0471238898038466),.UNSPECIFIED.)
CURVE()
GEOMETRIC_REPRESENTATION_ITEM()
RATIONAL_B_SPLINE_CURVE((1.,0.707106781186548,1.))
REPRESENTATION_ITEM('')
);
#1058=(
BOUNDED_CURVE()
B_SPLINE_CURVE(2,(#1770,#1771,#1772),.UNSPECIFIED.,.F.,.F.)
B_SPLINE_CURVE_WITH_KNOTS((3,3),(0.,0.0471238898038473),.UNSPECIFIED.)
CURVE()
GEOMETRIC_REPRESENTATION_ITEM()
RATIONAL_B_SPLINE_CURVE((1.,0.707106781186548,1.))
REPRESENTATION_ITEM('')
);
#1059=(
BOUNDED_CURVE()
B_SPLINE_CURVE(2,(#1775,#1776,#1777),.UNSPECIFIED.,.F.,.F.)
B_SPLINE_CURVE_WITH_KNOTS((3,3),(0.,0.0471238898038473),.UNSPECIFIED.)
CURVE()
GEOMETRIC_REPRESENTATION_ITEM()
RATIONAL_B_SPLINE_CURVE((1.,0.707106781186548,1.))
REPRESENTATION_ITEM('')
);
#1060=(
BOUNDED_CURVE()
B_SPLINE_CURVE(2,(#1784,#1785,#1786),.UNSPECIFIED.,.F.,.F.)
B_SPLINE_CURVE_WITH_KNOTS((3,3),(0.,0.235619449019234),.UNSPECIFIED.)
CURVE()
GEOMETRIC_REPRESENTATION_ITEM()
RATIONAL_B_SPLINE_CURVE((1.,0.707106781186548,1.))
REPRESENTATION_ITEM('')
);
#1061=(
BOUNDED_CURVE()
B_SPLINE_CURVE(2,(#1789,#1790,#1791),.UNSPECIFIED.,.F.,.F.)
B_SPLINE_CURVE_WITH_KNOTS((3,3),(0.,0.235619449019234),.UNSPECIFIED.)
CURVE()
GEOMETRIC_REPRESENTATION_ITEM()
RATIONAL_B_SPLINE_CURVE((1.,0.707106781186548,1.))
REPRESENTATION_ITEM('')
);
#1062=(
BOUNDED_CURVE()
B_SPLINE_CURVE(2,(#1798,#1799,#1800),.UNSPECIFIED.,.F.,.F.)
B_SPLINE_CURVE_WITH_KNOTS((3,3),(0.,0.235619449019234),.UNSPECIFIED.)
CURVE()
GEOMETRIC_REPRESENTATION_ITEM()
RATIONAL_B_SPLINE_CURVE((1.,0.707106781186548,1.))
REPRESENTATION_ITEM('')
);
#1063=(
BOUNDED_CURVE()
B_SPLINE_CURVE(2,(#1803,#1804,#1805),.UNSPECIFIED.,.F.,.F.)
B_SPLINE_CURVE_WITH_KNOTS((3,3),(0.,0.235619449019234),.UNSPECIFIED.)
CURVE()
GEOMETRIC_REPRESENTATION_ITEM()
RATIONAL_B_SPLINE_CURVE((1.,0.707106781186548,1.))
REPRESENTATION_ITEM('')
);
#1064=(
BOUNDED_CURVE()
B_SPLINE_CURVE(3,(#2537,#2538,#2539,#2540),.UNSPECIFIED.,.F.,.F.)
B_SPLINE_CURVE_WITH_KNOTS((4,4),(-0.00525759361604628,0.),.UNSPECIFIED.)
CURVE()
GEOMETRIC_REPRESENTATION_ITEM()
RATIONAL_B_SPLINE_CURVE((1.,0.999365481054572,0.999365481054572,1.))
REPRESENTATION_ITEM('')
);
#1065=(
BOUNDED_CURVE()
B_SPLINE_CURVE(3,(#2541,#2542,#2543,#2544),.UNSPECIFIED.,.F.,.F.)
B_SPLINE_CURVE_WITH_KNOTS((4,4),(-0.00525759361604936,0.),.UNSPECIFIED.)
CURVE()
GEOMETRIC_REPRESENTATION_ITEM()
RATIONAL_B_SPLINE_CURVE((1.,0.999365481054572,0.999365481054572,1.))
REPRESENTATION_ITEM('')
);
#1066=(
BOUNDED_CURVE()
B_SPLINE_CURVE(3,(#2547,#2548,#2549,#2550),.UNSPECIFIED.,.F.,.F.)
B_SPLINE_CURVE_WITH_KNOTS((4,4),(-0.00525759361604802,0.),.UNSPECIFIED.)
CURVE()
GEOMETRIC_REPRESENTATION_ITEM()
RATIONAL_B_SPLINE_CURVE((1.,0.999365481054572,0.999365481054572,1.))
REPRESENTATION_ITEM('')
);
#1067=(
BOUNDED_CURVE()
B_SPLINE_CURVE(3,(#2557,#2558,#2559,#2560),.UNSPECIFIED.,.F.,.F.)
B_SPLINE_CURVE_WITH_KNOTS((4,4),(-0.00525759361604888,0.),.UNSPECIFIED.)
CURVE()
GEOMETRIC_REPRESENTATION_ITEM()
RATIONAL_B_SPLINE_CURVE((1.,0.999365481054572,0.999365481054572,1.))
REPRESENTATION_ITEM('')
);
#1068=(
BOUNDED_CURVE()
B_SPLINE_CURVE(2,(#2565,#2566,#2567),.UNSPECIFIED.,.F.,.F.)
B_SPLINE_CURVE_WITH_KNOTS((3,3),(0.,0.0869173967493174),.UNSPECIFIED.)
CURVE()
GEOMETRIC_REPRESENTATION_ITEM()
RATIONAL_B_SPLINE_CURVE((1.,0.748955720789003,1.))
REPRESENTATION_ITEM('')
);
#1069=(
BOUNDED_CURVE()
B_SPLINE_CURVE(2,(#2568,#2569,#2570),.UNSPECIFIED.,.F.,.F.)
B_SPLINE_CURVE_WITH_KNOTS((3,3),(0.,0.0869173967493178),.UNSPECIFIED.)
CURVE()
GEOMETRIC_REPRESENTATION_ITEM()
RATIONAL_B_SPLINE_CURVE((1.,0.748955720789,1.))
REPRESENTATION_ITEM('')
);
#1070=(
BOUNDED_CURVE()
B_SPLINE_CURVE(2,(#2571,#2572,#2573),.UNSPECIFIED.,.F.,.F.)
B_SPLINE_CURVE_WITH_KNOTS((3,3),(0.122173047639605,1.5707963267949),
 .UNSPECIFIED.)
CURVE()
GEOMETRIC_REPRESENTATION_ITEM()
RATIONAL_B_SPLINE_CURVE((1.,0.748955720789,1.))
REPRESENTATION_ITEM('')
);
#1071=(
BOUNDED_CURVE()
B_SPLINE_CURVE(2,(#2574,#2575,#2576),.UNSPECIFIED.,.F.,.F.)
B_SPLINE_CURVE_WITH_KNOTS((3,3),(0.,0.0869173967493175),.UNSPECIFIED.)
CURVE()
GEOMETRIC_REPRESENTATION_ITEM()
RATIONAL_B_SPLINE_CURVE((1.,0.748955720788998,1.))
REPRESENTATION_ITEM('')
);
#1072=(
BOUNDED_CURVE()
B_SPLINE_CURVE(2,(#2577,#2578,#2579),.UNSPECIFIED.,.F.,.F.)
B_SPLINE_CURVE_WITH_KNOTS((3,3),(-0.0933566186309912,0.),.UNSPECIFIED.)
CURVE()
GEOMETRIC_REPRESENTATION_ITEM()
RATIONAL_B_SPLINE_CURVE((1.,0.712338450759891,1.))
REPRESENTATION_ITEM('')
);
#1073=(
BOUNDED_CURVE()
B_SPLINE_CURVE(3,(#2582,#2583,#2584,#2585),.UNSPECIFIED.,.F.,.F.)
B_SPLINE_CURVE_WITH_KNOTS((4,4),(0.,0.104580198593787),.UNSPECIFIED.)
CURVE()
GEOMETRIC_REPRESENTATION_ITEM()
RATIONAL_B_SPLINE_CURVE((1.,0.808227173302695,0.808227173302695,1.))
REPRESENTATION_ITEM('')
);
#1074=(
BOUNDED_CURVE()
B_SPLINE_CURVE(2,(#2588,#2589,#2590),.UNSPECIFIED.,.F.,.F.)
B_SPLINE_CURVE_WITH_KNOTS((3,3),(-0.0933566186309912,0.),.UNSPECIFIED.)
CURVE()
GEOMETRIC_REPRESENTATION_ITEM()
RATIONAL_B_SPLINE_CURVE((1.,0.712338450759891,1.))
REPRESENTATION_ITEM('')
);
#1075=(
BOUNDED_CURVE()
B_SPLINE_CURVE(3,(#2593,#2594,#2595,#2596),.UNSPECIFIED.,.F.,.F.)
B_SPLINE_CURVE_WITH_KNOTS((4,4),(0.,0.104580198593785),.UNSPECIFIED.)
CURVE()
GEOMETRIC_REPRESENTATION_ITEM()
RATIONAL_B_SPLINE_CURVE((1.,0.808227173302696,0.808227173302696,1.))
REPRESENTATION_ITEM('')
);
#1076=(
BOUNDED_CURVE()
B_SPLINE_CURVE(2,(#2599,#2600,#2601),.UNSPECIFIED.,.F.,.F.)
B_SPLINE_CURVE_WITH_KNOTS((3,3),(0.,0.0869173967493177),.UNSPECIFIED.)
CURVE()
GEOMETRIC_REPRESENTATION_ITEM()
RATIONAL_B_SPLINE_CURVE((1.,0.748955720788995,1.))
REPRESENTATION_ITEM('')
);
#1077=(
BOUNDED_CURVE()
B_SPLINE_CURVE(2,(#2602,#2603,#2604),.UNSPECIFIED.,.F.,.F.)
B_SPLINE_CURVE_WITH_KNOTS((3,3),(0.,0.0869173967493178),.UNSPECIFIED.)
CURVE()
GEOMETRIC_REPRESENTATION_ITEM()
RATIONAL_B_SPLINE_CURVE((1.,0.748955720789,1.))
REPRESENTATION_ITEM('')
);
#1078=(
BOUNDED_CURVE()
B_SPLINE_CURVE(2,(#2605,#2606,#2607),.UNSPECIFIED.,.F.,.F.)
B_SPLINE_CURVE_WITH_KNOTS((3,3),(0.,0.0869173967493172),.UNSPECIFIED.)
CURVE()
GEOMETRIC_REPRESENTATION_ITEM()
RATIONAL_B_SPLINE_CURVE((1.,0.748955720788999,1.))
REPRESENTATION_ITEM('')
);
#1079=(
BOUNDED_CURVE()
B_SPLINE_CURVE(2,(#2608,#2609,#2610),.UNSPECIFIED.,.F.,.F.)
B_SPLINE_CURVE_WITH_KNOTS((3,3),(0.122173047639605,1.5707963267949),
 .UNSPECIFIED.)
CURVE()
GEOMETRIC_REPRESENTATION_ITEM()
RATIONAL_B_SPLINE_CURVE((1.,0.748955720789,1.))
REPRESENTATION_ITEM('')
);
#1080=(
BOUNDED_CURVE()
B_SPLINE_CURVE(2,(#2613,#2614,#2615),.UNSPECIFIED.,.F.,.F.)
B_SPLINE_CURVE_WITH_KNOTS((3,3),(0.,0.0937920078148999),.UNSPECIFIED.)
CURVE()
GEOMETRIC_REPRESENTATION_ITEM()
RATIONAL_B_SPLINE_CURVE((1.,0.709787335578017,1.))
REPRESENTATION_ITEM('')
);
#1081=(
BOUNDED_CURVE()
B_SPLINE_CURVE(2,(#2618,#2619,#2620),.UNSPECIFIED.,.F.,.F.)
B_SPLINE_CURVE_WITH_KNOTS((3,3),(0.,0.089011791851711),.UNSPECIFIED.)
CURVE()
GEOMETRIC_REPRESENTATION_ITEM()
RATIONAL_B_SPLINE_CURVE((1.,0.737277336810121,1.))
REPRESENTATION_ITEM('')
);
#1082=(
BOUNDED_CURVE()
B_SPLINE_CURVE(2,(#2621,#2622,#2623),.UNSPECIFIED.,.F.,.F.)
B_SPLINE_CURVE_WITH_KNOTS((3,3),(0.,0.0890117918517108),.UNSPECIFIED.)
CURVE()
GEOMETRIC_REPRESENTATION_ITEM()
RATIONAL_B_SPLINE_CURVE((1.,0.737277336810121,1.))
REPRESENTATION_ITEM('')
);
#1083=(
BOUNDED_CURVE()
B_SPLINE_CURVE(2,(#2626,#2627,#2628),.UNSPECIFIED.,.F.,.F.)
B_SPLINE_CURVE_WITH_KNOTS((3,3),(0.,0.0937920078148999),.UNSPECIFIED.)
CURVE()
GEOMETRIC_REPRESENTATION_ITEM()
RATIONAL_B_SPLINE_CURVE((1.,0.709787335578017,1.))
REPRESENTATION_ITEM('')
);
#1084=(
BOUNDED_CURVE()
B_SPLINE_CURVE(2,(#2631,#2632,#2633),.UNSPECIFIED.,.F.,.F.)
B_SPLINE_CURVE_WITH_KNOTS((3,3),(-0.0933566186309908,0.),.UNSPECIFIED.)
CURVE()
GEOMETRIC_REPRESENTATION_ITEM()
RATIONAL_B_SPLINE_CURVE((1.,0.712338450759893,1.))
REPRESENTATION_ITEM('')
);
#1085=(
BOUNDED_CURVE()
B_SPLINE_CURVE(3,(#2636,#2637,#2638,#2639),.UNSPECIFIED.,.F.,.F.)
B_SPLINE_CURVE_WITH_KNOTS((4,4),(0.,0.104580198593784),.UNSPECIFIED.)
CURVE()
GEOMETRIC_REPRESENTATION_ITEM()
RATIONAL_B_SPLINE_CURVE((1.,0.808227173302696,0.808227173302696,1.))
REPRESENTATION_ITEM('')
);
#1086=(
BOUNDED_CURVE()
B_SPLINE_CURVE(2,(#2642,#2643,#2644),.UNSPECIFIED.,.F.,.F.)
B_SPLINE_CURVE_WITH_KNOTS((3,3),(0.,0.0890117918517108),.UNSPECIFIED.)
CURVE()
GEOMETRIC_REPRESENTATION_ITEM()
RATIONAL_B_SPLINE_CURVE((1.,0.737277336810121,1.))
REPRESENTATION_ITEM('')
);
#1087=(
BOUNDED_CURVE()
B_SPLINE_CURVE(2,(#2645,#2646,#2647),.UNSPECIFIED.,.F.,.F.)
B_SPLINE_CURVE_WITH_KNOTS((3,3),(-0.0933566186309917,0.),.UNSPECIFIED.)
CURVE()
GEOMETRIC_REPRESENTATION_ITEM()
RATIONAL_B_SPLINE_CURVE((1.,0.712338450759888,1.))
REPRESENTATION_ITEM('')
);
#1088=(
BOUNDED_CURVE()
B_SPLINE_CURVE(3,(#2650,#2651,#2652,#2653),.UNSPECIFIED.,.F.,.F.)
B_SPLINE_CURVE_WITH_KNOTS((4,4),(0.,0.104580198593789),.UNSPECIFIED.)
CURVE()
GEOMETRIC_REPRESENTATION_ITEM()
RATIONAL_B_SPLINE_CURVE((1.,0.808227173302691,0.808227173302691,1.))
REPRESENTATION_ITEM('')
);
#1089=(
BOUNDED_CURVE()
B_SPLINE_CURVE(2,(#2658,#2659,#2660),.UNSPECIFIED.,.F.,.F.)
B_SPLINE_CURVE_WITH_KNOTS((3,3),(0.,0.0937920078148999),.UNSPECIFIED.)
CURVE()
GEOMETRIC_REPRESENTATION_ITEM()
RATIONAL_B_SPLINE_CURVE((1.,0.709787335578017,1.))
REPRESENTATION_ITEM('')
);
#1090=(
BOUNDED_CURVE()
B_SPLINE_CURVE(3,(#2663,#2664,#2665,#2666),.UNSPECIFIED.,.F.,.F.)
B_SPLINE_CURVE_WITH_KNOTS((4,4),(0.,0.119921643557474),.UNSPECIFIED.)
CURVE()
GEOMETRIC_REPRESENTATION_ITEM()
RATIONAL_B_SPLINE_CURVE((1.,0.824851557873416,0.824851557873416,1.))
REPRESENTATION_ITEM('')
);
#1091=(
BOUNDED_CURVE()
B_SPLINE_CURVE(2,(#2667,#2668,#2669),.UNSPECIFIED.,.F.,.F.)
B_SPLINE_CURVE_WITH_KNOTS((3,3),(0.,0.089011791851711),.UNSPECIFIED.)
CURVE()
GEOMETRIC_REPRESENTATION_ITEM()
RATIONAL_B_SPLINE_CURVE((1.,0.737277336810121,1.))
REPRESENTATION_ITEM('')
);
#1092=(
BOUNDED_CURVE()
B_SPLINE_CURVE(2,(#2672,#2673,#2674),.UNSPECIFIED.,.F.,.F.)
B_SPLINE_CURVE_WITH_KNOTS((3,3),(0.,0.0937920078148994),.UNSPECIFIED.)
CURVE()
GEOMETRIC_REPRESENTATION_ITEM()
RATIONAL_B_SPLINE_CURVE((1.,0.709787335578012,1.))
REPRESENTATION_ITEM('')
);
#1093=(
BOUNDED_CURVE()
B_SPLINE_CURVE(2,(#2677,#2678,#2679),.UNSPECIFIED.,.F.,.F.)
B_SPLINE_CURVE_WITH_KNOTS((3,3),(0.,0.0890117918517106),.UNSPECIFIED.)
CURVE()
GEOMETRIC_REPRESENTATION_ITEM()
RATIONAL_B_SPLINE_CURVE((1.,0.737277336810125,1.))
REPRESENTATION_ITEM('')
);
#1094=(
BOUNDED_CURVE()
B_SPLINE_CURVE(2,(#2680,#2681,#2682),.UNSPECIFIED.,.F.,.F.)
B_SPLINE_CURVE_WITH_KNOTS((3,3),(0.,0.0890117918517106),.UNSPECIFIED.)
CURVE()
GEOMETRIC_REPRESENTATION_ITEM()
RATIONAL_B_SPLINE_CURVE((1.,0.737277336810122,1.))
REPRESENTATION_ITEM('')
);
#1095=(
BOUNDED_CURVE()
B_SPLINE_CURVE(2,(#2683,#2684,#2685),.UNSPECIFIED.,.F.,.F.)
B_SPLINE_CURVE_WITH_KNOTS((3,3),(0.,0.0890117918517104),.UNSPECIFIED.)
CURVE()
GEOMETRIC_REPRESENTATION_ITEM()
RATIONAL_B_SPLINE_CURVE((1.,0.737277336810116,1.))
REPRESENTATION_ITEM('')
);
#1096=(
BOUNDED_CURVE()
B_SPLINE_CURVE(2,(#2686,#2687,#2688),.UNSPECIFIED.,.F.,.F.)
B_SPLINE_CURVE_WITH_KNOTS((3,3),(0.,0.0942477796076939),.UNSPECIFIED.)
CURVE()
GEOMETRIC_REPRESENTATION_ITEM()
RATIONAL_B_SPLINE_CURVE((1.,0.707106781186548,1.))
REPRESENTATION_ITEM('')
);
#1097=(
BOUNDED_CURVE()
B_SPLINE_CURVE(2,(#2691,#2692,#2693),.UNSPECIFIED.,.F.,.F.)
B_SPLINE_CURVE_WITH_KNOTS((3,3),(0.,0.0942477796076937),.UNSPECIFIED.)
CURVE()
GEOMETRIC_REPRESENTATION_ITEM()
RATIONAL_B_SPLINE_CURVE((1.,0.707106781186548,1.))
REPRESENTATION_ITEM('')
);
#1098=(
BOUNDED_CURVE()
B_SPLINE_CURVE(2,(#2694,#2695,#2696),.UNSPECIFIED.,.F.,.F.)
B_SPLINE_CURVE_WITH_KNOTS((3,3),(0.,0.0942477796076939),.UNSPECIFIED.)
CURVE()
GEOMETRIC_REPRESENTATION_ITEM()
RATIONAL_B_SPLINE_CURVE((1.,0.707106781186551,1.))
REPRESENTATION_ITEM('')
);
#1099=(
BOUNDED_CURVE()
B_SPLINE_CURVE(2,(#2699,#2700,#2701),.UNSPECIFIED.,.F.,.F.)
B_SPLINE_CURVE_WITH_KNOTS((3,3),(0.,0.0942477796076926),.UNSPECIFIED.)
CURVE()
GEOMETRIC_REPRESENTATION_ITEM()
RATIONAL_B_SPLINE_CURVE((1.,0.707106781186555,1.))
REPRESENTATION_ITEM('')
);
#1100=(
BOUNDED_CURVE()
B_SPLINE_CURVE(3,(#2702,#2703,#2704,#2705),.UNSPECIFIED.,.F.,.F.)
B_SPLINE_CURVE_WITH_KNOTS((4,4),(-0.119921643557475,0.),.UNSPECIFIED.)
CURVE()
GEOMETRIC_REPRESENTATION_ITEM()
RATIONAL_B_SPLINE_CURVE((1.,0.824851557873413,0.824851557873413,1.))
REPRESENTATION_ITEM('')
);
#1101=(
BOUNDED_CURVE()
B_SPLINE_CURVE(2,(#2706,#2707,#2708),.UNSPECIFIED.,.F.,.F.)
B_SPLINE_CURVE_WITH_KNOTS((3,3),(0.,0.0890117918517108),.UNSPECIFIED.)
CURVE()
GEOMETRIC_REPRESENTATION_ITEM()
RATIONAL_B_SPLINE_CURVE((1.,0.737277336810125,1.))
REPRESENTATION_ITEM('')
);
#1102=(
BOUNDED_CURVE()
B_SPLINE_CURVE(3,(#2709,#2710,#2711,#2712),.UNSPECIFIED.,.F.,.F.)
B_SPLINE_CURVE_WITH_KNOTS((4,4),(0.,0.119921643557473),.UNSPECIFIED.)
CURVE()
GEOMETRIC_REPRESENTATION_ITEM()
RATIONAL_B_SPLINE_CURVE((1.,0.824851557873418,0.824851557873418,1.))
REPRESENTATION_ITEM('')
);
#1103=(
BOUNDED_CURVE()
B_SPLINE_CURVE(2,(#2713,#2714,#2715),.UNSPECIFIED.,.F.,.F.)
B_SPLINE_CURVE_WITH_KNOTS((3,3),(0.,0.0890117918517112),.UNSPECIFIED.)
CURVE()
GEOMETRIC_REPRESENTATION_ITEM()
RATIONAL_B_SPLINE_CURVE((1.,0.73727733681012,1.))
REPRESENTATION_ITEM('')
);
#1104=(
BOUNDED_CURVE()
B_SPLINE_CURVE(3,(#2716,#2717,#2718,#2719),.UNSPECIFIED.,.F.,.F.)
B_SPLINE_CURVE_WITH_KNOTS((4,4),(0.,0.119921643557476),.UNSPECIFIED.)
CURVE()
GEOMETRIC_REPRESENTATION_ITEM()
RATIONAL_B_SPLINE_CURVE((1.,0.824851557873411,0.824851557873411,1.))
REPRESENTATION_ITEM('')
);
#1105=(
BOUNDED_CURVE()
B_SPLINE_CURVE(2,(#2722,#2723,#2724),.UNSPECIFIED.,.F.,.F.)
B_SPLINE_CURVE_WITH_KNOTS((3,3),(0.,0.0942477796076943),.UNSPECIFIED.)
CURVE()
GEOMETRIC_REPRESENTATION_ITEM()
RATIONAL_B_SPLINE_CURVE((1.,0.707106781186545,1.))
REPRESENTATION_ITEM('')
);
#1106=(
BOUNDED_CURVE()
B_SPLINE_CURVE(2,(#2725,#2726,#2727),.UNSPECIFIED.,.F.,.F.)
B_SPLINE_CURVE_WITH_KNOTS((3,3),(0.,0.0890117918517112),.UNSPECIFIED.)
CURVE()
GEOMETRIC_REPRESENTATION_ITEM()
RATIONAL_B_SPLINE_CURVE((1.,0.73727733681012,1.))
REPRESENTATION_ITEM('')
);
#1107=(
BOUNDED_CURVE()
B_SPLINE_CURVE(2,(#2728,#2729,#2730),.UNSPECIFIED.,.F.,.F.)
B_SPLINE_CURVE_WITH_KNOTS((3,3),(0.,0.0890117918517112),.UNSPECIFIED.)
CURVE()
GEOMETRIC_REPRESENTATION_ITEM()
RATIONAL_B_SPLINE_CURVE((1.,0.73727733681012,1.))
REPRESENTATION_ITEM('')
);
#1108=(
BOUNDED_CURVE()
B_SPLINE_CURVE(2,(#2731,#2732,#2733),.UNSPECIFIED.,.F.,.F.)
B_SPLINE_CURVE_WITH_KNOTS((3,3),(0.,0.0890117918517112),.UNSPECIFIED.)
CURVE()
GEOMETRIC_REPRESENTATION_ITEM()
RATIONAL_B_SPLINE_CURVE((1.,0.73727733681012,1.))
REPRESENTATION_ITEM('')
);
#1109=(
BOUNDED_CURVE()
B_SPLINE_CURVE(2,(#2734,#2735,#2736),.UNSPECIFIED.,.F.,.F.)
B_SPLINE_CURVE_WITH_KNOTS((3,3),(0.,0.0942477796076926),.UNSPECIFIED.)
CURVE()
GEOMETRIC_REPRESENTATION_ITEM()
RATIONAL_B_SPLINE_CURVE((1.,0.707106781186534,1.))
REPRESENTATION_ITEM('')
);
#1110=(
BOUNDED_CURVE()
B_SPLINE_CURVE(2,(#2739,#2740,#2741),.UNSPECIFIED.,.F.,.F.)
B_SPLINE_CURVE_WITH_KNOTS((3,3),(-1.5707963267949,0.),.UNSPECIFIED.)
CURVE()
GEOMETRIC_REPRESENTATION_ITEM()
RATIONAL_B_SPLINE_CURVE((1.,0.707106781186548,1.))
REPRESENTATION_ITEM('')
);
#1111=(
BOUNDED_CURVE()
B_SPLINE_CURVE(2,(#2742,#2743,#2744),.UNSPECIFIED.,.F.,.F.)
B_SPLINE_CURVE_WITH_KNOTS((3,3),(0.,0.0942477796076939),.UNSPECIFIED.)
CURVE()
GEOMETRIC_REPRESENTATION_ITEM()
RATIONAL_B_SPLINE_CURVE((1.,0.707106781186551,1.))
REPRESENTATION_ITEM('')
);
#1112=VERTEX_POINT('',#1546);
#1113=VERTEX_POINT('',#1547);
#1114=VERTEX_POINT('',#1548);
#1115=VERTEX_POINT('',#1549);
#1116=VERTEX_POINT('',#1550);
#1117=VERTEX_POINT('',#1551);
#1118=VERTEX_POINT('',#1552);
#1119=VERTEX_POINT('',#1553);
#1120=VERTEX_POINT('',#1554);
#1121=VERTEX_POINT('',#1555);
#1122=VERTEX_POINT('',#1556);
#1123=VERTEX_POINT('',#1557);
#1124=VERTEX_POINT('',#1558);
#1125=VERTEX_POINT('',#1559);
#1126=VERTEX_POINT('',#1560);
#1127=VERTEX_POINT('',#1561);
#1128=VERTEX_POINT('',#1562);
#1129=VERTEX_POINT('',#1563);
#1130=VERTEX_POINT('',#1564);
#1131=VERTEX_POINT('',#1565);
#1132=VERTEX_POINT('',#1566);
#1133=VERTEX_POINT('',#1567);
#1134=VERTEX_POINT('',#1568);
#1135=VERTEX_POINT('',#1569);
#1136=VERTEX_POINT('',#1570);
#1137=VERTEX_POINT('',#1571);
#1138=VERTEX_POINT('',#1572);
#1139=VERTEX_POINT('',#1573);
#1140=VERTEX_POINT('',#1686);
#1141=VERTEX_POINT('',#1687);
#1142=VERTEX_POINT('',#1688);
#1143=VERTEX_POINT('',#1689);
#1144=VERTEX_POINT('',#1690);
#1145=VERTEX_POINT('',#1691);
#1146=VERTEX_POINT('',#1692);
#1147=VERTEX_POINT('',#1693);
#1148=VERTEX_POINT('',#1694);
#1149=VERTEX_POINT('',#1695);
#1150=VERTEX_POINT('',#1696);
#1151=VERTEX_POINT('',#1697);
#1152=VERTEX_POINT('',#1698);
#1153=VERTEX_POINT('',#1699);
#1154=VERTEX_POINT('',#1700);
#1155=VERTEX_POINT('',#1701);
#1156=VERTEX_POINT('',#1702);
#1157=VERTEX_POINT('',#1703);
#1158=VERTEX_POINT('',#1704);
#1159=VERTEX_POINT('',#1705);
#1160=VERTEX_POINT('',#1706);
#1161=VERTEX_POINT('',#1707);
#1162=VERTEX_POINT('',#1708);
#1163=VERTEX_POINT('',#1709);
#1164=VERTEX_POINT('',#1710);
#1165=VERTEX_POINT('',#1711);
#1166=VERTEX_POINT('',#1712);
#1167=VERTEX_POINT('',#1713);
#1168=VERTEX_POINT('',#2393);
#1169=VERTEX_POINT('',#2394);
#1170=VERTEX_POINT('',#2395);
#1171=VERTEX_POINT('',#2396);
#1172=VERTEX_POINT('',#2397);
#1173=VERTEX_POINT('',#2398);
#1174=VERTEX_POINT('',#2399);
#1175=VERTEX_POINT('',#2400);
#1176=VERTEX_POINT('',#2401);
#1177=VERTEX_POINT('',#2402);
#1178=VERTEX_POINT('',#2403);
#1179=VERTEX_POINT('',#2404);
#1180=VERTEX_POINT('',#2405);
#1181=VERTEX_POINT('',#2406);
#1182=VERTEX_POINT('',#2407);
#1183=VERTEX_POINT('',#2408);
#1184=VERTEX_POINT('',#2409);
#1185=VERTEX_POINT('',#2410);
#1186=VERTEX_POINT('',#2411);
#1187=VERTEX_POINT('',#2412);
#1188=VERTEX_POINT('',#2413);
#1189=VERTEX_POINT('',#2414);
#1190=VERTEX_POINT('',#2415);
#1191=VERTEX_POINT('',#2416);
#1192=VERTEX_POINT('',#2417);
#1193=VERTEX_POINT('',#2418);
#1194=VERTEX_POINT('',#2419);
#1195=VERTEX_POINT('',#2420);
#1196=VERTEX_POINT('',#2421);
#1197=VERTEX_POINT('',#2422);
#1198=VERTEX_POINT('',#2423);
#1199=VERTEX_POINT('',#2424);
#1200=VERTEX_POINT('',#2425);
#1201=VERTEX_POINT('',#2426);
#1202=VERTEX_POINT('',#2427);
#1203=VERTEX_POINT('',#2428);
#1204=VERTEX_POINT('',#2429);
#1205=VERTEX_POINT('',#2430);
#1206=VERTEX_POINT('',#2431);
#1207=VERTEX_POINT('',#2432);
#1208=VERTEX_POINT('',#2433);
#1209=VERTEX_POINT('',#2434);
#1210=VERTEX_POINT('',#2435);
#1211=VERTEX_POINT('',#2436);
#1212=VERTEX_POINT('',#2437);
#1213=VERTEX_POINT('',#2438);
#1214=VERTEX_POINT('',#2439);
#1215=VERTEX_POINT('',#2440);
#1216=VERTEX_POINT('',#2441);
#1217=VERTEX_POINT('',#2442);
#1218=VERTEX_POINT('',#2443);
#1219=VERTEX_POINT('',#2444);
#1220=VERTEX_POINT('',#2445);
#1221=VERTEX_POINT('',#2446);
#1222=VERTEX_POINT('',#2447);
#1223=VERTEX_POINT('',#2448);
#1224=VERTEX_POINT('',#2449);
#1225=VERTEX_POINT('',#2450);
#1226=VERTEX_POINT('',#2451);
#1227=VERTEX_POINT('',#2452);
#1228=VERTEX_POINT('',#2453);
#1229=VERTEX_POINT('',#2454);
#1230=VERTEX_POINT('',#2455);
#1231=VERTEX_POINT('',#2456);
#1232=PLANE('',#1366);
#1233=PLANE('',#1368);
#1234=PLANE('',#1370);
#1235=PLANE('',#1372);
#1236=PLANE('',#1373);
#1237=PLANE('',#1374);
#1238=PLANE('',#1376);
#1239=PLANE('',#1378);
#1240=PLANE('',#1379);
#1241=PLANE('',#1380);
#1242=PLANE('',#1381);
#1243=PLANE('',#1382);
#1244=PLANE('',#1384);
#1245=PLANE('',#1386);
#1246=PLANE('',#1388);
#1247=PLANE('',#1390);
#1248=PLANE('',#1392);
#1249=PLANE('',#1394);
#1250=PLANE('',#1395);
#1251=PLANE('',#1396);
#1252=PLANE('',#1400);
#1253=PLANE('',#1401);
#1254=PLANE('',#1402);
#1255=PLANE('',#1403);
#1256=PLANE('',#1404);
#1257=PLANE('',#1405);
#1258=PLANE('',#1406);
#1259=PLANE('',#1407);
#1260=PLANE('',#1408);
#1261=PLANE('',#1409);
#1262=PLANE('',#1410);
#1263=PLANE('',#1411);
#1264=PLANE('',#1412);
#1265=PLANE('',#1413);
#1266=CYLINDRICAL_SURFACE('',#1365,0.0300000000000002);
#1267=CYLINDRICAL_SURFACE('',#1367,0.0299999999999998);
#1268=CYLINDRICAL_SURFACE('',#1369,0.1);
#1269=CYLINDRICAL_SURFACE('',#1371,0.1);
#1270=CYLINDRICAL_SURFACE('',#1375,0.149999999999999);
#1271=CYLINDRICAL_SURFACE('',#1377,0.149999999999999);
#1272=CYLINDRICAL_SURFACE('',#1383,0.1);
#1273=CYLINDRICAL_SURFACE('',#1385,0.1);
#1274=CYLINDRICAL_SURFACE('',#1387,0.0299999999999998);
#1275=CYLINDRICAL_SURFACE('',#1389,0.0300000000000002);
#1276=CYLINDRICAL_SURFACE('',#1391,0.149999999999999);
#1277=CYLINDRICAL_SURFACE('',#1393,0.15);
#1278=CYLINDRICAL_SURFACE('',#1414,0.0600000000000005);
#1279=CYLINDRICAL_SURFACE('',#1415,0.0600000000000005);
#1280=CYLINDRICAL_SURFACE('',#1416,0.0599999999999994);
#1281=CYLINDRICAL_SURFACE('',#1417,0.0599999999999985);
#1282=CYLINDRICAL_SURFACE('',#1418,0.0600000000000005);
#1283=CYLINDRICAL_SURFACE('',#1419,0.0599999999999996);
#1284=CYLINDRICAL_SURFACE('',#1420,0.0599999999999989);
#1285=CYLINDRICAL_SURFACE('',#1421,0.0600000000000001);
#1286=CYLINDRICAL_SURFACE('',#1422,0.0599999999999985);
#1287=CYLINDRICAL_SURFACE('',#1423,0.0599999999999994);
#1288=CYLINDRICAL_SURFACE('',#1424,0.0599999999999994);
#1289=CYLINDRICAL_SURFACE('',#1425,0.0600000000000002);
#1290=CYLINDRICAL_SURFACE('',#1426,0.0600000000000001);
#1291=CYLINDRICAL_SURFACE('',#1427,0.0599999999999998);
#1292=CYLINDRICAL_SURFACE('',#1428,0.0599999999999998);
#1293=CYLINDRICAL_SURFACE('',#1429,0.0599999999999996);
#1294=CYLINDRICAL_SURFACE('',#1430,0.0599999999999998);
#1295=CYLINDRICAL_SURFACE('',#1431,0.0600000000000001);
#1296=CYLINDRICAL_SURFACE('',#1432,0.0600000000000002);
#1297=CYLINDRICAL_SURFACE('',#1433,0.0600000000000001);
#1298=CYLINDRICAL_SURFACE('',#1434,0.0599999999999997);
#1299=CYLINDRICAL_SURFACE('',#1435,0.0600000000000007);
#1300=CYLINDRICAL_SURFACE('',#1436,0.0600000000000001);
#1301=CYLINDRICAL_SURFACE('',#1437,0.0600000000000001);
#1302=CYLINDRICAL_SURFACE('',#1438,0.0599999999999998);
#1303=CYLINDRICAL_SURFACE('',#1439,0.0600000000000001);
#1304=SHAPE_DEFINITION_REPRESENTATION(#1307,#1360);
#1305=SHAPE_DEFINITION_REPRESENTATION(#1308,#1361);
#1306=SHAPE_DEFINITION_REPRESENTATION(#1310,#1362);
#1307=PRODUCT_DEFINITION_SHAPE('Document','',#1315);
#1308=PRODUCT_DEFINITION_SHAPE('\X2\FFFDFFFD\X0\2','',#1316);
#1309=PRODUCT_DEFINITION_SHAPE('','',#28);
#1310=PRODUCT_DEFINITION_SHAPE('\X2\FFFDFFFD\X0\1','',#1317);
#1311=PRODUCT_DEFINITION_SHAPE('','',#29);
#1312=PRODUCT_DEFINITION_CONTEXT('3D Mechanical Parts',#1327,'design');
#1313=PRODUCT_DEFINITION_CONTEXT('3D Mechanical Parts',#1328,'design');
#1314=PRODUCT_DEFINITION_CONTEXT('3D Mechanical Parts',#1329,'design');
#1315=PRODUCT_DEFINITION('A','First version',#1318,#1312);
#1316=PRODUCT_DEFINITION('A','First version',#1319,#1313);
#1317=PRODUCT_DEFINITION('A','First version',#1320,#1314);
#1318=PRODUCT_DEFINITION_FORMATION_WITH_SPECIFIED_SOURCE('A',
'First version',#1333,.MADE.);
#1319=PRODUCT_DEFINITION_FORMATION_WITH_SPECIFIED_SOURCE('A',
'First version',#1334,.MADE.);
#1320=PRODUCT_DEFINITION_FORMATION_WITH_SPECIFIED_SOURCE('A',
'First version',#1335,.MADE.);
#1321=PRODUCT_RELATED_PRODUCT_CATEGORY('tool','tool',(#1333));
#1322=PRODUCT_RELATED_PRODUCT_CATEGORY('tool','tool',(#1334));
#1323=PRODUCT_RELATED_PRODUCT_CATEGORY('tool','tool',(#1335));
#1324=APPLICATION_PROTOCOL_DEFINITION('Draft International Standard',
'automotive_design',1999,#1327);
#1325=APPLICATION_PROTOCOL_DEFINITION('Draft International Standard',
'automotive_design',1999,#1328);
#1326=APPLICATION_PROTOCOL_DEFINITION('Draft International Standard',
'automotive_design',1999,#1329);
#1327=APPLICATION_CONTEXT(
'data for automotive mechanical design processes');
#1328=APPLICATION_CONTEXT(
'data for automotive mechanical design processes');
#1329=APPLICATION_CONTEXT(
'data for automotive mechanical design processes');
#1330=PRODUCT_CONTEXT('3D Mechanical Parts',#1327,'mechanical');
#1331=PRODUCT_CONTEXT('3D Mechanical Parts',#1328,'mechanical');
#1332=PRODUCT_CONTEXT('3D Mechanical Parts',#1329,'mechanical');
#1333=PRODUCT('Document','Document','',(#1330));
#1334=PRODUCT('\X2\FFFDFFFD\X0\2','\X2\FFFDFFFD\X0\2','',(#1331));
#1335=PRODUCT('\X2\FFFDFFFD\X0\1','\X2\FFFDFFFD\X0\1','',(#1332));
#1336=(
LENGTH_UNIT()
NAMED_UNIT(*)
SI_UNIT(.MILLI.,.METRE.)
);
#1337=(
LENGTH_UNIT()
NAMED_UNIT(*)
SI_UNIT(.MILLI.,.METRE.)
);
#1338=(
LENGTH_UNIT()
NAMED_UNIT(*)
SI_UNIT(.MILLI.,.METRE.)
);
#1339=(
NAMED_UNIT(*)
PLANE_ANGLE_UNIT()
SI_UNIT($,.RADIAN.)
);
#1340=(
NAMED_UNIT(*)
PLANE_ANGLE_UNIT()
SI_UNIT($,.RADIAN.)
);
#1341=(
NAMED_UNIT(*)
PLANE_ANGLE_UNIT()
SI_UNIT($,.RADIAN.)
);
#1342=DIMENSIONAL_EXPONENTS(0.,0.,0.,0.,0.,0.,0.);
#1343=DIMENSIONAL_EXPONENTS(0.,0.,0.,0.,0.,0.,0.);
#1344=DIMENSIONAL_EXPONENTS(0.,0.,0.,0.,0.,0.,0.);
#1345=PLANE_ANGLE_MEASURE_WITH_UNIT(PLANE_ANGLE_MEASURE(0.01745329252),
#1339);
#1346=PLANE_ANGLE_MEASURE_WITH_UNIT(PLANE_ANGLE_MEASURE(0.01745329252),
#1340);
#1347=PLANE_ANGLE_MEASURE_WITH_UNIT(PLANE_ANGLE_MEASURE(0.01745329252),
#1341);
#1348=(
CONVERSION_BASED_UNIT('DEGREES',#1345)
NAMED_UNIT(#1342)
PLANE_ANGLE_UNIT()
);
#1349=(
CONVERSION_BASED_UNIT('DEGREES',#1346)
NAMED_UNIT(#1343)
PLANE_ANGLE_UNIT()
);
#1350=(
CONVERSION_BASED_UNIT('DEGREES',#1347)
NAMED_UNIT(#1344)
PLANE_ANGLE_UNIT()
);
#1351=(
NAMED_UNIT(*)
SI_UNIT($,.STERADIAN.)
SOLID_ANGLE_UNIT()
);
#1352=(
NAMED_UNIT(*)
SI_UNIT($,.STERADIAN.)
SOLID_ANGLE_UNIT()
);
#1353=(
NAMED_UNIT(*)
SI_UNIT($,.STERADIAN.)
SOLID_ANGLE_UNIT()
);
#1354=UNCERTAINTY_MEASURE_WITH_UNIT(LENGTH_MEASURE(1.E-5),#1336,
'DISTANCE_ACCURACY_VALUE',
'Maximum model space distance between geometric entities at asserted c
onnectivities');
#1355=UNCERTAINTY_MEASURE_WITH_UNIT(LENGTH_MEASURE(1.E-5),#1337,
'DISTANCE_ACCURACY_VALUE',
'Maximum model space distance between geometric entities at asserted c
onnectivities');
#1356=UNCERTAINTY_MEASURE_WITH_UNIT(LENGTH_MEASURE(1.E-5),#1338,
'DISTANCE_ACCURACY_VALUE',
'Maximum model space distance between geometric entities at asserted c
onnectivities');
#1357=(
GEOMETRIC_REPRESENTATION_CONTEXT(3)
GLOBAL_UNCERTAINTY_ASSIGNED_CONTEXT((#1354))
GLOBAL_UNIT_ASSIGNED_CONTEXT((#1351,#1348,#1336))
REPRESENTATION_CONTEXT('ID1','3D')
);
#1358=(
GEOMETRIC_REPRESENTATION_CONTEXT(3)
GLOBAL_UNCERTAINTY_ASSIGNED_CONTEXT((#1355))
GLOBAL_UNIT_ASSIGNED_CONTEXT((#1352,#1349,#1337))
REPRESENTATION_CONTEXT('ID1','3D')
);
#1359=(
GEOMETRIC_REPRESENTATION_CONTEXT(3)
GLOBAL_UNCERTAINTY_ASSIGNED_CONTEXT((#1356))
GLOBAL_UNIT_ASSIGNED_CONTEXT((#1353,#1350,#1338))
REPRESENTATION_CONTEXT('ID1','3D')
);
#1360=SHAPE_REPRESENTATION('Document',(#1363,#1398,#1441),#1357);
#1361=SHAPE_REPRESENTATION('\X2\FFFDFFFD\X0\2',(#1364,#1397),#1358);
#1362=SHAPE_REPRESENTATION('\X2\FFFDFFFD\X0\1',(#1399,#1440),#1359);
#1363=AXIS2_PLACEMENT_3D('',#1528,#1442,#1443);
#1364=AXIS2_PLACEMENT_3D('',#1529,#1444,#1445);
#1365=AXIS2_PLACEMENT_3D('',#1530,#1446,$);
#1366=AXIS2_PLACEMENT_3D('',#1531,#1447,$);
#1367=AXIS2_PLACEMENT_3D('',#1532,#1448,$);
#1368=AXIS2_PLACEMENT_3D('',#1533,#1449,$);
#1369=AXIS2_PLACEMENT_3D('',#1534,#1450,$);
#1370=AXIS2_PLACEMENT_3D('',#1535,#1451,$);
#1371=AXIS2_PLACEMENT_3D('',#1536,#1452,$);
#1372=AXIS2_PLACEMENT_3D('',#1537,#1453,$);
#1373=AXIS2_PLACEMENT_3D('',#1538,#1454,$);
#1374=AXIS2_PLACEMENT_3D('',#1539,#1455,$);
#1375=AXIS2_PLACEMENT_3D('',#1540,#1456,$);
#1376=AXIS2_PLACEMENT_3D('',#1541,#1457,$);
#1377=AXIS2_PLACEMENT_3D('',#1542,#1458,$);
#1378=AXIS2_PLACEMENT_3D('',#1543,#1459,$);
#1379=AXIS2_PLACEMENT_3D('',#1544,#1460,$);
#1380=AXIS2_PLACEMENT_3D('',#1545,#1461,$);
#1381=AXIS2_PLACEMENT_3D('',#1670,#1462,$);
#1382=AXIS2_PLACEMENT_3D('',#1671,#1463,$);
#1383=AXIS2_PLACEMENT_3D('',#1672,#1464,$);
#1384=AXIS2_PLACEMENT_3D('',#1673,#1465,$);
#1385=AXIS2_PLACEMENT_3D('',#1674,#1466,$);
#1386=AXIS2_PLACEMENT_3D('',#1675,#1467,$);
#1387=AXIS2_PLACEMENT_3D('',#1676,#1468,$);
#1388=AXIS2_PLACEMENT_3D('',#1677,#1469,$);
#1389=AXIS2_PLACEMENT_3D('',#1678,#1470,$);
#1390=AXIS2_PLACEMENT_3D('',#1679,#1471,$);
#1391=AXIS2_PLACEMENT_3D('',#1680,#1472,$);
#1392=AXIS2_PLACEMENT_3D('',#1681,#1473,$);
#1393=AXIS2_PLACEMENT_3D('',#1682,#1474,$);
#1394=AXIS2_PLACEMENT_3D('',#1683,#1475,$);
#1395=AXIS2_PLACEMENT_3D('',#1684,#1476,$);
#1396=AXIS2_PLACEMENT_3D('',#1685,#1477,$);
#1397=AXIS2_PLACEMENT_3D('',#1810,#1478,#1479);
#1398=AXIS2_PLACEMENT_3D('',#1811,#1480,#1481);
#1399=AXIS2_PLACEMENT_3D('',#1812,#1482,#1483);
#1400=AXIS2_PLACEMENT_3D('',#1813,#1484,$);
#1401=AXIS2_PLACEMENT_3D('',#1814,#1485,$);
#1402=AXIS2_PLACEMENT_3D('',#1815,#1486,$);
#1403=AXIS2_PLACEMENT_3D('',#1816,#1487,$);
#1404=AXIS2_PLACEMENT_3D('',#1817,#1488,$);
#1405=AXIS2_PLACEMENT_3D('',#1818,#1489,$);
#1406=AXIS2_PLACEMENT_3D('',#1819,#1490,$);
#1407=AXIS2_PLACEMENT_3D('',#1820,#1491,$);
#1408=AXIS2_PLACEMENT_3D('',#1821,#1492,$);
#1409=AXIS2_PLACEMENT_3D('',#1822,#1493,$);
#1410=AXIS2_PLACEMENT_3D('',#1823,#1494,$);
#1411=AXIS2_PLACEMENT_3D('',#1824,#1495,$);
#1412=AXIS2_PLACEMENT_3D('',#1825,#1496,$);
#1413=AXIS2_PLACEMENT_3D('',#1826,#1497,$);
#1414=AXIS2_PLACEMENT_3D('',#1827,#1498,$);
#1415=AXIS2_PLACEMENT_3D('',#1918,#1499,$);
#1416=AXIS2_PLACEMENT_3D('',#1919,#1500,$);
#1417=AXIS2_PLACEMENT_3D('',#1920,#1501,$);
#1418=AXIS2_PLACEMENT_3D('',#1921,#1502,$);
#1419=AXIS2_PLACEMENT_3D('',#1922,#1503,$);
#1420=AXIS2_PLACEMENT_3D('',#1968,#1504,$);
#1421=AXIS2_PLACEMENT_3D('',#1969,#1505,$);
#1422=AXIS2_PLACEMENT_3D('',#1970,#1506,$);
#1423=AXIS2_PLACEMENT_3D('',#2016,#1507,$);
#1424=AXIS2_PLACEMENT_3D('',#2107,#1508,$);
#1425=AXIS2_PLACEMENT_3D('',#2108,#1509,$);
#1426=AXIS2_PLACEMENT_3D('',#2109,#1510,$);
#1427=AXIS2_PLACEMENT_3D('',#2110,#1511,$);
#1428=AXIS2_PLACEMENT_3D('',#2111,#1512,$);
#1429=AXIS2_PLACEMENT_3D('',#2112,#1513,$);
#1430=AXIS2_PLACEMENT_3D('',#2158,#1514,$);
#1431=AXIS2_PLACEMENT_3D('',#2159,#1515,$);
#1432=AXIS2_PLACEMENT_3D('',#2160,#1516,$);
#1433=AXIS2_PLACEMENT_3D('',#2206,#1517,$);
#1434=AXIS2_PLACEMENT_3D('',#2297,#1518,$);
#1435=AXIS2_PLACEMENT_3D('',#2298,#1519,$);
#1436=AXIS2_PLACEMENT_3D('',#2299,#1520,$);
#1437=AXIS2_PLACEMENT_3D('',#2300,#1521,$);
#1438=AXIS2_PLACEMENT_3D('',#2301,#1522,$);
#1439=AXIS2_PLACEMENT_3D('',#2392,#1523,$);
#1440=AXIS2_PLACEMENT_3D('',#2745,#1524,#1525);
#1441=AXIS2_PLACEMENT_3D('',#2746,#1526,#1527);
#1442=DIRECTION('',(0.,0.,1.));
#1443=DIRECTION('',(1.,0.,0.));
#1444=DIRECTION('',(0.,0.,1.));
#1445=DIRECTION('',(1.,0.,0.));
#1446=DIRECTION('',(0.,0.,1.));
#1447=DIRECTION('',(-1.,0.,0.));
#1448=DIRECTION('',(0.,0.,1.));
#1449=DIRECTION('',(0.,1.,0.));
#1450=DIRECTION('',(0.,0.,1.));
#1451=DIRECTION('',(-1.,0.,0.));
#1452=DIRECTION('',(0.,0.,1.));
#1453=DIRECTION('',(0.,-1.,0.));
#1454=DIRECTION('',(-1.,0.,0.));
#1455=DIRECTION('',(0.,1.,0.));
#1456=DIRECTION('',(0.,0.,1.));
#1457=DIRECTION('',(1.,0.,0.));
#1458=DIRECTION('',(0.,0.,1.));
#1459=DIRECTION('',(0.,-1.,0.));
#1460=DIRECTION('',(0.,0.,-1.));
#1461=DIRECTION('',(0.,0.,1.));
#1462=DIRECTION('',(1.,0.,0.));
#1463=DIRECTION('',(0.,-1.,0.));
#1464=DIRECTION('',(0.,0.,1.));
#1465=DIRECTION('',(1.,0.,0.));
#1466=DIRECTION('',(0.,0.,1.));
#1467=DIRECTION('',(0.,1.,0.));
#1468=DIRECTION('',(0.,0.,1.));
#1469=DIRECTION('',(1.,0.,0.));
#1470=DIRECTION('',(0.,0.,1.));
#1471=DIRECTION('',(0.,-1.,0.));
#1472=DIRECTION('',(0.,0.,1.));
#1473=DIRECTION('',(-1.,0.,0.));
#1474=DIRECTION('',(0.,0.,1.));
#1475=DIRECTION('',(0.,1.,0.));
#1476=DIRECTION('',(0.,0.,-1.));
#1477=DIRECTION('',(0.,0.,1.));
#1478=DIRECTION('',(0.,0.,1.));
#1479=DIRECTION('',(1.,0.,0.));
#1480=DIRECTION('',(-8.11850586757146E-16,1.47451495458029E-17,1.));
#1481=DIRECTION('',(-1.,-4.89110705062523E-17,-7.91033905045424E-16));
#1482=DIRECTION('',(0.,0.,1.));
#1483=DIRECTION('',(1.,0.,0.));
#1484=DIRECTION('',(-0.992546151641322,0.121869343405148,1.14634360886671E-16));
#1485=DIRECTION('',(0.,0.121869343405148,0.992546151641322));
#1486=DIRECTION('',(0.992546151641322,0.121869343405148,-1.97914659011338E-16));
#1487=DIRECTION('',(0.,0.121869343405148,-0.992546151641322));
#1488=DIRECTION('',(0.,1.,0.));
#1489=DIRECTION('',(-0.996194698091746,-0.0871557427476583,1.65899743624644E-16));
#1490=DIRECTION('',(0.,-0.0871557427476581,-0.996194698091746));
#1491=DIRECTION('',(0.996194698091746,-0.0871557427476584,-1.67714036980771E-16));
#1492=DIRECTION('',(0.,-0.0871557427476581,0.996194698091746));
#1493=DIRECTION('',(0.,-1.,0.));
#1494=DIRECTION('',(1.,0.,0.));
#1495=DIRECTION('',(0.,-1.,0.));
#1496=DIRECTION('',(0.,-1.,0.));
#1497=DIRECTION('',(-1.,0.,0.));
#1498=DIRECTION('',(0.,0.,1.));
#1499=DIRECTION('',(-1.,0.,0.));
#1500=DIRECTION('',(-0.120974291151357,-0.985256536015293,-0.120974291151352));
#1501=DIRECTION('',(-0.120974291151352,-0.985256536015293,0.120974291151357));
#1502=DIRECTION('',(1.,0.,0.));
#1503=DIRECTION('',(0.,0.,-1.));
#1504=DIRECTION('',(-0.0868265938642474,0.992432509138967,-0.0868265938642505));
#1505=DIRECTION('',(0.,0.,-1.));
#1506=DIRECTION('',(-0.0868265938642468,0.992432509138967,0.0868265938642474));
#1507=DIRECTION('',(0.120974291151353,-0.985256536015294,-0.120974291151353));
#1508=DIRECTION('',(0.120974291151354,-0.985256536015294,0.120974291151353));
#1509=DIRECTION('',(0.0868265938642473,0.992432509138967,-0.0868265938642468));
#1510=DIRECTION('',(-1.,0.,0.));
#1511=DIRECTION('',(1.,0.,0.));
#1512=DIRECTION('',(0.0868265938642462,0.992432509138968,0.0868265938642455));
#1513=DIRECTION('',(0.,0.,-1.));
#1514=DIRECTION('',(-3.67424069564525E-15,0.996194698091746,-0.0871557427476573));
#1515=DIRECTION('',(0.,0.,-1.));
#1516=DIRECTION('',(0.,-0.996194698091745,-0.087155742747661));
#1517=DIRECTION('',(-1.,0.,0.));
#1518=DIRECTION('',(1.,0.,0.));
#1519=DIRECTION('',(-1.85217871132939E-15,-0.996194698091745,0.0871557427476592));
#1520=DIRECTION('',(1.,0.,0.));
#1521=DIRECTION('',(-1.,0.,0.));
#1522=DIRECTION('',(1.85217871132939E-15,0.996194698091745,0.0871557427476592));
#1523=DIRECTION('',(0.,0.,1.));
#1524=DIRECTION('',(0.,0.,1.));
#1525=DIRECTION('',(1.,0.,0.));
#1526=DIRECTION('',(-5.96744875736022E-16,4.98732999343332E-17,1.));
#1527=DIRECTION('',(-1.,5.33969569949111E-18,-5.89805981832115E-16));
#1528=CARTESIAN_POINT('',(0.,0.,0.));
#1529=CARTESIAN_POINT('',(0.,0.,0.));
#1530=CARTESIAN_POINT('',(2.53,-0.735803278762833,2.22044604925031E-16));
#1531=CARTESIAN_POINT('',(2.5,0.0953167212371665,-1.86012));
#1532=CARTESIAN_POINT('',(2.53,-0.525803278762834,2.22044604925031E-16));
#1533=CARTESIAN_POINT('',(3.74012,-0.495803278762834,-1.86012));
#1534=CARTESIAN_POINT('',(3.63,-0.395803278762833,2.22044604925031E-16));
#1535=CARTESIAN_POINT('',(3.73,-1.05692327876283,-1.86012));
#1536=CARTESIAN_POINT('',(3.63,0.214196721237167,2.22044604925031E-16));
#1537=CARTESIAN_POINT('',(2.00688,0.314196721237167,-1.86012));
#1538=CARTESIAN_POINT('',(2.7,-0.312923278762833,-1.86012));
#1539=CARTESIAN_POINT('',(2.58488,0.584196721237167,-1.86012));
#1540=CARTESIAN_POINT('',(3.85,0.434196721237166,2.22044604925031E-16));
#1541=CARTESIAN_POINT('',(4.,-0.720923278762833,1.86012));
#1542=CARTESIAN_POINT('',(3.85,-0.615803278762834,2.22044604925031E-16));
#1543=CARTESIAN_POINT('',(2.39788,-0.765803278762833,1.86012));
#1544=CARTESIAN_POINT('',(4.15012,-0.900923278762834,-1.55));
#1545=CARTESIAN_POINT('',(4.15012,-0.900923278762834,1.55));
#1546=CARTESIAN_POINT('',(2.53,-0.765803278762833,1.55));
#1547=CARTESIAN_POINT('',(2.5,-0.735803278762833,1.55));
#1548=CARTESIAN_POINT('',(2.5,-0.735803278762833,-1.55));
#1549=CARTESIAN_POINT('',(2.53,-0.765803278762833,-1.55));
#1550=CARTESIAN_POINT('',(2.5,-0.525803278762834,1.55));
#1551=CARTESIAN_POINT('',(2.5,-0.525803278762834,-1.55));
#1552=CARTESIAN_POINT('',(2.53,-0.495803278762834,1.55));
#1553=CARTESIAN_POINT('',(2.53,-0.495803278762834,-1.55));
#1554=CARTESIAN_POINT('',(3.63,-0.495803278762833,1.55));
#1555=CARTESIAN_POINT('',(3.63,-0.495803278762833,-1.55));
#1556=CARTESIAN_POINT('',(3.73,-0.395803278762833,1.55));
#1557=CARTESIAN_POINT('',(3.73,-0.395803278762833,-1.55));
#1558=CARTESIAN_POINT('',(3.73,0.214196721237167,1.55));
#1559=CARTESIAN_POINT('',(3.73,0.214196721237167,-1.55));
#1560=CARTESIAN_POINT('',(3.63,0.314196721237167,1.55));
#1561=CARTESIAN_POINT('',(3.63,0.314196721237167,-1.55));
#1562=CARTESIAN_POINT('',(2.7,0.314196721237167,1.55));
#1563=CARTESIAN_POINT('',(2.7,0.314196721237167,-1.55));
#1564=CARTESIAN_POINT('',(2.7,0.584196721237167,1.55));
#1565=CARTESIAN_POINT('',(2.7,0.584196721237167,-1.55));
#1566=CARTESIAN_POINT('',(3.85,0.584196721237167,1.55));
#1567=CARTESIAN_POINT('',(3.85,0.584196721237167,-1.55));
#1568=CARTESIAN_POINT('',(4.,0.434196721237167,1.55));
#1569=CARTESIAN_POINT('',(4.,0.434196721237167,-1.55));
#1570=CARTESIAN_POINT('',(4.,-0.615803278762833,1.55));
#1571=CARTESIAN_POINT('',(4.,-0.615803278762833,-1.55));
#1572=CARTESIAN_POINT('',(3.85,-0.765803278762833,1.55));
#1573=CARTESIAN_POINT('',(3.85,-0.765803278762833,-1.55));
#1574=CARTESIAN_POINT('',(2.53,-0.765803278762833,1.55));
#1575=CARTESIAN_POINT('',(2.5,-0.765803278762834,1.55));
#1576=CARTESIAN_POINT('',(2.5,-0.735803278762833,1.55));
#1577=CARTESIAN_POINT('',(2.5,-0.735803278762833,1.55));
#1578=CARTESIAN_POINT('',(2.5,-0.735803278762833,-1.55));
#1579=CARTESIAN_POINT('',(2.5,-0.735803278762833,-1.55));
#1580=CARTESIAN_POINT('',(2.5,-0.765803278762834,-1.55));
#1581=CARTESIAN_POINT('',(2.53,-0.765803278762833,-1.55));
#1582=CARTESIAN_POINT('',(2.53,-0.765803278762833,-1.55));
#1583=CARTESIAN_POINT('',(2.53,-0.765803278762833,1.55));
#1584=CARTESIAN_POINT('',(2.5,-0.735803278762833,1.55));
#1585=CARTESIAN_POINT('',(2.5,-0.525803278762834,1.55));
#1586=CARTESIAN_POINT('',(2.5,-0.525803278762834,1.55));
#1587=CARTESIAN_POINT('',(2.5,-0.525803278762834,-1.55));
#1588=CARTESIAN_POINT('',(2.5,-0.525803278762834,-1.55));
#1589=CARTESIAN_POINT('',(2.5,-0.735803278762833,-1.55));
#1590=CARTESIAN_POINT('',(2.5,-0.525803278762834,1.55));
#1591=CARTESIAN_POINT('',(2.5,-0.495803278762834,1.55));
#1592=CARTESIAN_POINT('',(2.53,-0.495803278762834,1.55));
#1593=CARTESIAN_POINT('',(2.53,-0.495803278762834,1.55));
#1594=CARTESIAN_POINT('',(2.53,-0.495803278762834,-1.55));
#1595=CARTESIAN_POINT('',(2.53,-0.495803278762834,-1.55));
#1596=CARTESIAN_POINT('',(2.5,-0.495803278762834,-1.55));
#1597=CARTESIAN_POINT('',(2.5,-0.525803278762834,-1.55));
#1598=CARTESIAN_POINT('',(2.53,-0.495803278762834,1.55));
#1599=CARTESIAN_POINT('',(3.63,-0.495803278762833,1.55));
#1600=CARTESIAN_POINT('',(3.63,-0.495803278762833,1.55));
#1601=CARTESIAN_POINT('',(3.63,-0.495803278762833,-1.55));
#1602=CARTESIAN_POINT('',(3.63,-0.495803278762833,-1.55));
#1603=CARTESIAN_POINT('',(2.53,-0.495803278762834,-1.55));
#1604=CARTESIAN_POINT('',(3.73,-0.395803278762834,1.55));
#1605=CARTESIAN_POINT('',(3.73,-0.495803278762833,1.55));
#1606=CARTESIAN_POINT('',(3.63,-0.495803278762833,1.55));
#1607=CARTESIAN_POINT('',(3.73,-0.395803278762834,-1.55));
#1608=CARTESIAN_POINT('',(3.73,-0.395803278762834,1.55));
#1609=CARTESIAN_POINT('',(3.63,-0.495803278762833,-1.55));
#1610=CARTESIAN_POINT('',(3.73,-0.495803278762833,-1.55));
#1611=CARTESIAN_POINT('',(3.73,-0.395803278762834,-1.55));
#1612=CARTESIAN_POINT('',(3.73,-0.395803278762834,1.55));
#1613=CARTESIAN_POINT('',(3.73,0.214196721237167,1.55));
#1614=CARTESIAN_POINT('',(3.73,0.214196721237167,1.55));
#1615=CARTESIAN_POINT('',(3.73,0.214196721237167,-1.55));
#1616=CARTESIAN_POINT('',(3.73,0.214196721237167,-1.55));
#1617=CARTESIAN_POINT('',(3.73,-0.395803278762834,-1.55));
#1618=CARTESIAN_POINT('',(3.63,0.314196721237167,1.55));
#1619=CARTESIAN_POINT('',(3.73,0.314196721237166,1.55));
#1620=CARTESIAN_POINT('',(3.73,0.214196721237167,1.55));
#1621=CARTESIAN_POINT('',(3.63,0.314196721237167,-1.55));
#1622=CARTESIAN_POINT('',(3.63,0.314196721237167,1.55));
#1623=CARTESIAN_POINT('',(3.73,0.214196721237167,-1.55));
#1624=CARTESIAN_POINT('',(3.73,0.314196721237166,-1.55));
#1625=CARTESIAN_POINT('',(3.63,0.314196721237167,-1.55));
#1626=CARTESIAN_POINT('',(3.63,0.314196721237167,1.55));
#1627=CARTESIAN_POINT('',(2.7,0.314196721237167,1.55));
#1628=CARTESIAN_POINT('',(2.7,0.314196721237167,1.55));
#1629=CARTESIAN_POINT('',(2.7,0.314196721237167,-1.55));
#1630=CARTESIAN_POINT('',(2.7,0.314196721237167,-1.55));
#1631=CARTESIAN_POINT('',(3.63,0.314196721237167,-1.55));
#1632=CARTESIAN_POINT('',(2.7,0.314196721237167,1.55));
#1633=CARTESIAN_POINT('',(2.7,0.584196721237167,1.55));
#1634=CARTESIAN_POINT('',(2.7,0.584196721237167,1.55));
#1635=CARTESIAN_POINT('',(2.7,0.584196721237167,-1.55));
#1636=CARTESIAN_POINT('',(2.7,0.584196721237167,-1.55));
#1637=CARTESIAN_POINT('',(2.7,0.314196721237167,-1.55));
#1638=CARTESIAN_POINT('',(2.7,0.584196721237167,1.55));
#1639=CARTESIAN_POINT('',(3.85,0.584196721237167,1.55));
#1640=CARTESIAN_POINT('',(3.85,0.584196721237167,1.55));
#1641=CARTESIAN_POINT('',(3.85,0.584196721237167,-1.55));
#1642=CARTESIAN_POINT('',(3.85,0.584196721237167,-1.55));
#1643=CARTESIAN_POINT('',(2.7,0.584196721237167,-1.55));
#1644=CARTESIAN_POINT('',(3.85,0.584196721237167,1.55));
#1645=CARTESIAN_POINT('',(4.,0.584196721237167,1.55));
#1646=CARTESIAN_POINT('',(4.,0.434196721237167,1.55));
#1647=CARTESIAN_POINT('',(4.,0.434196721237167,1.55));
#1648=CARTESIAN_POINT('',(4.,0.434196721237167,-1.55));
#1649=CARTESIAN_POINT('',(4.,0.434196721237167,-1.55));
#1650=CARTESIAN_POINT('',(4.,0.584196721237167,-1.55));
#1651=CARTESIAN_POINT('',(3.85,0.584196721237167,-1.55));
#1652=CARTESIAN_POINT('',(4.,0.434196721237167,1.55));
#1653=CARTESIAN_POINT('',(4.,-0.615803278762833,1.55));
#1654=CARTESIAN_POINT('',(4.,-0.615803278762833,1.55));
#1655=CARTESIAN_POINT('',(4.,-0.615803278762833,-1.55));
#1656=CARTESIAN_POINT('',(4.,-0.615803278762833,-1.55));
#1657=CARTESIAN_POINT('',(4.,0.434196721237167,-1.55));
#1658=CARTESIAN_POINT('',(4.,-0.615803278762833,1.55));
#1659=CARTESIAN_POINT('',(4.,-0.765803278762833,1.55));
#1660=CARTESIAN_POINT('',(3.85,-0.765803278762833,1.55));
#1661=CARTESIAN_POINT('',(3.85,-0.765803278762833,1.55));
#1662=CARTESIAN_POINT('',(3.85,-0.765803278762833,-1.55));
#1663=CARTESIAN_POINT('',(3.85,-0.765803278762833,-1.55));
#1664=CARTESIAN_POINT('',(4.,-0.765803278762833,-1.55));
#1665=CARTESIAN_POINT('',(4.,-0.615803278762833,-1.55));
#1666=CARTESIAN_POINT('',(3.85,-0.765803278762833,1.55));
#1667=CARTESIAN_POINT('',(2.53,-0.765803278762833,1.55));
#1668=CARTESIAN_POINT('',(2.53,-0.765803278762833,-1.55));
#1669=CARTESIAN_POINT('',(3.85,-0.765803278762833,-1.55));
#1670=CARTESIAN_POINT('',(-2.7,-0.312923278762833,1.86012));
#1671=CARTESIAN_POINT('',(-4.32312,0.314196721237166,-1.86012));
#1672=CARTESIAN_POINT('',(-3.63,0.214196721237166,0.));
#1673=CARTESIAN_POINT('',(-3.73,-1.05692327876283,1.86012));
#1674=CARTESIAN_POINT('',(-3.63,-0.395803278762834,2.22044604925031E-16));
#1675=CARTESIAN_POINT('',(-2.41988,-0.495803278762834,-1.86012));
#1676=CARTESIAN_POINT('',(-2.53,-0.525803278762834,2.22044604925031E-16));
#1677=CARTESIAN_POINT('',(-2.5,-1.35692327876283,-1.86012));
#1678=CARTESIAN_POINT('',(-2.53,-0.735803278762834,2.22044604925031E-16));
#1679=CARTESIAN_POINT('',(-3.98212,-0.765803278762833,1.86012));
#1680=CARTESIAN_POINT('',(-3.85,-0.615803278762833,2.22044604925031E-16));
#1681=CARTESIAN_POINT('',(-4.,-0.720923278762833,-1.86012));
#1682=CARTESIAN_POINT('',(-3.85,0.434196721237167,2.22044604925031E-16));
#1683=CARTESIAN_POINT('',(-3.96512,0.584196721237167,-1.86012));
#1684=CARTESIAN_POINT('',(-2.34988,-0.900923278762834,-1.55));
#1685=CARTESIAN_POINT('',(-2.34988,-0.900923278762834,1.55));
#1686=CARTESIAN_POINT('',(-2.7,0.584196721237167,1.55));
#1687=CARTESIAN_POINT('',(-2.7,0.314196721237167,1.55));
#1688=CARTESIAN_POINT('',(-2.7,0.314196721237167,-1.55));
#1689=CARTESIAN_POINT('',(-2.7,0.584196721237167,-1.55));
#1690=CARTESIAN_POINT('',(-3.63,0.314196721237167,1.55));
#1691=CARTESIAN_POINT('',(-3.63,0.314196721237167,-1.55));
#1692=CARTESIAN_POINT('',(-3.73,0.214196721237167,1.55));
#1693=CARTESIAN_POINT('',(-3.73,0.214196721237167,-1.55));
#1694=CARTESIAN_POINT('',(-3.73,-0.395803278762833,1.55));
#1695=CARTESIAN_POINT('',(-3.73,-0.395803278762833,-1.55));
#1696=CARTESIAN_POINT('',(-3.63,-0.495803278762833,1.55));
#1697=CARTESIAN_POINT('',(-3.63,-0.495803278762833,-1.55));
#1698=CARTESIAN_POINT('',(-2.53,-0.495803278762834,1.55));
#1699=CARTESIAN_POINT('',(-2.53,-0.495803278762834,-1.55));
#1700=CARTESIAN_POINT('',(-2.5,-0.525803278762834,1.55));
#1701=CARTESIAN_POINT('',(-2.5,-0.525803278762834,-1.55));
#1702=CARTESIAN_POINT('',(-2.5,-0.735803278762833,1.55));
#1703=CARTESIAN_POINT('',(-2.5,-0.735803278762833,-1.55));
#1704=CARTESIAN_POINT('',(-2.53,-0.765803278762834,1.55));
#1705=CARTESIAN_POINT('',(-2.53,-0.765803278762834,-1.55));
#1706=CARTESIAN_POINT('',(-3.85,-0.765803278762833,1.55));
#1707=CARTESIAN_POINT('',(-3.85,-0.765803278762833,-1.55));
#1708=CARTESIAN_POINT('',(-4.,-0.615803278762833,1.55));
#1709=CARTESIAN_POINT('',(-4.,-0.615803278762833,-1.55));
#1710=CARTESIAN_POINT('',(-4.,0.434196721237167,1.55));
#1711=CARTESIAN_POINT('',(-4.,0.434196721237167,-1.55));
#1712=CARTESIAN_POINT('',(-3.85,0.584196721237167,1.55));
#1713=CARTESIAN_POINT('',(-3.85,0.584196721237167,-1.55));
#1714=CARTESIAN_POINT('',(-2.7,0.584196721237167,1.55));
#1715=CARTESIAN_POINT('',(-2.7,0.314196721237167,1.55));
#1716=CARTESIAN_POINT('',(-2.7,0.314196721237167,1.55));
#1717=CARTESIAN_POINT('',(-2.7,0.314196721237167,-1.55));
#1718=CARTESIAN_POINT('',(-2.7,0.314196721237167,-1.55));
#1719=CARTESIAN_POINT('',(-2.7,0.584196721237167,-1.55));
#1720=CARTESIAN_POINT('',(-2.7,0.584196721237167,-1.55));
#1721=CARTESIAN_POINT('',(-2.7,0.584196721237167,1.55));
#1722=CARTESIAN_POINT('',(-2.7,0.314196721237167,1.55));
#1723=CARTESIAN_POINT('',(-3.63,0.314196721237167,1.55));
#1724=CARTESIAN_POINT('',(-3.63,0.314196721237167,1.55));
#1725=CARTESIAN_POINT('',(-3.63,0.314196721237167,-1.55));
#1726=CARTESIAN_POINT('',(-3.63,0.314196721237167,-1.55));
#1727=CARTESIAN_POINT('',(-2.7,0.314196721237167,-1.55));
#1728=CARTESIAN_POINT('',(-3.73,0.214196721237167,1.55));
#1729=CARTESIAN_POINT('',(-3.73,0.314196721237167,1.55));
#1730=CARTESIAN_POINT('',(-3.63,0.314196721237167,1.55));
#1731=CARTESIAN_POINT('',(-3.73,0.214196721237167,-1.55));
#1732=CARTESIAN_POINT('',(-3.73,0.214196721237167,1.55));
#1733=CARTESIAN_POINT('',(-3.63,0.314196721237167,-1.55));
#1734=CARTESIAN_POINT('',(-3.73,0.314196721237167,-1.55));
#1735=CARTESIAN_POINT('',(-3.73,0.214196721237167,-1.55));
#1736=CARTESIAN_POINT('',(-3.73,0.214196721237167,1.55));
#1737=CARTESIAN_POINT('',(-3.73,-0.395803278762834,1.55));
#1738=CARTESIAN_POINT('',(-3.73,-0.395803278762834,1.55));
#1739=CARTESIAN_POINT('',(-3.73,-0.395803278762834,-1.55));
#1740=CARTESIAN_POINT('',(-3.73,-0.395803278762834,-1.55));
#1741=CARTESIAN_POINT('',(-3.73,0.214196721237167,-1.55));
#1742=CARTESIAN_POINT('',(-3.63,-0.495803278762834,1.55));
#1743=CARTESIAN_POINT('',(-3.73,-0.495803278762833,1.55));
#1744=CARTESIAN_POINT('',(-3.73,-0.395803278762834,1.55));
#1745=CARTESIAN_POINT('',(-3.63,-0.495803278762833,-1.55));
#1746=CARTESIAN_POINT('',(-3.63,-0.495803278762833,1.55));
#1747=CARTESIAN_POINT('',(-3.73,-0.395803278762834,-1.55));
#1748=CARTESIAN_POINT('',(-3.73,-0.495803278762833,-1.55));
#1749=CARTESIAN_POINT('',(-3.63,-0.495803278762834,-1.55));
#1750=CARTESIAN_POINT('',(-3.63,-0.495803278762833,1.55));
#1751=CARTESIAN_POINT('',(-2.53,-0.495803278762834,1.55));
#1752=CARTESIAN_POINT('',(-2.53,-0.495803278762834,1.55));
#1753=CARTESIAN_POINT('',(-2.53,-0.495803278762834,-1.55));
#1754=CARTESIAN_POINT('',(-2.53,-0.495803278762834,-1.55));
#1755=CARTESIAN_POINT('',(-3.63,-0.495803278762833,-1.55));
#1756=CARTESIAN_POINT('',(-2.53,-0.495803278762834,1.55));
#1757=CARTESIAN_POINT('',(-2.5,-0.495803278762834,1.55));
#1758=CARTESIAN_POINT('',(-2.5,-0.525803278762834,1.55));
#1759=CARTESIAN_POINT('',(-2.5,-0.525803278762834,1.55));
#1760=CARTESIAN_POINT('',(-2.5,-0.525803278762834,-1.55));
#1761=CARTESIAN_POINT('',(-2.5,-0.525803278762834,-1.55));
#1762=CARTESIAN_POINT('',(-2.5,-0.495803278762834,-1.55));
#1763=CARTESIAN_POINT('',(-2.53,-0.495803278762834,-1.55));
#1764=CARTESIAN_POINT('',(-2.5,-0.525803278762834,1.55));
#1765=CARTESIAN_POINT('',(-2.5,-0.735803278762833,1.55));
#1766=CARTESIAN_POINT('',(-2.5,-0.735803278762833,1.55));
#1767=CARTESIAN_POINT('',(-2.5,-0.735803278762833,-1.55));
#1768=CARTESIAN_POINT('',(-2.5,-0.735803278762833,-1.55));
#1769=CARTESIAN_POINT('',(-2.5,-0.525803278762834,-1.55));
#1770=CARTESIAN_POINT('',(-2.5,-0.735803278762833,1.55));
#1771=CARTESIAN_POINT('',(-2.5,-0.765803278762834,1.55));
#1772=CARTESIAN_POINT('',(-2.53,-0.765803278762834,1.55));
#1773=CARTESIAN_POINT('',(-2.53,-0.765803278762834,1.55));
#1774=CARTESIAN_POINT('',(-2.53,-0.765803278762834,-1.55));
#1775=CARTESIAN_POINT('',(-2.53,-0.765803278762834,-1.55));
#1776=CARTESIAN_POINT('',(-2.5,-0.765803278762834,-1.55));
#1777=CARTESIAN_POINT('',(-2.5,-0.735803278762833,-1.55));
#1778=CARTESIAN_POINT('',(-2.53,-0.765803278762834,1.55));
#1779=CARTESIAN_POINT('',(-3.85,-0.765803278762833,1.55));
#1780=CARTESIAN_POINT('',(-3.85,-0.765803278762833,1.55));
#1781=CARTESIAN_POINT('',(-3.85,-0.765803278762833,-1.55));
#1782=CARTESIAN_POINT('',(-3.85,-0.765803278762833,-1.55));
#1783=CARTESIAN_POINT('',(-2.53,-0.765803278762834,-1.55));
#1784=CARTESIAN_POINT('',(-3.85,-0.765803278762833,1.55));
#1785=CARTESIAN_POINT('',(-4.,-0.765803278762833,1.55));
#1786=CARTESIAN_POINT('',(-4.,-0.615803278762833,1.55));
#1787=CARTESIAN_POINT('',(-4.,-0.615803278762833,1.55));
#1788=CARTESIAN_POINT('',(-4.,-0.615803278762833,-1.55));
#1789=CARTESIAN_POINT('',(-4.,-0.615803278762833,-1.55));
#1790=CARTESIAN_POINT('',(-4.,-0.765803278762833,-1.55));
#1791=CARTESIAN_POINT('',(-3.85,-0.765803278762833,-1.55));
#1792=CARTESIAN_POINT('',(-4.,-0.615803278762833,1.55));
#1793=CARTESIAN_POINT('',(-4.,0.434196721237167,1.55));
#1794=CARTESIAN_POINT('',(-4.,0.434196721237167,1.55));
#1795=CARTESIAN_POINT('',(-4.,0.434196721237167,-1.55));
#1796=CARTESIAN_POINT('',(-4.,0.434196721237167,-1.55));
#1797=CARTESIAN_POINT('',(-4.,-0.615803278762833,-1.55));
#1798=CARTESIAN_POINT('',(-4.,0.434196721237167,1.55));
#1799=CARTESIAN_POINT('',(-4.,0.584196721237167,1.55));
#1800=CARTESIAN_POINT('',(-3.85,0.584196721237167,1.55));
#1801=CARTESIAN_POINT('',(-3.85,0.584196721237167,1.55));
#1802=CARTESIAN_POINT('',(-3.85,0.584196721237167,-1.55));
#1803=CARTESIAN_POINT('',(-3.85,0.584196721237167,-1.55));
#1804=CARTESIAN_POINT('',(-4.,0.584196721237167,-1.55));
#1805=CARTESIAN_POINT('',(-4.,0.434196721237167,-1.55));
#1806=CARTESIAN_POINT('',(-3.85,0.584196721237167,1.55));
#1807=CARTESIAN_POINT('',(-2.7,0.584196721237167,1.55));
#1808=CARTESIAN_POINT('',(-2.7,0.584196721237167,-1.55));
#1809=CARTESIAN_POINT('',(-3.85,0.584196721237167,-1.55));
#1810=CARTESIAN_POINT('',(0.,0.,0.));
#1811=CARTESIAN_POINT('',(-10.3382231337379,0.799209999113431,4.6));
#1812=CARTESIAN_POINT('',(0.,0.,0.));
#1813=CARTESIAN_POINT('',(-3.3517774114353,1.20717610972205,-3.58865667708182));
#1814=CARTESIAN_POINT('',(-4.12865667708182,1.20717610972205,2.9017774114353));
#1815=CARTESIAN_POINT('',(3.51348959675148,-0.109863949117744,-3.58865667708182));
#1816=CARTESIAN_POINT('',(-4.12865667708182,-0.109863949117743,-3.06348959675148));
#1817=CARTESIAN_POINT('',(-3.96697708690596,1.15,-3.42697708690596));
#1818=CARTESIAN_POINT('',(-3.56101190459985,0.697369260667374,-3.58839398173739));
#1819=CARTESIAN_POINT('',(-4.12839398173739,-1.31488178637719,-2.93496274981528));
#1820=CARTESIAN_POINT('',(3.35191681014239,-1.69259860523223,-3.58839398173739));
#1821=CARTESIAN_POINT('',(-4.12839398173739,0.119652441812327,3.06046823222177));
#1822=CARTESIAN_POINT('',(-2.56812,-1.25,-3.46291116018186));
#1823=CARTESIAN_POINT('',(2.2,-1.80412,-3.47760925565421));
#1824=CARTESIAN_POINT('',(3.46861556795386,-1.05,-3.48390843942808));
#1825=CARTESIAN_POINT('',(-2.08431314678838,-1.05,-3.48390843942808));
#1826=CARTESIAN_POINT('',(-2.2,-1.80412,3.47760925565422));
#1827=CARTESIAN_POINT('',(-3.3057142390883,1.09,4.44089209850063E-16));
#1828=CARTESIAN_POINT('',(-3.3057142390883,1.03,-2.8557142390883));
#1829=CARTESIAN_POINT('',(-3.3657142390883,1.03,-2.8557142390883));
#1830=CARTESIAN_POINT('',(-3.3657142390883,1.09,-2.8557142390883));
#1831=CARTESIAN_POINT('',(-3.3657142390883,1.15,-2.8557142390883));
#1832=CARTESIAN_POINT('',(-3.3057142390883,1.15,-2.8557142390883));
#1833=CARTESIAN_POINT('',(-3.3057142390883,1.03,-2.8557142390883));
#1834=CARTESIAN_POINT('',(-3.3657142390883,1.03,-2.7957142390883));
#1835=CARTESIAN_POINT('',(-3.3657142390883,1.09,-2.7957142390883));
#1836=CARTESIAN_POINT('',(-3.3657142390883,1.15,-2.7957142390883));
#1837=CARTESIAN_POINT('',(-3.3057142390883,1.15,-2.8557142390883));
#1838=CARTESIAN_POINT('',(-3.3057142390883,1.03,-2.8557142390883));
#1839=CARTESIAN_POINT('',(-3.3057142390883,1.03,-2.7957142390883));
#1840=CARTESIAN_POINT('',(-3.3057142390883,1.09,-2.7957142390883));
#1841=CARTESIAN_POINT('',(-3.3057142390883,1.15,-2.7957142390883));
#1842=CARTESIAN_POINT('',(-3.3057142390883,1.15,-2.8557142390883));
#1843=CARTESIAN_POINT('',(-3.3057142390883,1.03,-2.8557142390883));
#1844=CARTESIAN_POINT('',(-3.2457142390883,1.03,-2.7957142390883));
#1845=CARTESIAN_POINT('',(-3.2457142390883,1.09,-2.7957142390883));
#1846=CARTESIAN_POINT('',(-3.2457142390883,1.15,-2.7957142390883));
#1847=CARTESIAN_POINT('',(-3.3057142390883,1.15,-2.8557142390883));
#1848=CARTESIAN_POINT('',(-3.3057142390883,1.03,-2.8557142390883));
#1849=CARTESIAN_POINT('',(-3.2457142390883,1.03,-2.8557142390883));
#1850=CARTESIAN_POINT('',(-3.2457142390883,1.09,-2.8557142390883));
#1851=CARTESIAN_POINT('',(-3.2457142390883,1.15,-2.8557142390883));
#1852=CARTESIAN_POINT('',(-3.3057142390883,1.15,-2.8557142390883));
#1853=CARTESIAN_POINT('',(-3.3057142390883,1.03,-2.8557142390883));
#1854=CARTESIAN_POINT('',(-3.2457142390883,1.03,-2.9157142390883));
#1855=CARTESIAN_POINT('',(-3.2457142390883,1.09,-2.9157142390883));
#1856=CARTESIAN_POINT('',(-3.2457142390883,1.15,-2.9157142390883));
#1857=CARTESIAN_POINT('',(-3.3057142390883,1.15,-2.8557142390883));
#1858=CARTESIAN_POINT('',(-3.3057142390883,1.03,-2.8557142390883));
#1859=CARTESIAN_POINT('',(-3.3057142390883,1.03,-2.9157142390883));
#1860=CARTESIAN_POINT('',(-3.3057142390883,1.09,-2.9157142390883));
#1861=CARTESIAN_POINT('',(-3.3057142390883,1.15,-2.9157142390883));
#1862=CARTESIAN_POINT('',(-3.3057142390883,1.15,-2.8557142390883));
#1863=CARTESIAN_POINT('',(-3.3057142390883,1.03,-2.8557142390883));
#1864=CARTESIAN_POINT('',(-3.3657142390883,1.03,-2.9157142390883));
#1865=CARTESIAN_POINT('',(-3.3657142390883,1.09,-2.9157142390883));
#1866=CARTESIAN_POINT('',(-3.3657142390883,1.15,-2.9157142390883));
#1867=CARTESIAN_POINT('',(-3.3057142390883,1.15,-2.8557142390883));
#1868=CARTESIAN_POINT('',(-3.3057142390883,1.03,-2.8557142390883));
#1869=CARTESIAN_POINT('',(-3.3657142390883,1.03,-2.8557142390883));
#1870=CARTESIAN_POINT('',(-3.3657142390883,1.09,-2.8557142390883));
#1871=CARTESIAN_POINT('',(-3.3657142390883,1.15,-2.8557142390883));
#1872=CARTESIAN_POINT('',(-3.3057142390883,1.15,-2.8557142390883));
#1873=CARTESIAN_POINT('',(-3.3057142390883,1.03,2.8557142390883));
#1874=CARTESIAN_POINT('',(-3.3657142390883,1.03,2.8557142390883));
#1875=CARTESIAN_POINT('',(-3.3657142390883,1.09,2.8557142390883));
#1876=CARTESIAN_POINT('',(-3.3657142390883,1.15,2.8557142390883));
#1877=CARTESIAN_POINT('',(-3.3057142390883,1.15,2.8557142390883));
#1878=CARTESIAN_POINT('',(-3.3057142390883,1.03,2.8557142390883));
#1879=CARTESIAN_POINT('',(-3.3657142390883,1.03,2.9157142390883));
#1880=CARTESIAN_POINT('',(-3.3657142390883,1.09,2.9157142390883));
#1881=CARTESIAN_POINT('',(-3.3657142390883,1.15,2.9157142390883));
#1882=CARTESIAN_POINT('',(-3.3057142390883,1.15,2.8557142390883));
#1883=CARTESIAN_POINT('',(-3.3057142390883,1.03,2.8557142390883));
#1884=CARTESIAN_POINT('',(-3.3057142390883,1.03,2.9157142390883));
#1885=CARTESIAN_POINT('',(-3.3057142390883,1.09,2.9157142390883));
#1886=CARTESIAN_POINT('',(-3.3057142390883,1.15,2.9157142390883));
#1887=CARTESIAN_POINT('',(-3.3057142390883,1.15,2.8557142390883));
#1888=CARTESIAN_POINT('',(-3.3057142390883,1.03,2.8557142390883));
#1889=CARTESIAN_POINT('',(-3.2457142390883,1.03,2.9157142390883));
#1890=CARTESIAN_POINT('',(-3.2457142390883,1.09,2.9157142390883));
#1891=CARTESIAN_POINT('',(-3.2457142390883,1.15,2.9157142390883));
#1892=CARTESIAN_POINT('',(-3.3057142390883,1.15,2.8557142390883));
#1893=CARTESIAN_POINT('',(-3.3057142390883,1.03,2.8557142390883));
#1894=CARTESIAN_POINT('',(-3.2457142390883,1.03,2.8557142390883));
#1895=CARTESIAN_POINT('',(-3.2457142390883,1.09,2.8557142390883));
#1896=CARTESIAN_POINT('',(-3.2457142390883,1.15,2.8557142390883));
#1897=CARTESIAN_POINT('',(-3.3057142390883,1.15,2.8557142390883));
#1898=CARTESIAN_POINT('',(-3.3057142390883,1.03,2.8557142390883));
#1899=CARTESIAN_POINT('',(-3.2457142390883,1.03,2.7957142390883));
#1900=CARTESIAN_POINT('',(-3.2457142390883,1.09,2.7957142390883));
#1901=CARTESIAN_POINT('',(-3.2457142390883,1.15,2.7957142390883));
#1902=CARTESIAN_POINT('',(-3.3057142390883,1.15,2.8557142390883));
#1903=CARTESIAN_POINT('',(-3.3057142390883,1.03,2.8557142390883));
#1904=CARTESIAN_POINT('',(-3.3057142390883,1.03,2.7957142390883));
#1905=CARTESIAN_POINT('',(-3.3057142390883,1.09,2.7957142390883));
#1906=CARTESIAN_POINT('',(-3.3057142390883,1.15,2.7957142390883));
#1907=CARTESIAN_POINT('',(-3.3057142390883,1.15,2.8557142390883));
#1908=CARTESIAN_POINT('',(-3.3057142390883,1.03,2.8557142390883));
#1909=CARTESIAN_POINT('',(-3.3657142390883,1.03,2.7957142390883));
#1910=CARTESIAN_POINT('',(-3.3657142390883,1.09,2.7957142390883));
#1911=CARTESIAN_POINT('',(-3.3657142390883,1.15,2.7957142390883));
#1912=CARTESIAN_POINT('',(-3.3057142390883,1.15,2.8557142390883));
#1913=CARTESIAN_POINT('',(-3.3057142390883,1.03,2.8557142390883));
#1914=CARTESIAN_POINT('',(-3.3657142390883,1.03,2.8557142390883));
#1915=CARTESIAN_POINT('',(-3.3657142390883,1.09,2.8557142390883));
#1916=CARTESIAN_POINT('',(-3.3657142390883,1.15,2.8557142390883));
#1917=CARTESIAN_POINT('',(-3.3057142390883,1.15,2.8557142390883));
#1918=CARTESIAN_POINT('',(0.,1.09,-2.8557142390883));
#1919=CARTESIAN_POINT('',(-3.37265771900318,0.54478910847907,-2.92265771900318));
#1920=CARTESIAN_POINT('',(-3.37265771900318,0.54478910847907,2.92265771900318));
#1921=CARTESIAN_POINT('',(8.88178419700125E-16,1.09,2.8557142390883));
#1922=CARTESIAN_POINT('',(3.3057142390883,1.09,-4.44089209850063E-16));
#1923=CARTESIAN_POINT('',(3.3057142390883,1.03,-2.8557142390883));
#1924=CARTESIAN_POINT('',(3.3657142390883,1.03,-2.8557142390883));
#1925=CARTESIAN_POINT('',(3.3657142390883,1.09,-2.8557142390883));
#1926=CARTESIAN_POINT('',(3.3657142390883,1.15,-2.8557142390883));
#1927=CARTESIAN_POINT('',(3.3057142390883,1.15,-2.8557142390883));
#1928=CARTESIAN_POINT('',(3.3057142390883,1.03,-2.8557142390883));
#1929=CARTESIAN_POINT('',(3.3657142390883,1.03,-2.9157142390883));
#1930=CARTESIAN_POINT('',(3.3657142390883,1.09,-2.9157142390883));
#1931=CARTESIAN_POINT('',(3.3657142390883,1.15,-2.9157142390883));
#1932=CARTESIAN_POINT('',(3.3057142390883,1.15,-2.8557142390883));
#1933=CARTESIAN_POINT('',(3.3057142390883,1.03,-2.8557142390883));
#1934=CARTESIAN_POINT('',(3.3057142390883,1.03,-2.9157142390883));
#1935=CARTESIAN_POINT('',(3.3057142390883,1.09,-2.9157142390883));
#1936=CARTESIAN_POINT('',(3.3057142390883,1.15,-2.9157142390883));
#1937=CARTESIAN_POINT('',(3.3057142390883,1.15,-2.8557142390883));
#1938=CARTESIAN_POINT('',(3.3057142390883,1.03,-2.8557142390883));
#1939=CARTESIAN_POINT('',(3.2457142390883,1.03,-2.9157142390883));
#1940=CARTESIAN_POINT('',(3.2457142390883,1.09,-2.9157142390883));
#1941=CARTESIAN_POINT('',(3.2457142390883,1.15,-2.9157142390883));
#1942=CARTESIAN_POINT('',(3.3057142390883,1.15,-2.8557142390883));
#1943=CARTESIAN_POINT('',(3.3057142390883,1.03,-2.8557142390883));
#1944=CARTESIAN_POINT('',(3.2457142390883,1.03,-2.8557142390883));
#1945=CARTESIAN_POINT('',(3.2457142390883,1.09,-2.8557142390883));
#1946=CARTESIAN_POINT('',(3.2457142390883,1.15,-2.8557142390883));
#1947=CARTESIAN_POINT('',(3.3057142390883,1.15,-2.8557142390883));
#1948=CARTESIAN_POINT('',(3.3057142390883,1.03,-2.8557142390883));
#1949=CARTESIAN_POINT('',(3.2457142390883,1.03,-2.7957142390883));
#1950=CARTESIAN_POINT('',(3.2457142390883,1.09,-2.7957142390883));
#1951=CARTESIAN_POINT('',(3.2457142390883,1.15,-2.7957142390883));
#1952=CARTESIAN_POINT('',(3.3057142390883,1.15,-2.8557142390883));
#1953=CARTESIAN_POINT('',(3.3057142390883,1.03,-2.8557142390883));
#1954=CARTESIAN_POINT('',(3.3057142390883,1.03,-2.7957142390883));
#1955=CARTESIAN_POINT('',(3.3057142390883,1.09,-2.7957142390883));
#1956=CARTESIAN_POINT('',(3.3057142390883,1.15,-2.7957142390883));
#1957=CARTESIAN_POINT('',(3.3057142390883,1.15,-2.8557142390883));
#1958=CARTESIAN_POINT('',(3.3057142390883,1.03,-2.8557142390883));
#1959=CARTESIAN_POINT('',(3.3657142390883,1.03,-2.7957142390883));
#1960=CARTESIAN_POINT('',(3.3657142390883,1.09,-2.7957142390883));
#1961=CARTESIAN_POINT('',(3.3657142390883,1.15,-2.7957142390883));
#1962=CARTESIAN_POINT('',(3.3057142390883,1.15,-2.8557142390883));
#1963=CARTESIAN_POINT('',(3.3057142390883,1.03,-2.8557142390883));
#1964=CARTESIAN_POINT('',(3.3657142390883,1.03,-2.8557142390883));
#1965=CARTESIAN_POINT('',(3.3657142390883,1.09,-2.8557142390883));
#1966=CARTESIAN_POINT('',(3.3657142390883,1.15,-2.8557142390883));
#1967=CARTESIAN_POINT('',(3.3057142390883,1.15,-2.8557142390883));
#1968=CARTESIAN_POINT('',(-3.39649676977015,-0.494624540291729,-2.94649676977015));
#1969=CARTESIAN_POINT('',(-3.35315703285673,-0.990000000000001,0.));
#1970=CARTESIAN_POINT('',(-3.39649676977015,-0.49462454029173,2.94649676977015));
#1971=CARTESIAN_POINT('',(3.3057142390883,1.03,2.8557142390883));
#1972=CARTESIAN_POINT('',(3.3057142390883,1.03,2.7957142390883));
#1973=CARTESIAN_POINT('',(3.3057142390883,1.09,2.7957142390883));
#1974=CARTESIAN_POINT('',(3.3057142390883,1.15,2.7957142390883));
#1975=CARTESIAN_POINT('',(3.3057142390883,1.15,2.8557142390883));
#1976=CARTESIAN_POINT('',(3.3057142390883,1.03,2.8557142390883));
#1977=CARTESIAN_POINT('',(3.2457142390883,1.03,2.7957142390883));
#1978=CARTESIAN_POINT('',(3.2457142390883,1.09,2.7957142390883));
#1979=CARTESIAN_POINT('',(3.2457142390883,1.15,2.7957142390883));
#1980=CARTESIAN_POINT('',(3.3057142390883,1.15,2.8557142390883));
#1981=CARTESIAN_POINT('',(3.3057142390883,1.03,2.8557142390883));
#1982=CARTESIAN_POINT('',(3.2457142390883,1.03,2.8557142390883));
#1983=CARTESIAN_POINT('',(3.2457142390883,1.09,2.8557142390883));
#1984=CARTESIAN_POINT('',(3.2457142390883,1.15,2.8557142390883));
#1985=CARTESIAN_POINT('',(3.3057142390883,1.15,2.8557142390883));
#1986=CARTESIAN_POINT('',(3.3057142390883,1.03,2.8557142390883));
#1987=CARTESIAN_POINT('',(3.2457142390883,1.03,2.9157142390883));
#1988=CARTESIAN_POINT('',(3.2457142390883,1.09,2.9157142390883));
#1989=CARTESIAN_POINT('',(3.2457142390883,1.15,2.9157142390883));
#1990=CARTESIAN_POINT('',(3.3057142390883,1.15,2.8557142390883));
#1991=CARTESIAN_POINT('',(3.3057142390883,1.03,2.8557142390883));
#1992=CARTESIAN_POINT('',(3.3057142390883,1.03,2.9157142390883));
#1993=CARTESIAN_POINT('',(3.3057142390883,1.09,2.9157142390883));
#1994=CARTESIAN_POINT('',(3.3057142390883,1.15,2.9157142390883));
#1995=CARTESIAN_POINT('',(3.3057142390883,1.15,2.8557142390883));
#1996=CARTESIAN_POINT('',(3.3057142390883,1.03,2.8557142390883));
#1997=CARTESIAN_POINT('',(3.3657142390883,1.03,2.9157142390883));
#1998=CARTESIAN_POINT('',(3.3657142390883,1.09,2.9157142390883));
#1999=CARTESIAN_POINT('',(3.3657142390883,1.15,2.9157142390883));
#2000=CARTESIAN_POINT('',(3.3057142390883,1.15,2.8557142390883));
#2001=CARTESIAN_POINT('',(3.3057142390883,1.03,2.8557142390883));
#2002=CARTESIAN_POINT('',(3.3657142390883,1.03,2.8557142390883));
#2003=CARTESIAN_POINT('',(3.3657142390883,1.09,2.8557142390883));
#2004=CARTESIAN_POINT('',(3.3657142390883,1.15,2.8557142390883));
#2005=CARTESIAN_POINT('',(3.3057142390883,1.15,2.8557142390883));
#2006=CARTESIAN_POINT('',(3.3057142390883,1.03,2.8557142390883));
#2007=CARTESIAN_POINT('',(3.3657142390883,1.03,2.7957142390883));
#2008=CARTESIAN_POINT('',(3.3657142390883,1.09,2.7957142390883));
#2009=CARTESIAN_POINT('',(3.3657142390883,1.15,2.7957142390883));
#2010=CARTESIAN_POINT('',(3.3057142390883,1.15,2.8557142390883));
#2011=CARTESIAN_POINT('',(3.3057142390883,1.03,2.8557142390883));
#2012=CARTESIAN_POINT('',(3.3057142390883,1.03,2.7957142390883));
#2013=CARTESIAN_POINT('',(3.3057142390883,1.09,2.7957142390883));
#2014=CARTESIAN_POINT('',(3.3057142390883,1.15,2.7957142390883));
#2015=CARTESIAN_POINT('',(3.3057142390883,1.15,2.8557142390883));
#2016=CARTESIAN_POINT('',(3.37265771900318,0.54478910847907,-2.92265771900318));
#2017=CARTESIAN_POINT('',(-3.35315703285673,-1.05,-2.90315703285673));
#2018=CARTESIAN_POINT('',(-3.41315703285673,-1.05,-2.90315703285673));
#2019=CARTESIAN_POINT('',(-3.41315703285673,-0.990000000000001,-2.90315703285673));
#2020=CARTESIAN_POINT('',(-3.41315703285673,-0.930000000000001,-2.90315703285673));
#2021=CARTESIAN_POINT('',(-3.35315703285673,-0.930000000000001,-2.90315703285673));
#2022=CARTESIAN_POINT('',(-3.35315703285673,-1.05,-2.90315703285673));
#2023=CARTESIAN_POINT('',(-3.41315703285673,-1.05,-2.84315703285673));
#2024=CARTESIAN_POINT('',(-3.41315703285673,-0.990000000000001,-2.84315703285673));
#2025=CARTESIAN_POINT('',(-3.41315703285673,-0.930000000000001,-2.84315703285673));
#2026=CARTESIAN_POINT('',(-3.35315703285673,-0.930000000000001,-2.90315703285673));
#2027=CARTESIAN_POINT('',(-3.35315703285673,-1.05,-2.90315703285673));
#2028=CARTESIAN_POINT('',(-3.35315703285673,-1.05,-2.84315703285673));
#2029=CARTESIAN_POINT('',(-3.35315703285673,-0.990000000000001,-2.84315703285673));
#2030=CARTESIAN_POINT('',(-3.35315703285673,-0.930000000000001,-2.84315703285673));
#2031=CARTESIAN_POINT('',(-3.35315703285673,-0.930000000000001,-2.90315703285673));
#2032=CARTESIAN_POINT('',(-3.35315703285673,-1.05,-2.90315703285673));
#2033=CARTESIAN_POINT('',(-3.29315703285673,-1.05,-2.84315703285673));
#2034=CARTESIAN_POINT('',(-3.29315703285673,-0.990000000000001,-2.84315703285673));
#2035=CARTESIAN_POINT('',(-3.29315703285673,-0.930000000000001,-2.84315703285673));
#2036=CARTESIAN_POINT('',(-3.35315703285673,-0.930000000000001,-2.90315703285673));
#2037=CARTESIAN_POINT('',(-3.35315703285673,-1.05,-2.90315703285673));
#2038=CARTESIAN_POINT('',(-3.29315703285673,-1.05,-2.90315703285673));
#2039=CARTESIAN_POINT('',(-3.29315703285673,-0.990000000000001,-2.90315703285673));
#2040=CARTESIAN_POINT('',(-3.29315703285673,-0.930000000000001,-2.90315703285673));
#2041=CARTESIAN_POINT('',(-3.35315703285673,-0.930000000000001,-2.90315703285673));
#2042=CARTESIAN_POINT('',(-3.35315703285673,-1.05,-2.90315703285673));
#2043=CARTESIAN_POINT('',(-3.29315703285673,-1.05,-2.96315703285673));
#2044=CARTESIAN_POINT('',(-3.29315703285673,-0.990000000000001,-2.96315703285673));
#2045=CARTESIAN_POINT('',(-3.29315703285673,-0.930000000000001,-2.96315703285673));
#2046=CARTESIAN_POINT('',(-3.35315703285673,-0.930000000000001,-2.90315703285673));
#2047=CARTESIAN_POINT('',(-3.35315703285673,-1.05,-2.90315703285673));
#2048=CARTESIAN_POINT('',(-3.35315703285673,-1.05,-2.96315703285673));
#2049=CARTESIAN_POINT('',(-3.35315703285673,-0.990000000000001,-2.96315703285673));
#2050=CARTESIAN_POINT('',(-3.35315703285673,-0.930000000000001,-2.96315703285673));
#2051=CARTESIAN_POINT('',(-3.35315703285673,-0.930000000000001,-2.90315703285673));
#2052=CARTESIAN_POINT('',(-3.35315703285673,-1.05,-2.90315703285673));
#2053=CARTESIAN_POINT('',(-3.41315703285673,-1.05,-2.96315703285673));
#2054=CARTESIAN_POINT('',(-3.41315703285673,-0.990000000000001,-2.96315703285673));
#2055=CARTESIAN_POINT('',(-3.41315703285673,-0.930000000000001,-2.96315703285673));
#2056=CARTESIAN_POINT('',(-3.35315703285673,-0.930000000000001,-2.90315703285673));
#2057=CARTESIAN_POINT('',(-3.35315703285673,-1.05,-2.90315703285673));
#2058=CARTESIAN_POINT('',(-3.41315703285673,-1.05,-2.90315703285673));
#2059=CARTESIAN_POINT('',(-3.41315703285673,-0.990000000000001,-2.90315703285673));
#2060=CARTESIAN_POINT('',(-3.41315703285673,-0.930000000000001,-2.90315703285673));
#2061=CARTESIAN_POINT('',(-3.35315703285673,-0.930000000000001,-2.90315703285673));
#2062=CARTESIAN_POINT('',(-3.35315703285673,-1.05,2.90315703285673));
#2063=CARTESIAN_POINT('',(-3.29315703285673,-1.05,2.90315703285673));
#2064=CARTESIAN_POINT('',(-3.29315703285673,-0.990000000000001,2.90315703285673));
#2065=CARTESIAN_POINT('',(-3.29315703285673,-0.930000000000001,2.90315703285673));
#2066=CARTESIAN_POINT('',(-3.35315703285673,-0.930000000000001,2.90315703285673));
#2067=CARTESIAN_POINT('',(-3.35315703285673,-1.05,2.90315703285673));
#2068=CARTESIAN_POINT('',(-3.29315703285673,-1.05,2.84315703285673));
#2069=CARTESIAN_POINT('',(-3.29315703285673,-0.990000000000001,2.84315703285673));
#2070=CARTESIAN_POINT('',(-3.29315703285673,-0.930000000000001,2.84315703285673));
#2071=CARTESIAN_POINT('',(-3.35315703285673,-0.930000000000001,2.90315703285673));
#2072=CARTESIAN_POINT('',(-3.35315703285673,-1.05,2.90315703285673));
#2073=CARTESIAN_POINT('',(-3.35315703285673,-1.05,2.84315703285673));
#2074=CARTESIAN_POINT('',(-3.35315703285673,-0.990000000000001,2.84315703285673));
#2075=CARTESIAN_POINT('',(-3.35315703285673,-0.930000000000001,2.84315703285673));
#2076=CARTESIAN_POINT('',(-3.35315703285673,-0.930000000000001,2.90315703285673));
#2077=CARTESIAN_POINT('',(-3.35315703285673,-1.05,2.90315703285673));
#2078=CARTESIAN_POINT('',(-3.41315703285673,-1.05,2.84315703285673));
#2079=CARTESIAN_POINT('',(-3.41315703285673,-0.990000000000001,2.84315703285673));
#2080=CARTESIAN_POINT('',(-3.41315703285673,-0.930000000000001,2.84315703285673));
#2081=CARTESIAN_POINT('',(-3.35315703285673,-0.930000000000001,2.90315703285673));
#2082=CARTESIAN_POINT('',(-3.35315703285673,-1.05,2.90315703285673));
#2083=CARTESIAN_POINT('',(-3.41315703285673,-1.05,2.90315703285673));
#2084=CARTESIAN_POINT('',(-3.41315703285673,-0.990000000000001,2.90315703285673));
#2085=CARTESIAN_POINT('',(-3.41315703285673,-0.930000000000001,2.90315703285673));
#2086=CARTESIAN_POINT('',(-3.35315703285673,-0.930000000000001,2.90315703285673));
#2087=CARTESIAN_POINT('',(-3.35315703285673,-1.05,2.90315703285673));
#2088=CARTESIAN_POINT('',(-3.41315703285673,-1.05,2.96315703285673));
#2089=CARTESIAN_POINT('',(-3.41315703285673,-0.990000000000001,2.96315703285673));
#2090=CARTESIAN_POINT('',(-3.41315703285673,-0.930000000000001,2.96315703285673));
#2091=CARTESIAN_POINT('',(-3.35315703285673,-0.930000000000001,2.90315703285673));
#2092=CARTESIAN_POINT('',(-3.35315703285673,-1.05,2.90315703285673));
#2093=CARTESIAN_POINT('',(-3.35315703285673,-1.05,2.96315703285673));
#2094=CARTESIAN_POINT('',(-3.35315703285673,-0.990000000000001,2.96315703285673));
#2095=CARTESIAN_POINT('',(-3.35315703285673,-0.930000000000001,2.96315703285673));
#2096=CARTESIAN_POINT('',(-3.35315703285673,-0.930000000000001,2.90315703285673));
#2097=CARTESIAN_POINT('',(-3.35315703285673,-1.05,2.90315703285673));
#2098=CARTESIAN_POINT('',(-3.29315703285673,-1.05,2.96315703285673));
#2099=CARTESIAN_POINT('',(-3.29315703285673,-0.990000000000001,2.96315703285673));
#2100=CARTESIAN_POINT('',(-3.29315703285673,-0.930000000000001,2.96315703285673));
#2101=CARTESIAN_POINT('',(-3.35315703285673,-0.930000000000001,2.90315703285673));
#2102=CARTESIAN_POINT('',(-3.35315703285673,-1.05,2.90315703285673));
#2103=CARTESIAN_POINT('',(-3.29315703285673,-1.05,2.90315703285673));
#2104=CARTESIAN_POINT('',(-3.29315703285673,-0.990000000000001,2.90315703285673));
#2105=CARTESIAN_POINT('',(-3.29315703285673,-0.930000000000001,2.90315703285673));
#2106=CARTESIAN_POINT('',(-3.35315703285673,-0.930000000000001,2.90315703285673));
#2107=CARTESIAN_POINT('',(3.37265771900318,0.54478910847907,2.92265771900318));
#2108=CARTESIAN_POINT('',(3.39649676977015,-0.494624540291729,-2.94649676977015));
#2109=CARTESIAN_POINT('',(-2.74657851642837,-0.990000000000001,-2.90315703285673));
#2110=CARTESIAN_POINT('',(-2.74657851642837,-0.990000000000001,2.90315703285673));
#2111=CARTESIAN_POINT('',(3.39649676977015,-0.494624540291729,2.94649676977015));
#2112=CARTESIAN_POINT('',(3.35315703285674,-0.99,0.));
#2113=CARTESIAN_POINT('',(3.35315703285673,-1.05,-2.90315703285673));
#2114=CARTESIAN_POINT('',(3.41315703285673,-1.05,-2.90315703285673));
#2115=CARTESIAN_POINT('',(3.41315703285673,-0.99,-2.90315703285673));
#2116=CARTESIAN_POINT('',(3.41315703285673,-0.93,-2.90315703285673));
#2117=CARTESIAN_POINT('',(3.35315703285673,-0.93,-2.90315703285673));
#2118=CARTESIAN_POINT('',(3.35315703285673,-1.05,-2.90315703285673));
#2119=CARTESIAN_POINT('',(3.41315703285673,-1.05,-2.96315703285673));
#2120=CARTESIAN_POINT('',(3.41315703285673,-0.99,-2.96315703285673));
#2121=CARTESIAN_POINT('',(3.41315703285673,-0.93,-2.96315703285673));
#2122=CARTESIAN_POINT('',(3.35315703285673,-0.93,-2.90315703285673));
#2123=CARTESIAN_POINT('',(3.35315703285673,-1.05,-2.90315703285673));
#2124=CARTESIAN_POINT('',(3.35315703285673,-1.05,-2.96315703285673));
#2125=CARTESIAN_POINT('',(3.35315703285673,-0.99,-2.96315703285673));
#2126=CARTESIAN_POINT('',(3.35315703285673,-0.93,-2.96315703285673));
#2127=CARTESIAN_POINT('',(3.35315703285673,-0.93,-2.90315703285673));
#2128=CARTESIAN_POINT('',(3.35315703285673,-1.05,-2.90315703285673));
#2129=CARTESIAN_POINT('',(3.29315703285673,-1.05,-2.96315703285673));
#2130=CARTESIAN_POINT('',(3.29315703285673,-0.99,-2.96315703285673));
#2131=CARTESIAN_POINT('',(3.29315703285673,-0.93,-2.96315703285673));
#2132=CARTESIAN_POINT('',(3.35315703285673,-0.93,-2.90315703285673));
#2133=CARTESIAN_POINT('',(3.35315703285673,-1.05,-2.90315703285673));
#2134=CARTESIAN_POINT('',(3.29315703285673,-1.05,-2.90315703285673));
#2135=CARTESIAN_POINT('',(3.29315703285673,-0.99,-2.90315703285673));
#2136=CARTESIAN_POINT('',(3.29315703285673,-0.93,-2.90315703285673));
#2137=CARTESIAN_POINT('',(3.35315703285673,-0.93,-2.90315703285673));
#2138=CARTESIAN_POINT('',(3.35315703285673,-1.05,-2.90315703285673));
#2139=CARTESIAN_POINT('',(3.29315703285673,-1.05,-2.84315703285673));
#2140=CARTESIAN_POINT('',(3.29315703285673,-0.99,-2.84315703285673));
#2141=CARTESIAN_POINT('',(3.29315703285673,-0.93,-2.84315703285673));
#2142=CARTESIAN_POINT('',(3.35315703285673,-0.93,-2.90315703285673));
#2143=CARTESIAN_POINT('',(3.35315703285673,-1.05,-2.90315703285673));
#2144=CARTESIAN_POINT('',(3.35315703285673,-1.05,-2.84315703285673));
#2145=CARTESIAN_POINT('',(3.35315703285673,-0.99,-2.84315703285673));
#2146=CARTESIAN_POINT('',(3.35315703285673,-0.93,-2.84315703285673));
#2147=CARTESIAN_POINT('',(3.35315703285673,-0.93,-2.90315703285673));
#2148=CARTESIAN_POINT('',(3.35315703285673,-1.05,-2.90315703285673));
#2149=CARTESIAN_POINT('',(3.41315703285673,-1.05,-2.84315703285673));
#2150=CARTESIAN_POINT('',(3.41315703285673,-0.99,-2.84315703285673));
#2151=CARTESIAN_POINT('',(3.41315703285673,-0.93,-2.84315703285673));
#2152=CARTESIAN_POINT('',(3.35315703285673,-0.93,-2.90315703285673));
#2153=CARTESIAN_POINT('',(3.35315703285673,-1.05,-2.90315703285673));
#2154=CARTESIAN_POINT('',(3.41315703285673,-1.05,-2.90315703285673));
#2155=CARTESIAN_POINT('',(3.41315703285673,-0.99,-2.90315703285673));
#2156=CARTESIAN_POINT('',(3.41315703285673,-0.93,-2.90315703285673));
#2157=CARTESIAN_POINT('',(3.35315703285673,-0.93,-2.90315703285673));
#2158=CARTESIAN_POINT('',(-2.14,-1.09259481090888,-2.89418114996562));
#2159=CARTESIAN_POINT('',(-2.14,-1.19,8.88178419700125E-16));
#2160=CARTESIAN_POINT('',(-2.14,-1.09259481090888,2.89418114996562));
#2161=CARTESIAN_POINT('',(3.35315703285674,-1.05,2.90315703285673));
#2162=CARTESIAN_POINT('',(3.41315703285674,-1.05,2.90315703285673));
#2163=CARTESIAN_POINT('',(3.41315703285674,-0.99,2.90315703285673));
#2164=CARTESIAN_POINT('',(3.41315703285674,-0.93,2.90315703285673));
#2165=CARTESIAN_POINT('',(3.35315703285674,-0.93,2.90315703285673));
#2166=CARTESIAN_POINT('',(3.35315703285674,-1.05,2.90315703285673));
#2167=CARTESIAN_POINT('',(3.41315703285674,-1.05,2.84315703285673));
#2168=CARTESIAN_POINT('',(3.41315703285674,-0.99,2.84315703285673));
#2169=CARTESIAN_POINT('',(3.41315703285674,-0.93,2.84315703285673));
#2170=CARTESIAN_POINT('',(3.35315703285674,-0.93,2.90315703285673));
#2171=CARTESIAN_POINT('',(3.35315703285674,-1.05,2.90315703285673));
#2172=CARTESIAN_POINT('',(3.35315703285674,-1.05,2.84315703285673));
#2173=CARTESIAN_POINT('',(3.35315703285674,-0.99,2.84315703285673));
#2174=CARTESIAN_POINT('',(3.35315703285674,-0.93,2.84315703285673));
#2175=CARTESIAN_POINT('',(3.35315703285674,-0.93,2.90315703285673));
#2176=CARTESIAN_POINT('',(3.35315703285674,-1.05,2.90315703285673));
#2177=CARTESIAN_POINT('',(3.29315703285674,-1.05,2.84315703285673));
#2178=CARTESIAN_POINT('',(3.29315703285674,-0.99,2.84315703285673));
#2179=CARTESIAN_POINT('',(3.29315703285674,-0.93,2.84315703285673));
#2180=CARTESIAN_POINT('',(3.35315703285674,-0.93,2.90315703285673));
#2181=CARTESIAN_POINT('',(3.35315703285674,-1.05,2.90315703285673));
#2182=CARTESIAN_POINT('',(3.29315703285674,-1.05,2.90315703285673));
#2183=CARTESIAN_POINT('',(3.29315703285674,-0.99,2.90315703285673));
#2184=CARTESIAN_POINT('',(3.29315703285674,-0.93,2.90315703285673));
#2185=CARTESIAN_POINT('',(3.35315703285674,-0.93,2.90315703285673));
#2186=CARTESIAN_POINT('',(3.35315703285674,-1.05,2.90315703285673));
#2187=CARTESIAN_POINT('',(3.29315703285674,-1.05,2.96315703285673));
#2188=CARTESIAN_POINT('',(3.29315703285674,-0.99,2.96315703285673));
#2189=CARTESIAN_POINT('',(3.29315703285674,-0.93,2.96315703285673));
#2190=CARTESIAN_POINT('',(3.35315703285674,-0.93,2.90315703285673));
#2191=CARTESIAN_POINT('',(3.35315703285674,-1.05,2.90315703285673));
#2192=CARTESIAN_POINT('',(3.35315703285674,-1.05,2.96315703285673));
#2193=CARTESIAN_POINT('',(3.35315703285674,-0.99,2.96315703285673));
#2194=CARTESIAN_POINT('',(3.35315703285674,-0.93,2.96315703285673));
#2195=CARTESIAN_POINT('',(3.35315703285674,-0.93,2.90315703285673));
#2196=CARTESIAN_POINT('',(3.35315703285674,-1.05,2.90315703285673));
#2197=CARTESIAN_POINT('',(3.41315703285674,-1.05,2.96315703285673));
#2198=CARTESIAN_POINT('',(3.41315703285674,-0.99,2.96315703285673));
#2199=CARTESIAN_POINT('',(3.41315703285674,-0.93,2.96315703285673));
#2200=CARTESIAN_POINT('',(3.35315703285674,-0.93,2.90315703285673));
#2201=CARTESIAN_POINT('',(3.35315703285674,-1.05,2.90315703285673));
#2202=CARTESIAN_POINT('',(3.41315703285674,-1.05,2.90315703285673));
#2203=CARTESIAN_POINT('',(3.41315703285674,-0.99,2.90315703285673));
#2204=CARTESIAN_POINT('',(3.41315703285674,-0.93,2.90315703285673));
#2205=CARTESIAN_POINT('',(3.35315703285674,-0.93,2.90315703285673));
#2206=CARTESIAN_POINT('',(2.74657851642837,-0.99,-2.90315703285673));
#2207=CARTESIAN_POINT('',(-2.14,-1.25,-2.88565930015155));
#2208=CARTESIAN_POINT('',(-2.2,-1.25,-2.88565930015155));
#2209=CARTESIAN_POINT('',(-2.2,-1.19,-2.88565930015155));
#2210=CARTESIAN_POINT('',(-2.2,-1.13,-2.88565930015155));
#2211=CARTESIAN_POINT('',(-2.14,-1.13,-2.88565930015155));
#2212=CARTESIAN_POINT('',(-2.14,-1.25,-2.88565930015155));
#2213=CARTESIAN_POINT('',(-2.2,-1.25,-2.82565930015155));
#2214=CARTESIAN_POINT('',(-2.2,-1.19,-2.82565930015155));
#2215=CARTESIAN_POINT('',(-2.2,-1.13,-2.82565930015155));
#2216=CARTESIAN_POINT('',(-2.14,-1.13,-2.88565930015155));
#2217=CARTESIAN_POINT('',(-2.14,-1.25,-2.88565930015155));
#2218=CARTESIAN_POINT('',(-2.14,-1.25,-2.82565930015155));
#2219=CARTESIAN_POINT('',(-2.14,-1.19,-2.82565930015155));
#2220=CARTESIAN_POINT('',(-2.14,-1.13,-2.82565930015155));
#2221=CARTESIAN_POINT('',(-2.14,-1.13,-2.88565930015155));
#2222=CARTESIAN_POINT('',(-2.14,-1.25,-2.88565930015155));
#2223=CARTESIAN_POINT('',(-2.08,-1.25,-2.82565930015155));
#2224=CARTESIAN_POINT('',(-2.08,-1.19,-2.82565930015155));
#2225=CARTESIAN_POINT('',(-2.08,-1.13,-2.82565930015155));
#2226=CARTESIAN_POINT('',(-2.14,-1.13,-2.88565930015155));
#2227=CARTESIAN_POINT('',(-2.14,-1.25,-2.88565930015155));
#2228=CARTESIAN_POINT('',(-2.08,-1.25,-2.88565930015155));
#2229=CARTESIAN_POINT('',(-2.08,-1.19,-2.88565930015155));
#2230=CARTESIAN_POINT('',(-2.08,-1.13,-2.88565930015155));
#2231=CARTESIAN_POINT('',(-2.14,-1.13,-2.88565930015155));
#2232=CARTESIAN_POINT('',(-2.14,-1.25,-2.88565930015155));
#2233=CARTESIAN_POINT('',(-2.08,-1.25,-2.94565930015155));
#2234=CARTESIAN_POINT('',(-2.08,-1.19,-2.94565930015155));
#2235=CARTESIAN_POINT('',(-2.08,-1.13,-2.94565930015155));
#2236=CARTESIAN_POINT('',(-2.14,-1.13,-2.88565930015155));
#2237=CARTESIAN_POINT('',(-2.14,-1.25,-2.88565930015155));
#2238=CARTESIAN_POINT('',(-2.14,-1.25,-2.94565930015155));
#2239=CARTESIAN_POINT('',(-2.14,-1.19,-2.94565930015155));
#2240=CARTESIAN_POINT('',(-2.14,-1.13,-2.94565930015155));
#2241=CARTESIAN_POINT('',(-2.14,-1.13,-2.88565930015155));
#2242=CARTESIAN_POINT('',(-2.14,-1.25,-2.88565930015155));
#2243=CARTESIAN_POINT('',(-2.2,-1.25,-2.94565930015155));
#2244=CARTESIAN_POINT('',(-2.2,-1.19,-2.94565930015155));
#2245=CARTESIAN_POINT('',(-2.2,-1.13,-2.94565930015155));
#2246=CARTESIAN_POINT('',(-2.14,-1.13,-2.88565930015155));
#2247=CARTESIAN_POINT('',(-2.14,-1.25,-2.88565930015155));
#2248=CARTESIAN_POINT('',(-2.2,-1.25,-2.88565930015155));
#2249=CARTESIAN_POINT('',(-2.2,-1.19,-2.88565930015155));
#2250=CARTESIAN_POINT('',(-2.2,-1.13,-2.88565930015155));
#2251=CARTESIAN_POINT('',(-2.14,-1.13,-2.88565930015155));
#2252=CARTESIAN_POINT('',(-2.14,-1.25,2.88565930015155));
#2253=CARTESIAN_POINT('',(-2.08,-1.25,2.88565930015155));
#2254=CARTESIAN_POINT('',(-2.08,-1.19,2.88565930015155));
#2255=CARTESIAN_POINT('',(-2.08,-1.13,2.88565930015155));
#2256=CARTESIAN_POINT('',(-2.14,-1.13,2.88565930015155));
#2257=CARTESIAN_POINT('',(-2.14,-1.25,2.88565930015155));
#2258=CARTESIAN_POINT('',(-2.08,-1.25,2.82565930015155));
#2259=CARTESIAN_POINT('',(-2.08,-1.19,2.82565930015155));
#2260=CARTESIAN_POINT('',(-2.08,-1.13,2.82565930015155));
#2261=CARTESIAN_POINT('',(-2.14,-1.13,2.88565930015155));
#2262=CARTESIAN_POINT('',(-2.14,-1.25,2.88565930015155));
#2263=CARTESIAN_POINT('',(-2.14,-1.25,2.82565930015155));
#2264=CARTESIAN_POINT('',(-2.14,-1.19,2.82565930015155));
#2265=CARTESIAN_POINT('',(-2.14,-1.13,2.82565930015155));
#2266=CARTESIAN_POINT('',(-2.14,-1.13,2.88565930015155));
#2267=CARTESIAN_POINT('',(-2.14,-1.25,2.88565930015155));
#2268=CARTESIAN_POINT('',(-2.2,-1.25,2.82565930015155));
#2269=CARTESIAN_POINT('',(-2.2,-1.19,2.82565930015155));
#2270=CARTESIAN_POINT('',(-2.2,-1.13,2.82565930015155));
#2271=CARTESIAN_POINT('',(-2.14,-1.13,2.88565930015155));
#2272=CARTESIAN_POINT('',(-2.14,-1.25,2.88565930015155));
#2273=CARTESIAN_POINT('',(-2.2,-1.25,2.88565930015155));
#2274=CARTESIAN_POINT('',(-2.2,-1.19,2.88565930015155));
#2275=CARTESIAN_POINT('',(-2.2,-1.13,2.88565930015155));
#2276=CARTESIAN_POINT('',(-2.14,-1.13,2.88565930015155));
#2277=CARTESIAN_POINT('',(-2.14,-1.25,2.88565930015155));
#2278=CARTESIAN_POINT('',(-2.2,-1.25,2.94565930015155));
#2279=CARTESIAN_POINT('',(-2.2,-1.19,2.94565930015155));
#2280=CARTESIAN_POINT('',(-2.2,-1.13,2.94565930015155));
#2281=CARTESIAN_POINT('',(-2.14,-1.13,2.88565930015155));
#2282=CARTESIAN_POINT('',(-2.14,-1.25,2.88565930015155));
#2283=CARTESIAN_POINT('',(-2.14,-1.25,2.94565930015155));
#2284=CARTESIAN_POINT('',(-2.14,-1.19,2.94565930015155));
#2285=CARTESIAN_POINT('',(-2.14,-1.13,2.94565930015155));
#2286=CARTESIAN_POINT('',(-2.14,-1.13,2.88565930015155));
#2287=CARTESIAN_POINT('',(-2.14,-1.25,2.88565930015155));
#2288=CARTESIAN_POINT('',(-2.08,-1.25,2.94565930015155));
#2289=CARTESIAN_POINT('',(-2.08,-1.19,2.94565930015155));
#2290=CARTESIAN_POINT('',(-2.08,-1.13,2.94565930015155));
#2291=CARTESIAN_POINT('',(-2.14,-1.13,2.88565930015155));
#2292=CARTESIAN_POINT('',(-2.14,-1.25,2.88565930015155));
#2293=CARTESIAN_POINT('',(-2.08,-1.25,2.88565930015155));
#2294=CARTESIAN_POINT('',(-2.08,-1.19,2.88565930015155));
#2295=CARTESIAN_POINT('',(-2.08,-1.13,2.88565930015155));
#2296=CARTESIAN_POINT('',(-2.14,-1.13,2.88565930015155));
#2297=CARTESIAN_POINT('',(2.74657851642837,-0.99,2.90315703285673));
#2298=CARTESIAN_POINT('',(2.14,-1.09259481090888,-2.89418114996562));
#2299=CARTESIAN_POINT('',(0.,-1.19,-2.88565930015155));
#2300=CARTESIAN_POINT('',(0.,-1.19,2.88565930015155));
#2301=CARTESIAN_POINT('',(2.14,-1.09259481090888,2.89418114996562));
#2302=CARTESIAN_POINT('',(2.14,-1.25,-2.88565930015155));
#2303=CARTESIAN_POINT('',(2.2,-1.25,-2.88565930015155));
#2304=CARTESIAN_POINT('',(2.2,-1.19,-2.88565930015155));
#2305=CARTESIAN_POINT('',(2.2,-1.13,-2.88565930015155));
#2306=CARTESIAN_POINT('',(2.14,-1.13,-2.88565930015155));
#2307=CARTESIAN_POINT('',(2.14,-1.25,-2.88565930015155));
#2308=CARTESIAN_POINT('',(2.2,-1.25,-2.94565930015155));
#2309=CARTESIAN_POINT('',(2.2,-1.19,-2.94565930015155));
#2310=CARTESIAN_POINT('',(2.2,-1.13,-2.94565930015155));
#2311=CARTESIAN_POINT('',(2.14,-1.13,-2.88565930015155));
#2312=CARTESIAN_POINT('',(2.14,-1.25,-2.88565930015155));
#2313=CARTESIAN_POINT('',(2.14,-1.25,-2.94565930015155));
#2314=CARTESIAN_POINT('',(2.14,-1.19,-2.94565930015155));
#2315=CARTESIAN_POINT('',(2.14,-1.13,-2.94565930015155));
#2316=CARTESIAN_POINT('',(2.14,-1.13,-2.88565930015155));
#2317=CARTESIAN_POINT('',(2.14,-1.25,-2.88565930015155));
#2318=CARTESIAN_POINT('',(2.08,-1.25,-2.94565930015155));
#2319=CARTESIAN_POINT('',(2.08,-1.19,-2.94565930015155));
#2320=CARTESIAN_POINT('',(2.08,-1.13,-2.94565930015155));
#2321=CARTESIAN_POINT('',(2.14,-1.13,-2.88565930015155));
#2322=CARTESIAN_POINT('',(2.14,-1.25,-2.88565930015155));
#2323=CARTESIAN_POINT('',(2.08,-1.25,-2.88565930015155));
#2324=CARTESIAN_POINT('',(2.08,-1.19,-2.88565930015155));
#2325=CARTESIAN_POINT('',(2.08,-1.13,-2.88565930015155));
#2326=CARTESIAN_POINT('',(2.14,-1.13,-2.88565930015155));
#2327=CARTESIAN_POINT('',(2.14,-1.25,-2.88565930015155));
#2328=CARTESIAN_POINT('',(2.08,-1.25,-2.82565930015155));
#2329=CARTESIAN_POINT('',(2.08,-1.19,-2.82565930015155));
#2330=CARTESIAN_POINT('',(2.08,-1.13,-2.82565930015155));
#2331=CARTESIAN_POINT('',(2.14,-1.13,-2.88565930015155));
#2332=CARTESIAN_POINT('',(2.14,-1.25,-2.88565930015155));
#2333=CARTESIAN_POINT('',(2.14,-1.25,-2.82565930015155));
#2334=CARTESIAN_POINT('',(2.14,-1.19,-2.82565930015155));
#2335=CARTESIAN_POINT('',(2.14,-1.13,-2.82565930015155));
#2336=CARTESIAN_POINT('',(2.14,-1.13,-2.88565930015155));
#2337=CARTESIAN_POINT('',(2.14,-1.25,-2.88565930015155));
#2338=CARTESIAN_POINT('',(2.2,-1.25,-2.82565930015155));
#2339=CARTESIAN_POINT('',(2.2,-1.19,-2.82565930015155));
#2340=CARTESIAN_POINT('',(2.2,-1.13,-2.82565930015155));
#2341=CARTESIAN_POINT('',(2.14,-1.13,-2.88565930015155));
#2342=CARTESIAN_POINT('',(2.14,-1.25,-2.88565930015155));
#2343=CARTESIAN_POINT('',(2.2,-1.25,-2.88565930015155));
#2344=CARTESIAN_POINT('',(2.2,-1.19,-2.88565930015155));
#2345=CARTESIAN_POINT('',(2.2,-1.13,-2.88565930015155));
#2346=CARTESIAN_POINT('',(2.14,-1.13,-2.88565930015155));
#2347=CARTESIAN_POINT('',(2.14,-1.25,2.88565930015155));
#2348=CARTESIAN_POINT('',(2.14,-1.25,2.94565930015155));
#2349=CARTESIAN_POINT('',(2.14,-1.19,2.94565930015155));
#2350=CARTESIAN_POINT('',(2.14,-1.13,2.94565930015155));
#2351=CARTESIAN_POINT('',(2.14,-1.13,2.88565930015155));
#2352=CARTESIAN_POINT('',(2.14,-1.25,2.88565930015155));
#2353=CARTESIAN_POINT('',(2.2,-1.25,2.94565930015155));
#2354=CARTESIAN_POINT('',(2.2,-1.19,2.94565930015155));
#2355=CARTESIAN_POINT('',(2.2,-1.13,2.94565930015155));
#2356=CARTESIAN_POINT('',(2.14,-1.13,2.88565930015155));
#2357=CARTESIAN_POINT('',(2.14,-1.25,2.88565930015155));
#2358=CARTESIAN_POINT('',(2.2,-1.25,2.88565930015155));
#2359=CARTESIAN_POINT('',(2.2,-1.19,2.88565930015155));
#2360=CARTESIAN_POINT('',(2.2,-1.13,2.88565930015155));
#2361=CARTESIAN_POINT('',(2.14,-1.13,2.88565930015155));
#2362=CARTESIAN_POINT('',(2.14,-1.25,2.88565930015155));
#2363=CARTESIAN_POINT('',(2.2,-1.25,2.82565930015155));
#2364=CARTESIAN_POINT('',(2.2,-1.19,2.82565930015155));
#2365=CARTESIAN_POINT('',(2.2,-1.13,2.82565930015155));
#2366=CARTESIAN_POINT('',(2.14,-1.13,2.88565930015155));
#2367=CARTESIAN_POINT('',(2.14,-1.25,2.88565930015155));
#2368=CARTESIAN_POINT('',(2.14,-1.25,2.82565930015155));
#2369=CARTESIAN_POINT('',(2.14,-1.19,2.82565930015155));
#2370=CARTESIAN_POINT('',(2.14,-1.13,2.82565930015155));
#2371=CARTESIAN_POINT('',(2.14,-1.13,2.88565930015155));
#2372=CARTESIAN_POINT('',(2.14,-1.25,2.88565930015155));
#2373=CARTESIAN_POINT('',(2.08,-1.25,2.82565930015155));
#2374=CARTESIAN_POINT('',(2.08,-1.19,2.82565930015155));
#2375=CARTESIAN_POINT('',(2.08,-1.13,2.82565930015155));
#2376=CARTESIAN_POINT('',(2.14,-1.13,2.88565930015155));
#2377=CARTESIAN_POINT('',(2.14,-1.25,2.88565930015155));
#2378=CARTESIAN_POINT('',(2.08,-1.25,2.88565930015155));
#2379=CARTESIAN_POINT('',(2.08,-1.19,2.88565930015155));
#2380=CARTESIAN_POINT('',(2.08,-1.13,2.88565930015155));
#2381=CARTESIAN_POINT('',(2.14,-1.13,2.88565930015155));
#2382=CARTESIAN_POINT('',(2.14,-1.25,2.88565930015155));
#2383=CARTESIAN_POINT('',(2.08,-1.25,2.94565930015155));
#2384=CARTESIAN_POINT('',(2.08,-1.19,2.94565930015155));
#2385=CARTESIAN_POINT('',(2.08,-1.13,2.94565930015155));
#2386=CARTESIAN_POINT('',(2.14,-1.13,2.88565930015155));
#2387=CARTESIAN_POINT('',(2.14,-1.25,2.88565930015155));
#2388=CARTESIAN_POINT('',(2.14,-1.25,2.94565930015155));
#2389=CARTESIAN_POINT('',(2.14,-1.19,2.94565930015155));
#2390=CARTESIAN_POINT('',(2.14,-1.13,2.94565930015155));
#2391=CARTESIAN_POINT('',(2.14,-1.13,2.88565930015155));
#2392=CARTESIAN_POINT('',(2.14,-1.19,1.33226762955019E-15));
#2393=CARTESIAN_POINT('',(-3.36526700818678,1.09731216060431,2.8557142390883));
#2394=CARTESIAN_POINT('',(-3.36526700818678,1.09731216060431,-2.8557142390883));
#2395=CARTESIAN_POINT('',(-3.5,0.,-2.99044723090152));
#2396=CARTESIAN_POINT('',(-3.5,0.,-2.99022831811449));
#2397=CARTESIAN_POINT('',(-3.5,0.,2.99022831811449));
#2398=CARTESIAN_POINT('',(-3.5,0.,2.99044723090152));
#2399=CARTESIAN_POINT('',(3.4402283181145,0.,3.05));
#2400=CARTESIAN_POINT('',(3.44044723090152,0.,3.05));
#2401=CARTESIAN_POINT('',(3.3057142390883,1.09731216060431,2.91526700818678));
#2402=CARTESIAN_POINT('',(-3.3057142390883,1.09731216060431,2.91526700818678));
#2403=CARTESIAN_POINT('',(-3.44044723090152,0.,3.05));
#2404=CARTESIAN_POINT('',(-3.44022831811449,0.,3.05));
#2405=CARTESIAN_POINT('',(3.5,0.,-2.99022831811449));
#2406=CARTESIAN_POINT('',(3.5,0.,-2.99044723090152));
#2407=CARTESIAN_POINT('',(3.36526700818678,1.09731216060431,-2.8557142390883));
#2408=CARTESIAN_POINT('',(3.36526700818678,1.09731216060431,2.8557142390883));
#2409=CARTESIAN_POINT('',(3.5,0.,2.99044723090152));
#2410=CARTESIAN_POINT('',(3.5,0.,2.99022831811449));
#2411=CARTESIAN_POINT('',(-3.4402283181145,0.,-3.05));
#2412=CARTESIAN_POINT('',(-3.44044723090152,0.,-3.05));
#2413=CARTESIAN_POINT('',(-3.3057142390883,1.09731216060431,-2.91526700818678));
#2414=CARTESIAN_POINT('',(3.3057142390883,1.09731216060431,-2.91526700818678));
#2415=CARTESIAN_POINT('',(3.44044723090152,0.,-3.05));
#2416=CARTESIAN_POINT('',(3.4402283181145,0.,-3.05));
#2417=CARTESIAN_POINT('',(3.3057142390883,1.15,2.8557142390883));
#2418=CARTESIAN_POINT('',(3.3057142390883,1.15,-2.8557142390883));
#2419=CARTESIAN_POINT('',(-3.3057142390883,1.15,-2.8557142390883));
#2420=CARTESIAN_POINT('',(-3.3057142390883,1.15,2.8557142390883));
#2421=CARTESIAN_POINT('',(-3.41292871474224,-0.99522934456486,-2.90315703285673));
#2422=CARTESIAN_POINT('',(-3.41292871474224,-0.995229344564861,2.90315703285673));
#2423=CARTESIAN_POINT('',(-2.14,-0.99522934456486,-2.96292871474224));
#2424=CARTESIAN_POINT('',(-3.35315703285673,-0.99522934456486,-2.96292871474224));
#2425=CARTESIAN_POINT('',(3.35315703285673,-0.99522934456486,-2.96292871474224));
#2426=CARTESIAN_POINT('',(2.14,-0.99522934456486,-2.96292871474224));
#2427=CARTESIAN_POINT('',(2.14,-1.19522934456486,-2.94543098203705));
#2428=CARTESIAN_POINT('',(-2.14,-1.19522934456486,-2.94543098203705));
#2429=CARTESIAN_POINT('',(3.41292871474224,-0.99522934456486,2.90315703285673));
#2430=CARTESIAN_POINT('',(3.41292871474224,-0.99522934456486,-2.90315703285673));
#2431=CARTESIAN_POINT('',(2.14,-0.99522934456486,2.96292871474224));
#2432=CARTESIAN_POINT('',(3.35315703285674,-0.995229344564859,2.96292871474224));
#2433=CARTESIAN_POINT('',(-3.35315703285673,-0.995229344564861,2.96292871474224));
#2434=CARTESIAN_POINT('',(-2.14,-0.99522934456486,2.96292871474224));
#2435=CARTESIAN_POINT('',(-2.14,-1.19522934456486,2.94543098203705));
#2436=CARTESIAN_POINT('',(2.14,-1.19522934456486,2.94543098203705));
#2437=CARTESIAN_POINT('',(2.14,-1.25,-2.88565930015155));
#2438=CARTESIAN_POINT('',(-2.14,-1.25,-2.88565930015155));
#2439=CARTESIAN_POINT('',(2.14,-1.25,2.88565930015155));
#2440=CARTESIAN_POINT('',(-2.14,-1.25,2.88565930015155));
#2441=CARTESIAN_POINT('',(2.2,-1.19,-2.88565930015155));
#2442=CARTESIAN_POINT('',(2.2,-1.19,2.88565930015155));
#2443=CARTESIAN_POINT('',(2.2,-1.05,-2.89790771304518));
#2444=CARTESIAN_POINT('',(2.2,-1.05,2.89790771304518));
#2445=CARTESIAN_POINT('',(3.35315703285674,-1.05,2.90315703285673));
#2446=CARTESIAN_POINT('',(3.35315703285673,-1.05,-2.90315703285673));
#2447=CARTESIAN_POINT('',(2.1997716818855,-1.05,2.90315703285673));
#2448=CARTESIAN_POINT('',(2.1997716818855,-1.05,-2.90315703285673));
#2449=CARTESIAN_POINT('',(-2.1997716818855,-1.05,2.90315703285673));
#2450=CARTESIAN_POINT('',(-2.2,-1.05,2.89790771304518));
#2451=CARTESIAN_POINT('',(-3.35315703285673,-1.05,2.90315703285673));
#2452=CARTESIAN_POINT('',(-3.35315703285673,-1.05,-2.90315703285673));
#2453=CARTESIAN_POINT('',(-2.1997716818855,-1.05,-2.90315703285673));
#2454=CARTESIAN_POINT('',(-2.2,-1.05,-2.89790771304518));
#2455=CARTESIAN_POINT('',(-2.2,-1.19,-2.88565930015155));
#2456=CARTESIAN_POINT('',(-2.2,-1.19,2.88565930015155));
#2457=CARTESIAN_POINT('',(-3.36526700818678,1.09731216060431,2.8557142390883));
#2458=CARTESIAN_POINT('',(-3.36526700818678,1.09731216060431,-2.8557142390883));
#2459=CARTESIAN_POINT('',(-3.5,0.,-2.99044723090152));
#2460=CARTESIAN_POINT('',(-3.5,0.,-2.99022831811449));
#2461=CARTESIAN_POINT('',(-3.5,0.,-2.99022831811449));
#2462=CARTESIAN_POINT('',(-3.5,0.,2.99022831811449));
#2463=CARTESIAN_POINT('',(-3.5,0.,2.99022831811449));
#2464=CARTESIAN_POINT('',(-3.5,0.,2.99044723090152));
#2465=CARTESIAN_POINT('',(3.4402283181145,0.,3.05));
#2466=CARTESIAN_POINT('',(3.44044723090152,0.,3.05));
#2467=CARTESIAN_POINT('',(3.3057142390883,1.09731216060431,2.91526700818678));
#2468=CARTESIAN_POINT('',(-3.3057142390883,1.09731216060431,2.91526700818678));
#2469=CARTESIAN_POINT('',(-3.44044723090152,0.,3.05));
#2470=CARTESIAN_POINT('',(-3.4402283181145,0.,3.05));
#2471=CARTESIAN_POINT('',(-3.4402283181145,0.,3.05));
#2472=CARTESIAN_POINT('',(3.4402283181145,0.,3.05));
#2473=CARTESIAN_POINT('',(3.5,0.,-2.99022831811449));
#2474=CARTESIAN_POINT('',(3.5,0.,-2.99044723090152));
#2475=CARTESIAN_POINT('',(3.36526700818678,1.09731216060431,-2.8557142390883));
#2476=CARTESIAN_POINT('',(3.36526700818678,1.09731216060431,2.8557142390883));
#2477=CARTESIAN_POINT('',(3.5,0.,2.99044723090152));
#2478=CARTESIAN_POINT('',(3.5,0.,2.99022831811449));
#2479=CARTESIAN_POINT('',(3.5,0.,2.99022831811449));
#2480=CARTESIAN_POINT('',(3.5,0.,-2.99022831811449));
#2481=CARTESIAN_POINT('',(-3.4402283181145,0.,-3.05));
#2482=CARTESIAN_POINT('',(-3.44044723090152,0.,-3.05));
#2483=CARTESIAN_POINT('',(-3.3057142390883,1.09731216060431,-2.91526700818678));
#2484=CARTESIAN_POINT('',(3.3057142390883,1.09731216060431,-2.91526700818678));
#2485=CARTESIAN_POINT('',(3.44044723090152,0.,-3.05));
#2486=CARTESIAN_POINT('',(3.4402283181145,0.,-3.05));
#2487=CARTESIAN_POINT('',(3.4402283181145,0.,-3.05));
#2488=CARTESIAN_POINT('',(-3.4402283181145,0.,-3.05));
#2489=CARTESIAN_POINT('',(3.3057142390883,1.15,2.8557142390883));
#2490=CARTESIAN_POINT('',(3.3057142390883,1.15,-2.8557142390883));
#2491=CARTESIAN_POINT('',(3.3057142390883,1.15,-2.8557142390883));
#2492=CARTESIAN_POINT('',(-3.3057142390883,1.15,-2.8557142390883));
#2493=CARTESIAN_POINT('',(-3.3057142390883,1.15,-2.8557142390883));
#2494=CARTESIAN_POINT('',(-3.3057142390883,1.15,2.8557142390883));
#2495=CARTESIAN_POINT('',(-3.3057142390883,1.15,2.8557142390883));
#2496=CARTESIAN_POINT('',(3.3057142390883,1.15,2.8557142390883));
#2497=CARTESIAN_POINT('',(-3.41292871474224,-0.99522934456486,-2.90315703285673));
#2498=CARTESIAN_POINT('',(-3.41292871474224,-0.99522934456486,2.90315703285673));
#2499=CARTESIAN_POINT('',(-2.14,-0.99522934456486,-2.96292871474224));
#2500=CARTESIAN_POINT('',(-3.35315703285673,-0.99522934456486,-2.96292871474224));
#2501=CARTESIAN_POINT('',(3.35315703285673,-0.99522934456486,-2.96292871474224));
#2502=CARTESIAN_POINT('',(2.14,-0.99522934456486,-2.96292871474224));
#2503=CARTESIAN_POINT('',(2.14,-0.99522934456486,-2.96292871474224));
#2504=CARTESIAN_POINT('',(2.14,-1.19522934456486,-2.94543098203705));
#2505=CARTESIAN_POINT('',(2.14,-1.19522934456486,-2.94543098203705));
#2506=CARTESIAN_POINT('',(-2.14,-1.19522934456486,-2.94543098203705));
#2507=CARTESIAN_POINT('',(-2.14,-1.19522934456486,-2.94543098203705));
#2508=CARTESIAN_POINT('',(-2.14,-0.99522934456486,-2.96292871474224));
#2509=CARTESIAN_POINT('',(3.41292871474224,-0.99522934456486,2.90315703285673));
#2510=CARTESIAN_POINT('',(3.41292871474224,-0.99522934456486,-2.90315703285673));
#2511=CARTESIAN_POINT('',(2.14,-0.99522934456486,2.96292871474224));
#2512=CARTESIAN_POINT('',(3.35315703285674,-0.99522934456486,2.96292871474224));
#2513=CARTESIAN_POINT('',(-3.35315703285673,-0.99522934456486,2.96292871474224));
#2514=CARTESIAN_POINT('',(-2.14,-0.99522934456486,2.96292871474224));
#2515=CARTESIAN_POINT('',(-2.14,-0.99522934456486,2.96292871474224));
#2516=CARTESIAN_POINT('',(-2.14,-1.19522934456486,2.94543098203705));
#2517=CARTESIAN_POINT('',(-2.14,-1.19522934456486,2.94543098203705));
#2518=CARTESIAN_POINT('',(2.14,-1.19522934456486,2.94543098203705));
#2519=CARTESIAN_POINT('',(2.14,-1.19522934456486,2.94543098203705));
#2520=CARTESIAN_POINT('',(2.14,-0.99522934456486,2.96292871474224));
#2521=CARTESIAN_POINT('',(2.14,-1.25,-2.88565930015155));
#2522=CARTESIAN_POINT('',(-2.14,-1.25,-2.88565930015155));
#2523=CARTESIAN_POINT('',(2.14,-1.25,2.88565930015155));
#2524=CARTESIAN_POINT('',(2.14,-1.25,-2.88565930015155));
#2525=CARTESIAN_POINT('',(-2.14,-1.25,2.88565930015155));
#2526=CARTESIAN_POINT('',(2.14,-1.25,2.88565930015155));
#2527=CARTESIAN_POINT('',(-2.14,-1.25,-2.88565930015155));
#2528=CARTESIAN_POINT('',(-2.14,-1.25,2.88565930015155));
#2529=CARTESIAN_POINT('',(2.2,-1.19,-2.88565930015155));
#2530=CARTESIAN_POINT('',(2.2,-1.19,2.88565930015155));
#2531=CARTESIAN_POINT('',(2.2,-1.05,2.89790771304518));
#2532=CARTESIAN_POINT('',(2.2,-1.05,-2.89790771304518));
#2533=CARTESIAN_POINT('',(3.35315703285674,-1.05,2.90315703285673));
#2534=CARTESIAN_POINT('',(3.35315703285673,-1.05,-2.90315703285673));
#2535=CARTESIAN_POINT('',(2.1997716818855,-1.05,2.90315703285673));
#2536=CARTESIAN_POINT('',(3.35315703285674,-1.05,2.90315703285673));
#2537=CARTESIAN_POINT('',(2.2,-1.05,2.89790771304518));
#2538=CARTESIAN_POINT('',(2.2,-1.05,2.89966026532636));
#2539=CARTESIAN_POINT('',(2.19992384564045,-1.05,2.9014111495661));
#2540=CARTESIAN_POINT('',(2.1997716818855,-1.05,2.90315703285673));
#2541=CARTESIAN_POINT('',(2.1997716818855,-1.05,-2.90315703285673));
#2542=CARTESIAN_POINT('',(2.19992384564045,-1.05,-2.9014111495661));
#2543=CARTESIAN_POINT('',(2.2,-1.05,-2.89966026532636));
#2544=CARTESIAN_POINT('',(2.2,-1.05,-2.89790771304518));
#2545=CARTESIAN_POINT('',(3.35315703285673,-1.05,-2.90315703285673));
#2546=CARTESIAN_POINT('',(2.1997716818855,-1.05,-2.90315703285673));
#2547=CARTESIAN_POINT('',(-2.1997716818855,-1.05,2.90315703285673));
#2548=CARTESIAN_POINT('',(-2.19992384564045,-1.05,2.9014111495661));
#2549=CARTESIAN_POINT('',(-2.2,-1.05,2.89966026532636));
#2550=CARTESIAN_POINT('',(-2.2,-1.05,2.89790771304518));
#2551=CARTESIAN_POINT('',(-3.35315703285673,-1.05,2.90315703285673));
#2552=CARTESIAN_POINT('',(-2.1997716818855,-1.05,2.90315703285673));
#2553=CARTESIAN_POINT('',(-3.35315703285673,-1.05,-2.90315703285673));
#2554=CARTESIAN_POINT('',(-3.35315703285673,-1.05,2.90315703285673));
#2555=CARTESIAN_POINT('',(-2.1997716818855,-1.05,-2.90315703285673));
#2556=CARTESIAN_POINT('',(-3.35315703285673,-1.05,-2.90315703285673));
#2557=CARTESIAN_POINT('',(-2.2,-1.05,-2.89790771304518));
#2558=CARTESIAN_POINT('',(-2.2,-1.05,-2.89966026532636));
#2559=CARTESIAN_POINT('',(-2.19992384564045,-1.05,-2.90141114956609));
#2560=CARTESIAN_POINT('',(-2.1997716818855,-1.05,-2.90315703285673));
#2561=CARTESIAN_POINT('',(-2.2,-1.05,2.89790771304518));
#2562=CARTESIAN_POINT('',(-2.2,-1.05,-2.89790771304518));
#2563=CARTESIAN_POINT('',(-2.2,-1.19,2.88565930015155));
#2564=CARTESIAN_POINT('',(-2.2,-1.19,-2.88565930015155));
#2565=CARTESIAN_POINT('',(-3.3057142390883,1.15,-2.8557142390883));
#2566=CARTESIAN_POINT('',(-3.35879775496166,1.15,-2.8557142390883));
#2567=CARTESIAN_POINT('',(-3.36526700818678,1.09731216060431,-2.8557142390883));
#2568=CARTESIAN_POINT('',(-3.3057142390883,1.15,-2.8557142390883));
#2569=CARTESIAN_POINT('',(-3.3057142390883,1.15,-2.90879775496166));
#2570=CARTESIAN_POINT('',(-3.3057142390883,1.09731216060431,-2.91526700818678));
#2571=CARTESIAN_POINT('',(-3.36526700818678,1.09731216060431,2.8557142390883));
#2572=CARTESIAN_POINT('',(-3.35879775496166,1.15,2.8557142390883));
#2573=CARTESIAN_POINT('',(-3.3057142390883,1.15,2.8557142390883));
#2574=CARTESIAN_POINT('',(3.3057142390883,1.15,-2.8557142390883));
#2575=CARTESIAN_POINT('',(3.3057142390883,1.15,-2.90879775496166));
#2576=CARTESIAN_POINT('',(3.3057142390883,1.09731216060431,-2.91526700818678));
#2577=CARTESIAN_POINT('',(-3.3057142390883,1.09731216060431,-2.91526700818678));
#2578=CARTESIAN_POINT('',(-3.36439546656507,1.10441029749796,-2.91439546656507));
#2579=CARTESIAN_POINT('',(-3.36526700818678,1.09731216060431,-2.8557142390883));
#2580=CARTESIAN_POINT('',(-3.44044723090152,0.,-3.05));
#2581=CARTESIAN_POINT('',(-3.3057142390883,1.09731216060431,-2.91526700818678));
#2582=CARTESIAN_POINT('',(-3.44044723090152,0.,-3.05));
#2583=CARTESIAN_POINT('',(-3.47536479600506,0.000603514733688429,-3.04992578256562));
#2584=CARTESIAN_POINT('',(-3.49992578256562,0.000603514733688429,-3.02536479600506));
#2585=CARTESIAN_POINT('',(-3.5,0.,-2.99044723090152));
#2586=CARTESIAN_POINT('',(-3.36526700818678,1.09731216060431,-2.8557142390883));
#2587=CARTESIAN_POINT('',(-3.5,0.,-2.99044723090152));
#2588=CARTESIAN_POINT('',(-3.36526700818678,1.09731216060431,2.8557142390883));
#2589=CARTESIAN_POINT('',(-3.36439546656507,1.10441029749796,2.91439546656507));
#2590=CARTESIAN_POINT('',(-3.3057142390883,1.09731216060431,2.91526700818678));
#2591=CARTESIAN_POINT('',(-3.5,0.,2.99044723090152));
#2592=CARTESIAN_POINT('',(-3.36526700818678,1.09731216060431,2.8557142390883));
#2593=CARTESIAN_POINT('',(-3.5,0.,2.99044723090152));
#2594=CARTESIAN_POINT('',(-3.49992578256562,0.000603514733687464,3.02536479600506));
#2595=CARTESIAN_POINT('',(-3.47536479600506,0.000603514733687461,3.04992578256562));
#2596=CARTESIAN_POINT('',(-3.44044723090152,0.,3.05));
#2597=CARTESIAN_POINT('',(-3.3057142390883,1.09731216060431,2.91526700818678));
#2598=CARTESIAN_POINT('',(-3.44044723090152,0.,3.05));
#2599=CARTESIAN_POINT('',(-3.3057142390883,1.15,2.8557142390883));
#2600=CARTESIAN_POINT('',(-3.3057142390883,1.15,2.90879775496166));
#2601=CARTESIAN_POINT('',(-3.3057142390883,1.09731216060431,2.91526700818678));
#2602=CARTESIAN_POINT('',(3.3057142390883,1.09731216060431,2.91526700818678));
#2603=CARTESIAN_POINT('',(3.3057142390883,1.15,2.90879775496166));
#2604=CARTESIAN_POINT('',(3.3057142390883,1.15,2.8557142390883));
#2605=CARTESIAN_POINT('',(3.3057142390883,1.15,2.8557142390883));
#2606=CARTESIAN_POINT('',(3.35879775496166,1.15,2.8557142390883));
#2607=CARTESIAN_POINT('',(3.36526700818678,1.09731216060431,2.8557142390883));
#2608=CARTESIAN_POINT('',(3.36526700818678,1.09731216060431,-2.8557142390883));
#2609=CARTESIAN_POINT('',(3.35879775496166,1.15,-2.8557142390883));
#2610=CARTESIAN_POINT('',(3.3057142390883,1.15,-2.8557142390883));
#2611=CARTESIAN_POINT('',(-3.35315703285673,-0.99522934456486,-2.96292871474224));
#2612=CARTESIAN_POINT('',(-3.4402283181145,0.,-3.05));
#2613=CARTESIAN_POINT('',(-3.35315703285673,-0.99522934456486,-2.96292871474224));
#2614=CARTESIAN_POINT('',(-3.41247810455582,-1.00037984256376,-2.96247810455582));
#2615=CARTESIAN_POINT('',(-3.41292871474224,-0.99522934456486,-2.90315703285673));
#2616=CARTESIAN_POINT('',(-3.5,0.,-2.99022831811449));
#2617=CARTESIAN_POINT('',(-3.41292871474224,-0.99522934456486,-2.90315703285673));
#2618=CARTESIAN_POINT('',(-3.35315703285673,-1.05,2.90315703285673));
#2619=CARTESIAN_POINT('',(-3.40813690329778,-1.05,2.90315703285673));
#2620=CARTESIAN_POINT('',(-3.41292871474224,-0.99522934456486,2.90315703285673));
#2621=CARTESIAN_POINT('',(-3.41292871474224,-0.99522934456486,-2.90315703285673));
#2622=CARTESIAN_POINT('',(-3.40813690329778,-1.05,-2.90315703285673));
#2623=CARTESIAN_POINT('',(-3.35315703285673,-1.05,-2.90315703285673));
#2624=CARTESIAN_POINT('',(-3.41292871474224,-0.99522934456486,2.90315703285673));
#2625=CARTESIAN_POINT('',(-3.5,0.,2.99022831811449));
#2626=CARTESIAN_POINT('',(-3.41292871474224,-0.995229344564861,2.90315703285673));
#2627=CARTESIAN_POINT('',(-3.41247810455582,-1.00037984256376,2.96247810455582));
#2628=CARTESIAN_POINT('',(-3.35315703285673,-0.995229344564861,2.96292871474224));
#2629=CARTESIAN_POINT('',(-3.4402283181145,0.,3.05));
#2630=CARTESIAN_POINT('',(-3.35315703285673,-0.99522934456486,2.96292871474224));
#2631=CARTESIAN_POINT('',(3.36526700818678,1.09731216060431,-2.8557142390883));
#2632=CARTESIAN_POINT('',(3.36439546656507,1.10441029749796,-2.91439546656507));
#2633=CARTESIAN_POINT('',(3.3057142390883,1.09731216060431,-2.91526700818678));
#2634=CARTESIAN_POINT('',(3.5,0.,-2.99044723090152));
#2635=CARTESIAN_POINT('',(3.36526700818678,1.09731216060431,-2.8557142390883));
#2636=CARTESIAN_POINT('',(3.5,0.,-2.99044723090152));
#2637=CARTESIAN_POINT('',(3.49992578256562,0.000603514733688881,-3.02536479600506));
#2638=CARTESIAN_POINT('',(3.47536479600506,0.000603514733688878,-3.04992578256562));
#2639=CARTESIAN_POINT('',(3.44044723090152,0.,-3.05));
#2640=CARTESIAN_POINT('',(3.3057142390883,1.09731216060431,-2.91526700818678));
#2641=CARTESIAN_POINT('',(3.44044723090152,0.,-3.05));
#2642=CARTESIAN_POINT('',(-3.35315703285673,-0.99522934456486,-2.96292871474224));
#2643=CARTESIAN_POINT('',(-3.35315703285673,-1.05,-2.95813690329778));
#2644=CARTESIAN_POINT('',(-3.35315703285673,-1.05,-2.90315703285673));
#2645=CARTESIAN_POINT('',(3.3057142390883,1.09731216060431,2.91526700818678));
#2646=CARTESIAN_POINT('',(3.36439546656507,1.10441029749796,2.91439546656507));
#2647=CARTESIAN_POINT('',(3.36526700818678,1.09731216060431,2.8557142390883));
#2648=CARTESIAN_POINT('',(3.44044723090152,0.,3.05));
#2649=CARTESIAN_POINT('',(3.3057142390883,1.09731216060431,2.91526700818678));
#2650=CARTESIAN_POINT('',(3.44044723090152,0.,3.05));
#2651=CARTESIAN_POINT('',(3.47536479600506,0.000603514733687382,3.04992578256562));
#2652=CARTESIAN_POINT('',(3.49992578256563,0.000603514733687382,3.02536479600506));
#2653=CARTESIAN_POINT('',(3.5,0.,2.99044723090152));
#2654=CARTESIAN_POINT('',(3.36526700818678,1.09731216060431,2.8557142390883));
#2655=CARTESIAN_POINT('',(3.5,0.,2.99044723090152));
#2656=CARTESIAN_POINT('',(3.41292871474224,-0.99522934456486,-2.90315703285673));
#2657=CARTESIAN_POINT('',(3.5,0.,-2.99022831811449));
#2658=CARTESIAN_POINT('',(3.41292871474224,-0.99522934456486,-2.90315703285673));
#2659=CARTESIAN_POINT('',(3.41247810455582,-1.00037984256376,-2.96247810455582));
#2660=CARTESIAN_POINT('',(3.35315703285673,-0.99522934456486,-2.96292871474224));
#2661=CARTESIAN_POINT('',(3.4402283181145,0.,-3.05));
#2662=CARTESIAN_POINT('',(3.35315703285673,-0.99522934456486,-2.96292871474224));
#2663=CARTESIAN_POINT('',(-2.14,-0.99522934456486,-2.96292871474224));
#2664=CARTESIAN_POINT('',(-2.17276178367693,-1.02786645976385,-2.96007333715214));
#2665=CARTESIAN_POINT('',(-2.1969163042954,-1.05,-2.93591881653366));
#2666=CARTESIAN_POINT('',(-2.1997716818855,-1.05,-2.90315703285673));
#2667=CARTESIAN_POINT('',(-3.35315703285673,-0.99522934456486,2.96292871474224));
#2668=CARTESIAN_POINT('',(-3.35315703285673,-1.05,2.95813690329778));
#2669=CARTESIAN_POINT('',(-3.35315703285673,-1.05,2.90315703285673));
#2670=CARTESIAN_POINT('',(3.35315703285674,-0.99522934456486,2.96292871474224));
#2671=CARTESIAN_POINT('',(3.4402283181145,0.,3.05));
#2672=CARTESIAN_POINT('',(3.35315703285674,-0.995229344564859,2.96292871474224));
#2673=CARTESIAN_POINT('',(3.41247810455582,-1.00037984256376,2.96247810455582));
#2674=CARTESIAN_POINT('',(3.41292871474224,-0.99522934456486,2.90315703285673));
#2675=CARTESIAN_POINT('',(3.5,0.,2.99022831811449));
#2676=CARTESIAN_POINT('',(3.41292871474224,-0.99522934456486,2.90315703285673));
#2677=CARTESIAN_POINT('',(3.35315703285673,-1.05,-2.90315703285673));
#2678=CARTESIAN_POINT('',(3.40813690329778,-1.05,-2.90315703285673));
#2679=CARTESIAN_POINT('',(3.41292871474224,-0.99522934456486,-2.90315703285673));
#2680=CARTESIAN_POINT('',(3.41292871474224,-0.99522934456486,2.90315703285673));
#2681=CARTESIAN_POINT('',(3.40813690329778,-1.05,2.90315703285673));
#2682=CARTESIAN_POINT('',(3.35315703285674,-1.05,2.90315703285673));
#2683=CARTESIAN_POINT('',(3.35315703285673,-1.05,-2.90315703285673));
#2684=CARTESIAN_POINT('',(3.35315703285673,-1.05,-2.95813690329778));
#2685=CARTESIAN_POINT('',(3.35315703285674,-0.99522934456486,-2.96292871474224));
#2686=CARTESIAN_POINT('',(-2.14,-1.19522934456486,-2.94543098203705));
#2687=CARTESIAN_POINT('',(-2.2,-1.19522934456486,-2.94543098203705));
#2688=CARTESIAN_POINT('',(-2.2,-1.19,-2.88565930015155));
#2689=CARTESIAN_POINT('',(-2.2,-1.19,-2.88565930015155));
#2690=CARTESIAN_POINT('',(-2.2,-1.05,-2.89790771304518));
#2691=CARTESIAN_POINT('',(-2.14,-1.25,2.88565930015155));
#2692=CARTESIAN_POINT('',(-2.2,-1.25,2.88565930015155));
#2693=CARTESIAN_POINT('',(-2.2,-1.19,2.88565930015155));
#2694=CARTESIAN_POINT('',(-2.2,-1.19,-2.88565930015155));
#2695=CARTESIAN_POINT('',(-2.2,-1.25,-2.88565930015155));
#2696=CARTESIAN_POINT('',(-2.14,-1.25,-2.88565930015155));
#2697=CARTESIAN_POINT('',(-2.2,-1.05,2.89790771304518));
#2698=CARTESIAN_POINT('',(-2.2,-1.19,2.88565930015155));
#2699=CARTESIAN_POINT('',(-2.2,-1.19,2.88565930015155));
#2700=CARTESIAN_POINT('',(-2.2,-1.19522934456486,2.94543098203705));
#2701=CARTESIAN_POINT('',(-2.14,-1.19522934456486,2.94543098203705));
#2702=CARTESIAN_POINT('',(-2.1997716818855,-1.05,2.90315703285673));
#2703=CARTESIAN_POINT('',(-2.1969163042954,-1.05,2.93591881653366));
#2704=CARTESIAN_POINT('',(-2.17276178367693,-1.02786645976385,2.96007333715214));
#2705=CARTESIAN_POINT('',(-2.14,-0.99522934456486,2.96292871474224));
#2706=CARTESIAN_POINT('',(3.35315703285674,-0.99522934456486,2.96292871474224));
#2707=CARTESIAN_POINT('',(3.35315703285674,-1.05,2.95813690329778));
#2708=CARTESIAN_POINT('',(3.35315703285674,-1.05,2.90315703285673));
#2709=CARTESIAN_POINT('',(2.1997716818855,-1.05,-2.90315703285673));
#2710=CARTESIAN_POINT('',(2.1969163042954,-1.05,-2.93591881653366));
#2711=CARTESIAN_POINT('',(2.17276178367693,-1.02786645976384,-2.96007333715214));
#2712=CARTESIAN_POINT('',(2.14,-0.99522934456486,-2.96292871474224));
#2713=CARTESIAN_POINT('',(-2.14,-1.25,2.88565930015155));
#2714=CARTESIAN_POINT('',(-2.14,-1.25,2.9406391705926));
#2715=CARTESIAN_POINT('',(-2.14,-1.19522934456486,2.94543098203705));
#2716=CARTESIAN_POINT('',(2.14,-0.99522934456486,2.96292871474224));
#2717=CARTESIAN_POINT('',(2.17276178367693,-1.02786645976385,2.96007333715214));
#2718=CARTESIAN_POINT('',(2.1969163042954,-1.05,2.93591881653366));
#2719=CARTESIAN_POINT('',(2.1997716818855,-1.05,2.90315703285673));
#2720=CARTESIAN_POINT('',(2.2,-1.05,-2.89790771304518));
#2721=CARTESIAN_POINT('',(2.2,-1.19,-2.88565930015155));
#2722=CARTESIAN_POINT('',(2.2,-1.19,-2.88565930015155));
#2723=CARTESIAN_POINT('',(2.2,-1.19522934456486,-2.94543098203705));
#2724=CARTESIAN_POINT('',(2.14,-1.19522934456486,-2.94543098203705));
#2725=CARTESIAN_POINT('',(-2.14,-1.25,-2.88565930015155));
#2726=CARTESIAN_POINT('',(-2.14,-1.25,-2.9406391705926));
#2727=CARTESIAN_POINT('',(-2.14,-1.19522934456486,-2.94543098203705));
#2728=CARTESIAN_POINT('',(2.14,-1.19522934456486,-2.94543098203705));
#2729=CARTESIAN_POINT('',(2.14,-1.25,-2.9406391705926));
#2730=CARTESIAN_POINT('',(2.14,-1.25,-2.88565930015155));
#2731=CARTESIAN_POINT('',(2.14,-1.25,2.88565930015155));
#2732=CARTESIAN_POINT('',(2.14,-1.25,2.9406391705926));
#2733=CARTESIAN_POINT('',(2.14,-1.19522934456486,2.94543098203705));
#2734=CARTESIAN_POINT('',(2.14,-1.19522934456486,2.94543098203705));
#2735=CARTESIAN_POINT('',(2.2,-1.19522934456486,2.94543098203706));
#2736=CARTESIAN_POINT('',(2.2,-1.19,2.88565930015155));
#2737=CARTESIAN_POINT('',(2.2,-1.19,2.88565930015155));
#2738=CARTESIAN_POINT('',(2.2,-1.05,2.89790771304518));
#2739=CARTESIAN_POINT('',(2.14,-1.25,-2.88565930015155));
#2740=CARTESIAN_POINT('',(2.2,-1.25,-2.88565930015155));
#2741=CARTESIAN_POINT('',(2.2,-1.19,-2.88565930015155));
#2742=CARTESIAN_POINT('',(2.14,-1.25,2.88565930015155));
#2743=CARTESIAN_POINT('',(2.2,-1.25,2.88565930015155));
#2744=CARTESIAN_POINT('',(2.2,-1.19,2.88565930015155));
#2745=CARTESIAN_POINT('',(0.,0.,0.));
#2746=CARTESIAN_POINT('',(-10.3382231337379,0.215013277876264,4.59999999999984));
ENDSEC;
END-ISO-10303-21;
